v 3.720291 0.0775 1.149835
v 3.732843 0.0775 1.18
v 3.388235 0.0775 1.18
newmtl 1
Ka 0.10980392156862745 0.10980392156862745 0.10980392156862745
Kd 0.10980392156862745 0.10980392156862745 0.10980392156862745
Ks 0.0784313725490196 0.0784313725490196 0.0784313725490196
d 0.0
endmtl
v 3.684549 0.0775 1.092953
v 3.188235 0.0775 1.16
v -3.45 0.0775 0.98
v 3.45 0.0775 0.98
v -0.576471 0.0775 1.16
v -0.576471 0.0775 1.18
v -0.847059 0.0775 1.18
v -0.847059 0.0775 1.16
v -1.047059 0.0775 1.16
v -2.929412 0.0775 1.18
v -3.2 0.0775 1.18
v -2.929412 0.0775 1.16
v -3.2 0.0775 1.16
v 3.388235 0.0775 1.16
v 2.717647 0.0775 1.16
v 2.717647 0.0775 1.18
v 2.447059 0.0775 1.18
v 1.305882 0.0775 1.16
v 1.305882 0.0775 1.18
v 1.035294 0.0775 1.18
v -3.4 0.0775 1.18
v -3.732843 0.0775 1.18
v -3.720291 0.0775 1.149835
v 3.516756 0.0775 0.987522
v 3.580165 0.0775 1.009709
v 3.637047 0.0775 1.045451
v 2.447059 0.0775 1.16
v 2.247059 0.0775 1.16
v 1.035294 0.0775 1.16
v 0.835294 0.0775 1.16
v -1.517647 0.0775 1.16
v -1.317647 0.0775 1.16
v -1.317647 0.0775 1.18
v -1.047059 0.0775 1.18
v -2.729412 0.0775 1.16
v -3.516756 0.0775 0.987522
v -3.4 0.0775 1.16
v -3.684549 0.0775 1.092953
v -3.637047 0.0775 1.045451
v -3.580165 0.0775 1.009709
v 3.188235 0.0775 1.18
v 2.917647 0.0775 1.18
v 2.917647 0.0775 1.16
v 2.247059 0.0775 1.18
v 1.976471 0.0775 1.18
v 1.976471 0.0775 1.16
v 1.776471 0.0775 1.16
v 0.364706 0.0775 1.16
v 0.364706 0.0775 1.18
v 0.094118 0.0775 1.18
v -2.458824 0.0775 1.16
v -2.458824 0.0775 1.18
v -2.729412 0.0775 1.18
v 1.505882 0.0775 1.16
v 1.505882 0.0775 1.18
v 1.776471 0.0775 1.18
v 0.094118 0.0775 1.16
v -0.105882 0.0775 1.16
v -1.517647 0.0775 1.18
v -1.788235 0.0775 1.18
v -1.788235 0.0775 1.16
v -1.988235 0.0775 1.16
v 0.564706 0.0775 1.16
v 0.564706 0.0775 1.18
v 0.835294 0.0775 1.18
v -2.258823 0.0775 1.16
v -2.258823 0.0775 1.18
v -1.988235 0.0775 1.18
v -0.376471 0.0775 1.16
v -0.376471 0.0775 1.18
v -0.105882 0.0775 1.18
v 2.917647 -2.7225 1.18
v 3.188235 -2.7225 1.18
v 2.447059 -2.7225 1.18
v 2.717647 -2.7225 1.18
v 1.976471 -2.7225 1.18
v 2.247059 -2.7225 1.18
v 1.505882 -2.7225 1.18
v 1.776471 -2.7225 1.18
v 1.035294 -2.7225 1.18
v 1.305882 -2.7225 1.18
v 0.094118 -2.7225 1.18
v 0.364706 -2.7225 1.18
v -0.376471 -2.7225 1.18
v -0.105882 -2.7225 1.18
v -1.317647 -2.7225 1.18
v -1.047059 -2.7225 1.18
v -1.788235 -2.7225 1.18
v -1.517647 -2.7225 1.18
v -2.258823 -2.7225 1.18
v -1.988235 -2.7225 1.18
v -2.729412 -2.7225 1.18
v -2.458824 -2.7225 1.18
v -3.2 -2.7225 1.18
v -2.929412 -2.7225 1.18
v -0.847059 -2.7225 1.18
v -0.576471 -2.7225 1.18
v 0.564706 -2.7225 1.18
v 0.835294 -2.7225 1.18
v -3.732843 -2.7225 1.18
v -3.4 -2.7225 1.18
v 3.732843 -2.7225 1.98
v 3.732843 0.0775 1.98
v 3.388235 -2.7225 1.98
v 3.388235 0.0775 1.98
v 3.188235 0.0775 1.98
v 2.917647 0.0775 1.98
v 3.188235 -2.7225 1.98
v 2.917647 -2.7225 1.98
v 2.717647 0.0775 1.98
v 2.447059 0.0775 1.98
v 2.717647 -2.7225 1.98
v 2.447059 -2.7225 1.98
v 2.247059 0.0775 1.98
v 1.976471 0.0775 1.98
v 2.247059 -2.7225 1.98
v 1.976471 -2.7225 1.98
v 1.776471 0.0775 1.98
v 1.505882 0.0775 1.98
v 1.776471 -2.7225 1.98
v 1.505882 -2.7225 1.98
v 0.835294 -2.7225 1.98
v 0.835294 0.0775 1.98
v 0.564706 -2.7225 1.98
v 0.564706 0.0775 1.98
v 0.364706 0.0775 1.98
v 0.094118 0.0775 1.98
v 0.364706 -2.7225 1.98
v 0.094118 -2.7225 1.98
v -0.576471 -2.7225 1.98
v -0.576471 0.0775 1.98
v -0.847059 -2.7225 1.98
v -0.847059 0.0775 1.98
v -1.047059 0.0775 1.98
v -1.317647 0.0775 1.98
v -1.047059 -2.7225 1.98
v -1.317647 -2.7225 1.98
v -3.720291 0.0775 2.010165
v -3.732843 0.0775 1.98
v -3.4 0.0775 1.98
v -2.258823 0.0775 2.0
v -2.258823 0.0775 1.98
v -1.988235 0.0775 1.98
v -3.684549 0.0775 2.067047
v -3.516756 0.0775 2.172478
v -3.580165 0.0775 2.150291
v -3.4 0.0775 2.0
v -0.847059 0.0775 2.0
v -3.637047 0.0775 2.114549
v 2.447059 0.0775 2.0
v -3.2 0.0775 1.98
v -2.929412 0.0775 1.98
v -3.2 0.0775 2.0
v -2.929412 0.0775 2.0
v -1.988235 0.0775 2.0
v -1.788235 0.0775 2.0
v 3.45 0.0775 2.18
v 2.917647 0.0775 2.0
v 3.188235 0.0775 2.0
v 3.720291 0.0775 2.010165
v 2.717647 0.0775 2.0
v 3.516756 0.0775 2.172478
v 3.388235 0.0775 2.0
v 3.684549 0.0775 2.067047
v 3.637047 0.0775 2.114549
v 3.580165 0.0775 2.150291
v -3.45 0.0775 2.18
v -2.729412 0.0775 2.0
v -0.576471 0.0775 2.0
v -0.376471 0.0775 2.0
v -1.788235 0.0775 1.98
v -1.517647 0.0775 1.98
v -1.517647 0.0775 2.0
v -1.317647 0.0775 2.0
v -1.047059 0.0775 2.0
v 0.094118 0.0775 2.0
v -2.729412 0.0775 1.98
v -2.458824 0.0775 1.98
v -2.458824 0.0775 2.0
v 0.364706 0.0775 2.0
v 0.564706 0.0775 2.0
v -0.105882 0.0775 2.0
v -0.105882 0.0775 1.98
v -0.376471 0.0775 1.98
v 1.305882 0.0775 2.0
v 1.505882 0.0775 2.0
v 1.035294 0.0775 2.0
v 1.035294 0.0775 1.98
v 1.305882 0.0775 1.98
v 0.835294 0.0775 2.0
v 1.776471 0.0775 2.0
v 1.976471 0.0775 2.0
v 2.247059 0.0775 2.0
v -1.517647 -2.7225 1.98
v -1.788235 -2.7225 1.98
v -1.988235 -2.7225 1.98
v -2.258823 -2.7225 1.98
v -2.458824 -2.7225 1.98
v -2.729412 -2.7225 1.98
v -0.105882 -2.7225 1.98
v -0.376471 -2.7225 1.98
v 1.305882 -2.7225 1.98
v 1.035294 -2.7225 1.98
v -2.929412 -2.7225 1.98
v -3.2 -2.7225 1.98
v -3.742478 0.0775 1.946756
v -3.75 0.0775 1.88
v -3.75 0.0775 1.28
v -3.742478 0.0775 1.213244
v 3.75 0.0775 1.88
v 3.742478 0.0775 1.946756
v 3.75 0.0775 1.28
v 3.742478 0.0775 1.213244
v -4.052949 0.5775 2.285206
v -4.125429 0.5775 2.078071
v -3.742478 0.5775 1.946756
v -3.145 0.5775 0.32
v -2.605 0.5775 0.32
v -3.45 0.5775 0.98
v -3.75 0.5775 1.88
v -4.15 0.5775 1.86
v -3.75 0.5775 1.28
v -4.15 0.5775 1.3
v -3.742478 0.5775 1.213244
v -4.125429 0.5775 1.08193
v -3.720291 0.5775 1.149835
v -4.052949 0.5775 0.874794
v -3.684549 0.5775 1.092953
v -3.17 0.5775 0.32
v -3.637047 0.5775 1.045451
v -3.936195 0.5775 0.68898
v -3.580165 0.5775 1.009709
v -3.78102 0.5775 0.533805
v -3.516756 0.5775 0.987522
v -3.595206 0.5775 0.417051
v -3.388071 0.5775 0.344571
v 3.388071 0.5775 2.815429
v 3.45 0.5775 2.18
v 3.595206 0.5775 2.742949
v 3.516756 0.5775 2.172478
v 3.78102 0.5775 2.626195
v 3.580165 0.5775 2.150291
v 3.936195 0.5775 2.47102
v 3.637047 0.5775 2.114549
v 4.052949 0.5775 2.285206
v 3.684549 0.5775 2.067047
v 3.720291 0.5775 2.010165
v 4.125429 0.5775 2.078071
v 3.742478 0.5775 1.946756
v 4.15 0.5775 1.86
v 3.75 0.5775 1.88
v 4.15 0.5775 1.3
v 3.75 0.5775 1.28
v 4.125429 0.5775 1.08193
v 3.742478 0.5775 1.213244
v 4.052949 0.5775 0.874794
v -2.36 0.5775 0.32
v -2.0 0.5775 0.32
v -1.5 0.5775 0.32
v -3.720291 0.5775 2.010165
v -3.684549 0.5775 2.067047
v -3.936195 0.5775 2.47102
v -3.637047 0.5775 2.114549
v -3.78102 0.5775 2.626195
v -3.580165 0.5775 2.150291
v -3.595206 0.5775 2.742949
v -3.516756 0.5775 2.172478
v -3.388071 0.5775 2.815429
v -3.45 0.5775 2.18
v -3.17 0.5775 2.84
v 3.17 0.5775 2.84
v 0.5 0.5775 0.32
v 3.45 0.5775 0.98
v -0.0 0.5775 0.32
v -1.0 0.5775 0.32
v 1.0 0.5775 0.32
v 1.5 0.5775 0.32
v 2.0 0.5775 0.32
v 2.36 0.5775 0.32
v 2.605 0.5775 0.32
v 2.795 0.5775 0.32
v 3.720291 0.5775 1.149835
v 3.684549 0.5775 1.092953
v 3.936195 0.5775 0.68898
v 3.637047 0.5775 1.045451
v 3.78102 0.5775 0.533805
v 3.580165 0.5775 1.009709
v 3.595206 0.5775 0.417051
v 3.516756 0.5775 0.987522
v 3.388071 0.5775 0.344571
v 3.17 0.5775 0.32
v -0.65 3.1275 0.32
v -0.85 3.1275 0.32
v -1.0 3.5775 0.32
v 2.954705 2.316019 0.32
v 3.17 1.4425 0.32
v 2.89 2.3075 0.32
v 2.795 1.4425 0.32
v 2.825295 2.316019 0.32
v 3.17 2.9175 0.32
v 2.954705 2.798981 0.32
v 2.795 2.9175 0.32
v 2.89 2.8075 0.32
v 2.825295 2.798981 0.32
v 3.015 2.340994 0.32
v 3.066777 2.380723 0.32
v 3.106506 2.4325 0.32
v 3.106506 2.6825 0.32
v 3.066777 2.734277 0.32
v 3.015 2.774006 0.32
v 3.131481 2.492795 0.32
v 3.14 2.5575 0.32
v 3.131481 2.622205 0.32
v 2.795 2.786433 0.32
v 2.765 2.774006 0.32
v 2.605 2.9175 0.32
v 2.713223 2.734277 0.32
v 2.673494 2.6825 0.32
v 2.648519 2.622205 0.32
v 2.64 2.5575 0.32
v 2.648519 2.492795 0.32
v 2.605 1.4425 0.32
v 2.673494 2.4325 0.32
v 2.713223 2.380723 0.32
v 2.765 2.340994 0.32
v 2.795 2.328567 0.32
v -3.15 3.0275 0.32
v -3.145 3.0275 0.32
v -3.145 2.9175 0.32
v -2.95 3.0275 0.32
v -3.17 2.9175 0.32
v -3.17 3.0275 0.32
v -3.17 3.1275 0.32
v -3.15 3.1275 0.32
v -3.17 3.5775 0.32
v -3.145 3.1275 0.32
v -3.145 3.5775 0.32
v -2.95 3.1275 0.32
v -2.605 3.5775 0.32
v -2.605 2.9175 0.32
v 2.36 1.4425 0.32
v 2.0 1.4425 0.32
v 1.5 1.4425 0.32
v 1.0 1.4425 0.32
v 0.5 1.4425 0.32
v -3.145 1.4425 0.32
v -2.605 1.4425 0.32
v -2.36 1.4425 0.32
v -2.0 1.4425 0.32
v -1.5 1.4425 0.32
v -1.0 1.4425 0.32
v -0.0 1.4425 0.32
v 2.36 2.9175 0.32
v 2.0 2.9175 0.32
v 1.5 2.9175 0.32
v 1.0 2.9175 0.32
v 0.5 2.9175 0.32
v -0.0 2.9175 0.32
v -3.015 2.340994 0.32
v -3.066777 2.380723 0.32
v -3.106506 2.4325 0.32
v -2.765 2.340994 0.32
v -2.713223 2.380723 0.32
v -2.673494 2.4325 0.32
v -2.648519 2.492795 0.32
v -3.015 2.774006 0.32
v -3.066777 2.734277 0.32
v -3.106506 2.6825 0.32
v -3.131481 2.622205 0.32
v -3.14 2.5575 0.32
v -3.131481 2.492795 0.32
v -2.954705 2.316019 0.32
v -2.89 2.3075 0.32
v -2.825295 2.316019 0.32
v -2.64 2.5575 0.32
v -2.648519 2.622205 0.32
v -2.673494 2.6825 0.32
v -2.713223 2.734277 0.32
v -2.765 2.774006 0.32
v -2.825295 2.798981 0.32
v -2.89 2.8075 0.32
v -2.954705 2.798981 0.32
v -2.36 2.9175 0.32
v -2.0 2.9175 0.32
v -1.5 2.9175 0.32
v -1.0 2.9175 0.32
v -3.17 1.4425 0.32
v 2.795 3.5775 0.32
v 3.17 3.5775 0.32
v 3.15 3.1275 0.32
v 3.17 3.1275 0.32
v 3.17 3.0275 0.32
v 3.15 3.0275 0.32
v 2.95 3.0275 0.32
v 2.95 3.1275 0.32
v 2.605 3.5775 0.32
v 2.37 3.0275 0.32
v 2.57 3.0275 0.32
v 2.57 3.1275 0.32
v 2.37 3.1275 0.32
v 2.36 3.5775 0.32
v 2.35 3.0275 0.32
v 2.35 3.1275 0.32
v 2.15 3.0275 0.32
v 2.15 3.1275 0.32
v 2.0 3.5775 0.32
v 1.85 3.0275 0.32
v 1.65 3.0275 0.32
v 1.65 3.1275 0.32
v 1.5 3.5775 0.32
v 1.85 3.1275 0.32
v 1.35 3.0275 0.32
v 1.15 3.0275 0.32
v 1.15 3.1275 0.32
v 1.0 3.5775 0.32
v 1.35 3.1275 0.32
v 0.85 3.0275 0.32
v 0.65 3.0275 0.32
v 0.65 3.1275 0.32
v 0.5 3.5775 0.32
v 0.85 3.1275 0.32
v 0.35 3.0275 0.32
v 0.15 3.0275 0.32
v 0.15 3.1275 0.32
v -0.0 3.5775 0.32
v 0.35 3.1275 0.32
v -0.35 3.0275 0.32
v -0.15 3.0275 0.32
v -0.85 3.0275 0.32
v -0.65 3.0275 0.32
v -0.15 3.1275 0.32
v -0.35 3.1275 0.32
v -1.15 3.1275 0.32
v -1.15 3.0275 0.32
v -1.35 3.0275 0.32
v -1.35 3.1275 0.32
v -1.5 3.5775 0.32
v -1.65 3.1275 0.32
v -1.65 3.0275 0.32
v -1.85 3.0275 0.32
v -1.85 3.1275 0.32
v -2.0 3.5775 0.32
v -2.35 3.1275 0.32
v -2.36 3.5775 0.32
v -2.15 3.1275 0.32
v -2.15 3.0275 0.32
v -2.35 3.0275 0.32
v -2.37 3.0275 0.32
v -2.37 3.1275 0.32
v -2.57 3.0275 0.32
v -2.57 3.1275 0.32
v 3.37 3.0275 0.340625
v 3.37 3.1275 0.340625
v 3.388071 3.5775 0.344571
v 3.595206 3.5775 0.417051
v 3.78102 3.5775 0.533805
v 3.936195 3.5775 0.68898
v 4.052949 3.5775 0.874794
v 4.125429 3.5775 1.08193
v 4.15 3.5775 1.3
v 4.15 3.5775 1.68
v 4.15 2.8775 1.68
v 4.15 2.8775 1.86
v 3.763296 2.8775 2.64
v 3.763296 3.5775 2.64
v 3.595206 3.5775 2.742949
v 3.78102 2.8775 2.626195
v 3.936195 2.8775 2.47102
v 4.052949 2.8775 2.285206
v 4.125429 2.8775 2.078071
v 3.388071 3.5775 2.815429
v 3.17 3.5775 2.84
v 2.408579 3.5775 2.84
v 2.408579 2.4775 2.84
v 1.208579 2.4775 2.84
v -2.408579 3.5775 2.84
v -3.17 3.5775 2.84
v -2.408579 2.4775 2.84
v -1.208579 2.4775 2.84
v -1.208579 3.5775 2.84
v 1.208579 3.5775 2.84
v -4.15 2.8775 1.86
v -4.125429 2.8775 2.078071
v -4.052949 2.8775 2.285206
v -3.936195 2.8775 2.47102
v -3.78102 2.8775 2.626195
v -3.595206 3.5775 2.742949
v -3.763296 3.5775 2.64
v -3.763296 2.8775 2.64
v -3.388071 3.5775 2.815429
v -4.15 3.5775 1.68
v -4.15 3.5775 1.3
v -4.15 2.8775 1.68
v -3.388071 3.5775 0.344571
v -3.37 3.1275 0.340625
v -3.37 3.0275 0.340625
v -3.595206 3.5775 0.417051
v -3.78102 3.5775 0.533805
v -3.936195 3.5775 0.68898
v -4.052949 3.5775 0.874794
v -4.125429 3.5775 1.08193
v 4.47 3.5775 2.64
v 4.47 3.5775 1.68
v 2.408579 3.5775 2.24
v -2.408579 3.5775 2.24
v -4.47 3.5775 1.68
v -4.47 3.5775 2.64
v 1.208579 3.5775 2.24
v -1.208579 3.5775 2.24
v -2.408579 2.4775 2.24
v -1.208579 2.4775 2.24
v 2.408579 2.4775 2.24
v 1.208579 2.4775 2.24
v 4.47 2.8775 1.68
v 4.47 2.8775 2.64
v -4.47 2.8775 1.68
v -4.47 2.8775 2.64
v 2.832074 2.773682 -0.43003
v 2.89 2.781308 -0.43003
v 2.947926 2.773682 -0.43003
v 3.001904 2.751324 -0.43003
v 3.048256 2.715756 -0.43003
v 3.083824 2.669404 -0.43003
v 3.106182 2.615426 -0.43003
v 3.113808 2.5575 -0.43003
v 3.106182 2.499574 -0.43003
v 3.083824 2.445596 -0.43003
v 3.048256 2.399244 -0.43003
v 3.001904 2.363676 -0.43003
v 2.947926 2.341318 -0.43003
v 2.89 2.333692 -0.43003
v 2.832074 2.341318 -0.43003
v 2.778096 2.363676 -0.43003
v 2.731744 2.399244 -0.43003
v 2.696176 2.445596 -0.43003
v 2.673818 2.499574 -0.43003
v 2.666192 2.5575 -0.43003
v 2.673818 2.615426 -0.43003
v 2.696176 2.669404 -0.43003
v 2.731744 2.715756 -0.43003
v 2.778096 2.751324 -0.43003
v 2.742583 2.472389 -0.48
v 2.725578 2.513443 -0.48
v 2.89 2.5575 -0.48
v 2.719777 2.5575 -0.48
v 2.725578 2.601557 -0.48
v 2.845943 2.393078 -0.48
v 2.804889 2.410083 -0.48
v 2.769634 2.437135 -0.48
v 2.975111 2.410083 -0.48
v 2.934057 2.393078 -0.48
v 2.89 2.387277 -0.48
v 3.054422 2.513443 -0.48
v 3.037417 2.472389 -0.48
v 3.010366 2.437135 -0.48
v 3.037417 2.642611 -0.48
v 3.054422 2.601557 -0.48
v 3.060223 2.5575 -0.48
v 2.934057 2.721922 -0.48
v 2.975111 2.704917 -0.48
v 3.010366 2.677866 -0.48
v 2.804889 2.704917 -0.48
v 2.845943 2.721922 -0.48
v 2.89 2.727722 -0.48
v 2.742583 2.642611 -0.48
v 2.769634 2.677866 -0.48
v -2.673818 2.615426 -0.43003
v -2.696176 2.669404 -0.43003
v -2.731744 2.715756 -0.43003
v -2.778096 2.751324 -0.43003
v -2.832074 2.773682 -0.43003
v -2.89 2.781308 -0.43003
v -2.947926 2.773682 -0.43003
v -3.001904 2.751324 -0.43003
v -3.048256 2.715756 -0.43003
v -3.083824 2.669404 -0.43003
v -3.106182 2.615426 -0.43003
v -3.113808 2.5575 -0.43003
v -3.106182 2.499574 -0.43003
v -3.083824 2.445596 -0.43003
v -3.048256 2.399244 -0.43003
v -3.001904 2.363676 -0.43003
v -2.947926 2.341318 -0.43003
v -2.89 2.333692 -0.43003
v -2.832074 2.341318 -0.43003
v -2.778096 2.363676 -0.43003
v -2.731744 2.399244 -0.43003
v -2.696176 2.445596 -0.43003
v -2.673818 2.499574 -0.43003
v -2.666192 2.5575 -0.43003
v -2.742583 2.642611 -0.48
v -2.725578 2.601557 -0.48
v -2.89 2.5575 -0.48
v -2.719777 2.5575 -0.48
v -2.725578 2.513443 -0.48
v -2.845943 2.721922 -0.48
v -2.804889 2.704917 -0.48
v -2.769634 2.677866 -0.48
v -2.975111 2.704917 -0.48
v -2.934057 2.721922 -0.48
v -2.89 2.727722 -0.48
v -3.054422 2.601557 -0.48
v -3.037417 2.642611 -0.48
v -3.010366 2.677866 -0.48
v -3.037417 2.472389 -0.48
v -3.054422 2.513443 -0.48
v -3.060223 2.5575 -0.48
v -2.934057 2.393078 -0.48
v -2.975111 2.410083 -0.48
v -3.010366 2.437135 -0.48
v -2.804889 2.410083 -0.48
v -2.845943 2.393078 -0.48
v -2.89 2.387277 -0.48
v -2.742583 2.472389 -0.48
v -2.769634 2.437135 -0.48
v -3.732843 -2.7225 1.98
v 3.388235 -2.7225 1.18
v 3.732843 -2.7225 1.18
v -3.4 -2.7225 1.98
v 3.632843 -2.9225 1.88
v -3.632843 -2.9225 1.88
v 3.632843 -2.9225 1.28
v -3.632843 -2.9225 1.28
v -3.4 -2.7225 2.0
newmtl 2
Ka 0.9686274509803922 0.8784313725490196 0.6
Kd 0.9686274509803922 0.8784313725490196 0.6
Ks 0.6784313725490196 0.615686274509804 0.4196078431372549
d 0.0
endmtl
v -3.2 -2.7225 2.0
v 0.835294 -2.7225 2.0
v 1.035294 -2.7225 2.0
v -0.576471 -2.7225 2.0
v -0.376471 -2.7225 2.0
v -2.929412 -2.7225 2.0
v -2.729412 -2.7225 2.0
v -2.458824 -2.7225 2.0
v -2.258823 -2.7225 2.0
v -1.988235 -2.7225 2.0
v -1.788235 -2.7225 2.0
v -1.517647 -2.7225 2.0
v -1.317647 -2.7225 2.0
v -1.047059 -2.7225 2.0
v -0.847059 -2.7225 2.0
v -0.105882 -2.7225 2.0
v 0.094118 -2.7225 2.0
v 0.364706 -2.7225 2.0
v 0.564706 -2.7225 2.0
v 1.305882 -2.7225 2.0
v 1.505882 -2.7225 2.0
v 1.776471 -2.7225 2.0
v 1.976471 -2.7225 2.0
v 2.247059 -2.7225 2.0
v 2.447059 -2.7225 2.0
v 2.717647 -2.7225 2.0
v 2.917647 -2.7225 2.0
v 3.188235 -2.7225 2.0
v 3.388235 -2.7225 2.0
v -3.2 -2.7225 1.16
v -3.4 -2.7225 1.16
v 1.035294 -2.7225 1.16
v 0.835294 -2.7225 1.16
v -0.376471 -2.7225 1.16
v -0.576471 -2.7225 1.16
v -2.729412 -2.7225 1.16
v -2.929412 -2.7225 1.16
v -2.258823 -2.7225 1.16
v -2.458824 -2.7225 1.16
v -1.788235 -2.7225 1.16
v -1.988235 -2.7225 1.16
v -1.317647 -2.7225 1.16
v -1.517647 -2.7225 1.16
v -0.847059 -2.7225 1.16
v -1.047059 -2.7225 1.16
v 0.094118 -2.7225 1.16
v -0.105882 -2.7225 1.16
v 0.564706 -2.7225 1.16
v 0.364706 -2.7225 1.16
v 1.505882 -2.7225 1.16
v 1.305882 -2.7225 1.16
v 1.976471 -2.7225 1.16
v 1.776471 -2.7225 1.16
v 2.447059 -2.7225 1.16
v 2.247059 -2.7225 1.16
v 2.917647 -2.7225 1.16
v 2.717647 -2.7225 1.16
v 3.388235 -2.7225 1.16
v 3.188235 -2.7225 1.16
v -1.65 3.0275 0.15
v -1.65 3.1275 0.15
v -1.85 3.0275 0.15
v -1.85 3.1275 0.15
v -1.85 3.8775 0.0
v -1.85 3.8775 0.1
v -1.65 3.8775 0.0
v -1.65 3.8775 0.1
v -1.65 3.129204 0.137059
v -1.65 3.032611 0.111177
v -1.65 3.134199 0.125
v -1.65 3.047596 0.075
v -1.65 3.142145 0.114645
v -1.65 3.071434 0.043934
v -1.65 3.1525 0.106699
v -1.65 3.1025 0.020096
v -1.65 3.164559 0.101704
v -1.65 3.138677 0.005111
v -1.65 3.1775 0.1
v -1.65 3.1775 0.0
v -1.85 3.1775 0.0
v -1.85 3.138677 0.005111
v -1.85 3.1025 0.020096
v -1.85 3.071434 0.043934
v -1.85 3.047596 0.075
v -1.85 3.032611 0.111177
v -1.85 3.1775 0.1
v -1.85 3.164559 0.101704
v -1.85 3.1525 0.106699
v -1.85 3.142145 0.114645
v -1.85 3.134199 0.125
v -1.85 3.129204 0.137059
v -2.37 3.1275 0.15
v -2.57 3.1275 0.15
v -2.37 3.0275 0.15
v -2.57 3.0275 0.15
v -2.57 3.8775 0.1
v -2.37 3.8775 0.1
v -2.57 3.8775 0.0
v -2.37 3.8775 0.0
v -2.57 3.129204 0.137059
v -2.37 3.129204 0.137059
v -2.57 3.134199 0.125
v -2.37 3.134199 0.125
v -2.57 3.142145 0.114645
v -2.37 3.142145 0.114645
v -2.57 3.1525 0.106699
v -2.37 3.1525 0.106699
v -2.57 3.164559 0.101704
v -2.37 3.164559 0.101704
v -2.57 3.1775 0.1
v -2.37 3.1775 0.1
v -2.37 3.032611 0.111177
v -2.37 3.047596 0.075
v -2.37 3.071434 0.043934
v -2.37 3.1025 0.020096
v -2.37 3.138677 0.005111
v -2.37 3.1775 0.0
v -2.57 3.1775 0.0
v -2.57 3.138677 0.005111
v -2.57 3.1025 0.020096
v -2.57 3.071434 0.043934
v -2.57 3.047596 0.075
v -2.57 3.032611 0.111177
v -3.37 3.8775 0.0
v -3.37 3.8775 0.1
v -3.17 3.8775 0.0
v -3.17 3.8775 0.1
v -3.17 3.0275 0.15
v -3.17 3.1275 0.15
v -3.37 3.0275 0.15
v -3.37 3.1275 0.15
v -3.17 3.129204 0.137059
v -3.17 3.032611 0.111177
v -3.17 3.134199 0.125
v -3.17 3.047596 0.075
v -3.17 3.142145 0.114645
v -3.17 3.071434 0.043934
v -3.17 3.1525 0.106699
v -3.17 3.1025 0.020096
v -3.17 3.164559 0.101704
v -3.17 3.138677 0.005111
v -3.17 3.1775 0.1
v -3.17 3.1775 0.0
v -3.37 3.1775 0.0
v -3.37 3.138677 0.005111
v -3.37 3.1025 0.020096
v -3.37 3.071434 0.043934
v -3.37 3.047596 0.075
v -3.37 3.032611 0.111177
v -3.37 3.1775 0.1
v -3.37 3.164559 0.101704
v -3.37 3.1525 0.106699
v -3.37 3.142145 0.114645
v -3.37 3.134199 0.125
v -3.37 3.129204 0.137059
v -1.15 3.1275 0.15
v -1.35 3.1275 0.15
v -1.15 3.0275 0.15
v -1.35 3.0275 0.15
v -1.35 3.8775 0.1
v -1.15 3.8775 0.1
v -1.35 3.8775 0.0
v -1.15 3.8775 0.0
v -1.35 3.129204 0.137059
v -1.15 3.129204 0.137059
v -1.35 3.134199 0.125
v -1.15 3.134199 0.125
v -1.35 3.142145 0.114645
v -1.15 3.142145 0.114645
v -1.35 3.1525 0.106699
v -1.15 3.1525 0.106699
v -1.35 3.164559 0.101704
v -1.15 3.164559 0.101704
v -1.35 3.1775 0.1
v -1.15 3.1775 0.1
v -1.15 3.032611 0.111177
v -1.15 3.047596 0.075
v -1.15 3.071434 0.043934
v -1.15 3.1025 0.020096
v -1.15 3.138677 0.005111
v -1.15 3.1775 0.0
v -1.35 3.1775 0.0
v -1.35 3.138677 0.005111
v -1.35 3.1025 0.020096
v -1.35 3.071434 0.043934
v -1.35 3.047596 0.075
v -1.35 3.032611 0.111177
v -0.65 3.1275 0.15
v -0.85 3.1275 0.15
v -0.65 3.0275 0.15
v -0.85 3.0275 0.15
v -0.85 3.8775 0.1
v -0.65 3.8775 0.1
v -0.85 3.8775 -0.0
v -0.65 3.8775 0.0
v -0.85 3.129204 0.137059
v -0.65 3.129204 0.137059
v -0.85 3.134199 0.125
v -0.65 3.134199 0.125
v -0.85 3.142145 0.114645
v -0.65 3.142145 0.114645
v -0.85 3.1525 0.106699
v -0.65 3.1525 0.106699
v -0.85 3.164559 0.101704
v -0.65 3.164559 0.101704
v -0.85 3.1775 0.1
v -0.65 3.1775 0.1
v -0.65 3.032611 0.111177
v -0.65 3.047596 0.075
v -0.65 3.071434 0.043934
v -0.65 3.1025 0.020096
v -0.65 3.138677 0.005111
v -0.65 3.1775 0.0
v -0.85 3.1775 -0.0
v -0.85 3.138677 0.005111
v -0.85 3.1025 0.020096
v -0.85 3.071434 0.043934
v -0.85 3.047596 0.075
v -0.85 3.032611 0.111177
v -0.15 3.1275 0.15
v -0.35 3.1275 0.15
v -0.15 3.0275 0.15
v -0.35 3.0275 0.15
v -0.35 3.8775 0.1
v -0.15 3.8775 0.1
v -0.35 3.8775 -0.0
v -0.15 3.8775 0.0
v -0.35 3.129204 0.137059
v -0.15 3.129204 0.137059
v -0.35 3.134199 0.125
v -0.15 3.134199 0.125
v -0.35 3.142145 0.114645
v -0.15 3.142145 0.114645
v -0.35 3.1525 0.106699
v -0.15 3.1525 0.106699
v -0.35 3.164559 0.101704
v -0.15 3.164559 0.101704
v -0.35 3.1775 0.1
v -0.15 3.1775 0.1
v -0.15 3.032611 0.111177
v -0.15 3.047596 0.075
v -0.15 3.071434 0.043934
v -0.15 3.1025 0.020096
v -0.15 3.138677 0.005111
v -0.15 3.1775 0.0
v -0.35 3.1775 -0.0
v -0.35 3.138677 0.005111
v -0.35 3.1025 0.020096
v -0.35 3.071434 0.043934
v -0.35 3.047596 0.075
v -0.35 3.032611 0.111177
v 0.35 3.1275 0.15
v 0.15 3.1275 0.15
v 0.35 3.0275 0.15
v 0.15 3.0275 0.15
v 0.15 3.8775 0.1
v 0.35 3.8775 0.1
v 0.15 3.8775 0.0
v 0.35 3.8775 0.0
v 0.15 3.129204 0.137059
v 0.35 3.129204 0.137059
v 0.15 3.134199 0.125
v 0.35 3.134199 0.125
v 0.15 3.142145 0.114645
v 0.35 3.142145 0.114645
v 0.15 3.1525 0.106699
v 0.35 3.1525 0.106699
v 0.15 3.164559 0.101704
v 0.35 3.164559 0.101704
v 0.15 3.1775 0.1
v 0.35 3.1775 0.1
v 0.35 3.032611 0.111177
v 0.35 3.047596 0.075
v 0.35 3.071434 0.043934
v 0.35 3.1025 0.020096
v 0.35 3.138677 0.005111
v 0.35 3.1775 0.0
v 0.15 3.1775 0.0
v 0.15 3.138677 0.005111
v 0.15 3.1025 0.020096
v 0.15 3.071434 0.043934
v 0.15 3.047596 0.075
v 0.15 3.032611 0.111177
v 0.85 3.1275 0.15
v 0.65 3.1275 0.15
v 0.85 3.0275 0.15
v 0.65 3.0275 0.15
v 0.65 3.8775 0.1
v 0.85 3.8775 0.1
v 0.65 3.8775 0.0
v 0.85 3.8775 0.0
v 0.65 3.129204 0.137059
v 0.85 3.129204 0.137059
v 0.65 3.134199 0.125
v 0.85 3.134199 0.125
v 0.65 3.142145 0.114645
v 0.85 3.142145 0.114645
v 0.65 3.1525 0.106699
v 0.85 3.1525 0.106699
v 0.65 3.164559 0.101704
v 0.85 3.164559 0.101704
v 0.65 3.1775 0.1
v 0.85 3.1775 0.1
v 0.85 3.032611 0.111177
v 0.85 3.047596 0.075
v 0.85 3.071434 0.043934
v 0.85 3.1025 0.020096
v 0.85 3.138677 0.005111
v 0.85 3.1775 0.0
v 0.65 3.1775 0.0
v 0.65 3.138677 0.005111
v 0.65 3.1025 0.020096
v 0.65 3.071434 0.043934
v 0.65 3.047596 0.075
v 0.65 3.032611 0.111177
v 1.35 3.1275 0.15
v 1.15 3.1275 0.15
v 1.35 3.0275 0.15
v 1.15 3.0275 0.15
v 1.15 3.8775 0.1
v 1.35 3.8775 0.1
v 1.15 3.8775 0.0
v 1.35 3.8775 0.0
v 1.15 3.129204 0.137059
v 1.35 3.129204 0.137059
v 1.15 3.134199 0.125
v 1.35 3.134199 0.125
v 1.15 3.142145 0.114645
v 1.35 3.142145 0.114645
v 1.15 3.1525 0.106699
v 1.35 3.1525 0.106699
v 1.15 3.164559 0.101704
v 1.35 3.164559 0.101704
v 1.15 3.1775 0.1
v 1.35 3.1775 0.1
v 1.35 3.032611 0.111177
v 1.35 3.047596 0.075
v 1.35 3.071434 0.043934
v 1.35 3.1025 0.020096
v 1.35 3.138677 0.005111
v 1.35 3.1775 0.0
v 1.15 3.1775 0.0
v 1.15 3.138677 0.005111
v 1.15 3.1025 0.020096
v 1.15 3.071434 0.043934
v 1.15 3.047596 0.075
v 1.15 3.032611 0.111177
v 1.85 3.1275 0.15
v 1.65 3.1275 0.15
v 1.85 3.0275 0.15
v 1.65 3.0275 0.15
v 1.65 3.8775 0.1
v 1.85 3.8775 0.1
v 1.65 3.8775 0.0
v 1.85 3.8775 0.0
v 1.65 3.129204 0.137059
v 1.85 3.129204 0.137059
v 1.65 3.134199 0.125
v 1.85 3.134199 0.125
v 1.65 3.142145 0.114645
v 1.85 3.142145 0.114645
v 1.65 3.1525 0.106699
v 1.85 3.1525 0.106699
v 1.65 3.164559 0.101704
v 1.85 3.164559 0.101704
v 1.65 3.1775 0.1
v 1.85 3.1775 0.1
v 1.85 3.032611 0.111177
v 1.85 3.047596 0.075
v 1.85 3.071434 0.043934
v 1.85 3.1025 0.020096
v 1.85 3.138677 0.005111
v 1.85 3.1775 0.0
v 1.65 3.1775 0.0
v 1.65 3.138677 0.005111
v 1.65 3.1025 0.020096
v 1.65 3.071434 0.043934
v 1.65 3.047596 0.075
v 1.65 3.032611 0.111177
v 2.35 3.0275 0.15
v 2.35 3.1275 0.15
v 2.15 3.0275 0.15
v 2.15 3.1275 0.15
v 2.15 3.8775 0.0
v 2.15 3.8775 0.1
v 2.35 3.8775 -0.0
v 2.35 3.8775 0.1
v 2.35 3.129204 0.137059
v 2.35 3.032611 0.111177
v 2.35 3.134199 0.125
v 2.35 3.047596 0.075
v 2.35 3.142145 0.114645
v 2.35 3.071434 0.043934
v 2.35 3.1525 0.106699
v 2.35 3.1025 0.020096
v 2.35 3.164559 0.101704
v 2.35 3.138677 0.005111
v 2.35 3.1775 0.1
v 2.35 3.1775 -0.0
v 2.15 3.1775 0.0
v 2.15 3.138677 0.005111
v 2.15 3.1025 0.020096
v 2.15 3.071434 0.043934
v 2.15 3.047596 0.075
v 2.15 3.032611 0.111177
v 2.15 3.1775 0.1
v 2.15 3.164559 0.101704
v 2.15 3.1525 0.106699
v 2.15 3.142145 0.114645
v 2.15 3.134199 0.125
v 2.15 3.129204 0.137059
v -2.15 3.0275 0.15
v -2.15 3.1275 0.15
v -2.35 3.0275 0.15
v -2.35 3.1275 0.15
v -2.35 3.8775 -0.0
v -2.35 3.8775 0.1
v -2.15 3.8775 0.0
v -2.15 3.8775 0.1
v -2.15 3.129204 0.137059
v -2.15 3.032611 0.111177
v -2.15 3.134199 0.125
v -2.15 3.047596 0.075
v -2.15 3.142145 0.114645
v -2.15 3.071434 0.043934
v -2.15 3.1525 0.106699
v -2.15 3.1025 0.020096
v -2.15 3.164559 0.101704
v -2.15 3.138677 0.005111
v -2.15 3.1775 0.1
v -2.15 3.1775 0.0
v -2.35 3.1775 0.0
v -2.35 3.138677 0.005111
v -2.35 3.1025 0.020096
v -2.35 3.071434 0.043934
v -2.35 3.047596 0.075
v -2.35 3.032611 0.111177
v -2.35 3.1775 0.1
v -2.35 3.164559 0.101704
v -2.35 3.1525 0.106699
v -2.35 3.142145 0.114645
v -2.35 3.134199 0.125
v -2.35 3.129204 0.137059
v -2.95 3.0275 0.15
v -2.95 3.1275 0.15
v -3.15 3.0275 0.15
v -3.15 3.1275 0.15
v -3.15 3.8775 -0.0
v -3.15 3.8775 0.1
v -2.95 3.8775 0.0
v -2.95 3.8775 0.1
v -2.95 3.129204 0.137059
v -2.95 3.032611 0.111177
v -2.95 3.134199 0.125
v -2.95 3.047596 0.075
v -2.95 3.142145 0.114645
v -2.95 3.071434 0.043934
v -2.95 3.1525 0.106699
v -2.95 3.1025 0.020096
v -2.95 3.164559 0.101704
v -2.95 3.138677 0.005111
v -2.95 3.1775 0.1
v -2.95 3.1775 0.0
v -3.15 3.1775 0.0
v -3.15 3.138677 0.005111
v -3.15 3.1025 0.020096
v -3.15 3.071434 0.043934
v -3.15 3.047596 0.075
v -3.15 3.032611 0.111177
v -3.15 3.1775 0.1
v -3.15 3.164559 0.101704
v -3.15 3.1525 0.106699
v -3.15 3.142145 0.114645
v -3.15 3.134199 0.125
v -3.15 3.129204 0.137059
v 3.15 3.0275 0.15
v 3.15 3.1275 0.15
v 2.95 3.0275 0.15
v 2.95 3.1275 0.15
v 2.95 3.8775 0.0
v 2.95 3.8775 0.1
v 3.15 3.8775 -0.0
v 3.15 3.8775 0.1
v 3.15 3.129204 0.137059
v 3.15 3.032611 0.111177
v 3.15 3.134199 0.125
v 3.15 3.047596 0.075
v 3.15 3.142145 0.114645
v 3.15 3.071434 0.043934
v 3.15 3.1525 0.106699
v 3.15 3.1025 0.020096
v 3.15 3.164559 0.101704
v 3.15 3.138677 0.005111
v 3.15 3.1775 0.1
v 3.15 3.1775 -0.0
v 2.95 3.1775 0.0
v 2.95 3.138677 0.005111
v 2.95 3.1025 0.020096
v 2.95 3.071434 0.043934
v 2.95 3.047596 0.075
v 2.95 3.032611 0.111177
v 2.95 3.1775 0.1
v 2.95 3.164559 0.101704
v 2.95 3.1525 0.106699
v 2.95 3.142145 0.114645
v 2.95 3.134199 0.125
v 2.95 3.129204 0.137059
v 3.17 3.8775 0.0
v 3.17 3.8775 0.1
v 3.37 3.8775 -0.0
v 3.37 3.8775 0.1
v 3.37 3.0275 0.15
v 3.37 3.1275 0.15
v 3.17 3.0275 0.15
v 3.17 3.1275 0.15
v 3.37 3.129204 0.137059
v 3.37 3.032611 0.111177
v 3.37 3.134199 0.125
v 3.37 3.047596 0.075
v 3.37 3.142145 0.114645
v 3.37 3.071434 0.043934
v 3.37 3.1525 0.106699
v 3.37 3.1025 0.020096
v 3.37 3.164559 0.101704
v 3.37 3.138677 0.005111
v 3.37 3.1775 0.1
v 3.37 3.1775 -0.0
v 3.17 3.1775 0.0
v 3.17 3.138677 0.005111
v 3.17 3.1025 0.020096
v 3.17 3.071434 0.043934
v 3.17 3.047596 0.075
v 3.17 3.032611 0.111177
v 3.17 3.1775 0.1
v 3.17 3.164559 0.101704
v 3.17 3.1525 0.106699
v 3.17 3.142145 0.114645
v 3.17 3.134199 0.125
v 3.17 3.129204 0.137059
v 2.57 3.0275 0.15
v 2.57 3.1275 0.15
v 2.37 3.0275 0.15
v 2.37 3.1275 0.15
v 2.37 3.8775 0.0
v 2.37 3.8775 0.1
v 2.57 3.8775 -0.0
v 2.57 3.8775 0.1
v 2.57 3.129204 0.137059
v 2.57 3.032611 0.111177
v 2.57 3.134199 0.125
v 2.57 3.047596 0.075
v 2.57 3.142145 0.114645
v 2.57 3.071434 0.043934
v 2.57 3.1525 0.106699
v 2.57 3.1025 0.020096
v 2.57 3.164559 0.101704
v 2.57 3.138677 0.005111
v 2.57 3.1775 0.1
v 2.57 3.1775 -0.0
v 2.37 3.1775 0.0
v 2.37 3.138677 0.005111
v 2.37 3.1025 0.020096
v 2.37 3.071434 0.043934
v 2.37 3.047596 0.075
v 2.37 3.032611 0.111177
v 2.37 3.1775 0.1
v 2.37 3.164559 0.101704
v 2.37 3.1525 0.106699
v 2.37 3.142145 0.114645
v 2.37 3.134199 0.125
v 2.37 3.129204 0.137059
v -0.005709 -0.156525 3.16
v -0.005709 3.6275 3.16
v -1.116788 3.6275 3.16
newmtl 3
Ka 0.7764705882352941 0.7568627450980392 0.7372549019607844
Kd 0.7764705882352941 0.7568627450980392 0.7372549019607844
Ks 0.38823529411764707 0.3764705882352941 0.3686274509803922
d 0.0
endmtl
v 0.267848 -1.401001 3.16
v 0.283087 -1.399152 3.16
v 0.202239 -1.399152 3.16
v 1.208579 2.6775 3.16
v 1.208579 3.6275 3.16
v 0.959833 3.6275 3.16
v 0.424787 -1.927631 3.16
v 0.416572 -1.928596 3.16
v 0.467299 -1.928596 3.16
v 0.705144 -1.835278 3.16
v 0.667063 -1.835278 3.16
v 0.705144 -1.903694 3.16
v 0.667063 -1.903694 3.16
v 0.745564 -1.723504 3.16
v 0.745564 -1.746899 3.16
v 0.769401 -1.66559 3.16
v 0.750191 -1.903694 3.16
v 0.769401 -1.928596 3.16
v 0.750191 -1.926881 3.16
v 0.705144 -1.928596 3.16
v 0.739794 -1.835278 3.16
v 0.739794 -1.811988 3.16
v 0.705144 -1.811988 3.16
v 0.705144 -1.746899 3.16
v 0.667063 -1.746899 3.16
v 0.667063 -1.811988 3.16
v 0.705144 -1.926881 3.16
v 0.640809 -1.926881 3.16
v 0.627084 -1.928596 3.16
v 0.640809 -1.723504 3.16
v 0.586949 -1.781627 3.16
v 0.613359 -1.781627 3.16
v 0.627084 -1.66559 3.16
v 0.705144 -1.723504 3.16
v 0.705144 -1.66559 3.16
v 0.555412 -1.928596 3.16
v 0.540368 -1.890801 3.16
v 0.543487 -1.902758 3.16
v 0.544163 -1.902758 3.16
v 0.514712 -1.66559 3.16
v 0.514712 -1.816996 3.16
v 0.547283 -1.891009 3.16
v 0.545333 -1.897781 3.16
v 0.514712 -1.928596 3.16
v 0.514712 -1.885374 3.16
v 0.473928 -1.781627 3.16
v 0.467299 -1.66559 3.16
v 0.502417 -1.781627 3.16
v 0.530906 -1.926569 3.16
v 0.530048 -1.928596 3.16
v 0.519729 -1.952979 3.16
v 0.467299 -2.009159 3.16
v 0.479178 -1.993217 3.16
v 0.479178 -1.970551 3.16
v 0.50992 -1.96751 3.16
v 0.514666 -1.962234 3.16
v 0.514712 -1.96215 3.16
v 0.514712 -1.990756 3.16
v 0.505898 -1.994113 3.16
v 0.514712 -2.009159 3.16
v 0.495607 -1.995297 3.16
v 0.489983 -1.995095 3.16
v 0.493631 -1.973462 3.16
v 0.500054 -1.972703 3.16
v 0.5056 -1.970537 3.16
v 0.547439 -1.94882 3.16
v 0.535906 -1.971279 3.16
v 0.627084 -2.009159 3.16
v 0.526585 -1.982474 3.16
v 0.524848 -1.984066 3.16
v 0.515951 -1.990284 3.16
v 0.222006 -1.857215 3.16
v 0.22553 -1.816563 3.16
v 0.216804 -1.86443 3.16
v 0.213192 -1.87333 3.16
v 0.32805 -1.926881 3.16
v 0.302576 -1.926881 3.16
v 0.271287 -1.928596 3.16
v 0.36257 -1.89548 3.16
v 0.32805 -1.833407 3.16
v 0.36257 -1.921786 3.16
v 0.242159 -1.928542 3.16
v 0.232392 -1.92486 3.16
v 0.202239 -1.928596 3.16
v 0.2157 -1.908216 3.16
v 0.212608 -1.899613 3.16
v 0.249776 -1.781418 3.16
v 0.202239 -1.66559 3.16
v 0.230827 -1.78875 3.16
v 0.22553 -1.791816 3.16
v 0.229993 -1.850502 3.16
v 0.241168 -1.844987 3.16
v 0.240476 -1.806784 3.16
v 0.25953 -1.840581 3.16
v 0.28178 -1.799895 3.16
v 0.27315 -1.798991 3.16
v 0.256362 -1.800932 3.16
v 0.302576 -1.904422 3.16
v 0.3019 -1.904422 3.16
v 0.2953 -1.913743 3.16
v 0.286902 -1.921463 3.16
v 0.223814 -1.918875 3.16
v 0.221002 -1.916029 3.16
v 0.281968 -1.924549 3.16
v 0.271863 -1.928525 3.16
v 0.366764 -1.803515 3.16
v 0.310386 -1.788004 3.16
v 0.317126 -1.79458 3.16
v 0.211337 -1.887994 3.16
v 0.211448 -1.88416 3.16
v 0.37282 -1.90179 3.16
v 0.374345 -1.902356 3.16
v 0.374345 -1.848312 3.16
v 0.363731 -1.811717 3.16
v 0.275542 -1.778299 3.16
v 0.291362 -1.77978 3.16
v 0.301984 -1.7831 3.16
v 0.302576 -1.83455 3.16
v 0.301689 -1.823286 3.16
v 0.299056 -1.814216 3.16
v 0.296062 -1.80897 3.16
v 0.326218 -1.814723 3.16
v 0.363821 -1.830716 3.16
v 0.322288 -1.802923 3.16
v 0.362726 -1.820825 3.16
v 0.292211 -1.804873 3.16
v 0.287689 -1.801959 3.16
v 0.374119 -1.848163 3.16
v 0.369952 -1.843804 3.16
v 0.36663 -1.838495 3.16
v 0.374345 -1.926132 3.16
v 0.374345 -1.928596 3.16
v 0.378056 -1.927501 3.16
v 0.387376 -1.928596 3.16
v 0.401976 -1.930312 3.16
v 0.374345 -2.009159 3.16
v 0.48439 -1.972259 3.16
v 0.452145 -1.863352 3.16
v 0.456899 -1.870369 3.16
v 0.453704 -1.809492 3.16
v 0.371498 -1.79663 3.16
v 0.374345 -1.79407 3.16
v 0.374345 -1.66559 3.16
v 0.37905 -1.789841 3.16
v 0.387338 -1.784968 3.16
v 0.459618 -1.87788 3.16
v 0.460671 -1.88737 3.16
v 0.459459 -1.897605 3.16
v 0.456331 -1.905678 3.16
v 0.451583 -1.912397 3.16
v 0.40151 -1.780121 3.16
v 0.419288 -1.778299 3.16
v 0.453704 -1.784746 3.16
v 0.437159 -1.779885 3.16
v 0.444295 -1.918771 3.16
v 0.438232 -1.922487 3.16
v 0.416793 -1.798991 3.16
v 0.409252 -1.799556 3.16
v 0.388979 -1.818538 3.16
v 0.402438 -1.80136 3.16
v 0.396726 -1.804397 3.16
v 0.389212 -1.821927 3.16
v 0.390222 -1.825884 3.16
v 0.392058 -1.829321 3.16
v 0.394542 -1.832055 3.16
v 0.403523 -1.83767 3.16
v 0.433082 -1.800788 3.16
v 0.419288 -1.844532 3.16
v 0.447491 -1.805959 3.16
v 0.429152 -1.848523 3.16
v 0.446071 -1.857932 3.16
v 0.392882 -1.807794 3.16
v 0.390698 -1.811036 3.16
v 0.38944 -1.814475 3.16
v 0.388806 -1.907722 3.16
v 0.401301 -1.86304 3.16
v 0.386116 -1.85608 3.16
v 0.404472 -1.909517 3.16
v 0.405597 -1.90951 3.16
v 0.418028 -1.870045 3.16
v 0.418656 -1.908046 3.16
v 0.434521 -1.889866 3.16
v 0.434271 -1.886697 3.16
v 0.425229 -1.905641 3.16
v 0.427552 -1.904231 3.16
v 0.430475 -1.901636 3.16
v 0.432698 -1.898348 3.16
v 0.433993 -1.894725 3.16
v 0.433114 -1.882719 3.16
v 0.431145 -1.879342 3.16
v 0.42797 -1.876037 3.16
v 0.202239 -2.009159 3.16
v 0.257398 -1.930312 3.16
v 0.242625 -1.928596 3.16
v 0.693962 -1.536732 3.16
v 0.683944 -1.557765 3.16
v 0.705144 -1.60596 3.16
v 0.627084 -1.399152 3.16
v 0.627084 -1.405791 3.16
v 0.705144 -1.399152 3.16
v 0.64754 -1.413263 3.16
v 0.627084 -1.598987 3.16
v 0.627084 -1.60596 3.16
v 0.647547 -1.591007 3.16
v 0.66883 -1.575755 3.16
v 0.66883 -1.427797 3.16
v 0.676022 -1.434834 3.16
v 0.688607 -1.452571 3.16
v 0.696125 -1.471973 3.16
v 0.699503 -1.499956 3.16
v 0.698891 -1.512923 3.16
v 0.514712 -1.399152 3.16
v 0.59194 -1.400867 3.16
v 0.622995 -1.404297 3.16
v 0.624354 -1.600052 3.16
v 0.589861 -1.604244 3.16
v 0.514712 -1.60596 3.16
v 0.533922 -1.604244 3.16
v 0.533922 -1.400867 3.16
v 3.17 -0.156525 3.16
v 3.17 3.6275 3.16
v 2.75 2.6275 3.16
v 2.75 3.6275 3.16
v 2.194772 1.03325 3.16
v 1.222046 1.03325 3.16
v 0.959833 -0.156525 3.16
v 1.222046 1.449845 3.16
v 1.25 2.6275 3.16
v 1.25 2.6775 3.16
v -1.208579 3.6275 3.16
v -1.208579 2.7275 3.16
v -2.75 3.6275 3.16
v -3.17 3.6275 3.16
v -2.75 2.6275 3.16
v -3.17 -0.156525 3.16
v -1.222046 1.449845 3.16
v -1.25 2.6275 3.16
v -2.194772 1.449845 3.16
v -2.194772 1.03325 3.16
v -1.222046 1.03325 3.16
v -0.181984 -1.559485 3.16
v -0.142771 -1.592664 3.16
v -0.005709 -1.399152 3.16
v -0.005709 -1.60596 3.16
v -0.366558 -1.382398 3.16
v -0.342416 -1.399152 3.16
v -0.310226 -1.421491 3.16
v -0.260159 -1.480196 3.16
v -0.232142 -1.535724 3.16
v -0.225012 -1.538122 3.16
v -0.50688 -1.346299 3.16
v -0.438303 -1.354609 3.16
v -0.63917 -1.377763 3.16
v -0.572081 -1.353593 3.16
v -1.116788 -0.156525 3.16
v -1.116788 -1.399152 3.16
v -0.834228 -1.470458 3.16
v -0.777279 -1.463424 3.16
v -1.116788 -1.60596 3.16
v -0.990996 -1.60596 3.16
v -0.978317 -1.577369 3.16
v -0.943568 -1.532832 3.16
v -0.674542 -1.399152 3.16
v -0.680398 -1.402693 3.16
v -0.714379 -1.431793 3.16
v -0.760651 -1.464328 3.16
v -0.744022 -1.466316 3.16
v -0.93379 -1.523578 3.16
v -0.887794 -1.49125 3.16
v -0.835119 -1.924694 3.16
v -0.853361 -1.919238 3.16
v -1.116788 -1.928596 3.16
v -0.905626 -1.893794 3.16
v -0.950798 -1.855287 3.16
v -0.983835 -1.808111 3.16
v -1.004542 -1.754276 3.16
v -1.116788 -1.66559 3.16
v -1.011529 -1.697674 3.16
v -1.011119 -1.683765 3.16
v -1.007868 -1.66559 3.16
v -1.0014 -1.629421 3.16
v -0.770826 -2.003577 3.16
v -0.799112 -1.982258 3.16
v -1.116788 -2.009159 3.16
v -0.820618 -1.955719 3.16
v -0.833295 -1.928596 3.16
v -0.69775 -2.023021 3.16
v -1.116788 -3.6775 3.16
v -0.662754 -2.018711 3.16
v -0.005709 -3.6775 3.16
v -0.637882 -2.009159 3.16
v -0.703324 -2.022917 3.16
v -0.737464 -2.017594 3.16
v -0.75754 -2.009159 3.16
v -0.562256 -1.928596 3.16
v -0.562385 -1.929142 3.16
v -0.005709 -2.009159 3.16
v -0.579488 -1.961373 3.16
v -0.601703 -1.986284 3.16
v -0.630504 -2.006325 3.16
v -0.095597 -1.67797 3.16
v -0.08899 -1.725148 3.16
v -0.005709 -1.66559 3.16
v -0.377624 -1.843292 3.16
v -0.367702 -1.839373 3.16
v -0.350713 -1.75696 3.16
v -0.142491 -1.862517 3.16
v -0.181846 -1.895829 3.16
v -0.005709 -1.928596 3.16
v -0.589301 -1.781541 3.16
v -0.395539 -1.680322 3.16
v -0.614568 -1.758534 3.16
v -0.645251 -1.742089 3.16
v -0.386516 -1.849594 3.16
v -0.1138 -1.822553 3.16
v -0.179347 -1.713935 3.16
v -0.186136 -1.686162 3.16
v -0.197222 -1.66559 3.16
v -0.916837 -1.66559 3.16
v -0.09563 -1.776778 3.16
v -0.356497 -1.837935 3.16
v -0.35509 -1.838037 3.16
v -0.350752 -1.838997 3.16
v -0.908344 -1.752435 3.16
v -0.891104 -1.781776 3.16
v -0.817684 -1.796717 3.16
v -0.865178 -1.808409 3.16
v -0.833673 -1.827813 3.16
v -0.764208 -1.748846 3.16
v -0.793775 -1.769385 3.16
v -0.920432 -1.694782 3.16
v -0.918707 -1.717043 3.16
v -0.732268 -1.73663 3.16
v -0.69775 -1.732378 3.16
v -0.680155 -1.733422 3.16
v -0.401323 -1.882761 3.16
v -0.400955 -1.877054 3.16
v -0.553151 -1.863963 3.16
v -0.398052 -1.866049 3.16
v -0.392491 -1.856183 3.16
v -0.207988 -1.803072 3.16
v -0.192079 -1.780518 3.16
v -0.182112 -1.754748 3.16
v -0.178641 -1.726594 3.16
v -0.367535 -1.926273 3.16
v -0.3771 -1.922508 3.16
v -0.386478 -1.915841 3.16
v -0.389839 -1.91242 3.16
v -0.396142 -1.903337 3.16
v -0.399951 -1.893531 3.16
v -0.553932 -1.893445 3.16
v -0.553151 -1.878423 3.16
v -0.225966 -1.917416 3.16
v -0.274076 -1.927586 3.16
v -0.359389 -1.927586 3.16
v -0.347821 -1.839381 3.16
v -0.282752 -1.839381 3.16
v -0.25681 -1.834412 3.16
v -0.231294 -1.822595 3.16
v -0.209912 -1.805138 3.16
v -0.302996 -1.613807 3.16
v -0.903736 -1.627536 3.16
v -0.916122 -1.659786 3.16
v -0.291428 -1.613807 3.16
v -0.199581 -1.661212 3.16
v -0.216265 -1.64258 3.16
v -0.238692 -1.626919 3.16
v -0.263929 -1.617199 3.16
v -0.334146 -1.526968 3.16
v -0.366757 -1.488 3.16
v -0.699196 -1.571873 3.16
v -0.370439 -1.484645 3.16
v -0.411067 -1.456454 3.16
v -0.677114 -1.526146 3.16
v -0.888722 -1.60596 3.16
v -0.70954 -1.566219 3.16
v -0.30472 -1.60596 3.16
v -0.31184 -1.573561 3.16
v -0.741964 -1.554375 3.16
v -0.775833 -1.550184 3.16
v -0.790855 -1.550964 3.16
v -0.644685 -1.487399 3.16
v -0.456412 -1.439083 3.16
v -0.605893 -1.459055 3.16
v -0.505434 -1.433059 3.16
v -0.558653 -1.439912 3.16
v -0.826553 -1.559417 3.16
v -0.858784 -1.57652 3.16
v -0.883695 -1.598735 3.16
v -0.133236 -1.60596 3.16
v -0.113265 -1.633806 3.16
v -0.10055 -1.66559 3.16
v 0.374345 -1.399152 3.16
v 0.319055 -1.399152 3.16
v 0.323852 -1.399529 3.16
v 0.345414 -1.405754 3.16
v 0.345414 -1.433204 3.16
v 0.374345 -1.60596 3.16
v 0.345414 -1.57066 3.16
v 0.345414 -1.595822 3.16
v 0.297481 -1.421143 3.16
v 0.287821 -1.421622 3.16
v 0.341944 -1.597551 3.16
v 0.320109 -1.604712 3.16
v 0.307057 -1.60596 3.16
v 0.322519 -1.424132 3.16
v 0.343149 -1.431981 3.16
v 0.270373 -1.425371 3.16
v 0.254555 -1.43315 3.16
v 0.242062 -1.443705 3.16
v 0.240671 -1.445229 3.16
v 0.230844 -1.459366 3.16
v 0.224036 -1.476937 3.16
v 0.220695 -1.504843 3.16
v 0.221034 -1.514103 3.16
v 0.325378 -1.579654 3.16
v 0.30237 -1.583929 3.16
v 0.292906 -1.584281 3.16
v 0.224557 -1.534053 3.16
v 0.231373 -1.550218 3.16
v 0.240658 -1.562862 3.16
v 0.246423 -1.568372 3.16
v 0.275171 -1.582463 3.16
v 0.260198 -1.577352 3.16
v 0.202239 -0.156525 3.16
v 0.297221 -1.397436 3.16
v 0.374345 -0.156525 3.16
v 0.198111 -1.469231 3.16
v 0.202239 -1.459579 3.16
v 0.207771 -1.446641 3.16
v 0.222514 -1.427381 3.16
v 0.22755 -1.422575 3.16
v 0.246591 -1.409245 3.16
v 0.202239 -1.552549 3.16
v 0.197142 -1.539473 3.16
v 0.190048 -1.60596 3.16
v 0.193141 -1.506403 3.16
v 0.193499 -1.495782 3.16
v 0.190048 -1.399152 3.16
v 0.23558 -1.593495 3.16
v 0.219239 -1.579914 3.16
v 0.202239 -1.60596 3.16
v 0.217549 -1.578068 3.16
v 0.205417 -1.560703 3.16
v 0.289111 -1.607675 3.16
v 0.276808 -1.607093 3.16
v 0.27131 -1.60596 3.16
v 0.254771 -1.60255 3.16
v 0.467299 -1.512641 3.16
v 0.412374 -1.512641 3.16
v 0.467299 -1.581057 3.16
v 0.412374 -1.581057 3.16
v 0.467299 -1.399152 3.16
v 0.490876 -1.400867 3.16
v 0.467299 -1.400867 3.16
v 0.485105 -1.512641 3.16
v 0.495503 -1.581057 3.16
v 0.485105 -1.489351 3.16
v 0.490876 -1.424262 3.16
v 0.467299 -1.489351 3.16
v 0.467299 -1.424262 3.16
v 0.412374 -1.424262 3.16
v 0.412374 -1.489351 3.16
v 0.495503 -1.604244 3.16
v 0.467299 -1.60596 3.16
v 0.467299 -1.604244 3.16
v 0.38612 -1.604244 3.16
v 0.38612 -1.400867 3.16
v 0.959833 -1.60596 3.16
v 0.893782 -1.604244 3.16
v 0.864773 -1.604244 3.16
v 0.81632 -1.400867 3.16
v 0.959833 -1.399152 3.16
v 0.769401 -1.399152 3.16
v 0.739794 -1.604244 3.16
v 0.710785 -1.604244 3.16
v 0.769401 -1.548617 3.16
v 0.759341 -1.548617 3.16
v 0.769401 -1.60596 3.16
v 0.769401 -1.450347 3.16
v 0.788247 -1.400867 3.16
v 0.769401 3.6275 3.16
v 0.769401 -0.156525 3.16
v 0.705144 3.6275 3.16
v 0.705144 -0.156525 3.16
v 0.627084 3.6275 3.16
v 0.627084 -0.156525 3.16
v 0.514712 3.6275 3.16
v 0.514712 -0.156525 3.16
v 0.467299 3.6275 3.16
v 0.467299 -0.156525 3.16
v 0.374345 3.6275 3.16
v 0.202239 3.6275 3.16
v 0.190048 3.6275 3.16
v 0.190048 -0.156525 3.16
v -1.25 2.7275 3.16
v 2.194772 1.449845 3.16
v 3.17 -1.399152 3.16
v 3.17 -1.60596 3.16
v 3.17 -1.66559 3.16
v 0.184823 -1.581057 3.16
v 0.184823 -1.604244 3.16
v 0.077572 -1.604244 3.16
v 0.077572 -1.400867 3.16
v 0.103826 -1.400867 3.16
v 0.103826 -1.581057 3.16
v 0.190048 -1.66559 3.16
v 0.994483 -1.926881 3.16
v 0.965473 -1.926881 3.16
v 0.959833 -1.928596 3.16
v 1.119461 -1.926881 3.16
v 1.098718 -1.871254 3.16
v 1.01403 -1.871254 3.16
v 0.959833 -1.66559 3.16
v 1.042935 -1.723504 3.16
v 1.071009 -1.723504 3.16
v 1.148471 -1.926881 3.16
v 3.17 -1.928596 3.16
v 0.84403 -1.548617 3.16
v 0.877684 -1.726934 3.16
v 0.902228 -1.7359 3.16
v 0.943296 -1.775208 3.16
v 0.950813 -1.79461 3.16
v 0.954192 -1.822593 3.16
v 0.95358 -1.83556 3.16
v 0.94865 -1.859369 3.16
v 0.938633 -1.880402 3.16
v 0.923519 -1.898391 3.16
v 0.902236 -1.913644 3.16
v 0.879043 -1.922688 3.16
v 0.844549 -1.926881 3.16
v 0.78861 -1.926881 3.16
v 0.78861 -1.723504 3.16
v 0.846629 -1.723504 3.16
v 0.923519 -1.750434 3.16
v 0.93071 -1.75747 3.16
v 0.190048 -1.928596 3.16
v 0.077572 -1.926881 3.16
v 0.186955 -1.926881 3.16
v 0.186955 -1.903694 3.16
v 0.182328 -1.746899 3.16
v 0.077572 -1.723504 3.16
v 0.182328 -1.723504 3.16
v 0.103826 -1.835278 3.16
v 0.103826 -1.903694 3.16
v 0.176557 -1.835278 3.16
v 0.176557 -1.811988 3.16
v 0.103826 -1.811988 3.16
v 0.103826 -1.746899 3.16
v 0.705144 -2.009159 3.16
v 0.769401 -2.009159 3.16
v 0.959833 -2.009159 3.16
v 3.17 -2.009159 3.16
v 0.190048 -2.009159 3.16
v 0.190048 -3.6775 3.16
v 0.202239 -3.6775 3.16
v 0.374345 -3.6775 3.16
v 0.467299 -3.6775 3.16
v 0.514712 -3.6775 3.16
v 0.627084 -3.6775 3.16
v 0.705144 -3.6775 3.16
v 0.769401 -3.6775 3.16
v 0.959833 -3.6775 3.16
v 3.17 -3.6775 3.16
v -3.17 -1.399152 3.16
v -3.17 -1.60596 3.16
v -3.17 -1.66559 3.16
v -3.17 -1.928596 3.16
v -3.17 -2.009159 3.16
v -3.17 -3.6775 3.16
v 4.47 -0.4875 0.45
v 4.47 -0.7675 0.45
v 4.17 -0.4875 0.45
v 4.17 -0.7675 0.45
v -1.25 2.7275 3.15785
v -1.208579 3.6275 2.86
v 1.208579 3.6275 2.86
v 1.208579 2.6775 2.86
v 1.25 2.6775 2.86
v 1.25 2.6275 2.86
v 2.75 3.6275 2.86
v 3.17 3.6275 2.86
v 2.75 2.6275 2.86
v 3.17 -3.6775 2.86
v -3.17 -3.6775 2.86
v -1.25 2.6275 2.86
v -1.25 2.7275 2.86
v -1.208579 2.7275 2.86
v -2.75 2.6275 2.86
v -3.17 3.6275 2.86
v -2.75 3.6275 2.86
v -3.423617 3.6275 3.135021
v -3.392521 3.6275 2.834928
v -3.667489 3.6275 3.061043
v -3.603884 3.6275 2.760969
v -3.892241 3.6275 2.94091
v -3.60589 3.6275 2.76
v -4.089239 3.6275 2.779239
v -4.108083 3.6275 2.76
v 4.089239 3.6275 2.779239
v 4.108083 3.6275 2.76
v 3.60589 3.6275 2.76
v 3.392521 3.6275 2.834928
v 3.423617 3.6275 3.135021
v 3.603884 3.6275 2.760969
v 3.667489 3.6275 3.061043
v 3.892241 3.6275 2.94091
v -4.17 -1.3875 1.3
v -4.17 -1.8375 1.3
v -4.47 -1.3875 1.3
v -4.47 -1.8375 1.3
v 4.47 -1.4875 1.3
v 4.47 -1.7375 1.3
v 4.17 -1.4875 1.3
v 4.17 -1.7375 1.3
v -4.47 0.1625 1.3
v -4.47 2.1775 1.3
v -4.47 2.164415 1.29914
v -4.469995 2.151618 1.296592
v -4.469978 2.139186 1.292369
v -4.469931 2.1275 1.286603
v -4.469836 2.116643 1.27935
v -4.46967 2.106789 1.270711
v -4.469412 2.098196 1.260916
v -4.469038 2.090897 1.25
v -4.468533 2.08511 1.238264
v -4.467885 2.080907 1.225882
v -4.467088 2.078354 1.213042
v -4.466148 2.0775 1.2
v -4.445021 0.1625 1.046383
v -4.445021 2.0775 1.046383
v -4.371043 2.0775 0.802512
v -4.371043 0.1625 0.802512
v -4.250911 2.0775 0.577759
v -4.250911 0.1625 0.577759
v -4.089239 2.0775 0.380761
v -4.089239 0.1625 0.380761
v -3.892241 2.0775 0.21909
v -3.892241 0.1625 0.21909
v -3.667489 2.0775 0.098957
v -3.667489 0.1625 0.098957
v -3.423617 2.0775 0.024979
v -3.423617 0.1625 0.024979
v -3.17 2.0775 -0.0
v -3.17 0.1625 -0.0
v -4.167249 2.080907 1.225882
v -4.168096 2.085129 1.23831
v -4.17 0.1625 1.3
v -4.166215 2.078359 1.213076
v -4.168749 2.090897 1.25
v -4.169234 2.098149 1.260856
v -4.169571 2.106789 1.270711
v -4.169786 2.116582 1.279303
v -4.16991 2.1275 1.286603
v -4.169971 2.139231 1.292388
v -4.169994 2.151618 1.296592
v -4.17 2.164454 1.299145
v -4.17 2.1775 1.3
v -3.17 0.1625 0.3
v -3.17 2.0775 0.3
v -3.392521 0.1625 0.325072
v -3.392521 2.0775 0.325072
v -3.603884 0.1625 0.399031
v -3.603884 2.0775 0.399031
v -3.79349 0.1625 0.518169
v -3.79349 2.0775 0.518169
v -3.951831 0.1625 0.67651
v -3.951831 2.0775 0.67651
v -4.070969 0.1625 0.866116
v -4.070969 2.0775 0.866116
v -4.144928 0.1625 1.077479
v -4.144928 2.0775 1.077479
v -4.164987 2.0775 1.2
v 3.17 0.1625 -0.0
v 3.17 2.0775 -0.0
v 3.423617 2.0775 0.024979
v 3.423617 0.1625 0.024979
v 3.667489 2.0775 0.098957
v 3.667489 0.1625 0.098957
v 3.892241 2.0775 0.21909
v 3.892241 0.1625 0.21909
v 4.089239 2.0775 0.380761
v 4.089239 0.1625 0.380761
v 4.250911 2.0775 0.577759
v 4.250911 0.1625 0.577759
v 4.371043 2.0775 0.802512
v 4.371043 0.1625 0.802512
v 4.445021 2.0775 1.046383
v 4.445021 0.1625 1.046383
v 4.47 0.0625 1.3
v 4.47 0.075585 1.29914
v 4.47 2.1775 1.3
v 4.469995 0.088382 1.296592
v 4.469978 0.100814 1.292369
v 4.469931 0.1125 1.286603
v 4.469836 0.123357 1.27935
v 4.46967 0.133211 1.270711
v 4.466148 0.1625 1.2
v 4.466148 2.0775 1.2
v 4.467088 0.161646 1.213042
v 4.467091 2.078359 1.21308
v 4.467885 0.159093 1.225882
v 4.467885 2.080907 1.225882
v 4.468533 0.15489 1.238264
v 4.468535 2.08513 1.238311
v 4.469038 0.149103 1.25
v 4.469038 2.090897 1.25
v 4.46941 2.09815 1.260857
v 4.46967 2.106789 1.270711
v 4.469835 2.116582 1.279303
v 4.469931 2.1275 1.286603
v 4.469412 0.141804 1.260916
v 4.47 2.164454 1.299145
v 4.469978 2.139232 1.292388
v 4.469995 2.151618 1.296592
v 4.17 2.1775 1.3
v 4.17 2.164415 1.29914
v 4.17 0.0625 1.3
v 4.169994 2.151618 1.296592
v 4.169971 2.139186 1.292369
v 4.16991 2.1275 1.286603
v 4.169787 2.116642 1.27935
v 4.169571 2.106789 1.270711
v 4.169234 0.141851 1.260856
v 4.169571 0.133211 1.270711
v 4.168749 2.090897 1.25
v 4.169786 0.123418 1.279303
v 4.16991 0.1125 1.286603
v 4.169236 2.098195 1.260916
v 4.17 0.075546 1.299145
v 4.169971 0.100769 1.292388
v 4.169994 0.088382 1.296592
v 3.17 2.0775 0.3
v 3.17 0.1625 0.3
v 3.392521 2.0775 0.325072
v 3.392521 0.1625 0.325072
v 3.603884 2.0775 0.399031
v 3.603884 0.1625 0.399031
v 3.79349 2.0775 0.518169
v 3.79349 0.1625 0.518169
v 3.951831 2.0775 0.67651
v 3.951831 0.1625 0.67651
v 4.070969 2.0775 0.866116
v 4.070969 0.1625 0.866116
v 4.144928 2.0775 1.077479
v 4.144928 0.1625 1.077479
v 4.164987 2.0775 1.2
v 4.164987 0.1625 1.2
v 4.166212 2.078354 1.213039
v 4.166215 0.161641 1.213076
v 4.167249 2.080907 1.225882
v 4.167249 0.159093 1.225882
v 4.168092 2.085109 1.238262
v 4.168096 0.154871 1.23831
v 4.168749 0.149103 1.25
v -4.47 -3.6775 1.86
v -4.17 -3.6775 1.86
v -4.445021 -3.6775 2.113617
v -4.144928 -3.6775 2.082521
v -4.371043 -3.6775 2.357488
v -4.070969 -3.6775 2.293884
v -4.250911 -3.6775 2.582241
v -3.951831 -3.6775 2.48349
v -4.089239 -3.6775 2.779239
v -3.79349 -3.6775 2.641832
v -3.392521 -3.6775 2.834928
v -3.423617 -3.6775 3.135021
v -3.603884 -3.6775 2.760969
v -3.667489 -3.6775 3.061043
v -3.892241 -3.6775 2.94091
v -4.47 2.8275 1.86
v -4.445021 2.8275 2.113617
v -4.371043 2.8275 2.357488
v -4.250911 2.830005 2.582241
v -4.265445 2.8275 2.56
v -4.177282 3.589849 2.681817
v -4.186886 3.570889 2.669903
v -4.152662 3.5775 2.711102
v -4.190248 3.560676 2.665664
v -4.192733 3.549752 2.662507
v -4.128936 3.624993 2.737748
v -4.147863 3.617597 2.716612
v -4.164153 3.605683 2.697651
v -4.194199 3.538748 2.660635
v -4.194695 3.5275 2.66
v -4.194695 2.9275 2.66
v -4.195371 2.914366 2.659134
v -4.197346 2.901618 2.656593
v -4.200647 2.889059 2.652316
v -4.205015 2.8775 2.646602
v -4.210591 2.866463 2.639212
v -4.216902 2.856789 2.630711
v -4.231838 2.840898 2.61
v -4.248529 2.831365 2.585708
v -3.793447 2.871213 2.641779
v -3.78746 2.8775 2.646602
v -3.780195 2.888904 2.652251
v -3.774517 2.901618 2.656593
v -3.771169 2.914279 2.659122
v -3.77 2.9275 2.66
v -3.77 3.5275 2.66
v -3.709666 3.575024 2.70188
v -3.762298 3.560833 2.665719
v -3.756564 3.570889 2.669903
v -3.76914 3.53883 2.660644
v -3.766642 3.549752 2.662507
v -3.748675 3.581068 2.675558
v -3.739752 3.589849 2.681817
v -3.716206 3.605683 2.697651
v -3.685962 3.617597 2.716612
v -3.645926 3.622548 2.738306
v -3.857819 2.830908 2.585882
v -3.831438 2.840898 2.61
v -3.807185 2.856789 2.630711
v -4.17 2.8275 1.86
v -4.144928 2.8275 2.082521
v -4.070969 2.8275 2.293884
v -3.951831 2.8275 2.48349
v -3.884143 2.8275 2.56
v -4.47 -3.6775 1.3
v -4.17 -3.6775 1.3
v -4.47 2.901618 1.663407
v -4.47 2.9275 1.66
v -4.47 2.548211 1.270711
v -4.47 -1.3875 -0.5
v -4.47 -0.7675 0.45
v -4.47 -0.4875 0.45
v -4.47 2.581374 -0.399371
v -4.47 2.5775 -0.351317
v -4.47 3.5775 -0.351317
v -4.47 -0.2875 1.3
v -4.47 3.5775 1.56
v -4.47 2.5775 1.2
v -4.47 2.574092 1.225882
v -4.47 3.574093 1.585882
v -4.47 -0.294315 0.598236
v -4.47 -0.314295 0.55
v -4.47 -0.2875 0.65
v -4.47 -0.872875 -0.921863
v -4.47 -0.904663 -0.954668
v -4.47 -1.031461 -1.0
v -4.47 -0.943066 -0.979405
v -4.47 -0.986079 -0.994783
v -4.47 -1.123539 -1.0
v -4.47 -1.319655 -0.839223
v -4.47 2.592895 -0.446185
v -4.47 3.573626 -0.399371
v -4.47 3.562105 -0.446185
v -4.47 -0.346079 0.508579
v -4.47 -0.3875 0.476795
v -4.47 -0.435736 0.456815
v -4.47 -0.7675 -0.480196
v -4.47 -0.771384 -0.519419
v -4.47 -0.835345 -0.839223
v -4.47 -0.84936 -0.8827
v -4.47 2.564103 1.25
v -4.47 3.4775 1.66
v -4.47 3.503382 1.656593
v -4.47 3.5275 1.646603
v -4.47 2.503382 1.296592
v -4.47 2.840898 1.71
v -4.47 2.5275 1.286603
v -4.47 2.856789 1.689289
v -4.47 2.8775 1.673398
v -4.47 2.4775 1.3
v -4.47 2.830908 1.734118
v -4.47 2.8275 1.76
v -4.47 3.548211 1.630711
v -4.47 3.564103 1.61
v -4.47 -1.168921 -0.994783
v -4.47 -1.211934 -0.979405
v -4.47 -1.30564 -0.8827
v -4.47 -1.250337 -0.954668
v -4.47 -1.282125 -0.921863
v -4.47 3.304999 -0.96333
v -4.47 3.445877 -0.794868
v -4.47 3.365638 -0.919624
v -4.47 3.41359 -0.862283
v -4.47 2.993728 -1.0
v -4.47 3.161272 -1.0
v -4.47 3.235438 -0.990688
v -4.47 2.919562 -0.990688
v -4.47 2.850001 -0.96333
v -4.47 2.789362 -0.919624
v -4.47 2.74141 -0.862283
v -4.47 2.709123 -0.794868
v -4.17 2.8275 1.76
v -4.17 -1.3875 -0.5
v -4.17 -0.7675 -0.480196
v -4.17 -0.294315 0.598236
v -4.17 -0.2875 0.65
v -4.17 -0.4875 0.45
v -4.17 -0.2875 1.3
v -4.17 -0.7675 0.45
v -4.17 -0.3875 0.476795
v -4.17 -0.346079 0.508579
v -4.17 -0.314295 0.55
v -4.17 2.901618 1.663407
v -4.17 2.8775 1.673398
v -4.17 2.548211 1.270711
v -4.17 3.445877 -0.794868
v -4.17 3.562105 -0.446185
v -4.17 3.161272 -1.0
v -4.17 2.503382 1.296592
v -4.17 2.5275 1.286603
v -4.17 2.840898 1.71
v -4.17 2.5775 -0.351317
v -4.17 2.581374 -0.399371
v -4.17 3.5775 -0.351317
v -4.17 2.592895 -0.446185
v -4.17 3.573626 -0.399371
v -4.17 -1.30564 -0.8827
v -4.17 -1.123539 -1.0
v -4.17 -1.319655 -0.839223
v -4.17 -0.835345 -0.839223
v -4.17 -0.771384 -0.519419
v -4.17 -0.435736 0.456815
v -4.17 2.4775 1.3
v -4.17 2.5775 1.2
v -4.17 3.5775 1.56
v -4.17 2.574092 1.225882
v -4.17 3.574093 1.585882
v -4.17 3.564103 1.61
v -4.17 2.830908 1.734118
v -4.17 2.856789 1.689289
v -4.17 3.503382 1.656593
v -4.17 2.564103 1.25
v -4.17 3.4775 1.66
v -4.17 2.9275 1.66
v -4.17 2.789362 -0.919624
v -4.17 2.850001 -0.96333
v -4.17 -1.282125 -0.921863
v -4.17 -1.250337 -0.954668
v -4.17 -1.031461 -1.0
v -4.17 -0.986079 -0.994783
v -4.17 -0.943066 -0.979405
v -4.17 3.548211 1.630711
v -4.17 3.5275 1.646603
v -4.17 2.74141 -0.862283
v -4.17 2.919562 -0.990688
v -4.17 2.993728 -1.0
v -4.17 -1.211934 -0.979405
v -4.17 -1.168921 -0.994783
v -4.17 2.709123 -0.794868
v -4.17 3.304999 -0.96333
v -4.17 3.365638 -0.919624
v -4.17 3.41359 -0.862283
v -4.17 -0.904663 -0.954668
v -4.17 -0.872875 -0.921863
v -4.17 -0.84936 -0.8827
v -4.17 3.235438 -0.990688
v -3.17 -3.6775 -0.0
v -3.17 -3.6775 0.3
v -3.423617 -3.6775 0.024979
v -3.392521 -3.6775 0.325072
v -3.667489 -3.6775 0.098957
v -3.603884 -3.6775 0.399031
v -3.892241 -3.6775 0.21909
v -3.79349 -3.6775 0.518169
v -4.089239 -3.6775 0.380761
v -3.951831 -3.6775 0.67651
v -4.144928 -3.6775 1.077479
v -4.445021 -3.6775 1.046383
v -4.070969 -3.6775 0.866116
v -4.371043 -3.6775 0.802512
v -4.250911 -3.6775 0.577759
v -4.445021 -1.8375 1.046383
v -4.371043 -1.8375 0.802512
v -4.250911 -1.8375 0.577759
v -4.089239 -1.8375 0.380761
v -3.892241 -1.8375 0.21909
v -3.667489 -1.8375 0.098957
v -3.423617 -1.8375 0.024979
v -3.17 -1.8375 -0.0
v -3.17 -1.8375 0.3
v -3.392521 -1.8375 0.325072
v -3.603884 -1.8375 0.399031
v -3.79349 -1.8375 0.518169
v -3.951831 -1.8375 0.67651
v -4.070969 -1.8375 0.866116
v -4.144928 -1.8375 1.077479
v -0.01 -3.6775 -0.0
v -0.01 -3.6775 0.3
v -2.010192 -1.6875 -0.0
v -1.980222 -1.615146 -0.0
v -2.192354 -1.827278 -0.0
v -2.12 -1.797308 -0.0
v -2.057868 -1.749632 -0.0
v -1.97 -1.5375 -0.0
v -1.97 -0.1375 -0.0
v -1.222046 1.03325 -0.0
v -1.980222 -0.059854 -0.0
v -2.010192 0.0125 -0.0
v -2.27 -1.8375 -0.0
v -2.057868 0.074632 -0.0
v -2.12 0.122308 -0.0
v -2.194772 1.03325 -0.0
v -2.192354 0.152278 -0.0
v -0.01 2.0775 -0.0
v -1.222046 1.449845 -0.0
v -2.194772 1.449845 -0.0
v -2.27 0.1625 -0.0
v -2.192354 0.152278 0.3
v -2.12 0.122308 0.3
v -0.01 2.0775 0.3
v -2.057868 0.074632 0.3
v -2.010192 0.0125 0.3
v -2.057868 -1.749632 0.3
v -2.010192 -1.6875 0.3
v -1.980222 -1.615146 0.3
v -1.980222 -0.059854 0.3
v -1.97 -0.1375 0.3
v -1.97 -1.5375 0.3
v -2.27 0.1625 0.3
v -2.12 -1.797308 0.3
v -2.192354 -1.827278 0.3
v -2.27 -1.8375 0.3
v 3.423617 -3.6775 3.135021
v 3.392521 -3.6775 2.834928
v 3.667489 -3.6775 3.061043
v 3.603884 -3.6775 2.760969
v 3.892241 -3.6775 2.94091
v 3.79349 -3.6775 2.641832
v 4.089239 -3.6775 2.779239
v 3.951831 -3.6775 2.48349
v 4.17 -3.6775 1.86
v 4.47 -3.6775 1.86
v 4.144928 -3.6775 2.082521
v 4.445021 -3.6775 2.113617
v 4.070969 -3.6775 2.293884
v 4.371043 -3.6775 2.357488
v 4.250911 -3.6775 2.582241
v 4.231838 2.840898 2.61
v 4.216902 2.856789 2.630711
v 4.210557 2.866521 2.639256
v 4.205015 2.8775 2.646602
v 4.200626 2.889129 2.652345
v 4.197346 2.901618 2.656593
v 4.19538 2.914283 2.659123
v 4.188644 3.565957 2.66769
v 4.184093 3.5775 2.673398
v 4.194695 2.9275 2.66
v 4.17809 3.588585 2.680825
v 4.132246 3.624093 2.734118
v 4.153616 3.614103 2.71
v 4.171139 3.598211 2.689289
v 4.192026 3.553382 2.663408
v 4.194695 3.5275 2.66
v 4.194018 3.540633 2.660866
v 4.371043 2.8275 2.357488
v 4.265445 2.8275 2.56
v 4.250873 2.830425 2.582217
v 4.248469 2.830908 2.585882
v 4.445021 2.8275 2.113617
v 4.47 2.8275 1.86
v 3.807185 2.856789 2.630711
v 3.831438 2.840898 2.61
v 4.17 2.8275 1.86
v 4.144928 2.8275 2.082521
v 4.070969 2.8275 2.293884
v 3.951831 2.8275 2.48349
v 3.884143 2.8275 2.56
v 3.857819 2.830908 2.585882
v 3.72882 3.598211 2.689289
v 3.74089 3.588845 2.681027
v 3.690353 3.5775 2.713952
v 3.751709 3.5775 2.673398
v 3.759454 3.566224 2.667802
v 3.765429 3.553382 2.663408
v 3.768812 3.54081 2.66089
v 3.655714 3.624093 2.734118
v 3.696783 3.614103 2.71
v 3.77 2.9275 2.66
v 3.77 3.5275 2.66
v 3.771169 2.914276 2.659122
v 3.774517 2.901618 2.656593
v 3.780199 2.888896 2.652248
v 3.788032 2.877774 2.646109
v 3.79349 2.870023 2.641832
v 4.17 -3.6775 1.3
v 4.47 -3.6775 1.3
v 4.47 -1.416789 1.270711
v 4.47 -1.400898 1.25
v 4.47 -0.258211 1.270711
v 4.47 -0.2375 1.286603
v 4.47 -1.461618 1.296592
v 4.47 2.840898 1.71
v 4.47 2.830908 1.734118
v 4.47 2.5275 1.286603
v 4.47 2.8275 1.76
v 4.47 2.503382 1.296592
v 4.47 -1.390907 1.225882
v 4.47 -1.3875 1.2
v 4.47 -0.7675 -0.480196
v 4.47 -1.3875 -0.480196
v 4.47 -0.771384 -0.519419
v 4.47 -1.383616 -0.519419
v 4.47 -0.213382 1.296592
v 4.47 3.573626 -0.399371
v 4.47 3.5775 -0.351317
v 4.47 2.74141 -0.862283
v 4.47 2.548211 1.270711
v 4.47 2.564103 1.25
v 4.47 2.8775 1.673398
v 4.47 -1.168921 -0.994783
v 4.47 -1.123539 -1.0
v 4.47 -1.319655 -0.839223
v 4.47 3.445877 -0.794868
v 4.47 3.562105 -0.446185
v 4.47 3.161272 -1.0
v 4.47 2.9275 1.66
v 4.47 2.709123 -0.794868
v 4.47 2.592895 -0.446185
v 4.47 -0.274103 1.25
v 4.47 -1.4375 1.286603
v 4.47 -0.284093 1.225882
v 4.47 -0.2875 1.2
v 4.47 -0.1875 1.3
v 4.47 2.4775 1.3
v 4.47 3.5775 1.56
v 4.47 3.4775 1.66
v 4.47 2.574092 1.225882
v 4.47 2.5775 1.2
v 4.47 2.901618 1.663407
v 4.47 2.5775 -0.351317
v 4.47 2.581374 -0.399371
v 4.47 -0.84936 -0.8827
v 4.47 -0.835345 -0.839223
v 4.47 -1.031461 -1.0
v 4.47 2.856789 1.689289
v 4.47 -1.30564 -0.8827
v 4.47 -1.282125 -0.921863
v 4.47 2.789362 -0.919624
v 4.47 2.850001 -0.96333
v 4.47 2.919562 -0.990688
v 4.47 2.993728 -1.0
v 4.47 -1.250337 -0.954668
v 4.47 -1.211934 -0.979405
v 4.47 -0.986079 -0.994783
v 4.47 -0.943066 -0.979405
v 4.47 -0.904663 -0.954668
v 4.47 -0.872875 -0.921863
v 4.47 3.235438 -0.990688
v 4.47 3.304999 -0.96333
v 4.47 3.564103 1.61
v 4.47 3.548211 1.630711
v 4.47 3.574093 1.585882
v 4.47 3.5275 1.646603
v 4.47 3.503382 1.656593
v 4.47 -0.3875 0.476795
v 4.47 -0.346079 0.508579
v 4.47 -0.2875 0.65
v 4.47 -0.314295 0.55
v 4.47 -0.294315 0.598236
v 4.47 3.365638 -0.919624
v 4.47 3.41359 -0.862283
v 4.47 -0.435736 0.456815
v 4.17 -1.30564 -0.8827
v 4.17 -1.319655 -0.839223
v 4.17 -1.123539 -1.0
v 4.17 2.5775 -0.351317
v 4.17 2.5775 1.2
v 4.17 2.8775 1.673398
v 4.17 2.574092 1.225882
v 4.17 2.5275 1.286603
v 4.17 2.8275 1.76
v 4.17 2.830908 1.734118
v 4.17 -1.400898 1.25
v 4.17 -1.416789 1.270711
v 4.17 -0.2375 1.286603
v 4.17 -1.4375 1.286603
v 4.17 2.592895 -0.446185
v 4.17 2.9275 1.66
v 4.17 2.709123 -0.794868
v 4.17 2.74141 -0.862283
v 4.17 -1.031461 -1.0
v 4.17 2.581374 -0.399371
v 4.17 2.901618 1.663407
v 4.17 3.5775 1.56
v 4.17 3.5775 -0.351317
v 4.17 3.573626 -0.399371
v 4.17 -1.390907 1.225882
v 4.17 -0.258211 1.270711
v 4.17 -0.274103 1.25
v 4.17 3.4775 1.66
v 4.17 3.503382 1.656593
v 4.17 -0.986079 -0.994783
v 4.17 -0.835345 -0.839223
v 4.17 -0.771384 -0.519419
v 4.17 -1.383616 -0.519419
v 4.17 -0.7675 -0.480196
v 4.17 -1.3875 -0.480196
v 4.17 -1.3875 1.2
v 4.17 -1.168921 -0.994783
v 4.17 -1.211934 -0.979405
v 4.17 -1.250337 -0.954668
v 4.17 2.840898 1.71
v 4.17 2.856789 1.689289
v 4.17 2.548211 1.270711
v 4.17 2.564103 1.25
v 4.17 -1.461618 1.296592
v 4.17 -0.84936 -0.8827
v 4.17 -0.872875 -0.921863
v 4.17 -1.282125 -0.921863
v 4.17 2.503382 1.296592
v 4.17 2.4775 1.3
v 4.17 -0.1875 1.3
v 4.17 -0.213382 1.296592
v 4.17 3.445877 -0.794868
v 4.17 3.41359 -0.862283
v 4.17 3.365638 -0.919624
v 4.17 -0.904663 -0.954668
v 4.17 -0.943066 -0.979405
v 4.17 -0.284093 1.225882
v 4.17 -0.2875 1.2
v 4.17 -0.2875 0.65
v 4.17 3.5275 1.646603
v 4.17 3.548211 1.630711
v 4.17 3.574093 1.585882
v 4.17 3.564103 1.61
v 4.17 3.304999 -0.96333
v 4.17 3.235438 -0.990688
v 4.17 3.161272 -1.0
v 4.17 2.993728 -1.0
v 4.17 2.919562 -0.990688
v 4.17 2.850001 -0.96333
v 4.17 3.562105 -0.446185
v 4.17 2.789362 -0.919624
v 4.17 -0.294315 0.598236
v 4.17 -0.314295 0.55
v 4.17 -0.346079 0.508579
v 4.17 -0.3875 0.476795
v 4.17 -0.435736 0.456815
v 4.445021 -3.6775 1.046383
v 4.144928 -3.6775 1.077479
v 4.371043 -3.6775 0.802512
v 4.070969 -3.6775 0.866116
v 4.250911 -3.6775 0.577759
v 3.951831 -3.6775 0.67651
v 4.089239 -3.6775 0.380761
v 3.79349 -3.6775 0.518169
v 3.17 -3.6775 0.3
v 3.17 -3.6775 -0.0
v 3.392521 -3.6775 0.325072
v 3.423617 -3.6775 0.024979
v 3.603884 -3.6775 0.399031
v 3.667489 -3.6775 0.098957
v 3.892241 -3.6775 0.21909
v 4.467885 -1.834092 1.225882
v 4.468535 -1.82987 1.238311
v 4.445021 -1.8375 1.046383
v 4.466148 -1.8375 1.2
v 4.467091 -1.836641 1.21308
v 4.469038 -1.824103 1.25
v 4.46941 -1.81685 1.260857
v 4.46967 -1.808211 1.270711
v 4.469835 -1.798418 1.279303
v 4.469931 -1.7875 1.286603
v 4.469978 -1.775768 1.292388
v 4.469995 -1.763382 1.296592
v 4.47 -1.750547 1.299145
v 4.371043 -1.8375 0.802512
v 4.250911 -1.8375 0.577759
v 4.089239 -1.8375 0.380761
v 3.892241 -1.8375 0.21909
v 3.667489 -1.8375 0.098957
v 3.423617 -1.8375 0.024979
v 3.17 -1.8375 -0.0
v 4.17 -1.750585 1.29914
v 4.169994 -1.763382 1.296592
v 4.169971 -1.775814 1.292369
v 4.16991 -1.7875 1.286603
v 4.169787 -1.798358 1.27935
v 4.169571 -1.808211 1.270711
v 4.169236 -1.816805 1.260916
v 4.168749 -1.824103 1.25
v 4.168092 -1.82989 1.238262
v 4.167249 -1.834092 1.225882
v 3.17 -1.8375 0.3
v 3.392521 -1.8375 0.325072
v 3.603884 -1.8375 0.399031
v 3.79349 -1.8375 0.518169
v 3.951831 -1.8375 0.67651
v 4.070969 -1.8375 0.866116
v 4.144928 -1.8375 1.077479
v 4.164987 -1.8375 1.2
v 4.166212 -1.836646 1.213039
v 0.01 -3.6775 0.3
v 0.01 -3.6775 -0.0
v 1.222046 1.03325 -0.0
v 0.01 2.0775 -0.0
v 2.194772 1.03325 -0.0
v 2.194772 1.449845 -0.0
v 1.222046 1.449845 -0.0
v 2.057868 0.074632 -0.0
v 2.010192 0.0125 -0.0
v 1.980222 -1.615146 -0.0
v 2.010192 -1.6875 -0.0
v 2.057868 -1.749632 -0.0
v 2.27 0.1625 -0.0
v 2.192354 0.152278 -0.0
v 2.12 0.122308 -0.0
v 2.12 -1.797308 -0.0
v 2.192354 -1.827278 -0.0
v 2.27 -1.8375 -0.0
v 1.980222 -0.059854 -0.0
v 1.97 -0.1375 -0.0
v 1.97 -1.5375 -0.0
v 2.192354 -1.827278 0.3
v 2.12 -1.797308 0.3
v 2.057868 -1.749632 0.3
v 2.010192 -1.6875 0.3
v 1.980222 -0.059854 0.3
v 2.010192 0.0125 0.3
v 0.01 2.0775 0.3
v 2.057868 0.074632 0.3
v 2.27 -1.8375 0.3
v 2.12 0.122308 0.3
v 2.192354 0.152278 0.3
v 2.27 0.1625 0.3
v 1.980222 -1.615146 0.3
v 1.97 -1.5375 0.3
v 1.97 -0.1375 0.3
v 1.25 2.6775 3.15785
v -1.279289 2.7275 2.830711
v -1.258579 2.7275 2.846603
v -1.23446 2.7275 2.856593
v -1.491421 2.7275 3.042843
v -1.408579 2.7275 3.10641
v -1.312106 2.7275 3.14637
v -1.279289 3.6275 2.830711
v -1.491421 3.6275 3.042843
v -1.258579 3.6275 2.846603
v -1.408579 3.6275 3.10641
v -1.23446 3.6275 2.856593
v -1.312106 3.6275 3.14637
v -2.01066 3.6275 2.523604
v -1.798528 3.6275 2.311472
v -1.798528 2.7275 2.311472
v -2.01066 2.7275 2.523604
v -2.081371 3.5275 2.452893
v -2.081371 2.8275 2.452893
v -2.078961 2.801618 2.455302
v -2.071898 2.7775 2.462367
v -2.06066 2.756789 2.473604
v -2.046016 2.740897 2.488249
v -2.028961 2.730907 2.505303
v -2.06066 3.598211 2.473604
v -2.046016 3.614103 2.488249
v -2.028961 3.624093 2.505303
v -2.071898 3.5775 2.462367
v -2.078961 3.553382 2.455302
v -1.86683 2.801618 2.24317
v -1.869239 2.8275 2.240761
v -1.816829 2.730907 2.293171
v -1.833883 2.740897 2.276117
v -1.848528 2.756789 2.261472
v -1.859765 2.7775 2.250235
v -1.833883 3.614103 2.276117
v -1.86683 3.553382 2.24317
v -1.848528 3.598211 2.261472
v -1.859765 3.5775 2.250235
v -1.869239 3.5275 2.240761
v -1.816829 3.624093 2.293171
v 1.312106 2.6775 3.14637
v 1.408579 2.6775 3.10641
v 1.279289 2.6775 2.830711
v 1.491421 2.6775 3.042843
v 1.23446 2.6775 2.856593
v 1.258579 2.6775 2.846603
v 1.23446 3.6275 2.856593
v 1.312106 3.6275 3.14637
v 1.258579 3.6275 2.846603
v 1.408579 3.6275 3.10641
v 1.279289 3.6275 2.830711
v 1.491421 3.6275 3.042843
v 1.798528 3.6275 2.311472
v 2.01066 3.6275 2.523604
v 2.01066 2.6775 2.523604
v 1.798528 2.6775 2.311472
v 2.081371 2.7775 2.452893
v 2.081371 3.5275 2.452893
v 2.078961 3.553382 2.455302
v 2.071898 3.5775 2.462367
v 2.06066 3.598211 2.473604
v 2.046016 3.614103 2.488249
v 2.028961 3.624093 2.505303
v 2.06066 2.706789 2.473604
v 2.046016 2.690897 2.488249
v 2.028961 2.680907 2.505303
v 2.071898 2.7275 2.462367
v 2.078961 2.751618 2.455302
v 1.86683 3.553382 2.24317
v 1.869239 3.5275 2.240761
v 1.816829 3.624093 2.293171
v 1.833883 3.614103 2.276117
v 1.848528 3.598211 2.261472
v 1.869239 2.7775 2.240761
v 1.86683 2.751618 2.24317
v 1.859765 3.5775 2.250235
v 1.859765 2.7275 2.250235
v 1.848528 2.706789 2.261472
v 1.816829 2.680907 2.293171
v 1.833883 2.690897 2.276117
v 2.194772 1.449845 3.01
v 2.194772 1.03325 3.01
v 1.222046 1.03325 3.01
v 1.222046 1.449845 3.01
v -2.194772 1.03325 3.01
v -2.194772 1.449845 3.01
v -1.222046 1.449845 3.01
v -1.222046 1.03325 3.01
v 2.194772 1.03325 0.15
v 2.194772 1.449845 0.15
v 1.222046 1.449845 0.15
v 1.222046 1.03325 0.15
v -2.194772 1.449845 0.15
v -2.194772 1.03325 0.15
v -1.222046 1.03325 0.15
v -1.222046 1.449845 0.15
v -0.820618 -1.955719 3.17
v -0.799112 -1.982258 3.17
v -0.833673 -1.827813 3.17
v -0.858784 -1.57652 3.17
v -0.826553 -1.559417 3.17
v -0.834228 -1.470458 3.17
v -0.744022 -1.466316 3.17
v -0.699196 -1.571873 3.17
v -0.677114 -1.526146 3.17
v -0.553151 -1.878423 3.17
v -0.553151 -1.863963 3.17
v -0.675766 -1.828605 3.17
v -0.689395 -1.824338 3.17
v -0.865178 -1.808409 3.17
v -0.853361 -1.919238 3.17
v -0.835119 -1.924694 3.17
v -0.777279 -1.463424 3.17
v -0.654088 -1.846036 3.17
v -0.647335 -1.857657 3.17
v -0.553932 -1.893445 3.17
v -0.350713 -1.75696 3.17
v -0.395539 -1.680322 3.17
v -0.589301 -1.781541 3.17
v -0.699196 -1.823475 3.17
v -0.712904 -1.825178 3.17
v -0.732268 -1.73663 3.17
v -0.725562 -1.830057 3.17
v -0.764208 -1.748846 3.17
v -0.736923 -1.837998 3.17
v -0.793775 -1.769385 3.17
v -0.743865 -1.845461 3.17
v -0.817684 -1.796717 3.17
v -0.75105 -1.857641 3.17
v -0.754957 -1.871364 3.17
v -0.755317 -1.885471 3.17
v -0.645251 -1.742089 3.17
v -0.680155 -1.733422 3.17
v -0.69775 -1.732378 3.17
v -0.663792 -1.836021 3.17
v -0.302996 -1.613807 3.17
v -0.291428 -1.613807 3.17
v -0.232142 -1.535724 3.17
v -0.263929 -1.617199 3.17
v -0.225012 -1.538122 3.17
v -0.238692 -1.626919 3.17
v -0.181984 -1.559485 3.17
v -0.142771 -1.592664 3.17
v -0.714379 -1.431793 3.17
v -0.644685 -1.487399 3.17
v -0.680398 -1.402693 3.17
v -0.605893 -1.459055 3.17
v -0.63917 -1.377763 3.17
v -0.790855 -1.550964 3.17
v -0.775833 -1.550184 3.17
v -0.760651 -1.464328 3.17
v -0.741964 -1.554375 3.17
v -0.70954 -1.566219 3.17
v -0.752311 -1.898894 3.17
v -0.746289 -1.910897 3.17
v -0.614568 -1.758534 3.17
v -0.142491 -1.862517 3.17
v -0.209912 -1.805138 3.17
v -0.181846 -1.895829 3.17
v -0.231294 -1.822595 3.17
v -0.225966 -1.917416 3.17
v -0.25681 -1.834412 3.17
v -0.274076 -1.927586 3.17
v -0.282752 -1.839381 3.17
v -0.359389 -1.927586 3.17
v -0.347821 -1.839381 3.17
v -0.367535 -1.926273 3.17
v -0.216265 -1.64258 3.17
v -0.199581 -1.661212 3.17
v -0.113265 -1.633806 3.17
v -0.186136 -1.686162 3.17
v -0.095597 -1.67797 3.17
v -0.179347 -1.713935 3.17
v -0.08899 -1.725148 3.17
v -0.178641 -1.726594 3.17
v -0.09563 -1.776778 3.17
v -0.182112 -1.754748 3.17
v -0.1138 -1.822553 3.17
v -0.192079 -1.780518 3.17
v -0.207988 -1.803072 3.17
v -0.310226 -1.421491 3.17
v -0.366757 -1.488 3.17
v -0.260159 -1.480196 3.17
v -0.334146 -1.526968 3.17
v -0.31184 -1.573561 3.17
v -0.916122 -1.659786 3.17
v -1.011119 -1.683765 3.17
v -0.920432 -1.694782 3.17
v -1.011529 -1.697674 3.17
v -0.918707 -1.717043 3.17
v -1.004542 -1.754276 3.17
v -0.908344 -1.752435 3.17
v -0.983835 -1.808111 3.17
v -0.891104 -1.781776 3.17
v -0.950798 -1.855287 3.17
v -0.905626 -1.893794 3.17
v -0.572081 -1.353593 3.17
v -0.558653 -1.439912 3.17
v -0.50688 -1.346299 3.17
v -0.505434 -1.433059 3.17
v -0.438303 -1.354609 3.17
v -0.456412 -1.439083 3.17
v -0.366558 -1.382398 3.17
v -0.411067 -1.456454 3.17
v -0.370439 -1.484645 3.17
v -0.887794 -1.49125 3.17
v -0.93379 -1.523578 3.17
v -0.883695 -1.598735 3.17
v -0.943568 -1.532832 3.17
v -0.903736 -1.627536 3.17
v -0.978317 -1.577369 3.17
v -1.0014 -1.629421 3.17
v -0.64352 -1.870813 3.17
v -0.643022 -1.884826 3.17
v -0.562385 -1.929142 3.17
v -0.646097 -1.898801 3.17
v -0.579488 -1.961373 3.17
v -0.652516 -1.91144 3.17
v -0.601703 -1.986284 3.17
v -0.661719 -1.921981 3.17
v -0.630504 -2.006325 3.17
v -0.672788 -1.929715 3.17
v -0.662754 -2.018711 3.17
v -0.685374 -1.934565 3.17
v -0.69775 -2.023021 3.17
v -0.699196 -1.936262 3.17
v -0.703324 -2.022917 3.17
v -0.701666 -1.936208 3.17
v -0.737464 -2.017594 3.17
v -0.714647 -1.93409 3.17
v -0.770826 -2.003577 3.17
v -0.727718 -1.928475 3.17
v -0.73878 -1.919995 3.17
v -0.35509 -1.838037 3.17
v -0.389839 -1.91242 3.17
v -0.386478 -1.915841 3.17
v -0.350752 -1.838997 3.17
v -0.3771 -1.922508 3.17
v -0.401323 -1.882761 3.17
v -0.399951 -1.893531 3.17
v -0.396142 -1.903337 3.17
v -0.367702 -1.839373 3.17
v -0.377624 -1.843292 3.17
v -0.400955 -1.877054 3.17
v -0.386516 -1.849594 3.17
v -0.392491 -1.856183 3.17
v -0.398052 -1.866049 3.17
v -0.356497 -1.837935 3.17
v -0.699196 -1.823475 3.16
v -0.689395 -1.824338 3.16
v -0.675766 -1.828605 3.16
v -0.663792 -1.836021 3.16
v -0.654088 -1.846036 3.16
v -0.647335 -1.857657 3.16
v -0.64352 -1.870813 3.16
v -0.643022 -1.884826 3.16
v -0.646097 -1.898801 3.16
v -0.652516 -1.91144 3.16
v -0.661719 -1.921981 3.16
v -0.672788 -1.929715 3.16
v -0.685374 -1.934565 3.16
v -0.699196 -1.936262 3.16
v -0.701666 -1.936208 3.16
v -0.714647 -1.93409 3.16
v -0.727718 -1.928475 3.16
v -0.73878 -1.919995 3.16
v -0.746289 -1.910897 3.16
v -0.752311 -1.898894 3.16
v -0.755317 -1.885471 3.16
v -0.754957 -1.871364 3.16
v -0.75105 -1.857641 3.16
v -0.743865 -1.845461 3.16
v -0.736923 -1.837998 3.16
v -0.725562 -1.830057 3.16
v -0.712904 -1.825178 3.16
v 0.184823 -1.581057 3.17
v 0.184823 -1.604244 3.17
v 0.103826 -1.581057 3.17
v 0.103826 -1.400867 3.17
v 0.077572 -1.400867 3.17
v 0.077572 -1.604244 3.17
v 0.289111 -1.607675 3.17
v 0.320109 -1.604712 3.17
v 0.341944 -1.597551 3.17
v 0.345414 -1.595822 3.17
v 0.345414 -1.57066 3.17
v 0.325378 -1.579654 3.17
v 0.30237 -1.583929 3.17
v 0.292906 -1.584281 3.17
v 0.275171 -1.582463 3.17
v 0.260198 -1.577352 3.17
v 0.246423 -1.568372 3.17
v 0.240658 -1.562862 3.17
v 0.231373 -1.550218 3.17
v 0.224557 -1.534053 3.17
v 0.221034 -1.514103 3.17
v 0.220695 -1.504843 3.17
v 0.224036 -1.476937 3.17
v 0.230844 -1.459366 3.17
v 0.240671 -1.445229 3.17
v 0.242062 -1.443705 3.17
v 0.254555 -1.43315 3.17
v 0.270373 -1.425371 3.17
v 0.287821 -1.421622 3.17
v 0.297481 -1.421143 3.17
v 0.322519 -1.424132 3.17
v 0.343149 -1.431981 3.17
v 0.345414 -1.433204 3.17
v 0.345414 -1.405754 3.17
v 0.297221 -1.397436 3.17
v 0.323852 -1.399529 3.17
v 0.267848 -1.401001 3.17
v 0.246591 -1.409245 3.17
v 0.22755 -1.422575 3.17
v 0.222514 -1.427381 3.17
v 0.198111 -1.469231 3.17
v 0.207771 -1.446641 3.17
v 0.193499 -1.495782 3.17
v 0.193141 -1.506403 3.17
v 0.205417 -1.560703 3.17
v 0.197142 -1.539473 3.17
v 0.217549 -1.578068 3.17
v 0.219239 -1.579914 3.17
v 0.276808 -1.607093 3.17
v 0.23558 -1.593495 3.17
v 0.254771 -1.60255 3.17
v 0.495503 -1.581057 3.17
v 0.495503 -1.604244 3.17
v 0.412374 -1.581057 3.17
v 0.412374 -1.512641 3.17
v 0.485105 -1.512641 3.17
v 0.485105 -1.489351 3.17
v 0.412374 -1.489351 3.17
v 0.412374 -1.424262 3.17
v 0.490876 -1.424262 3.17
v 0.490876 -1.400867 3.17
v 0.38612 -1.400867 3.17
v 0.38612 -1.604244 3.17
v 0.66883 -1.575755 3.17
v 0.64777 -1.56208 3.17
v 0.647547 -1.591007 3.17
v 0.634648 -1.57119 3.17
v 0.624354 -1.600052 3.17
v 0.617843 -1.577702 3.17
v 0.589861 -1.604244 3.17
v 0.589705 -1.581057 3.17
v 0.533922 -1.604244 3.17
v 0.560176 -1.581057 3.17
v 0.533922 -1.400867 3.17
v 0.560176 -1.424262 3.17
v 0.59194 -1.400867 3.17
v 0.5909 -1.424262 3.17
v 0.59298 -1.424278 3.17
v 0.622995 -1.404297 3.17
v 0.619004 -1.427635 3.17
v 0.64754 -1.413263 3.17
v 0.636311 -1.434332 3.17
v 0.66883 -1.427797 3.17
v 0.649595 -1.443393 3.17
v 0.676022 -1.434834 3.17
v 0.655289 -1.449008 3.17
v 0.688607 -1.452571 3.17
v 0.663166 -1.460414 3.17
v 0.696125 -1.471973 3.17
v 0.668894 -1.475277 3.17
v 0.699503 -1.499956 3.17
v 0.671898 -1.500684 3.17
v 0.698891 -1.512923 3.17
v 0.6711 -1.514662 3.17
v 0.693962 -1.536732 3.17
v 0.666992 -1.533049 3.17
v 0.683944 -1.557765 3.17
v 0.659838 -1.548003 3.17
v 0.650167 -1.559846 3.17
v 0.5909 -1.424262 3.16
v 0.560176 -1.424262 3.16
v 0.560176 -1.581057 3.16
v 0.589705 -1.581057 3.16
v 0.650167 -1.559846 3.16
v 0.64777 -1.56208 3.16
v 0.634648 -1.57119 3.16
v 0.617843 -1.577702 3.16
v 0.671898 -1.500684 3.16
v 0.6711 -1.514662 3.16
v 0.666992 -1.533049 3.16
v 0.659838 -1.548003 3.16
v 0.649595 -1.443393 3.16
v 0.655289 -1.449008 3.16
v 0.663166 -1.460414 3.16
v 0.668894 -1.475277 3.16
v 0.59298 -1.424278 3.16
v 0.619004 -1.427635 3.16
v 0.636311 -1.434332 3.16
v 0.767659 -1.525638 3.17
v 0.759341 -1.548617 3.17
v 0.835919 -1.525638 3.17
v 0.84403 -1.548617 3.17
v 0.798072 -1.441106 3.17
v 0.788247 -1.400867 3.17
v 0.710785 -1.604244 3.17
v 0.739794 -1.604244 3.17
v 0.799833 -1.435036 3.17
v 0.801399 -1.426861 3.17
v 0.81632 -1.400867 3.17
v 0.802023 -1.426861 3.17
v 0.803667 -1.435465 3.17
v 0.805195 -1.441106 3.17
v 0.893782 -1.604244 3.17
v 0.864773 -1.604244 3.17
v 0.767659 -1.525638 3.16
v 0.835919 -1.525638 3.16
v 0.805195 -1.441106 3.16
v 0.802023 -1.426861 3.16
v 0.803667 -1.435465 3.16
v 0.801399 -1.426861 3.16
v 0.798072 -1.441106 3.16
v 0.799833 -1.435036 3.16
v 0.186955 -1.903694 3.17
v 0.186955 -1.926881 3.17
v 0.103826 -1.903694 3.17
v 0.103826 -1.835278 3.17
v 0.176557 -1.835278 3.17
v 0.176557 -1.811988 3.17
v 0.103826 -1.811988 3.17
v 0.103826 -1.746899 3.17
v 0.182328 -1.746899 3.17
v 0.182328 -1.723504 3.17
v 0.077572 -1.723504 3.17
v 0.077572 -1.926881 3.17
v 0.302576 -1.926881 3.17
v 0.32805 -1.926881 3.17
v 0.302576 -1.904422 3.17
v 0.32805 -1.833407 3.17
v 0.268575 -1.858569 3.17
v 0.302576 -1.853994 3.17
v 0.302576 -1.867927 3.17
v 0.3019 -1.904422 3.17
v 0.288464 -1.900681 3.17
v 0.2953 -1.913743 3.17
v 0.281265 -1.905539 3.17
v 0.229993 -1.850502 3.17
v 0.222006 -1.857215 3.17
v 0.240884 -1.871286 3.17
v 0.302551 -1.869617 3.17
v 0.300911 -1.880983 3.17
v 0.297174 -1.890072 3.17
v 0.291658 -1.89756 3.17
v 0.22553 -1.791816 3.17
v 0.22553 -1.816563 3.17
v 0.230827 -1.78875 3.17
v 0.240476 -1.806784 3.17
v 0.249776 -1.781418 3.17
v 0.256362 -1.800932 3.17
v 0.275542 -1.778299 3.17
v 0.27315 -1.798991 3.17
v 0.291362 -1.77978 3.17
v 0.28178 -1.799895 3.17
v 0.301984 -1.7831 3.17
v 0.287689 -1.801959 3.17
v 0.310386 -1.788004 3.17
v 0.292211 -1.804873 3.17
v 0.317126 -1.79458 3.17
v 0.296062 -1.80897 3.17
v 0.322288 -1.802923 3.17
v 0.299056 -1.814216 3.17
v 0.326218 -1.814723 3.17
v 0.301689 -1.823286 3.17
v 0.302576 -1.83455 3.17
v 0.238648 -1.876037 3.17
v 0.216804 -1.86443 3.17
v 0.237391 -1.881871 3.17
v 0.25953 -1.840581 3.17
v 0.246967 -1.865141 3.17
v 0.252809 -1.862276 3.17
v 0.242391 -1.900685 3.17
v 0.223814 -1.918875 3.17
v 0.244557 -1.902862 3.17
v 0.232392 -1.92486 3.17
v 0.249634 -1.906329 3.17
v 0.242159 -1.928542 3.17
v 0.255396 -1.908444 3.17
v 0.257398 -1.930312 3.17
v 0.264001 -1.909413 3.17
v 0.271863 -1.928525 3.17
v 0.273536 -1.908347 3.17
v 0.281968 -1.924549 3.17
v 0.286902 -1.921463 3.17
v 0.243933 -1.867511 3.17
v 0.241168 -1.844987 3.17
v 0.213192 -1.87333 3.17
v 0.211448 -1.88416 3.17
v 0.237175 -1.885914 3.17
v 0.211337 -1.887994 3.17
v 0.237822 -1.891763 3.17
v 0.212608 -1.899613 3.17
v 0.239496 -1.896391 3.17
v 0.2157 -1.908216 3.17
v 0.221002 -1.916029 3.17
v 0.243933 -1.867511 3.16
v 0.246967 -1.865141 3.16
v 0.252809 -1.862276 3.16
v 0.268575 -1.858569 3.16
v 0.237175 -1.885914 3.16
v 0.237391 -1.881871 3.16
v 0.238648 -1.876037 3.16
v 0.240884 -1.871286 3.16
v 0.244557 -1.902862 3.16
v 0.242391 -1.900685 3.16
v 0.239496 -1.896391 3.16
v 0.237822 -1.891763 3.16
v 0.264001 -1.909413 3.16
v 0.255396 -1.908444 3.16
v 0.249634 -1.906329 3.16
v 0.291658 -1.89756 3.16
v 0.288464 -1.900681 3.16
v 0.281265 -1.905539 3.16
v 0.273536 -1.908347 3.16
v 0.302576 -1.867927 3.16
v 0.302551 -1.869617 3.16
v 0.300911 -1.880983 3.16
v 0.297174 -1.890072 3.16
v 0.302576 -1.853994 3.16
v 0.36257 -1.89548 3.17
v 0.37282 -1.90179 3.17
v 0.404472 -1.909517 3.17
v 0.388806 -1.907722 3.17
v 0.36257 -1.921786 3.17
v 0.378056 -1.927501 3.17
v 0.401976 -1.930312 3.17
v 0.424787 -1.927631 3.17
v 0.438232 -1.922487 3.17
v 0.444295 -1.918771 3.17
v 0.451583 -1.912397 3.17
v 0.456331 -1.905678 3.17
v 0.459459 -1.897605 3.17
v 0.460671 -1.88737 3.17
v 0.459618 -1.87788 3.17
v 0.456899 -1.870369 3.17
v 0.452145 -1.863352 3.17
v 0.446071 -1.857932 3.17
v 0.429152 -1.848523 3.17
v 0.419288 -1.844532 3.17
v 0.403523 -1.83767 3.17
v 0.394542 -1.832055 3.17
v 0.392058 -1.829321 3.17
v 0.390222 -1.825884 3.17
v 0.389212 -1.821927 3.17
v 0.388979 -1.818538 3.17
v 0.38944 -1.814475 3.17
v 0.390698 -1.811036 3.17
v 0.392882 -1.807794 3.17
v 0.396726 -1.804397 3.17
v 0.402438 -1.80136 3.17
v 0.409252 -1.799556 3.17
v 0.416793 -1.798991 3.17
v 0.433082 -1.800788 3.17
v 0.447491 -1.805959 3.17
v 0.453704 -1.809492 3.17
v 0.453704 -1.784746 3.17
v 0.437159 -1.779885 3.17
v 0.419288 -1.778299 3.17
v 0.40151 -1.780121 3.17
v 0.387338 -1.784968 3.17
v 0.37905 -1.789841 3.17
v 0.371498 -1.79663 3.17
v 0.366764 -1.803515 3.17
v 0.363731 -1.811717 3.17
v 0.362726 -1.820825 3.17
v 0.363821 -1.830716 3.17
v 0.36663 -1.838495 3.17
v 0.369952 -1.843804 3.17
v 0.401301 -1.86304 3.17
v 0.386116 -1.85608 3.17
v 0.374119 -1.848163 3.17
v 0.418028 -1.870045 3.17
v 0.42797 -1.876037 3.17
v 0.431145 -1.879342 3.17
v 0.433114 -1.882719 3.17
v 0.434271 -1.886697 3.17
v 0.434521 -1.889866 3.17
v 0.433993 -1.894725 3.17
v 0.432698 -1.898348 3.17
v 0.430475 -1.901636 3.17
v 0.427552 -1.904231 3.17
v 0.425229 -1.905641 3.17
v 0.418656 -1.908046 3.17
v 0.405597 -1.90951 3.17
v 0.586949 -1.781627 3.17
v 0.613359 -1.781627 3.17
v 0.547283 -1.891009 3.17
v 0.545333 -1.897781 3.17
v 0.544163 -1.902758 3.17
v 0.543487 -1.902758 3.17
v 0.540368 -1.890801 3.17
v 0.502417 -1.781627 3.17
v 0.473928 -1.781627 3.17
v 0.530906 -1.926569 3.17
v 0.519729 -1.952979 3.17
v 0.514666 -1.962234 3.17
v 0.50992 -1.96751 3.17
v 0.5056 -1.970537 3.17
v 0.500054 -1.972703 3.17
v 0.493631 -1.973462 3.17
v 0.48439 -1.972259 3.17
v 0.479178 -1.970551 3.17
v 0.479178 -1.993217 3.17
v 0.489983 -1.995095 3.17
v 0.495607 -1.995297 3.17
v 0.505898 -1.994113 3.17
v 0.515951 -1.990284 3.17
v 0.524848 -1.984066 3.17
v 0.526585 -1.982474 3.17
v 0.535906 -1.971279 3.17
v 0.547439 -1.94882 3.17
v 0.750191 -1.903694 3.17
v 0.750191 -1.926881 3.17
v 0.667063 -1.903694 3.17
v 0.667063 -1.835278 3.17
v 0.739794 -1.835278 3.17
v 0.739794 -1.811988 3.17
v 0.667063 -1.811988 3.17
v 0.667063 -1.746899 3.17
v 0.745564 -1.746899 3.17
v 0.745564 -1.723504 3.17
v 0.640809 -1.723504 3.17
v 0.640809 -1.926881 3.17
v 0.923519 -1.898391 3.17
v 0.902459 -1.884717 3.17
v 0.902236 -1.913644 3.17
v 0.889337 -1.893827 3.17
v 0.879043 -1.922688 3.17
v 0.872532 -1.900338 3.17
v 0.844549 -1.926881 3.17
v 0.844393 -1.903694 3.17
v 0.78861 -1.926881 3.17
v 0.814864 -1.903694 3.17
v 0.78861 -1.723504 3.17
v 0.814864 -1.746899 3.17
v 0.846629 -1.723504 3.17
v 0.845589 -1.746899 3.17
v 0.847668 -1.746915 3.17
v 0.877684 -1.726934 3.17
v 0.873692 -1.750272 3.17
v 0.902228 -1.7359 3.17
v 0.891 -1.756968 3.17
v 0.923519 -1.750434 3.17
v 0.904283 -1.76603 3.17
v 0.93071 -1.75747 3.17
v 0.909977 -1.771645 3.17
v 0.943296 -1.775208 3.17
v 0.917855 -1.783051 3.17
v 0.950813 -1.79461 3.17
v 0.923582 -1.797914 3.17
v 0.954192 -1.822593 3.17
v 0.926586 -1.823321 3.17
v 0.95358 -1.83556 3.17
v 0.925788 -1.837299 3.17
v 0.94865 -1.859369 3.17
v 0.921681 -1.855686 3.17
v 0.938633 -1.880402 3.17
v 0.914527 -1.87064 3.17
v 0.904855 -1.882483 3.17
v 0.845589 -1.746899 3.16
v 0.814864 -1.746899 3.16
v 0.814864 -1.903694 3.16
v 0.844393 -1.903694 3.16
v 0.904855 -1.882483 3.16
v 0.902459 -1.884717 3.16
v 0.889337 -1.893827 3.16
v 0.872532 -1.900338 3.16
v 0.926586 -1.823321 3.16
v 0.925788 -1.837299 3.16
v 0.921681 -1.855686 3.16
v 0.914527 -1.87064 3.16
v 0.904283 -1.76603 3.16
v 0.909977 -1.771645 3.16
v 0.917855 -1.783051 3.16
v 0.923582 -1.797914 3.16
v 0.847668 -1.746915 3.16
v 0.873692 -1.750272 3.16
v 0.891 -1.756968 3.16
v 1.022348 -1.848275 3.17
v 1.01403 -1.871254 3.17
v 1.090608 -1.848275 3.17
v 1.098718 -1.871254 3.17
v 1.052761 -1.763743 3.17
v 1.042935 -1.723504 3.17
v 0.965473 -1.926881 3.17
v 0.994483 -1.926881 3.17
v 1.054522 -1.757673 3.17
v 1.056088 -1.749498 3.17
v 1.071009 -1.723504 3.17
v 1.056712 -1.749498 3.17
v 1.058356 -1.758102 3.17
v 1.059883 -1.763743 3.17
v 1.148471 -1.926881 3.17
v 1.119461 -1.926881 3.17
v 1.022348 -1.848275 3.16
v 1.090608 -1.848275 3.16
v 1.059883 -1.763743 3.16
v 1.056712 -1.749498 3.16
v 1.058356 -1.758102 3.16
v 1.056088 -1.749498 3.16
v 1.052761 -1.763743 3.16
v 1.054522 -1.757673 3.16
usemtl 1
f 1// 2// 3//
f 1// 3// 4//
f 5// 6// 7//
f 8// 9// 10//
f 11// 12// 6//
f 13// 14// 15//
f 15// 14// 16//
f 5// 7// 17//
f 18// 19// 20//
f 21// 22// 23//
f 24// 25// 26//
f 7// 27// 17//
f 17// 27// 28//
f 17// 28// 3//
f 3// 28// 29//
f 3// 29// 4//
f 30// 31// 6//
f 32// 33// 6//
f 34// 6// 35//
f 35// 6// 12//
f 35// 12// 36//
f 36// 12// 37//
f 38// 15// 6//
f 6// 15// 16//
f 6// 16// 39//
f 39// 16// 40//
f 26// 41// 24//
f 24// 41// 42//
f 24// 42// 40//
f 40// 42// 43//
f 40// 43// 39//
f 44// 45// 5//
f 5// 45// 46//
f 5// 46// 6//
f 6// 46// 18//
f 6// 18// 30//
f 30// 18// 20//
f 47// 48// 31//
f 31// 48// 49//
f 31// 49// 6//
f 6// 49// 50//
f 51// 52// 53//
f 54// 55// 56//
f 23// 32// 21//
f 21// 32// 6//
f 21// 6// 57//
f 57// 6// 50//
f 57// 50// 58//
f 58// 50// 59//
f 60// 61// 6//
f 62// 63// 34//
f 34// 63// 64//
f 34// 64// 6//
f 6// 64// 65//
f 53// 60// 51//
f 51// 60// 6//
f 51// 6// 66//
f 66// 6// 33//
f 66// 33// 67//
f 67// 33// 68//
f 56// 38// 54//
f 54// 38// 6//
f 54// 6// 69//
f 69// 6// 65//
f 69// 65// 70//
f 70// 65// 71//
f 10// 11// 8//
f 8// 11// 6//
f 8// 6// 72//
f 72// 6// 61//
f 72// 61// 73//
f 73// 61// 74//
f 75// 45// 76//
f 76// 45// 44//
f 77// 20// 78//
f 78// 20// 19//
f 79// 48// 80//
f 80// 48// 47//
f 81// 58// 82//
f 82// 58// 59//
f 83// 23// 84//
f 84// 23// 22//
f 85// 53// 86//
f 86// 53// 52//
f 87// 73// 88//
f 88// 73// 74//
f 89// 36// 90//
f 90// 36// 37//
f 91// 63// 92//
f 92// 63// 62//
f 93// 70// 94//
f 94// 70// 71//
f 95// 56// 96//
f 96// 56// 55//
f 97// 14// 98//
f 98// 14// 13//
f 10// 9// 99//
f 99// 9// 100//
f 67// 68// 101//
f 101// 68// 102//
f 103// 25// 104//
f 104// 25// 24//
f 105// 106// 107//
f 107// 106// 108//
f 109// 110// 111//
f 111// 110// 112//
f 113// 114// 115//
f 115// 114// 116//
f 117// 118// 119//
f 119// 118// 120//
f 121// 122// 123//
f 123// 122// 124//
f 125// 126// 127//
f 127// 126// 128//
f 129// 130// 131//
f 131// 130// 132//
f 133// 134// 135//
f 135// 134// 136//
f 137// 138// 139//
f 139// 138// 140//
f 141// 142// 143//
f 144// 145// 146//
f 141// 143// 147//
f 148// 149// 150//
f 151// 136// 134//
f 150// 149// 143//
f 143// 149// 152//
f 143// 152// 147//
f 153// 114// 113//
f 154// 155// 156//
f 156// 155// 157//
f 158// 159// 160//
f 110// 109// 161//
f 161// 109// 162//
f 108// 106// 163//
f 164// 161// 160//
f 160// 161// 162//
f 160// 162// 165//
f 165// 162// 166//
f 163// 167// 108//
f 108// 167// 168//
f 108// 168// 166//
f 166// 168// 169//
f 166// 169// 165//
f 148// 150// 170//
f 170// 150// 156//
f 170// 156// 160//
f 160// 156// 157//
f 160// 157// 171//
f 172// 173// 160//
f 174// 175// 159//
f 159// 175// 176//
f 159// 176// 160//
f 160// 176// 177//
f 134// 172// 151//
f 151// 172// 160//
f 151// 160// 178//
f 178// 160// 177//
f 178// 177// 137//
f 137// 177// 138//
f 179// 130// 129//
f 180// 181// 171//
f 171// 181// 182//
f 171// 182// 160//
f 160// 182// 144//
f 160// 144// 158//
f 158// 144// 146//
f 183// 184// 160//
f 129// 183// 179//
f 179// 183// 160//
f 179// 160// 185//
f 185// 160// 173//
f 185// 173// 186//
f 186// 173// 187//
f 188// 189// 160//
f 190// 191// 192//
f 192// 188// 190//
f 190// 188// 160//
f 190// 160// 193//
f 193// 160// 184//
f 193// 184// 126//
f 126// 184// 128//
f 122// 121// 189//
f 189// 121// 194//
f 189// 194// 160//
f 160// 194// 195//
f 113// 164// 153//
f 153// 164// 160//
f 153// 160// 196//
f 196// 160// 195//
f 196// 195// 117//
f 117// 195// 118//
f 175// 174// 197//
f 197// 174// 198//
f 146// 145// 199//
f 199// 145// 200//
f 181// 180// 201//
f 201// 180// 202//
f 186// 187// 203//
f 203// 187// 204//
f 192// 191// 205//
f 205// 191// 206//
f 155// 154// 207//
f 207// 154// 208//
f 209// 210// 142//
f 142// 210// 211//
f 142// 211// 25//
f 25// 211// 212//
f 213// 214// 106//
f 213// 106// 215//
f 215// 106// 2//
f 215// 2// 216//
f 217// 218// 219//
f 220// 221// 222//
f 219// 218// 223//
f 223// 218// 224//
f 223// 224// 225//
f 225// 224// 226//
f 225// 226// 227//
f 227// 226// 228//
f 227// 228// 229//
f 229// 228// 230//
f 229// 230// 231//
f 220// 222// 232//
f 231// 230// 233//
f 233// 230// 234//
f 233// 234// 235//
f 235// 234// 236//
f 235// 236// 237//
f 237// 236// 238//
f 237// 238// 222//
f 222// 238// 239//
f 222// 239// 232//
f 240// 241// 242//
f 242// 241// 243//
f 242// 243// 244//
f 244// 243// 245//
f 244// 245// 246//
f 246// 245// 247//
f 246// 247// 248//
f 247// 249// 248//
f 248// 249// 250//
f 248// 250// 251//
f 251// 250// 252//
f 251// 252// 253//
f 253// 252// 254//
f 253// 254// 255//
f 255// 254// 256//
f 255// 256// 257//
f 257// 256// 258//
f 257// 258// 259//
f 221// 260// 222//
f 222// 260// 261//
f 222// 261// 262//
f 219// 263// 217//
f 217// 263// 264//
f 217// 264// 265//
f 265// 264// 266//
f 265// 266// 267//
f 267// 266// 268//
f 267// 268// 269//
f 269// 268// 270//
f 269// 270// 271//
f 271// 270// 272//
f 271// 272// 273//
f 273// 272// 241//
f 273// 241// 274//
f 274// 241// 240//
f 275// 276// 277//
f 277// 276// 222//
f 277// 222// 278//
f 278// 222// 262//
f 275// 279// 276//
f 276// 279// 280//
f 276// 280// 281//
f 281// 282// 276//
f 276// 282// 283//
f 276// 283// 284//
f 258// 285// 259//
f 259// 285// 286//
f 259// 286// 287//
f 287// 286// 288//
f 287// 288// 289//
f 289// 288// 290//
f 289// 290// 291//
f 291// 290// 292//
f 291// 292// 293//
f 293// 292// 276//
f 293// 276// 294//
f 294// 276// 284//
f 295// 296// 297//
f 298// 299// 300//
f 300// 299// 301//
f 300// 301// 302//
f 303// 304// 305//
f 305// 304// 306//
f 305// 306// 307//
f 298// 308// 299//
f 299// 308// 309//
f 299// 309// 310//
f 311// 312// 303//
f 303// 312// 313//
f 303// 313// 304//
f 310// 314// 299//
f 299// 314// 315//
f 299// 315// 303//
f 303// 315// 316//
f 303// 316// 311//
f 317// 318// 319//
f 318// 320// 319//
f 319// 320// 321//
f 319// 321// 322//
f 323// 324// 325//
f 325// 324// 326//
f 326// 327// 325//
f 325// 327// 328//
f 325// 328// 301//
f 301// 328// 329//
f 301// 329// 302//
f 330// 331// 332//
f 332// 331// 333//
f 334// 335// 330//
f 330// 335// 336//
f 330// 336// 337//
f 337// 336// 338//
f 337// 338// 339//
f 339// 338// 340//
f 339// 340// 341//
f 341// 340// 342//
f 341// 342// 333//
f 333// 342// 343//
f 333// 343// 332//
f 299// 294// 301//
f 301// 294// 284//
f 301// 284// 325//
f 325// 284// 283//
f 325// 283// 344//
f 344// 283// 282//
f 344// 282// 345//
f 345// 282// 281//
f 345// 281// 346//
f 346// 281// 280//
f 346// 280// 347//
f 347// 280// 279//
f 347// 279// 348//
f 220// 349// 221//
f 221// 349// 350//
f 221// 350// 260//
f 260// 350// 351//
f 260// 351// 261//
f 261// 351// 352//
f 261// 352// 262//
f 262// 352// 353//
f 262// 353// 278//
f 278// 353// 354//
f 278// 354// 277//
f 277// 354// 355//
f 277// 355// 275//
f 322// 323// 319//
f 319// 323// 325//
f 319// 325// 356//
f 356// 325// 344//
f 356// 344// 357//
f 357// 344// 345//
f 357// 345// 358//
f 358// 345// 346//
f 358// 346// 359//
f 359// 346// 347//
f 359// 347// 360//
f 360// 347// 348//
f 360// 348// 361//
f 362// 349// 363//
f 363// 349// 364//
f 365// 366// 350//
f 350// 366// 367//
f 350// 367// 368//
f 369// 370// 332//
f 332// 370// 371//
f 371// 372// 332//
f 332// 372// 373//
f 332// 373// 349//
f 349// 373// 374//
f 349// 374// 364//
f 362// 375// 349//
f 349// 375// 376//
f 349// 376// 350//
f 350// 376// 377//
f 350// 377// 365//
f 378// 379// 343//
f 379// 380// 343//
f 343// 380// 381//
f 343// 381// 382//
f 382// 383// 343//
f 343// 383// 384//
f 343// 384// 332//
f 332// 384// 385//
f 332// 385// 369//
f 368// 378// 350//
f 350// 378// 343//
f 350// 343// 351//
f 351// 343// 386//
f 351// 386// 352//
f 352// 386// 387//
f 352// 387// 353//
f 353// 387// 388//
f 353// 388// 354//
f 354// 388// 389//
f 354// 389// 355//
f 330// 332// 334//
f 334// 332// 349//
f 334// 349// 390//
f 390// 349// 220//
f 390// 220// 232//
f 391// 392// 393//
f 392// 394// 393//
f 393// 394// 395//
f 393// 395// 396//
f 396// 395// 303//
f 396// 303// 397//
f 397// 303// 305//
f 397// 305// 398//
f 393// 398// 391//
f 391// 398// 305//
f 391// 305// 399//
f 356// 400// 319//
f 319// 400// 401//
f 319// 401// 402//
f 403// 404// 402//
f 402// 404// 399//
f 402// 399// 319//
f 319// 399// 305//
f 319// 305// 317//
f 317// 305// 307//
f 356// 405// 406//
f 405// 356// 407//
f 407// 356// 357//
f 407// 357// 408//
f 408// 357// 409//
f 408// 409// 406//
f 406// 409// 404//
f 406// 404// 356//
f 356// 404// 403//
f 356// 403// 400//
f 410// 357// 411//
f 411// 357// 358//
f 411// 358// 412//
f 412// 358// 413//
f 412// 413// 414//
f 414// 413// 409//
f 414// 409// 410//
f 410// 409// 357//
f 415// 358// 416//
f 416// 358// 359//
f 416// 359// 417//
f 417// 359// 418//
f 417// 418// 419//
f 419// 418// 413//
f 419// 413// 415//
f 415// 413// 358//
f 420// 359// 421//
f 421// 359// 360//
f 421// 360// 422//
f 422// 360// 423//
f 422// 423// 424//
f 424// 423// 418//
f 424// 418// 420//
f 420// 418// 359//
f 425// 360// 426//
f 426// 360// 361//
f 426// 361// 427//
f 427// 361// 428//
f 427// 428// 429//
f 429// 428// 423//
f 429// 423// 425//
f 425// 423// 360//
f 430// 431// 361//
f 297// 296// 389//
f 389// 296// 432//
f 389// 432// 433//
f 361// 431// 428//
f 428// 431// 434//
f 428// 434// 435//
f 297// 428// 295//
f 295// 428// 435//
f 295// 435// 433//
f 433// 435// 430//
f 433// 430// 389//
f 389// 430// 361//
f 389// 361// 355//
f 355// 361// 348//
f 355// 348// 275//
f 275// 348// 279//
f 436// 297// 437//
f 437// 297// 389//
f 437// 389// 438//
f 438// 389// 388//
f 438// 388// 439//
f 439// 388// 440//
f 439// 440// 436//
f 436// 440// 297//
f 441// 440// 442//
f 442// 440// 388//
f 442// 388// 443//
f 443// 388// 387//
f 443// 387// 444//
f 444// 387// 445//
f 444// 445// 441//
f 441// 445// 440//
f 446// 447// 448//
f 448// 447// 445//
f 448// 445// 449//
f 449// 445// 387//
f 449// 387// 450//
f 450// 387// 386//
f 386// 451// 452//
f 451// 386// 453//
f 453// 386// 343//
f 453// 343// 454//
f 454// 343// 342//
f 454// 342// 452//
f 452// 342// 447//
f 452// 447// 386//
f 386// 447// 446//
f 386// 446// 450//
f 303// 395// 455//
f 303// 455// 299//
f 299// 455// 293//
f 299// 293// 294//
f 394// 392// 456//
f 456// 392// 457//
f 456// 457// 455//
f 455// 457// 293//
f 293// 457// 458//
f 293// 458// 291//
f 291// 458// 459//
f 291// 459// 289//
f 289// 459// 460//
f 289// 460// 287//
f 287// 460// 461//
f 287// 461// 259//
f 259// 461// 462//
f 259// 462// 257//
f 257// 462// 463//
f 257// 463// 255//
f 463// 464// 465//
f 466// 253// 465//
f 465// 253// 255//
f 465// 255// 463//
f 467// 468// 469//
f 470// 467// 242//
f 242// 244// 470//
f 470// 244// 246//
f 470// 246// 471//
f 471// 246// 248//
f 471// 248// 472//
f 472// 248// 251//
f 472// 251// 473//
f 473// 251// 253//
f 473// 253// 466//
f 467// 469// 242//
f 242// 469// 474//
f 242// 474// 240//
f 240// 474// 475//
f 240// 475// 274//
f 475// 476// 274//
f 274// 476// 477//
f 274// 477// 273//
f 273// 477// 478//
f 479// 480// 481//
f 481// 480// 273//
f 481// 273// 482//
f 482// 273// 478//
f 482// 478// 483//
f 483// 478// 484//
f 485// 224// 218//
f 485// 218// 486//
f 486// 218// 217//
f 486// 217// 487//
f 487// 217// 265//
f 487// 265// 488//
f 488// 265// 267//
f 488// 267// 489//
f 490// 491// 492//
f 489// 267// 492//
f 492// 267// 269//
f 492// 269// 490//
f 490// 269// 271//
f 490// 271// 493//
f 493// 271// 273//
f 493// 273// 480//
f 494// 495// 496//
f 496// 495// 226//
f 496// 226// 485//
f 485// 226// 224//
f 390// 232// 239//
f 338// 336// 497//
f 497// 336// 498//
f 497// 498// 499//
f 499// 335// 334//
f 334// 390// 499//
f 499// 390// 239//
f 499// 239// 497//
f 497// 239// 238//
f 497// 238// 500//
f 500// 238// 236//
f 500// 236// 501//
f 501// 236// 234//
f 501// 234// 502//
f 502// 234// 230//
f 502// 230// 503//
f 503// 230// 228//
f 503// 228// 504//
f 504// 228// 226//
f 504// 226// 495//
f 505// 506// 468//
f 468// 506// 464//
f 507// 476// 475//
f 462// 461// 507//
f 503// 504// 508//
f 509// 510// 494//
f 494// 510// 491//
f 494// 491// 490//
f 483// 484// 511//
f 475// 474// 464//
f 464// 474// 469//
f 464// 469// 468//
f 475// 464// 507//
f 507// 464// 463//
f 507// 463// 462//
f 504// 495// 508//
f 508// 495// 494//
f 508// 494// 479//
f 490// 493// 494//
f 494// 493// 480//
f 494// 480// 479//
f 483// 511// 512//
f 507// 391// 399//
f 445// 508// 440//
f 440// 508// 512//
f 440// 512// 297//
f 461// 460// 507//
f 507// 460// 459//
f 507// 459// 458//
f 458// 457// 507//
f 507// 457// 392//
f 507// 392// 391//
f 445// 447// 508//
f 508// 447// 342//
f 508// 342// 340//
f 399// 404// 507//
f 507// 404// 409//
f 507// 409// 511//
f 511// 409// 413//
f 413// 418// 511//
f 511// 418// 423//
f 511// 423// 512//
f 512// 423// 428//
f 512// 428// 297//
f 340// 338// 508//
f 508// 338// 497//
f 508// 497// 500//
f 500// 501// 508//
f 508// 501// 502//
f 508// 502// 503//
f 481// 513// 479//
f 479// 513// 508//
f 513// 514// 508//
f 508// 514// 512//
f 514// 482// 512//
f 512// 482// 483//
f 482// 514// 481//
f 481// 514// 513//
f 515// 477// 507//
f 507// 477// 476//
f 478// 516// 484//
f 484// 516// 511//
f 516// 515// 511//
f 511// 515// 507//
f 516// 478// 515//
f 515// 478// 477//
f 464// 506// 465//
f 465// 506// 517//
f 518// 517// 505//
f 505// 517// 506//
f 467// 518// 468//
f 468// 518// 505//
f 471// 518// 470//
f 470// 518// 467//
f 471// 472// 518//
f 518// 472// 473//
f 518// 473// 517//
f 517// 473// 466//
f 517// 466// 465//
f 519// 509// 496//
f 496// 509// 494//
f 491// 510// 492//
f 492// 510// 520//
f 519// 520// 509//
f 509// 520// 510//
f 519// 496// 485//
f 519// 485// 520//
f 520// 485// 486//
f 520// 486// 487//
f 487// 488// 520//
f 520// 488// 489//
f 520// 489// 492//
f 521// 306// 522//
f 522// 306// 304//
f 522// 304// 523//
f 523// 304// 313//
f 523// 313// 524//
f 524// 313// 312//
f 524// 312// 525//
f 525// 312// 311//
f 525// 311// 526//
f 526// 311// 316//
f 526// 316// 527//
f 527// 316// 315//
f 527// 315// 528//
f 528// 315// 314//
f 528// 314// 529//
f 529// 314// 310//
f 529// 310// 530//
f 530// 310// 309//
f 530// 309// 531//
f 531// 309// 308//
f 531// 308// 532//
f 532// 308// 298//
f 532// 298// 533//
f 533// 298// 300//
f 533// 300// 534//
f 534// 300// 302//
f 534// 302// 535//
f 535// 302// 329//
f 535// 329// 536//
f 329// 328// 536//
f 536// 328// 327//
f 536// 327// 537//
f 537// 327// 326//
f 537// 326// 538//
f 538// 326// 324//
f 538// 324// 539//
f 539// 324// 323//
f 539// 323// 540//
f 540// 323// 322//
f 540// 322// 541//
f 541// 322// 321//
f 541// 321// 542//
f 542// 321// 320//
f 542// 320// 543//
f 543// 320// 318//
f 543// 318// 544//
f 544// 318// 317//
f 544// 317// 521//
f 521// 317// 307//
f 521// 307// 306//
f 545// 546// 547//
f 547// 546// 548//
f 547// 548// 549//
f 550// 551// 547//
f 547// 551// 552//
f 547// 552// 545//
f 553// 554// 547//
f 547// 554// 555//
f 547// 555// 550//
f 556// 557// 547//
f 547// 557// 558//
f 547// 558// 553//
f 559// 560// 547//
f 547// 560// 561//
f 547// 561// 556//
f 562// 563// 547//
f 547// 563// 564//
f 547// 564// 559//
f 565// 566// 547//
f 547// 566// 567//
f 547// 567// 562//
f 549// 568// 547//
f 547// 568// 569//
f 547// 569// 565//
f 378// 570// 379//
f 379// 570// 571//
f 379// 571// 380//
f 380// 571// 572//
f 380// 572// 381//
f 381// 572// 573//
f 381// 573// 382//
f 382// 573// 574//
f 382// 574// 383//
f 383// 574// 575//
f 383// 575// 384//
f 384// 575// 576//
f 384// 576// 385//
f 385// 576// 577//
f 385// 577// 369//
f 369// 577// 578//
f 369// 578// 370//
f 370// 578// 579//
f 370// 579// 371//
f 371// 579// 580//
f 371// 580// 372//
f 372// 580// 581//
f 372// 581// 373//
f 373// 581// 582//
f 373// 582// 374//
f 374// 582// 583//
f 374// 583// 364//
f 364// 583// 584//
f 364// 584// 363//
f 363// 584// 585//
f 363// 585// 362//
f 362// 585// 586//
f 362// 586// 375//
f 375// 586// 587//
f 375// 587// 376//
f 376// 587// 588//
f 376// 588// 377//
f 377// 588// 589//
f 377// 589// 365//
f 365// 589// 590//
f 365// 590// 366//
f 366// 590// 591//
f 366// 591// 367//
f 367// 591// 592//
f 367// 592// 368//
f 368// 592// 593//
f 368// 593// 378//
f 378// 593// 570//
f 594// 595// 596//
f 596// 595// 597//
f 596// 597// 598//
f 599// 600// 596//
f 596// 600// 601//
f 596// 601// 594//
f 602// 603// 596//
f 596// 603// 604//
f 596// 604// 599//
f 605// 606// 596//
f 596// 606// 607//
f 596// 607// 602//
f 608// 609// 596//
f 596// 609// 610//
f 596// 610// 605//
f 611// 612// 596//
f 596// 612// 613//
f 596// 613// 608//
f 614// 615// 596//
f 596// 615// 616//
f 596// 616// 611//
f 598// 617// 596//
f 596// 617// 618//
f 596// 618// 614//
f 528// 560// 527//
f 527// 560// 559//
f 527// 559// 526//
f 526// 559// 564//
f 526// 564// 525//
f 525// 564// 563//
f 525// 563// 524//
f 524// 563// 562//
f 524// 562// 523//
f 523// 562// 567//
f 523// 567// 522//
f 522// 567// 566//
f 522// 566// 521//
f 521// 566// 565//
f 521// 565// 544//
f 544// 565// 569//
f 544// 569// 543//
f 543// 569// 568//
f 543// 568// 542//
f 542// 568// 549//
f 542// 549// 541//
f 541// 549// 548//
f 541// 548// 540//
f 540// 548// 546//
f 540// 546// 539//
f 539// 546// 545//
f 539// 545// 538//
f 538// 545// 552//
f 538// 552// 537//
f 537// 552// 551//
f 537// 551// 536//
f 536// 551// 550//
f 536// 550// 535//
f 535// 550// 555//
f 535// 555// 534//
f 534// 555// 554//
f 534// 554// 533//
f 533// 554// 553//
f 533// 553// 532//
f 532// 553// 558//
f 532// 558// 531//
f 531// 558// 557//
f 531// 557// 530//
f 530// 557// 556//
f 530// 556// 529//
f 529// 556// 561//
f 529// 561// 528//
f 528// 561// 560//
f 593// 595// 570//
f 570// 595// 594//
f 570// 594// 571//
f 571// 594// 601//
f 571// 601// 572//
f 572// 601// 600//
f 572// 600// 573//
f 573// 600// 599//
f 573// 599// 574//
f 574// 599// 604//
f 574// 604// 575//
f 575// 604// 603//
f 575// 603// 576//
f 576// 603// 602//
f 576// 602// 577//
f 577// 602// 607//
f 577// 607// 578//
f 578// 607// 606//
f 578// 606// 579//
f 579// 606// 605//
f 579// 605// 580//
f 580// 605// 610//
f 580// 610// 581//
f 581// 610// 609//
f 581// 609// 582//
f 582// 609// 608//
f 582// 608// 583//
f 583// 608// 613//
f 583// 613// 584//
f 584// 613// 612//
f 584// 612// 585//
f 585// 612// 611//
f 585// 611// 586//
f 586// 611// 616//
f 586// 616// 587//
f 587// 616// 615//
f 587// 615// 588//
f 588// 615// 614//
f 588// 614// 589//
f 589// 614// 618//
f 589// 618// 590//
f 590// 618// 617//
f 590// 617// 591//
f 591// 617// 598//
f 591// 598// 592//
f 592// 598// 597//
f 592// 597// 593//
f 593// 597// 595//
f 7// 276// 292//
f 7// 292// 27//
f 27// 292// 290//
f 27// 290// 28//
f 28// 290// 288//
f 28// 288// 29//
f 29// 288// 286//
f 29// 286// 4//
f 4// 286// 285//
f 4// 285// 1//
f 1// 285// 2//
f 2// 285// 258//
f 2// 258// 216//
f 216// 258// 256//
f 216// 256// 215//
f 213// 215// 254//
f 254// 215// 256//
f 254// 252// 213//
f 213// 252// 214//
f 214// 252// 106//
f 106// 252// 250//
f 106// 250// 163//
f 163// 250// 249//
f 163// 249// 167//
f 167// 249// 247//
f 167// 247// 168//
f 168// 247// 245//
f 168// 245// 169//
f 169// 245// 243//
f 169// 243// 165//
f 165// 243// 241//
f 165// 241// 160//
f 170// 160// 272//
f 272// 160// 241//
f 170// 272// 270//
f 170// 270// 148//
f 148// 270// 268//
f 148// 268// 149//
f 149// 268// 266//
f 149// 266// 152//
f 152// 266// 264//
f 152// 264// 147//
f 147// 264// 263//
f 147// 263// 141//
f 141// 263// 142//
f 142// 263// 219//
f 142// 219// 209//
f 209// 219// 223//
f 209// 223// 210//
f 211// 210// 225//
f 225// 210// 223//
f 225// 227// 211//
f 211// 227// 212//
f 212// 227// 25//
f 25// 227// 229//
f 25// 229// 26//
f 26// 229// 231//
f 26// 231// 41//
f 41// 231// 233//
f 41// 233// 42//
f 42// 233// 235//
f 42// 235// 43//
f 43// 235// 237//
f 43// 237// 39//
f 39// 237// 222//
f 39// 222// 6//
f 7// 6// 276//
f 276// 6// 222//
f 619// 142// 103//
f 103// 142// 25//
f 3// 2// 620//
f 620// 2// 621//
f 621// 2// 105//
f 105// 2// 106//
f 143// 142// 622//
f 622// 142// 619//
f 623// 624// 625//
f 625// 624// 626//
f 103// 626// 619//
f 619// 626// 624//
f 103// 104// 626//
f 626// 104// 97//
f 626// 97// 98//
f 98// 95// 626//
f 626// 95// 96//
f 626// 96// 93//
f 93// 94// 626//
f 626// 94// 91//
f 626// 91// 92//
f 92// 89// 626//
f 626// 89// 90//
f 626// 90// 99//
f 99// 100// 626//
f 626// 100// 87//
f 626// 87// 625//
f 625// 87// 88//
f 625// 88// 85//
f 85// 86// 625//
f 625// 86// 101//
f 625// 101// 102//
f 102// 83// 625//
f 625// 83// 84//
f 625// 84// 81//
f 81// 82// 625//
f 625// 82// 79//
f 625// 79// 80//
f 80// 77// 625//
f 625// 77// 78//
f 625// 78// 75//
f 75// 76// 625//
f 625// 76// 620//
f 625// 620// 621//
f 105// 107// 623//
f 623// 107// 111//
f 623// 111// 112//
f 112// 115// 623//
f 623// 115// 116//
f 623// 116// 119//
f 119// 120// 623//
f 623// 120// 123//
f 623// 123// 124//
f 124// 205// 623//
f 623// 205// 206//
f 623// 206// 125//
f 125// 127// 623//
f 623// 127// 131//
f 623// 131// 624//
f 624// 131// 132//
f 624// 132// 203//
f 203// 204// 624//
f 624// 204// 133//
f 624// 133// 135//
f 135// 139// 624//
f 624// 139// 140//
f 624// 140// 197//
f 197// 198// 624//
f 624// 198// 199//
f 624// 199// 200//
f 200// 201// 624//
f 624// 201// 202//
f 624// 202// 207//
f 207// 208// 624//
f 624// 208// 622//
f 624// 622// 619//
f 105// 623// 621//
f 621// 623// 625//
usemtl 2
f 150// 627// 156//
f 156// 627// 628//
f 156// 628// 154//
f 154// 628// 208//
f 622// 627// 143//
f 143// 627// 150//
f 208// 628// 622//
f 622// 628// 627//
f 193// 629// 190//
f 190// 629// 630//
f 125// 629// 126//
f 126// 629// 193//
f 190// 630// 191//
f 191// 630// 206//
f 206// 630// 125//
f 125// 630// 629//
f 172// 631// 173//
f 173// 631// 632//
f 133// 631// 134//
f 134// 631// 172//
f 173// 632// 187//
f 187// 632// 204//
f 204// 632// 133//
f 133// 632// 631//
f 157// 633// 171//
f 171// 633// 634//
f 171// 634// 180//
f 180// 634// 202//
f 207// 633// 155//
f 155// 633// 157//
f 634// 633// 202//
f 202// 633// 207//
f 182// 635// 144//
f 144// 635// 636//
f 144// 636// 145//
f 145// 636// 200//
f 201// 635// 181//
f 181// 635// 182//
f 636// 635// 200//
f 200// 635// 201//
f 158// 637// 159//
f 159// 637// 638//
f 159// 638// 174//
f 174// 638// 198//
f 199// 637// 146//
f 146// 637// 158//
f 638// 637// 198//
f 198// 637// 199//
f 176// 639// 177//
f 177// 639// 640//
f 197// 639// 175//
f 175// 639// 176//
f 177// 640// 138//
f 138// 640// 140//
f 140// 640// 197//
f 197// 640// 639//
f 641// 178// 139//
f 139// 178// 137//
f 178// 641// 151//
f 151// 641// 642//
f 136// 151// 135//
f 135// 151// 642//
f 135// 642// 139//
f 139// 642// 641//
f 185// 643// 179//
f 179// 643// 644//
f 203// 643// 186//
f 186// 643// 185//
f 179// 644// 130//
f 130// 644// 132//
f 132// 644// 203//
f 203// 644// 643//
f 645// 183// 131//
f 131// 183// 129//
f 183// 645// 184//
f 184// 645// 646//
f 128// 184// 127//
f 127// 184// 646//
f 127// 646// 131//
f 131// 646// 645//
f 188// 647// 189//
f 189// 647// 648//
f 205// 647// 192//
f 192// 647// 188//
f 189// 648// 122//
f 122// 648// 124//
f 124// 648// 205//
f 205// 648// 647//
f 649// 194// 123//
f 123// 194// 121//
f 194// 649// 195//
f 195// 649// 650//
f 118// 195// 120//
f 120// 195// 650//
f 120// 650// 123//
f 123// 650// 649//
f 651// 196// 119//
f 119// 196// 117//
f 196// 651// 153//
f 153// 651// 652//
f 114// 153// 116//
f 116// 153// 652//
f 116// 652// 119//
f 119// 652// 651//
f 653// 164// 115//
f 115// 164// 113//
f 164// 653// 161//
f 161// 653// 654//
f 110// 161// 112//
f 112// 161// 654//
f 112// 654// 115//
f 115// 654// 653//
f 655// 162// 111//
f 111// 162// 109//
f 162// 655// 166//
f 166// 655// 656//
f 108// 166// 107//
f 107// 166// 656//
f 107// 656// 111//
f 111// 656// 655//
f 657// 658// 16//
f 16// 658// 40//
f 97// 657// 14//
f 14// 657// 16//
f 40// 658// 24//
f 24// 658// 104//
f 104// 658// 97//
f 97// 658// 657//
f 659// 660// 32//
f 32// 660// 33//
f 33// 660// 68//
f 68// 660// 102//
f 83// 659// 23//
f 23// 659// 32//
f 102// 660// 83//
f 83// 660// 659//
f 661// 662// 72//
f 72// 662// 8//
f 8// 662// 9//
f 9// 662// 100//
f 87// 661// 73//
f 73// 661// 72//
f 100// 662// 87//
f 87// 662// 661//
f 663// 664// 38//
f 38// 664// 15//
f 15// 664// 13//
f 13// 664// 98//
f 95// 663// 56//
f 56// 663// 38//
f 664// 663// 98//
f 98// 663// 95//
f 665// 666// 69//
f 69// 666// 54//
f 54// 666// 55//
f 55// 666// 96//
f 93// 665// 70//
f 70// 665// 69//
f 666// 665// 96//
f 96// 665// 93//
f 667// 668// 64//
f 64// 668// 65//
f 65// 668// 71//
f 71// 668// 94//
f 91// 667// 63//
f 63// 667// 64//
f 668// 667// 94//
f 94// 667// 91//
f 669// 670// 35//
f 35// 670// 34//
f 34// 670// 62//
f 62// 670// 92//
f 89// 669// 36//
f 36// 669// 35//
f 92// 670// 89//
f 89// 670// 669//
f 671// 672// 11//
f 11// 672// 12//
f 12// 672// 37//
f 37// 672// 90//
f 99// 671// 10//
f 10// 671// 11//
f 90// 672// 99//
f 99// 672// 671//
f 673// 674// 60//
f 60// 674// 61//
f 61// 674// 74//
f 74// 674// 88//
f 85// 673// 53//
f 53// 673// 60//
f 88// 674// 85//
f 85// 674// 673//
f 675// 676// 66//
f 66// 676// 51//
f 51// 676// 52//
f 52// 676// 86//
f 101// 675// 67//
f 67// 675// 66//
f 86// 676// 101//
f 101// 676// 675//
f 677// 678// 57//
f 57// 678// 21//
f 21// 678// 22//
f 22// 678// 84//
f 81// 677// 58//
f 58// 677// 57//
f 84// 678// 81//
f 81// 678// 677//
f 679// 680// 49//
f 49// 680// 50//
f 50// 680// 59//
f 59// 680// 82//
f 79// 679// 48//
f 48// 679// 49//
f 82// 680// 79//
f 79// 680// 679//
f 681// 682// 30//
f 30// 682// 31//
f 31// 682// 47//
f 47// 682// 80//
f 77// 681// 20//
f 20// 681// 30//
f 80// 682// 77//
f 77// 682// 681//
f 683// 684// 46//
f 46// 684// 18//
f 18// 684// 19//
f 19// 684// 78//
f 75// 683// 45//
f 45// 683// 46//
f 78// 684// 75//
f 75// 684// 683//
f 685// 686// 17//
f 17// 686// 5//
f 5// 686// 44//
f 44// 686// 76//
f 620// 685// 3//
f 3// 685// 17//
f 76// 686// 620//
f 620// 686// 685//
f 687// 688// 442//
f 442// 688// 441//
f 689// 687// 443//
f 443// 687// 442//
f 690// 689// 444//
f 444// 689// 443//
f 688// 690// 441//
f 441// 690// 444//
f 691// 692// 693//
f 693// 692// 694//
f 688// 687// 695//
f 695// 687// 696//
f 695// 696// 697//
f 697// 696// 698//
f 697// 698// 699//
f 699// 698// 700//
f 699// 700// 701//
f 701// 700// 702//
f 701// 702// 703//
f 703// 702// 704//
f 703// 704// 705//
f 705// 704// 706//
f 707// 706// 704//
f 707// 704// 708//
f 708// 704// 702//
f 708// 702// 709//
f 709// 702// 700//
f 709// 700// 710//
f 710// 700// 698//
f 710// 698// 711//
f 711// 698// 696//
f 711// 696// 712//
f 712// 696// 687//
f 712// 687// 689//
f 713// 707// 714//
f 714// 707// 708//
f 714// 708// 715//
f 715// 708// 709//
f 715// 709// 716//
f 716// 709// 710//
f 716// 710// 717//
f 717// 710// 711//
f 717// 711// 718//
f 718// 711// 712//
f 718// 712// 690//
f 690// 712// 689//
f 690// 688// 718//
f 718// 688// 695//
f 718// 695// 717//
f 717// 695// 697//
f 717// 697// 716//
f 716// 697// 699//
f 716// 699// 715//
f 715// 699// 701//
f 715// 701// 714//
f 714// 701// 703//
f 714// 703// 713//
f 713// 703// 705//
f 694// 705// 693//
f 693// 705// 706//
f 693// 706// 691//
f 691// 706// 707//
f 691// 707// 692//
f 692// 707// 713//
f 713// 705// 692//
f 692// 705// 694//
f 719// 720// 452//
f 452// 720// 454//
f 721// 719// 451//
f 451// 719// 452//
f 722// 721// 453//
f 453// 721// 451//
f 720// 722// 454//
f 454// 722// 453//
f 723// 724// 725//
f 725// 724// 726//
f 720// 719// 727//
f 727// 719// 728//
f 727// 728// 729//
f 729// 728// 730//
f 729// 730// 731//
f 731// 730// 732//
f 731// 732// 733//
f 733// 732// 734//
f 733// 734// 735//
f 735// 734// 736//
f 735// 736// 737//
f 737// 736// 738//
f 719// 721// 728//
f 728// 721// 739//
f 728// 739// 730//
f 730// 739// 740//
f 730// 740// 732//
f 732// 740// 741//
f 732// 741// 734//
f 734// 741// 742//
f 734// 742// 736//
f 736// 742// 743//
f 736// 743// 738//
f 738// 743// 744//
f 745// 744// 743//
f 745// 743// 746//
f 746// 743// 742//
f 746// 742// 747//
f 747// 742// 741//
f 747// 741// 748//
f 748// 741// 740//
f 748// 740// 749//
f 749// 740// 739//
f 749// 739// 750//
f 750// 739// 721//
f 750// 721// 722//
f 737// 745// 735//
f 735// 745// 746//
f 735// 746// 733//
f 733// 746// 747//
f 733// 747// 731//
f 731// 747// 748//
f 731// 748// 729//
f 729// 748// 749//
f 729// 749// 727//
f 727// 749// 750//
f 727// 750// 720//
f 720// 750// 722//
f 723// 737// 724//
f 724// 737// 738//
f 724// 738// 726//
f 726// 738// 744//
f 726// 744// 725//
f 725// 744// 745//
f 745// 737// 725//
f 725// 737// 723//
f 751// 752// 753//
f 753// 752// 754//
f 335// 755// 336//
f 336// 755// 756//
f 499// 757// 335//
f 335// 757// 755//
f 498// 758// 499//
f 499// 758// 757//
f 336// 756// 498//
f 498// 756// 758//
f 756// 755// 759//
f 759// 755// 760//
f 759// 760// 761//
f 761// 760// 762//
f 761// 762// 763//
f 763// 762// 764//
f 763// 764// 765//
f 765// 764// 766//
f 765// 766// 767//
f 767// 766// 768//
f 767// 768// 769//
f 769// 768// 770//
f 771// 770// 768//
f 771// 768// 772//
f 772// 768// 766//
f 772// 766// 773//
f 773// 766// 764//
f 773// 764// 774//
f 774// 764// 762//
f 774// 762// 775//
f 775// 762// 760//
f 775// 760// 776//
f 776// 760// 755//
f 776// 755// 757//
f 777// 771// 778//
f 778// 771// 772//
f 778// 772// 779//
f 779// 772// 773//
f 779// 773// 780//
f 780// 773// 774//
f 780// 774// 781//
f 781// 774// 775//
f 781// 775// 782//
f 782// 775// 776//
f 782// 776// 758//
f 758// 776// 757//
f 758// 756// 782//
f 782// 756// 759//
f 782// 759// 781//
f 781// 759// 761//
f 781// 761// 780//
f 780// 761// 763//
f 780// 763// 779//
f 779// 763// 765//
f 779// 765// 778//
f 778// 765// 767//
f 778// 767// 777//
f 777// 767// 769//
f 754// 769// 753//
f 753// 769// 770//
f 753// 770// 751//
f 751// 770// 771//
f 751// 771// 752//
f 752// 771// 777//
f 777// 769// 752//
f 752// 769// 754//
f 783// 784// 436//
f 436// 784// 439//
f 785// 783// 437//
f 437// 783// 436//
f 786// 785// 438//
f 438// 785// 437//
f 784// 786// 439//
f 439// 786// 438//
f 787// 788// 789//
f 789// 788// 790//
f 784// 783// 791//
f 791// 783// 792//
f 791// 792// 793//
f 793// 792// 794//
f 793// 794// 795//
f 795// 794// 796//
f 795// 796// 797//
f 797// 796// 798//
f 797// 798// 799//
f 799// 798// 800//
f 799// 800// 801//
f 801// 800// 802//
f 783// 785// 792//
f 792// 785// 803//
f 792// 803// 794//
f 794// 803// 804//
f 794// 804// 796//
f 796// 804// 805//
f 796// 805// 798//
f 798// 805// 806//
f 798// 806// 800//
f 800// 806// 807//
f 800// 807// 802//
f 802// 807// 808//
f 809// 808// 807//
f 809// 807// 810//
f 810// 807// 806//
f 810// 806// 811//
f 811// 806// 805//
f 811// 805// 812//
f 812// 805// 804//
f 812// 804// 813//
f 813// 804// 803//
f 813// 803// 814//
f 814// 803// 785//
f 814// 785// 786//
f 801// 809// 799//
f 799// 809// 810//
f 799// 810// 797//
f 797// 810// 811//
f 797// 811// 795//
f 795// 811// 812//
f 795// 812// 793//
f 793// 812// 813//
f 793// 813// 791//
f 791// 813// 814//
f 791// 814// 784//
f 784// 814// 786//
f 787// 801// 788//
f 788// 801// 802//
f 788// 802// 790//
f 790// 802// 808//
f 790// 808// 789//
f 789// 808// 809//
f 809// 801// 789//
f 789// 801// 787//
f 815// 816// 295//
f 295// 816// 296//
f 817// 815// 433//
f 433// 815// 295//
f 818// 817// 432//
f 432// 817// 433//
f 816// 818// 296//
f 296// 818// 432//
f 819// 820// 821//
f 821// 820// 822//
f 816// 815// 823//
f 823// 815// 824//
f 823// 824// 825//
f 825// 824// 826//
f 825// 826// 827//
f 827// 826// 828//
f 827// 828// 829//
f 829// 828// 830//
f 829// 830// 831//
f 831// 830// 832//
f 831// 832// 833//
f 833// 832// 834//
f 815// 817// 824//
f 824// 817// 835//
f 824// 835// 826//
f 826// 835// 836//
f 826// 836// 828//
f 828// 836// 837//
f 828// 837// 830//
f 830// 837// 838//
f 830// 838// 832//
f 832// 838// 839//
f 832// 839// 834//
f 834// 839// 840//
f 841// 840// 839//
f 841// 839// 842//
f 842// 839// 838//
f 842// 838// 843//
f 843// 838// 837//
f 843// 837// 844//
f 844// 837// 836//
f 844// 836// 845//
f 845// 836// 835//
f 845// 835// 846//
f 846// 835// 817//
f 846// 817// 818//
f 833// 841// 831//
f 831// 841// 842//
f 831// 842// 829//
f 829// 842// 843//
f 829// 843// 827//
f 827// 843// 844//
f 827// 844// 825//
f 825// 844// 845//
f 825// 845// 823//
f 823// 845// 846//
f 823// 846// 816//
f 816// 846// 818//
f 819// 833// 820//
f 820// 833// 834//
f 820// 834// 822//
f 822// 834// 840//
f 822// 840// 821//
f 821// 840// 841//
f 841// 833// 821//
f 821// 833// 819//
f 847// 848// 434//
f 434// 848// 435//
f 849// 847// 431//
f 431// 847// 434//
f 850// 849// 430//
f 430// 849// 431//
f 848// 850// 435//
f 435// 850// 430//
f 851// 852// 853//
f 853// 852// 854//
f 848// 847// 855//
f 855// 847// 856//
f 855// 856// 857//
f 857// 856// 858//
f 857// 858// 859//
f 859// 858// 860//
f 859// 860// 861//
f 861// 860// 862//
f 861// 862// 863//
f 863// 862// 864//
f 863// 864// 865//
f 865// 864// 866//
f 847// 849// 856//
f 856// 849// 867//
f 856// 867// 858//
f 858// 867// 868//
f 858// 868// 860//
f 860// 868// 869//
f 860// 869// 862//
f 862// 869// 870//
f 862// 870// 864//
f 864// 870// 871//
f 864// 871// 866//
f 866// 871// 872//
f 873// 872// 871//
f 873// 871// 874//
f 874// 871// 870//
f 874// 870// 875//
f 875// 870// 869//
f 875// 869// 876//
f 876// 869// 868//
f 876// 868// 877//
f 877// 868// 867//
f 877// 867// 878//
f 878// 867// 849//
f 878// 849// 850//
f 865// 873// 863//
f 863// 873// 874//
f 863// 874// 861//
f 861// 874// 875//
f 861// 875// 859//
f 859// 875// 876//
f 859// 876// 857//
f 857// 876// 877//
f 857// 877// 855//
f 855// 877// 878//
f 855// 878// 848//
f 848// 878// 850//
f 851// 865// 852//
f 852// 865// 866//
f 852// 866// 854//
f 854// 866// 872//
f 854// 872// 853//
f 853// 872// 873//
f 873// 865// 853//
f 853// 865// 851//
f 879// 880// 429//
f 429// 880// 427//
f 881// 879// 425//
f 425// 879// 429//
f 882// 881// 426//
f 426// 881// 425//
f 880// 882// 427//
f 427// 882// 426//
f 883// 884// 885//
f 885// 884// 886//
f 880// 879// 887//
f 887// 879// 888//
f 887// 888// 889//
f 889// 888// 890//
f 889// 890// 891//
f 891// 890// 892//
f 891// 892// 893//
f 893// 892// 894//
f 893// 894// 895//
f 895// 894// 896//
f 895// 896// 897//
f 897// 896// 898//
f 879// 881// 888//
f 888// 881// 899//
f 888// 899// 890//
f 890// 899// 900//
f 890// 900// 892//
f 892// 900// 901//
f 892// 901// 894//
f 894// 901// 902//
f 894// 902// 896//
f 896// 902// 903//
f 896// 903// 898//
f 898// 903// 904//
f 905// 904// 903//
f 905// 903// 906//
f 906// 903// 902//
f 906// 902// 907//
f 907// 902// 901//
f 907// 901// 908//
f 908// 901// 900//
f 908// 900// 909//
f 909// 900// 899//
f 909// 899// 910//
f 910// 899// 881//
f 910// 881// 882//
f 897// 905// 895//
f 895// 905// 906//
f 895// 906// 893//
f 893// 906// 907//
f 893// 907// 891//
f 891// 907// 908//
f 891// 908// 889//
f 889// 908// 909//
f 889// 909// 887//
f 887// 909// 910//
f 887// 910// 880//
f 880// 910// 882//
f 883// 897// 884//
f 884// 897// 898//
f 884// 898// 886//
f 886// 898// 904//
f 886// 904// 885//
f 885// 904// 905//
f 905// 897// 885//
f 885// 897// 883//
f 911// 912// 424//
f 424// 912// 422//
f 913// 911// 420//
f 420// 911// 424//
f 914// 913// 421//
f 421// 913// 420//
f 912// 914// 422//
f 422// 914// 421//
f 915// 916// 917//
f 917// 916// 918//
f 912// 911// 919//
f 919// 911// 920//
f 919// 920// 921//
f 921// 920// 922//
f 921// 922// 923//
f 923// 922// 924//
f 923// 924// 925//
f 925// 924// 926//
f 925// 926// 927//
f 927// 926// 928//
f 927// 928// 929//
f 929// 928// 930//
f 911// 913// 920//
f 920// 913// 931//
f 920// 931// 922//
f 922// 931// 932//
f 922// 932// 924//
f 924// 932// 933//
f 924// 933// 926//
f 926// 933// 934//
f 926// 934// 928//
f 928// 934// 935//
f 928// 935// 930//
f 930// 935// 936//
f 937// 936// 935//
f 937// 935// 938//
f 938// 935// 934//
f 938// 934// 939//
f 939// 934// 933//
f 939// 933// 940//
f 940// 933// 932//
f 940// 932// 941//
f 941// 932// 931//
f 941// 931// 942//
f 942// 931// 913//
f 942// 913// 914//
f 929// 937// 927//
f 927// 937// 938//
f 927// 938// 925//
f 925// 938// 939//
f 925// 939// 923//
f 923// 939// 940//
f 923// 940// 921//
f 921// 940// 941//
f 921// 941// 919//
f 919// 941// 942//
f 919// 942// 912//
f 912// 942// 914//
f 915// 929// 916//
f 916// 929// 930//
f 916// 930// 918//
f 918// 930// 936//
f 918// 936// 917//
f 917// 936// 937//
f 937// 929// 917//
f 917// 929// 915//
f 943// 944// 419//
f 419// 944// 417//
f 945// 943// 415//
f 415// 943// 419//
f 946// 945// 416//
f 416// 945// 415//
f 944// 946// 417//
f 417// 946// 416//
f 947// 948// 949//
f 949// 948// 950//
f 944// 943// 951//
f 951// 943// 952//
f 951// 952// 953//
f 953// 952// 954//
f 953// 954// 955//
f 955// 954// 956//
f 955// 956// 957//
f 957// 956// 958//
f 957// 958// 959//
f 959// 958// 960//
f 959// 960// 961//
f 961// 960// 962//
f 943// 945// 952//
f 952// 945// 963//
f 952// 963// 954//
f 954// 963// 964//
f 954// 964// 956//
f 956// 964// 965//
f 956// 965// 958//
f 958// 965// 966//
f 958// 966// 960//
f 960// 966// 967//
f 960// 967// 962//
f 962// 967// 968//
f 969// 968// 967//
f 969// 967// 970//
f 970// 967// 966//
f 970// 966// 971//
f 971// 966// 965//
f 971// 965// 972//
f 972// 965// 964//
f 972// 964// 973//
f 973// 964// 963//
f 973// 963// 974//
f 974// 963// 945//
f 974// 945// 946//
f 961// 969// 959//
f 959// 969// 970//
f 959// 970// 957//
f 957// 970// 971//
f 957// 971// 955//
f 955// 971// 972//
f 955// 972// 953//
f 953// 972// 973//
f 953// 973// 951//
f 951// 973// 974//
f 951// 974// 944//
f 944// 974// 946//
f 947// 961// 948//
f 948// 961// 962//
f 948// 962// 950//
f 950// 962// 968//
f 950// 968// 949//
f 949// 968// 969//
f 969// 961// 949//
f 949// 961// 947//
f 975// 976// 414//
f 414// 976// 412//
f 977// 975// 410//
f 410// 975// 414//
f 978// 977// 411//
f 411// 977// 410//
f 976// 978// 412//
f 412// 978// 411//
f 979// 980// 981//
f 981// 980// 982//
f 976// 975// 983//
f 983// 975// 984//
f 983// 984// 985//
f 985// 984// 986//
f 985// 986// 987//
f 987// 986// 988//
f 987// 988// 989//
f 989// 988// 990//
f 989// 990// 991//
f 991// 990// 992//
f 991// 992// 993//
f 993// 992// 994//
f 975// 977// 984//
f 984// 977// 995//
f 984// 995// 986//
f 986// 995// 996//
f 986// 996// 988//
f 988// 996// 997//
f 988// 997// 990//
f 990// 997// 998//
f 990// 998// 992//
f 992// 998// 999//
f 992// 999// 994//
f 994// 999// 1000//
f 1001// 1000// 999//
f 1001// 999// 1002//
f 1002// 999// 998//
f 1002// 998// 1003//
f 1003// 998// 997//
f 1003// 997// 1004//
f 1004// 997// 996//
f 1004// 996// 1005//
f 1005// 996// 995//
f 1005// 995// 1006//
f 1006// 995// 977//
f 1006// 977// 978//
f 993// 1001// 991//
f 991// 1001// 1002//
f 991// 1002// 989//
f 989// 1002// 1003//
f 989// 1003// 987//
f 987// 1003// 1004//
f 987// 1004// 985//
f 985// 1004// 1005//
f 985// 1005// 983//
f 983// 1005// 1006//
f 983// 1006// 976//
f 976// 1006// 978//
f 979// 993// 980//
f 980// 993// 994//
f 980// 994// 982//
f 982// 994// 1000//
f 982// 1000// 981//
f 981// 1000// 1001//
f 1001// 993// 981//
f 981// 993// 979//
f 1007// 1008// 405//
f 405// 1008// 406//
f 1009// 1007// 407//
f 407// 1007// 405//
f 1010// 1009// 408//
f 408// 1009// 407//
f 1008// 1010// 406//
f 406// 1010// 408//
f 1011// 1012// 1013//
f 1013// 1012// 1014//
f 1008// 1007// 1015//
f 1015// 1007// 1016//
f 1015// 1016// 1017//
f 1017// 1016// 1018//
f 1017// 1018// 1019//
f 1019// 1018// 1020//
f 1019// 1020// 1021//
f 1021// 1020// 1022//
f 1021// 1022// 1023//
f 1023// 1022// 1024//
f 1023// 1024// 1025//
f 1025// 1024// 1026//
f 1027// 1026// 1024//
f 1027// 1024// 1028//
f 1028// 1024// 1022//
f 1028// 1022// 1029//
f 1029// 1022// 1020//
f 1029// 1020// 1030//
f 1030// 1020// 1018//
f 1030// 1018// 1031//
f 1031// 1018// 1016//
f 1031// 1016// 1032//
f 1032// 1016// 1007//
f 1032// 1007// 1009//
f 1033// 1027// 1034//
f 1034// 1027// 1028//
f 1034// 1028// 1035//
f 1035// 1028// 1029//
f 1035// 1029// 1036//
f 1036// 1029// 1030//
f 1036// 1030// 1037//
f 1037// 1030// 1031//
f 1037// 1031// 1038//
f 1038// 1031// 1032//
f 1038// 1032// 1010//
f 1010// 1032// 1009//
f 1010// 1008// 1038//
f 1038// 1008// 1015//
f 1038// 1015// 1037//
f 1037// 1015// 1017//
f 1037// 1017// 1036//
f 1036// 1017// 1019//
f 1036// 1019// 1035//
f 1035// 1019// 1021//
f 1035// 1021// 1034//
f 1034// 1021// 1023//
f 1034// 1023// 1033//
f 1033// 1023// 1025//
f 1014// 1025// 1013//
f 1013// 1025// 1026//
f 1013// 1026// 1011//
f 1011// 1026// 1027//
f 1011// 1027// 1012//
f 1012// 1027// 1033//
f 1033// 1025// 1012//
f 1012// 1025// 1014//
f 1039// 1040// 449//
f 449// 1040// 448//
f 1041// 1039// 450//
f 450// 1039// 449//
f 1042// 1041// 446//
f 446// 1041// 450//
f 1040// 1042// 448//
f 448// 1042// 446//
f 1043// 1044// 1045//
f 1045// 1044// 1046//
f 1040// 1039// 1047//
f 1047// 1039// 1048//
f 1047// 1048// 1049//
f 1049// 1048// 1050//
f 1049// 1050// 1051//
f 1051// 1050// 1052//
f 1051// 1052// 1053//
f 1053// 1052// 1054//
f 1053// 1054// 1055//
f 1055// 1054// 1056//
f 1055// 1056// 1057//
f 1057// 1056// 1058//
f 1059// 1058// 1056//
f 1059// 1056// 1060//
f 1060// 1056// 1054//
f 1060// 1054// 1061//
f 1061// 1054// 1052//
f 1061// 1052// 1062//
f 1062// 1052// 1050//
f 1062// 1050// 1063//
f 1063// 1050// 1048//
f 1063// 1048// 1064//
f 1064// 1048// 1039//
f 1064// 1039// 1041//
f 1065// 1059// 1066//
f 1066// 1059// 1060//
f 1066// 1060// 1067//
f 1067// 1060// 1061//
f 1067// 1061// 1068//
f 1068// 1061// 1062//
f 1068// 1062// 1069//
f 1069// 1062// 1063//
f 1069// 1063// 1070//
f 1070// 1063// 1064//
f 1070// 1064// 1042//
f 1042// 1064// 1041//
f 1042// 1040// 1070//
f 1070// 1040// 1047//
f 1070// 1047// 1069//
f 1069// 1047// 1049//
f 1069// 1049// 1068//
f 1068// 1049// 1051//
f 1068// 1051// 1067//
f 1067// 1051// 1053//
f 1067// 1053// 1066//
f 1066// 1053// 1055//
f 1066// 1055// 1065//
f 1065// 1055// 1057//
f 1046// 1057// 1045//
f 1045// 1057// 1058//
f 1045// 1058// 1043//
f 1043// 1058// 1059//
f 1043// 1059// 1044//
f 1044// 1059// 1065//
f 1065// 1057// 1044//
f 1044// 1057// 1046//
f 1071// 1072// 333//
f 333// 1072// 341//
f 330// 1073// 331//
f 331// 1073// 1071//
f 331// 1071// 333//
f 1074// 1073// 337//
f 337// 1073// 330//
f 341// 1072// 339//
f 339// 1072// 1074//
f 339// 1074// 337//
f 1075// 1076// 1077//
f 1077// 1076// 1078//
f 1072// 1071// 1079//
f 1079// 1071// 1080//
f 1079// 1080// 1081//
f 1081// 1080// 1082//
f 1081// 1082// 1083//
f 1083// 1082// 1084//
f 1083// 1084// 1085//
f 1085// 1084// 1086//
f 1085// 1086// 1087//
f 1087// 1086// 1088//
f 1087// 1088// 1089//
f 1089// 1088// 1090//
f 1091// 1090// 1088//
f 1091// 1088// 1092//
f 1092// 1088// 1086//
f 1092// 1086// 1093//
f 1093// 1086// 1084//
f 1093// 1084// 1094//
f 1094// 1084// 1082//
f 1094// 1082// 1095//
f 1095// 1082// 1080//
f 1095// 1080// 1096//
f 1096// 1080// 1071//
f 1096// 1071// 1073//
f 1097// 1091// 1098//
f 1098// 1091// 1092//
f 1098// 1092// 1099//
f 1099// 1092// 1093//
f 1099// 1093// 1100//
f 1100// 1093// 1094//
f 1100// 1094// 1101//
f 1101// 1094// 1095//
f 1101// 1095// 1102//
f 1102// 1095// 1096//
f 1102// 1096// 1074//
f 1074// 1096// 1073//
f 1074// 1072// 1102//
f 1102// 1072// 1079//
f 1102// 1079// 1101//
f 1101// 1079// 1081//
f 1101// 1081// 1100//
f 1100// 1081// 1083//
f 1100// 1083// 1099//
f 1099// 1083// 1085//
f 1099// 1085// 1098//
f 1098// 1085// 1087//
f 1098// 1087// 1097//
f 1097// 1087// 1089//
f 1078// 1089// 1077//
f 1077// 1089// 1090//
f 1077// 1090// 1075//
f 1075// 1090// 1091//
f 1075// 1091// 1076//
f 1076// 1091// 1097//
f 1097// 1089// 1076//
f 1076// 1089// 1078//
f 1103// 1104// 396//
f 396// 1104// 393//
f 1105// 1103// 397//
f 397// 1103// 396//
f 1106// 1105// 398//
f 398// 1105// 397//
f 1104// 1106// 393//
f 393// 1106// 398//
f 1107// 1108// 1109//
f 1109// 1108// 1110//
f 1104// 1103// 1111//
f 1111// 1103// 1112//
f 1111// 1112// 1113//
f 1113// 1112// 1114//
f 1113// 1114// 1115//
f 1115// 1114// 1116//
f 1115// 1116// 1117//
f 1117// 1116// 1118//
f 1117// 1118// 1119//
f 1119// 1118// 1120//
f 1119// 1120// 1121//
f 1121// 1120// 1122//
f 1123// 1122// 1120//
f 1123// 1120// 1124//
f 1124// 1120// 1118//
f 1124// 1118// 1125//
f 1125// 1118// 1116//
f 1125// 1116// 1126//
f 1126// 1116// 1114//
f 1126// 1114// 1127//
f 1127// 1114// 1112//
f 1127// 1112// 1128//
f 1128// 1112// 1103//
f 1128// 1103// 1105//
f 1129// 1123// 1130//
f 1130// 1123// 1124//
f 1130// 1124// 1131//
f 1131// 1124// 1125//
f 1131// 1125// 1132//
f 1132// 1125// 1126//
f 1132// 1126// 1133//
f 1133// 1126// 1127//
f 1133// 1127// 1134//
f 1134// 1127// 1128//
f 1134// 1128// 1106//
f 1106// 1128// 1105//
f 1106// 1104// 1134//
f 1134// 1104// 1111//
f 1134// 1111// 1133//
f 1133// 1111// 1113//
f 1133// 1113// 1132//
f 1132// 1113// 1115//
f 1132// 1115// 1131//
f 1131// 1115// 1117//
f 1131// 1117// 1130//
f 1130// 1117// 1119//
f 1130// 1119// 1129//
f 1129// 1119// 1121//
f 1110// 1121// 1109//
f 1109// 1121// 1122//
f 1109// 1122// 1107//
f 1107// 1122// 1123//
f 1107// 1123// 1108//
f 1108// 1123// 1129//
f 1129// 1121// 1108//
f 1108// 1121// 1110//
f 1135// 1136// 1137//
f 1137// 1136// 1138//
f 455// 1139// 456//
f 456// 1139// 1140//
f 395// 1141// 455//
f 455// 1141// 1139//
f 394// 1142// 395//
f 395// 1142// 1141//
f 456// 1140// 394//
f 394// 1140// 1142//
f 1140// 1139// 1143//
f 1143// 1139// 1144//
f 1143// 1144// 1145//
f 1145// 1144// 1146//
f 1145// 1146// 1147//
f 1147// 1146// 1148//
f 1147// 1148// 1149//
f 1149// 1148// 1150//
f 1149// 1150// 1151//
f 1151// 1150// 1152//
f 1151// 1152// 1153//
f 1153// 1152// 1154//
f 1155// 1154// 1152//
f 1155// 1152// 1156//
f 1156// 1152// 1150//
f 1156// 1150// 1157//
f 1157// 1150// 1148//
f 1157// 1148// 1158//
f 1158// 1148// 1146//
f 1158// 1146// 1159//
f 1159// 1146// 1144//
f 1159// 1144// 1160//
f 1160// 1144// 1139//
f 1160// 1139// 1141//
f 1161// 1155// 1162//
f 1162// 1155// 1156//
f 1162// 1156// 1163//
f 1163// 1156// 1157//
f 1163// 1157// 1164//
f 1164// 1157// 1158//
f 1164// 1158// 1165//
f 1165// 1158// 1159//
f 1165// 1159// 1166//
f 1166// 1159// 1160//
f 1166// 1160// 1142//
f 1142// 1160// 1141//
f 1142// 1140// 1166//
f 1166// 1140// 1143//
f 1166// 1143// 1165//
f 1165// 1143// 1145//
f 1165// 1145// 1164//
f 1164// 1145// 1147//
f 1164// 1147// 1163//
f 1163// 1147// 1149//
f 1163// 1149// 1162//
f 1162// 1149// 1151//
f 1162// 1151// 1161//
f 1161// 1151// 1153//
f 1138// 1153// 1137//
f 1137// 1153// 1154//
f 1137// 1154// 1135//
f 1135// 1154// 1155//
f 1135// 1155// 1136//
f 1136// 1155// 1161//
f 1161// 1153// 1136//
f 1136// 1153// 1138//
f 1167// 1168// 401//
f 401// 1168// 402//
f 1169// 1167// 400//
f 400// 1167// 401//
f 1170// 1169// 403//
f 403// 1169// 400//
f 1168// 1170// 402//
f 402// 1170// 403//
f 1171// 1172// 1173//
f 1173// 1172// 1174//
f 1168// 1167// 1175//
f 1175// 1167// 1176//
f 1175// 1176// 1177//
f 1177// 1176// 1178//
f 1177// 1178// 1179//
f 1179// 1178// 1180//
f 1179// 1180// 1181//
f 1181// 1180// 1182//
f 1181// 1182// 1183//
f 1183// 1182// 1184//
f 1183// 1184// 1185//
f 1185// 1184// 1186//
f 1187// 1186// 1184//
f 1187// 1184// 1188//
f 1188// 1184// 1182//
f 1188// 1182// 1189//
f 1189// 1182// 1180//
f 1189// 1180// 1190//
f 1190// 1180// 1178//
f 1190// 1178// 1191//
f 1191// 1178// 1176//
f 1191// 1176// 1192//
f 1192// 1176// 1167//
f 1192// 1167// 1169//
f 1193// 1187// 1194//
f 1194// 1187// 1188//
f 1194// 1188// 1195//
f 1195// 1188// 1189//
f 1195// 1189// 1196//
f 1196// 1189// 1190//
f 1196// 1190// 1197//
f 1197// 1190// 1191//
f 1197// 1191// 1198//
f 1198// 1191// 1192//
f 1198// 1192// 1170//
f 1170// 1192// 1169//
f 1170// 1168// 1198//
f 1198// 1168// 1175//
f 1198// 1175// 1197//
f 1197// 1175// 1177//
f 1197// 1177// 1196//
f 1196// 1177// 1179//
f 1196// 1179// 1195//
f 1195// 1179// 1181//
f 1195// 1181// 1194//
f 1194// 1181// 1183//
f 1194// 1183// 1193//
f 1193// 1183// 1185//
f 1174// 1185// 1173//
f 1173// 1185// 1186//
f 1173// 1186// 1171//
f 1171// 1186// 1187//
f 1171// 1187// 1172//
f 1172// 1187// 1193//
f 1193// 1185// 1172//
f 1172// 1185// 1174//
usemtl 3
f 1199// 1200// 1201//
f 1202// 1203// 1204//
f 1205// 1206// 1207//
f 1208// 1209// 1210//
f 1211// 1212// 1213//
f 1213// 1212// 1214//
f 1215// 1216// 1217//
f 1217// 1216// 1218//
f 1217// 1218// 1219//
f 1219// 1218// 1220//
f 1219// 1220// 1221//
f 1211// 1213// 1222//
f 1222// 1213// 1218//
f 1222// 1218// 1223//
f 1223// 1218// 1216//
f 1223// 1216// 1224//
f 1216// 1225// 1224//
f 1224// 1225// 1226//
f 1224// 1226// 1227//
f 1220// 1228// 1221//
f 1221// 1228// 1229//
f 1221// 1229// 1230//
f 1230// 1229// 1231//
f 1232// 1233// 1234//
f 1215// 1217// 1235//
f 1235// 1217// 1236//
f 1235// 1236// 1231//
f 1231// 1236// 1234//
f 1231// 1234// 1230//
f 1230// 1234// 1233//
f 1230// 1233// 1237//
f 1238// 1239// 1240//
f 1234// 1241// 1232//
f 1232// 1241// 1242//
f 1232// 1242// 1243//
f 1243// 1242// 1238//
f 1243// 1238// 1244//
f 1244// 1238// 1240//
f 1245// 1246// 1210//
f 1210// 1246// 1247//
f 1210// 1247// 1248//
f 1248// 1247// 1241//
f 1241// 1247// 1249//
f 1241// 1249// 1242//
f 1250// 1246// 1251//
f 1251// 1246// 1245//
f 1251// 1245// 1252//
f 1253// 1254// 1255//
f 1256// 1257// 1245//
f 1245// 1257// 1258//
f 1245// 1258// 1252//
f 1259// 1260// 1261//
f 1261// 1260// 1262//
f 1261// 1262// 1253//
f 1253// 1262// 1263//
f 1253// 1263// 1254//
f 1264// 1265// 1245//
f 1245// 1265// 1266//
f 1245// 1266// 1256//
f 1267// 1268// 1269//
f 1267// 1269// 1237//
f 1268// 1270// 1269//
f 1269// 1270// 1271//
f 1269// 1271// 1261//
f 1261// 1271// 1272//
f 1261// 1272// 1259//
f 1273// 1274// 1275//
f 1275// 1274// 1276//
f 1277// 1278// 1279//
f 1280// 1281// 1282//
f 1282// 1281// 1277//
f 1283// 1284// 1285//
f 1285// 1286// 1287//
f 1288// 1289// 1290//
f 1290// 1289// 1291//
f 1273// 1292// 1274//
f 1274// 1292// 1293//
f 1274// 1293// 1294//
f 1294// 1293// 1295//
f 1296// 1297// 1295//
f 1295// 1297// 1298//
f 1295// 1298// 1294//
f 1299// 1300// 1278//
f 1278// 1300// 1301//
f 1278// 1301// 1302//
f 1284// 1303// 1285//
f 1285// 1303// 1304//
f 1285// 1304// 1286//
f 1302// 1305// 1278//
f 1278// 1305// 1306//
f 1278// 1306// 1279//
f 1307// 1308// 1309//
f 1287// 1310// 1285//
f 1285// 1310// 1311//
f 1285// 1311// 1289//
f 1289// 1311// 1276//
f 1289// 1276// 1291//
f 1291// 1276// 1274//
f 1312// 1313// 1314//
f 1307// 1309// 1315//
f 1288// 1316// 1289//
f 1289// 1316// 1317//
f 1289// 1317// 1318//
f 1319// 1320// 1295//
f 1295// 1320// 1321//
f 1295// 1321// 1322//
f 1323// 1281// 1324//
f 1312// 1314// 1280//
f 1309// 1325// 1315//
f 1315// 1325// 1323//
f 1315// 1323// 1326//
f 1326// 1323// 1324//
f 1322// 1327// 1295//
f 1295// 1327// 1328//
f 1295// 1328// 1296//
f 1314// 1329// 1280//
f 1280// 1329// 1330//
f 1280// 1330// 1281//
f 1281// 1330// 1331//
f 1281// 1331// 1324//
f 1332// 1333// 1334//
f 1334// 1333// 1335//
f 1336// 1337// 1209//
f 1209// 1337// 1253//
f 1209// 1253// 1210//
f 1210// 1253// 1255//
f 1210// 1255// 1245//
f 1245// 1255// 1338//
f 1245// 1338// 1264//
f 1339// 1340// 1341//
f 1342// 1343// 1344//
f 1344// 1343// 1345//
f 1344// 1345// 1346//
f 1347// 1348// 1210//
f 1348// 1349// 1210//
f 1210// 1349// 1350//
f 1210// 1350// 1351//
f 1346// 1352// 1344//
f 1344// 1352// 1353//
f 1344// 1353// 1248//
f 1340// 1347// 1341//
f 1341// 1347// 1210//
f 1341// 1210// 1354//
f 1354// 1210// 1248//
f 1354// 1248// 1355//
f 1355// 1248// 1353//
f 1351// 1356// 1210//
f 1210// 1356// 1357//
f 1210// 1357// 1208//
f 1358// 1359// 1360//
f 1360// 1359// 1361//
f 1360// 1361// 1362//
f 1360// 1363// 1358//
f 1358// 1363// 1364//
f 1358// 1364// 1365//
f 1365// 1366// 1358//
f 1358// 1366// 1367//
f 1358// 1367// 1368//
f 1368// 1367// 1369//
f 1368// 1369// 1370//
f 1370// 1369// 1371//
f 1370// 1371// 1341//
f 1341// 1371// 1372//
f 1341// 1372// 1339//
f 1373// 1374// 1362//
f 1362// 1374// 1375//
f 1362// 1375// 1360//
f 1376// 1377// 1313//
f 1313// 1377// 1378//
f 1313// 1378// 1314//
f 1376// 1379// 1377//
f 1377// 1379// 1380//
f 1377// 1380// 1381//
f 1381// 1380// 1382//
f 1381// 1383// 1384//
f 1382// 1385// 1381//
f 1381// 1385// 1386//
f 1381// 1386// 1387//
f 1387// 1388// 1381//
f 1381// 1388// 1389//
f 1381// 1389// 1383//
f 1384// 1390// 1381//
f 1381// 1390// 1391//
f 1381// 1391// 1392//
f 1336// 1335// 1337//
f 1337// 1335// 1333//
f 1337// 1333// 1393//
f 1393// 1394// 1395//
f 1394// 1393// 1279//
f 1279// 1393// 1333//
f 1279// 1333// 1277//
f 1277// 1333// 1332//
f 1277// 1332// 1282//
f 1396// 1397// 1398//
f 1399// 1400// 1401//
f 1401// 1400// 1402//
f 1403// 1404// 1405//
f 1405// 1404// 1398//
f 1405// 1398// 1406//
f 1406// 1398// 1397//
f 1402// 1407// 1401//
f 1401// 1407// 1408//
f 1401// 1408// 1409//
f 1409// 1410// 1401//
f 1401// 1410// 1411//
f 1401// 1411// 1398//
f 1398// 1411// 1412//
f 1398// 1412// 1396//
f 1413// 1414// 1399//
f 1399// 1414// 1415//
f 1399// 1415// 1400//
f 1403// 1416// 1404//
f 1404// 1416// 1417//
f 1404// 1417// 1418//
f 1418// 1417// 1419//
f 1418// 1419// 1413//
f 1413// 1419// 1420//
f 1413// 1420// 1414//
f 1421// 1422// 1423//
f 1423// 1422// 1424//
f 1425// 1426// 1427//
f 1427// 1426// 1428//
f 1423// 1429// 1428//
f 1429// 1430// 1205//
f 1201// 1431// 1432//
f 1433// 1434// 1435//
f 1435// 1434// 1436//
f 1437// 1438// 1439//
f 1439// 1438// 1435//
f 1439// 1435// 1440//
f 1440// 1435// 1436//
f 1440// 1436// 1441//
f 1442// 1443// 1444//
f 1444// 1443// 1445//
f 1446// 1447// 1444//
f 1444// 1447// 1448//
f 1444// 1448// 1449//
f 1449// 1450// 1444//
f 1444// 1450// 1451//
f 1444// 1451// 1442//
f 1452// 1453// 1199//
f 1454// 1455// 1456//
f 1457// 1458// 1459//
f 1460// 1461// 1457//
f 1457// 1461// 1462//
f 1457// 1462// 1463//
f 1454// 1456// 1464//
f 1464// 1456// 1457//
f 1464// 1457// 1465//
f 1465// 1457// 1459//
f 1465// 1459// 1466//
f 1466// 1459// 1467//
f 1466// 1467// 1468//
f 1463// 1469// 1457//
f 1457// 1469// 1470//
f 1457// 1470// 1458//
f 1471// 1472// 1473//
f 1473// 1472// 1474//
f 1473// 1474// 1475//
f 1475// 1476// 1473//
f 1473// 1476// 1477//
f 1473// 1477// 1478//
f 1478// 1477// 1479//
f 1479// 1480// 1478//
f 1478// 1480// 1481//
f 1478// 1481// 1460//
f 1460// 1481// 1482//
f 1460// 1482// 1461//
f 1483// 1484// 1485//
f 1485// 1484// 1486//
f 1485// 1486// 1473//
f 1473// 1486// 1487//
f 1473// 1487// 1471//
f 1488// 1489// 1490//
f 1490// 1489// 1491//
f 1490// 1491// 1492//
f 1488// 1493// 1489//
f 1489// 1493// 1494//
f 1489// 1494// 1485//
f 1485// 1494// 1495//
f 1485// 1495// 1483//
f 1496// 1497// 1498//
f 1498// 1497// 1499//
f 1499// 1500// 1498//
f 1498// 1500// 1501//
f 1498// 1501// 1492//
f 1502// 1503// 1504//
f 1505// 1506// 1507//
f 1508// 1509// 1510//
f 1511// 1512// 1513//
f 1513// 1512// 1514//
f 1505// 1507// 1515//
f 1508// 1510// 1516//
f 1517// 1518// 1512//
f 1512// 1518// 1519//
f 1512// 1519// 1520//
f 1504// 1503// 1510//
f 1510// 1503// 1521//
f 1510// 1521// 1516//
f 1506// 1522// 1507//
f 1507// 1522// 1523//
f 1507// 1523// 1524//
f 1525// 1526// 1527//
f 1527// 1526// 1528//
f 1527// 1528// 1529//
f 1530// 1520// 1531//
f 1531// 1520// 1532//
f 1531// 1532// 1527//
f 1527// 1532// 1533//
f 1527// 1533// 1525//
f 1530// 1534// 1520//
f 1520// 1534// 1535//
f 1520// 1535// 1512//
f 1512// 1535// 1536//
f 1512// 1536// 1514//
f 1537// 1538// 1539//
f 1539// 1538// 1540//
f 1539// 1540// 1507//
f 1507// 1540// 1541//
f 1507// 1541// 1515//
f 1542// 1543// 1507//
f 1507// 1543// 1544//
f 1507// 1544// 1512//
f 1512// 1544// 1545//
f 1512// 1545// 1517//
f 1546// 1547// 1496//
f 1496// 1547// 1548//
f 1496// 1548// 1549//
f 1549// 1550// 1496//
f 1496// 1550// 1551//
f 1496// 1551// 1552//
f 1552// 1551// 1537//
f 1552// 1537// 1553//
f 1553// 1537// 1539//
f 1509// 1554// 1510//
f 1510// 1554// 1555//
f 1510// 1555// 1496//
f 1496// 1555// 1556//
f 1496// 1556// 1546//
f 1524// 1557// 1507//
f 1507// 1557// 1558//
f 1507// 1558// 1559//
f 1559// 1560// 1507//
f 1507// 1560// 1561//
f 1507// 1561// 1542//
f 1562// 1563// 1564//
f 1564// 1520// 1562//
f 1562// 1520// 1519//
f 1562// 1519// 1565//
f 1565// 1519// 1566//
f 1566// 1567// 1565//
f 1565// 1567// 1568//
f 1565// 1568// 1569//
f 1570// 1571// 1572//
f 1571// 1573// 1572//
f 1572// 1573// 1574//
f 1572// 1574// 1575//
f 1576// 1572// 1577//
f 1563// 1562// 1576//
f 1576// 1562// 1578//
f 1576// 1578// 1572//
f 1572// 1578// 1579//
f 1572// 1579// 1570//
f 1577// 1580// 1576//
f 1576// 1580// 1581//
f 1576// 1581// 1582//
f 1575// 1574// 1583//
f 1583// 1574// 1584//
f 1583// 1584// 1585//
f 1585// 1584// 1586//
f 1585// 1586// 1587//
f 1588// 1589// 1582//
f 1582// 1589// 1590//
f 1582// 1590// 1576//
f 1443// 1591// 1445//
f 1445// 1591// 1592//
f 1445// 1592// 1504//
f 1504// 1592// 1593//
f 1504// 1593// 1502//
f 1594// 1595// 1596//
f 1596// 1597// 1594//
f 1594// 1597// 1598//
f 1594// 1598// 1599//
f 1600// 1601// 1599//
f 1602// 1603// 1600//
f 1601// 1604// 1599//
f 1599// 1604// 1605//
f 1599// 1605// 1606//
f 1602// 1600// 1607//
f 1599// 1598// 1600//
f 1600// 1598// 1608//
f 1600// 1608// 1607//
f 1603// 1609// 1600//
f 1600// 1609// 1610//
f 1600// 1610// 1611//
f 1611// 1612// 1600//
f 1600// 1612// 1613//
f 1600// 1613// 1614//
f 1614// 1615// 1600//
f 1600// 1615// 1616//
f 1600// 1616// 1617//
f 1617// 1616// 1618//
f 1618// 1616// 1619//
f 1619// 1616// 1620//
f 1619// 1620// 1621//
f 1621// 1622// 1619//
f 1619// 1622// 1623//
f 1619// 1623// 1624//
f 1624// 1623// 1625//
f 1204// 1203// 1626//
f 1203// 1627// 1626//
f 1626// 1627// 1595//
f 1626// 1595// 1628//
f 1629// 1630// 1204//
f 1204// 1630// 1631//
f 1204// 1631// 1632//
f 1632// 1633// 1204//
f 1204// 1633// 1634//
f 1204// 1634// 1202//
f 1635// 1636// 1637//
f 1637// 1636// 1638//
f 1638// 1639// 1640//
f 1641// 1642// 1643//
f 1643// 1642// 1644//
f 1643// 1644// 1645//
f 1646// 1647// 1289//
f 1289// 1647// 1648//
f 1289// 1648// 1643//
f 1643// 1648// 1649//
f 1643// 1649// 1641//
f 1308// 1307// 1318//
f 1318// 1307// 1342//
f 1318// 1342// 1289//
f 1289// 1342// 1344//
f 1289// 1344// 1646//
f 1650// 1651// 1652//
f 1652// 1651// 1653//
f 1413// 1654// 1655//
f 1655// 1654// 1656//
f 1650// 1652// 1657//
f 1657// 1652// 1658//
f 1657// 1658// 1659//
f 1659// 1658// 1660//
f 1659// 1660// 1661//
f 1660// 1662// 1661//
f 1661// 1662// 1663//
f 1661// 1663// 1664//
f 1655// 1660// 1413//
f 1413// 1660// 1658//
f 1413// 1658// 1418//
f 1418// 1658// 1665//
f 1418// 1665// 1666//
f 1666// 1665// 1667//
f 1666// 1667// 1668//
f 1656// 1654// 1669//
f 1669// 1654// 1594//
f 1669// 1594// 1668//
f 1668// 1594// 1599//
f 1668// 1599// 1666//
f 1670// 1671// 1672//
f 1671// 1670// 1673//
f 1673// 1670// 1674//
f 1673// 1674// 1675//
f 1676// 1677// 1398//
f 1678// 1679// 1680//
f 1680// 1679// 1676//
f 1398// 1677// 1401//
f 1401// 1677// 1681//
f 1401// 1681// 1675//
f 1675// 1681// 1682//
f 1675// 1682// 1673//
f 1429// 1205// 1428//
f 1428// 1205// 1207//
f 1428// 1207// 1427//
f 1427// 1207// 1683//
f 1427// 1683// 1684//
f 1684// 1683// 1685//
f 1684// 1685// 1686//
f 1686// 1685// 1687//
f 1686// 1687// 1688//
f 1688// 1687// 1689//
f 1688// 1689// 1690//
f 1690// 1689// 1691//
f 1690// 1691// 1692//
f 1692// 1691// 1693//
f 1692// 1693// 1628//
f 1628// 1693// 1694//
f 1628// 1694// 1626//
f 1695// 1200// 1696//
f 1696// 1200// 1199//
f 1696// 1199// 1640//
f 1697// 1438// 1432//
f 1432// 1438// 1437//
f 1432// 1437// 1201//
f 1201// 1437// 1456//
f 1201// 1456// 1199//
f 1199// 1456// 1455//
f 1199// 1455// 1452//
f 1595// 1594// 1628//
f 1628// 1594// 1654//
f 1628// 1654// 1692//
f 1692// 1654// 1413//
f 1692// 1413// 1690//
f 1690// 1413// 1399//
f 1690// 1399// 1688//
f 1688// 1399// 1401//
f 1688// 1401// 1686//
f 1686// 1401// 1675//
f 1686// 1675// 1684//
f 1684// 1675// 1674//
f 1684// 1674// 1427//
f 1694// 1695// 1626//
f 1626// 1695// 1696//
f 1626// 1696// 1204//
f 1204// 1696// 1640//
f 1204// 1640// 1629//
f 1629// 1640// 1639//
f 1428// 1698// 1423//
f 1423// 1698// 1425//
f 1423// 1425// 1421//
f 1421// 1425// 1427//
f 1421// 1427// 1699//
f 1699// 1427// 1674//
f 1699// 1674// 1700//
f 1700// 1674// 1670//
f 1700// 1670// 1701//
f 1638// 1640// 1637//
f 1637// 1640// 1702//
f 1637// 1702// 1703//
f 1445// 1704// 1444//
f 1444// 1704// 1705//
f 1444// 1705// 1706//
f 1707// 1702// 1706//
f 1706// 1702// 1640//
f 1706// 1640// 1444//
f 1444// 1640// 1199//
f 1444// 1199// 1446//
f 1446// 1199// 1453//
f 1217// 1398// 1236//
f 1236// 1398// 1404//
f 1236// 1404// 1234//
f 1234// 1404// 1418//
f 1234// 1418// 1241//
f 1241// 1418// 1666//
f 1241// 1666// 1248//
f 1248// 1666// 1599//
f 1248// 1599// 1344//
f 1344// 1599// 1606//
f 1344// 1606// 1646//
f 1703// 1704// 1637//
f 1637// 1704// 1445//
f 1637// 1445// 1708//
f 1708// 1445// 1504//
f 1709// 1710// 1711//
f 1712// 1713// 1714//
f 1711// 1710// 1715//
f 1715// 1710// 1716//
f 1715// 1716// 1717//
f 1714// 1709// 1712//
f 1712// 1709// 1711//
f 1712// 1711// 1718//
f 1718// 1711// 1719//
f 1718// 1719// 1717//
f 1717// 1719// 1701//
f 1717// 1701// 1715//
f 1715// 1701// 1670//
f 1715// 1670// 1680//
f 1680// 1670// 1672//
f 1680// 1672// 1678//
f 1678// 1672// 1720//
f 1721// 1722// 1715//
f 1723// 1724// 1715//
f 1715// 1724// 1725//
f 1715// 1725// 1711//
f 1711// 1725// 1726//
f 1711// 1726// 1727//
f 1727// 1728// 1711//
f 1711// 1728// 1729//
f 1711// 1729// 1730//
f 1730// 1731// 1711//
f 1711// 1731// 1732//
f 1711// 1732// 1219//
f 1219// 1732// 1733//
f 1219// 1733// 1217//
f 1217// 1733// 1734//
f 1217// 1734// 1735//
f 1676// 1398// 1680//
f 1680// 1398// 1217//
f 1680// 1217// 1715//
f 1715// 1217// 1735//
f 1715// 1735// 1721//
f 1722// 1736// 1715//
f 1715// 1736// 1737//
f 1715// 1737// 1723//
f 1645// 1635// 1643//
f 1643// 1635// 1637//
f 1643// 1637// 1289//
f 1289// 1637// 1708//
f 1289// 1708// 1285//
f 1285// 1708// 1738//
f 1510// 1738// 1739//
f 1739// 1738// 1740//
f 1740// 1738// 1741//
f 1741// 1738// 1708//
f 1741// 1708// 1742//
f 1510// 1739// 1504//
f 1504// 1739// 1743//
f 1504// 1743// 1708//
f 1708// 1743// 1744//
f 1708// 1744// 1742//
f 1745// 1746// 1747//
f 1747// 1746// 1741//
f 1747// 1741// 1748//
f 1748// 1741// 1742//
f 1748// 1742// 1749//
f 1749// 1742// 1750//
f 1237// 1269// 1230//
f 1230// 1269// 1751//
f 1230// 1751// 1221//
f 1221// 1751// 1752//
f 1221// 1752// 1219//
f 1219// 1752// 1753//
f 1219// 1753// 1711//
f 1711// 1753// 1754//
f 1711// 1754// 1719//
f 1496// 1498// 1510//
f 1510// 1498// 1755//
f 1510// 1755// 1738//
f 1738// 1755// 1393//
f 1738// 1393// 1285//
f 1285// 1393// 1395//
f 1285// 1395// 1283//
f 1492// 1491// 1498//
f 1498// 1491// 1756//
f 1498// 1756// 1755//
f 1755// 1756// 1757//
f 1755// 1757// 1393//
f 1393// 1757// 1758//
f 1393// 1758// 1337//
f 1337// 1758// 1759//
f 1337// 1759// 1253//
f 1253// 1759// 1760//
f 1253// 1760// 1261//
f 1261// 1760// 1761//
f 1261// 1761// 1269//
f 1269// 1761// 1762//
f 1269// 1762// 1751//
f 1751// 1762// 1763//
f 1751// 1763// 1752//
f 1752// 1763// 1764//
f 1752// 1764// 1753//
f 1753// 1764// 1765//
f 1753// 1765// 1754//
f 1437// 1441// 1456//
f 1456// 1441// 1436//
f 1456// 1436// 1457//
f 1457// 1436// 1766//
f 1457// 1766// 1460//
f 1460// 1766// 1767//
f 1460// 1767// 1478//
f 1478// 1767// 1768//
f 1478// 1768// 1473//
f 1473// 1768// 1769//
f 1473// 1769// 1485//
f 1485// 1769// 1770//
f 1485// 1770// 1489//
f 1489// 1770// 1771//
f 1772// 1773// 1774//
f 1774// 1773// 1775//
f 1432// 1776// 1697//
f 1777// 1431// 1778//
f 1778// 1431// 1206//
f 1779// 1780// 1781//
f 1782// 1783// 1784//
f 1784// 1783// 1785//
f 1784// 1785// 1781//
f 1781// 1785// 1786//
f 1787// 1788// 1789//
f 1789// 1777// 1778//
f 1778// 1779// 1789//
f 1789// 1779// 1781//
f 1789// 1781// 1787//
f 1787// 1781// 1786//
f 1787// 1786// 1790//
f 1790// 1786// 1791//
f 1790// 1791// 1792//
f 1788// 1787// 1776//
f 1776// 1787// 1438//
f 1776// 1438// 1697//
f 1433// 1792// 1434//
f 1434// 1792// 1791//
f 1434// 1791// 1793//
f 1793// 1791// 1794//
f 1793// 1794// 1795//
f 1795// 1794// 1796//
f 1795// 1796// 1797//
f 1797// 1796// 1798//
f 1797// 1798// 1799//
f 1799// 1798// 1800//
f 1801// 1802// 1803//
f 1782// 1424// 1783//
f 1783// 1424// 1422//
f 1783// 1422// 1804//
f 1804// 1422// 1805//
f 1804// 1805// 1806//
f 1806// 1805// 1807//
f 1806// 1807// 1803//
f 1803// 1807// 1808//
f 1803// 1808// 1801//
f 1809// 1810// 1811//
f 1811// 1810// 1812//
f 1813// 1814// 1815//
f 1815// 1814// 1816//
f 1817// 1818// 1819//
f 1819// 1820// 1817//
f 1817// 1820// 1821//
f 1817// 1821// 1822//
f 1822// 1823// 1817//
f 1817// 1823// 1824//
f 1817// 1824// 1825//
f 1825// 1826// 1817//
f 1817// 1826// 1827//
f 1817// 1827// 1828//
f 1828// 1829// 1817//
f 1817// 1829// 1830//
f 1817// 1830// 1831//
f 1830// 1832// 1831//
f 1831// 1832// 1833//
f 1831// 1833// 1834//
f 1834// 1833// 1835//
f 1834// 1835// 1836//
f 1836// 1835// 1837//
f 1836// 1837// 1838//
f 1838// 1837// 1839//
f 1838// 1839// 1840//
f 1840// 1839// 1841//
f 1840// 1841// 1842//
f 1842// 1841// 1843//
f 1842// 1843// 1844//
f 1844// 1843// 1845//
f 1844// 1845// 1846//
f 1847// 1848// 1849//
f 1847// 1849// 1850//
f 1848// 1851// 1849//
f 1849// 1851// 1852//
f 1849// 1852// 1853//
f 1853// 1854// 1849//
f 1849// 1854// 1855//
f 1849// 1855// 1856//
f 1856// 1857// 1849//
f 1849// 1857// 1858//
f 1849// 1858// 1859//
f 1860// 1861// 1862//
f 1862// 1861// 1863//
f 1862// 1863// 1864//
f 1864// 1863// 1865//
f 1864// 1865// 1866//
f 1866// 1865// 1867//
f 1866// 1867// 1868//
f 1868// 1867// 1869//
f 1868// 1869// 1870//
f 1870// 1869// 1871//
f 1870// 1871// 1872//
f 1872// 1871// 1873//
f 1872// 1873// 1849//
f 1849// 1873// 1874//
f 1849// 1874// 1850//
f 1875// 1876// 1877//
f 1875// 1877// 1878//
f 1878// 1877// 1879//
f 1878// 1879// 1880//
f 1880// 1879// 1881//
f 1880// 1881// 1882//
f 1882// 1881// 1883//
f 1882// 1883// 1884//
f 1884// 1883// 1885//
f 1884// 1885// 1886//
f 1886// 1885// 1887//
f 1886// 1887// 1888//
f 1888// 1887// 1889//
f 1888// 1889// 1890//
f 1891// 1892// 1893//
f 1893// 1892// 1894//
f 1893// 1894// 1895//
f 1895// 1896// 1893//
f 1893// 1896// 1897//
f 1893// 1897// 1898//
f 1890// 1889// 1899//
f 1899// 1889// 1900//
f 1899// 1900// 1901//
f 1901// 1900// 1902//
f 1901// 1902// 1903//
f 1903// 1902// 1904//
f 1903// 1904// 1905//
f 1905// 1904// 1906//
f 1905// 1906// 1907//
f 1907// 1906// 1908//
f 1907// 1908// 1909//
f 1909// 1910// 1907//
f 1907// 1910// 1911//
f 1907// 1911// 1912//
f 1898// 1913// 1893//
f 1893// 1913// 1907//
f 1893// 1907// 1914//
f 1912// 1915// 1907//
f 1907// 1915// 1916//
f 1907// 1916// 1914//
f 1917// 1918// 1919//
f 1919// 1918// 1920//
f 1919// 1920// 1921//
f 1921// 1922// 1919//
f 1919// 1922// 1923//
f 1919// 1923// 1924//
f 1925// 1926// 1927//
f 1927// 1926// 1928//
f 1927// 1928// 1929//
f 1924// 1930// 1919//
f 1919// 1930// 1927//
f 1919// 1927// 1931//
f 1929// 1932// 1927//
f 1927// 1932// 1933//
f 1927// 1933// 1931//
f 1934// 1935// 1936//
f 1936// 1935// 1937//
f 1936// 1937// 1938//
f 1938// 1937// 1939//
f 1938// 1939// 1940//
f 1940// 1939// 1941//
f 1940// 1941// 1942//
f 1942// 1941// 1943//
f 1942// 1943// 1944//
f 1944// 1943// 1945//
f 1944// 1945// 1946//
f 1946// 1945// 1947//
f 1946// 1947// 1948//
f 1948// 1947// 1949//
f 1948// 1949// 1950//
f 1950// 1949// 1951//
f 1950// 1951// 1952//
f 1952// 1951// 1953//
f 1952// 1953// 1954//
f 1954// 1953// 1955//
f 1954// 1955// 1927//
f 1927// 1955// 1956//
f 1927// 1956// 1925//
f 1765// 1771// 1785//
f 1785// 1771// 1786//
f 1957// 1958// 1959//
f 1959// 1958// 1960//
f 1959// 1960// 1961//
f 1961// 1960// 1962//
f 1961// 1962// 1963//
f 1963// 1962// 1964//
f 1963// 1964// 1965//
f 1965// 1964// 1966//
f 1786// 1771// 1967//
f 1967// 1771// 1968//
f 1967// 1968// 1969//
f 1969// 1968// 1970//
f 1969// 1970// 1966//
f 1966// 1970// 1971//
f 1966// 1971// 1965//
f 1972// 1957// 1959//
f 1972// 1959// 1973//
f 1973// 1959// 1961//
f 1973// 1961// 1974//
f 1963// 1975// 1961//
f 1961// 1975// 1976//
f 1961// 1976// 1974//
f 1977// 1978// 1979//
f 1979// 1978// 1980//
f 1979// 1980// 1981//
f 1799// 1800// 1979//
f 1979// 1800// 1982//
f 1982// 1983// 1979//
f 1979// 1983// 1984//
f 1979// 1984// 1977//
f 1981// 1985// 1979//
f 1979// 1985// 1986//
f 1979// 1986// 1799//
f 1799// 1986// 1987//
f 1799// 1987// 1988//
f 1965// 1988// 1989//
f 1989// 1990// 1965//
f 1965// 1990// 1991//
f 1965// 1991// 1992//
f 1992// 1993// 1965//
f 1965// 1993// 1994//
f 1965// 1994// 1963//
f 1963// 1994// 1995//
f 1963// 1995// 1975//
f 1988// 1965// 1799//
f 1799// 1965// 1971//
f 1799// 1971// 1797//
f 1797// 1971// 1970//
f 1797// 1970// 1795//
f 1795// 1970// 1968//
f 1795// 1968// 1793//
f 1793// 1968// 1771//
f 1793// 1771// 1434//
f 1969// 1966// 1996//
f 1996// 1997// 1969//
f 1969// 1997// 1998//
f 1969// 1998// 1999//
f 2000// 2001// 1796//
f 2001// 2002// 2003//
f 2004// 2005// 2003//
f 2002// 2006// 2003//
f 2003// 2006// 2007//
f 2003// 2007// 2004//
f 2005// 2008// 2003//
f 2003// 2008// 2009//
f 2003// 2009// 2010//
f 2010// 2011// 2003//
f 2003// 2011// 2012//
f 2003// 2012// 2001//
f 2001// 2012// 1798//
f 2001// 1798// 1796//
f 2013// 2014// 1966//
f 1966// 2014// 2015//
f 1966// 2015// 1996//
f 1958// 2016// 1960//
f 1960// 2016// 2017//
f 1960// 2017// 1962//
f 1962// 2017// 2018//
f 1962// 2018// 1964//
f 1964// 2018// 2019//
f 1964// 2019// 1966//
f 1966// 2019// 2020//
f 1966// 2020// 2013//
f 1999// 2000// 1969//
f 1969// 2000// 1796//
f 1969// 1796// 1967//
f 1967// 1796// 1794//
f 1967// 1794// 1786//
f 1786// 1794// 1791//
f 1957// 2021// 1958//
f 1958// 2021// 2022//
f 1812// 2021// 1957//
f 2023// 2024// 2025//
f 2026// 1811// 2027//
f 2027// 1811// 2028//
f 2029// 2030// 2031//
f 1817// 2032// 1957//
f 2031// 2030// 2033//
f 2030// 2034// 2033//
f 2033// 2034// 2035//
f 2033// 2035// 2036//
f 2037// 2038// 2028//
f 1812// 1957// 1811//
f 1811// 1957// 2032//
f 1811// 2032// 2028//
f 2028// 2032// 2039//
f 2028// 2039// 2037//
f 2040// 2041// 2042//
f 2042// 2041// 2043//
f 2042// 2043// 2044//
f 2042// 2045// 2046//
f 2029// 2031// 2047//
f 2047// 2031// 2048//
f 2047// 2048// 2049//
f 2038// 2050// 2028//
f 2028// 2050// 2051//
f 2028// 2051// 2052//
f 2027// 2053// 2026//
f 2026// 2053// 2054//
f 2026// 2054// 2046//
f 2046// 2054// 2055//
f 2046// 2055// 2042//
f 2042// 2055// 2056//
f 2042// 2056// 2040//
f 2025// 2024// 2057//
f 2057// 2024// 2058//
f 2057// 2058// 2035//
f 2035// 2058// 2059//
f 2035// 2059// 2060//
f 2061// 2062// 2063//
f 2063// 2062// 2064//
f 2063// 2064// 2025//
f 2025// 2064// 2065//
f 2025// 2065// 2023//
f 2061// 2066// 2062//
f 2062// 2066// 1818//
f 2062// 1818// 2067//
f 2067// 1818// 1817//
f 2067// 1817// 2068//
f 2068// 1817// 1957//
f 2068// 1957// 1972//
f 2060// 2069// 2035//
f 2035// 2069// 2070//
f 2035// 2070// 2036//
f 2045// 2071// 2046//
f 2046// 2071// 2072//
f 2046// 2072// 2073//
f 2073// 2072// 2074//
f 2073// 2074// 2075//
f 2076// 2077// 2078//
f 2078// 2077// 2079//
f 2080// 2049// 2081//
f 2081// 2049// 2077//
f 2081// 2077// 2082//
f 2082// 2077// 2076//
f 2080// 2083// 2049//
f 2049// 2083// 2084//
f 2049// 2084// 2085//
f 2085// 2086// 2049//
f 2049// 2086// 2087//
f 2049// 2087// 2047//
f 2022// 1810// 1958//
f 1958// 1810// 1809//
f 1958// 1809// 2016//
f 2016// 1809// 2088//
f 1809// 2089// 2090//
f 2091// 2092// 2093//
f 2093// 2092// 2094//
f 2093// 2094// 2095//
f 2096// 2097// 2098//
f 2099// 2100// 2101//
f 2102// 2103// 2104//
f 2105// 2106// 2107//
f 2108// 2109// 2110//
f 2110// 2109// 2111//
f 2110// 2111// 2112//
f 2113// 2114// 2115//
f 2115// 2114// 2116//
f 2115// 2116// 2089//
f 2089// 2116// 2117//
f 2089// 2117// 2090//
f 2091// 2093// 2098//
f 2098// 2093// 2118//
f 2098// 2118// 2096//
f 2105// 2107// 2119//
f 2108// 2110// 2120//
f 2120// 2110// 2121//
f 2120// 2121// 2122//
f 2122// 2121// 2123//
f 2122// 2123// 2124//
f 2090// 2095// 1809//
f 1809// 2095// 2094//
f 1809// 2094// 2088//
f 2088// 2094// 1849//
f 2088// 1849// 2125//
f 2125// 1849// 2107//
f 2107// 1849// 1859//
f 2107// 1859// 2119//
f 2101// 2100// 2106//
f 2106// 2100// 2126//
f 2106// 2126// 2107//
f 2122// 2127// 2128//
f 2128// 2127// 2129//
f 2128// 2129// 2101//
f 2101// 2129// 2130//
f 2101// 2130// 2099//
f 2131// 2132// 2103//
f 2113// 2133// 2134//
f 2114// 2135// 2116//
f 2116// 2135// 2136//
f 2116// 2136// 2137//
f 2124// 2138// 2122//
f 2122// 2138// 2139//
f 2122// 2139// 2127//
f 2131// 2103// 2140//
f 2132// 2141// 2103//
f 2103// 2141// 2142//
f 2103// 2142// 2104//
f 2134// 2143// 2113//
f 2113// 2143// 2144//
f 2113// 2144// 2114//
f 2112// 2111// 2103//
f 2103// 2111// 2145//
f 2103// 2145// 2140//
f 2146// 2147// 2148//
f 2137// 2149// 2116//
f 2116// 2149// 2150//
f 2116// 2150// 2151//
f 2102// 2104// 2148//
f 2148// 2104// 2152//
f 2148// 2152// 2146//
f 2153// 2154// 2155//
f 2155// 2154// 2156//
f 2155// 2156// 2157//
f 2157// 2156// 2158//
f 2157// 2158// 2159//
f 2159// 2158// 2160//
f 2159// 2160// 2161//
f 2161// 2160// 2162//
f 2022// 2021// 2163//
f 2163// 2021// 2164//
f 2163// 2164// 2165//
f 2165// 2164// 2166//
f 2165// 2166// 2162//
f 2162// 2166// 2167//
f 2162// 2167// 2161//
f 2021// 1812// 2168//
f 2021// 2168// 2164//
f 2164// 2168// 2169//
f 2164// 2169// 2166//
f 2166// 2169// 2170//
f 2166// 2170// 2167//
f 2167// 2170// 2171//
f 2167// 2171// 2161//
f 2161// 2171// 2172//
f 2161// 2172// 2159//
f 2159// 2172// 2173//
f 2159// 2173// 2157//
f 2157// 2173// 2174//
f 2157// 2174// 2155//
f 2155// 2174// 2175//
f 2155// 2175// 2153//
f 2154// 2176// 2156//
f 2156// 2176// 2177//
f 2156// 2177// 2158//
f 2158// 2177// 2178//
f 2158// 2178// 2160//
f 2160// 2178// 2179//
f 2160// 2179// 2162//
f 2162// 2179// 2180//
f 2162// 2180// 2165//
f 2165// 2180// 2181//
f 2165// 2181// 2163//
f 2163// 2181// 2182//
f 2163// 2182// 2022//
f 2022// 2182// 1810//
f 2183// 2184// 2153//
f 2153// 2184// 2154//
f 2185// 2186// 2183//
f 2187// 2188// 2183//
f 2183// 2188// 2189//
f 2183// 2189// 2185//
f 2190// 2191// 2192//
f 2192// 2191// 2193//
f 2192// 2193// 2194//
f 2187// 2183// 2195//
f 2195// 2183// 2153//
f 2195// 2153// 2175//
f 2194// 2196// 2192//
f 2192// 2196// 2197//
f 2192// 2197// 2198//
f 2198// 2197// 2199//
f 2186// 2190// 2183//
f 2183// 2190// 2192//
f 2183// 2192// 2200//
f 2200// 2192// 2201//
f 2200// 2201// 1845//
f 1845// 2201// 2202//
f 1845// 2202// 1846//
f 1846// 2202// 2198//
f 1846// 2198// 2203//
f 2203// 2198// 2199//
f 2204// 2205// 2206//
f 2206// 2205// 2207//
f 2206// 2207// 2208//
f 2209// 2184// 2210//
f 2210// 2184// 2211//
f 2208// 2212// 2206//
f 2206// 2212// 2213//
f 2206// 2213// 2184//
f 2184// 2213// 2214//
f 2184// 2214// 2211//
f 2204// 2206// 2215//
f 2215// 2206// 1861//
f 2215// 1861// 1860//
f 2209// 2216// 2184//
f 2184// 2216// 2217//
f 2184// 2217// 2154//
f 2154// 2217// 2218//
f 2154// 2218// 2176//
f 2206// 2184// 2200//
f 2200// 2184// 2183//
f 1765// 1785// 2219//
f 2219// 1785// 2220//
f 2219// 2220// 2221//
f 2221// 2220// 2222//
f 2221// 2222// 2223//
f 2223// 2222// 2224//
f 2223// 2224// 2225//
f 2225// 2224// 2226//
f 2227// 2228// 2229//
f 2229// 2228// 2230//
f 2229// 2230// 2231//
f 2231// 2230// 2232//
f 2231// 2232// 2226//
f 2226// 2232// 2233//
f 2226// 2233// 2225//
f 2234// 2235// 2225//
f 2225// 2235// 2236//
f 2225// 2236// 2237//
f 2237// 2238// 2225//
f 2225// 2238// 2239//
f 2225// 2239// 2240//
f 2241// 2242// 2243//
f 2243// 2242// 2244//
f 2245// 2240// 2246//
f 2246// 2240// 2243//
f 2246// 2243// 2247//
f 2247// 2243// 2244//
f 2241// 2243// 2248//
f 2248// 2243// 2249//
f 2248// 2249// 2250//
f 2251// 2252// 2233//
f 2233// 2252// 2253//
f 2233// 2253// 2225//
f 2225// 2253// 2254//
f 2225// 2254// 2234//
f 2233// 2232// 2251//
f 2251// 2232// 2230//
f 2251// 2230// 2255//
f 2255// 2230// 2228//
f 2255// 2228// 2256//
f 2245// 1802// 2240//
f 2240// 1802// 1801//
f 2240// 1801// 2225//
f 2225// 1801// 1808//
f 2225// 1808// 2223//
f 2223// 1808// 1807//
f 2223// 1807// 2221//
f 2221// 1807// 1805//
f 2221// 1805// 2219//
f 2219// 1805// 1422//
f 2219// 1422// 1765//
f 2257// 2258// 2224//
f 2259// 2227// 2260//
f 2260// 2227// 2229//
f 2260// 2229// 2261//
f 2261// 2229// 2231//
f 2261// 2231// 2262//
f 2262// 2231// 2226//
f 2262// 2226// 2263//
f 2263// 2226// 2224//
f 2263// 2224// 2264//
f 2264// 2224// 2258//
f 2265// 2266// 2267//
f 2267// 2266// 2268//
f 2268// 2269// 2267//
f 2267// 2269// 2270//
f 2267// 2270// 2271//
f 1803// 2272// 2267//
f 2267// 2272// 2273//
f 2267// 2273// 2265//
f 1806// 1803// 2274//
f 2274// 1803// 2267//
f 2274// 2267// 2275//
f 2275// 2267// 2271//
f 2222// 2276// 2277//
f 2277// 2278// 2222//
f 2222// 2278// 2279//
f 2222// 2279// 2224//
f 2224// 2279// 2280//
f 2224// 2280// 2257//
f 2274// 2276// 1806//
f 1806// 2276// 2222//
f 1806// 2222// 1804//
f 1804// 2222// 2220//
f 1804// 2220// 1783//
f 1783// 2220// 1785//
f 2281// 2282// 2227//
f 2227// 2282// 2228//
f 1773// 2283// 2284//
f 2285// 2286// 2287//
f 2287// 2286// 1813//
f 2288// 2289// 2290//
f 2290// 2289// 2291//
f 2290// 2291// 2292//
f 2284// 2293// 1773//
f 1773// 2293// 2294//
f 1773// 2294// 2295//
f 2295// 2294// 2296//
f 2295// 2296// 2297//
f 2297// 2296// 2298//
f 1813// 2228// 1814//
f 1814// 2228// 2282//
f 1813// 2286// 2228//
f 2228// 2286// 2299//
f 2228// 2299// 2256//
f 2300// 2301// 2302//
f 2303// 2304// 2305//
f 2306// 2307// 2308//
f 2309// 2310// 2311//
f 2302// 2312// 2313//
f 2313// 2312// 2314//
f 2285// 2287// 2315//
f 2315// 2287// 2316//
f 2315// 2316// 2317//
f 2317// 2316// 2283//
f 2317// 2283// 2318//
f 2256// 2299// 2291//
f 2291// 2299// 2319//
f 2291// 2319// 1891//
f 1891// 1893// 2291//
f 2291// 1893// 2320//
f 2291// 2320// 2292//
f 2302// 2301// 2312//
f 2312// 2301// 2321//
f 2312// 2321// 2322//
f 2304// 2323// 2305//
f 2305// 2323// 2324//
f 2305// 2324// 2325//
f 2325// 2324// 2326//
f 2325// 2326// 2312//
f 2312// 2326// 2327//
f 2312// 2327// 2314//
f 2328// 2329// 2330//
f 2330// 2329// 2297//
f 2330// 2297// 2307//
f 2307// 2297// 2298//
f 2307// 2298// 2308//
f 2303// 2305// 2290//
f 2290// 2305// 2331//
f 2290// 2331// 2288//
f 2308// 2332// 2333//
f 2300// 2302// 2310//
f 2310// 2302// 2334//
f 2310// 2334// 2335//
f 2335// 2336// 2310//
f 2310// 2336// 2337//
f 2310// 2337// 2311//
f 2333// 2338// 2308//
f 2308// 2338// 2339//
f 2308// 2339// 2306//
f 2340// 2341// 2342//
f 2340// 2342// 2330//
f 2330// 2342// 2343//
f 2330// 2343// 2328//
f 2311// 2344// 2345//
f 2346// 2347// 2348//
f 2348// 2347// 2349//
f 2348// 2349// 2321//
f 2321// 2349// 2350//
f 2321// 2350// 2322//
f 2351// 2352// 2353//
f 2353// 2352// 2354//
f 2353// 2354// 2355//
f 2345// 2356// 2311//
f 2311// 2356// 2357//
f 2311// 2357// 2309//
f 2283// 1773// 2318//
f 2318// 1773// 1772//
f 2318// 1772// 2353//
f 2353// 1772// 2358//
f 2353// 2358// 2351//
f 2359// 2360// 2361//
f 2362// 2363// 2364//
f 2364// 2363// 2365//
f 2366// 2367// 2368//
f 2367// 2366// 2259//
f 2369// 2370// 2371//
f 2371// 2370// 2372//
f 2373// 2374// 2375//
f 2375// 2374// 2376//
f 2361// 2360// 2377//
f 2373// 2378// 2374//
f 2374// 2378// 2362//
f 2374// 2362// 2379//
f 2379// 2362// 2364//
f 2380// 2381// 2376//
f 2376// 2381// 2382//
f 2369// 2371// 2383//
f 2383// 2371// 2384//
f 2383// 2384// 2385//
f 2376// 2374// 2380//
f 2380// 2374// 2386//
f 2380// 2386// 2387//
f 2388// 2377// 2389//
f 2389// 2377// 2360//
f 2389// 2360// 2390//
f 2390// 2360// 2391//
f 2390// 2391// 2392//
f 2392// 2391// 2393//
f 2392// 2393// 1775//
f 1775// 2393// 2394//
f 1775// 2394// 1774//
f 2395// 2396// 2397//
f 2368// 2398// 2366//
f 2366// 2398// 2399//
f 2366// 2399// 2400//
f 2400// 2399// 2364//
f 2400// 2364// 2401//
f 2401// 2364// 2365//
f 2372// 2402// 2371//
f 2371// 2402// 1815//
f 2371// 1815// 2227//
f 2227// 1815// 1816//
f 2227// 1816// 2281//
f 2389// 2403// 2404//
f 2395// 2397// 2361//
f 2361// 2397// 2405//
f 2361// 2405// 2359//
f 2366// 2406// 2259//
f 2259// 2406// 2407//
f 2259// 2407// 1917//
f 1917// 1919// 2259//
f 2259// 1919// 2408//
f 2259// 2408// 2227//
f 2227// 2408// 2409//
f 2227// 2409// 2371//
f 2410// 2411// 2412//
f 2404// 2413// 2389//
f 2389// 2413// 2414//
f 2389// 2414// 2388//
f 2385// 2415// 2383//
f 2383// 2415// 2416//
f 2383// 2416// 2394//
f 2394// 2416// 2417//
f 2387// 2418// 2380//
f 2380// 2418// 2419//
f 2380// 2419// 2420//
f 2420// 2419// 2421//
f 2412// 2422// 2410//
f 2410// 2422// 2423//
f 2410// 2423// 2424//
f 2424// 2425// 2410//
f 2410// 2425// 2426//
f 2410// 2426// 2427//
f 2382// 2428// 2376//
f 2376// 2428// 2410//
f 2376// 2410// 2429//
f 2429// 2410// 2427//
f 2417// 2430// 2394//
f 2394// 2430// 2431//
f 2394// 2431// 2432//
f 2432// 2433// 2394//
f 2394// 2433// 2434//
f 2394// 2434// 1774//
f 2282// 2281// 2435//
f 2435// 2281// 2436//
f 2435// 2436// 2437//
f 2437// 2436// 2438//
f 2437// 2438// 2439//
f 2439// 2438// 2440//
f 2439// 2440// 2441//
f 2441// 2440// 2442//
f 2443// 2444// 2445//
f 2445// 2444// 2446//
f 2445// 2446// 2447//
f 2447// 2446// 2448//
f 2447// 2448// 2442//
f 2442// 2448// 2449//
f 2442// 2449// 2441//
f 2450// 2451// 2282//
f 2452// 2453// 2282//
f 2282// 2453// 2454//
f 2282// 2454// 2450//
f 2451// 2455// 2282//
f 2282// 2455// 2456//
f 2282// 2456// 2457//
f 2457// 2458// 2282//
f 2282// 2458// 2459//
f 2282// 2459// 2460//
f 2460// 2461// 2282//
f 2282// 2461// 2462//
f 2282// 2462// 1814//
f 2282// 2435// 2452//
f 2452// 2435// 2437//
f 2452// 2437// 2463//
f 2463// 2437// 2439//
f 2463// 2439// 2464//
f 2464// 2439// 2441//
f 2464// 2441// 2465//
f 2465// 2441// 2449//
f 2465// 2449// 2466//
f 2466// 2449// 2448//
f 2466// 2448// 2467//
f 2467// 2448// 2446//
f 2467// 2446// 2468//
f 2468// 2446// 2444//
f 2468// 2444// 2469//
f 2281// 1816// 2470//
f 2470// 2471// 2281//
f 2281// 2471// 2472//
f 2281// 2472// 2473//
f 2473// 2474// 2281//
f 2281// 2474// 2475//
f 2281// 2475// 2476//
f 2476// 2477// 2281//
f 2281// 2477// 2478//
f 2281// 2478// 2479//
f 2480// 2443// 2481//
f 2481// 2443// 2445//
f 2481// 2445// 2482//
f 2482// 2445// 2447//
f 2482// 2447// 2483//
f 2483// 2447// 2442//
f 2483// 2442// 2484//
f 2484// 2442// 2440//
f 2484// 2440// 2485//
f 2485// 2440// 2438//
f 2485// 2438// 2486//
f 2486// 2438// 2436//
f 2486// 2436// 2487//
f 2487// 2436// 2281//
f 2487// 2281// 2488//
f 2488// 2281// 2479//
f 2443// 2489// 2444//
f 2444// 2489// 2490//
f 2491// 2490// 2492//
f 1875// 2493// 1876//
f 1876// 2493// 2494//
f 1876// 2494// 2492//
f 2492// 2494// 2495//
f 2492// 2495// 2491//
f 2496// 2497// 2491//
f 2498// 2499// 2490//
f 2490// 2499// 2500//
f 1875// 2501// 2493//
f 2493// 2501// 2502//
f 2493// 2502// 2491//
f 2491// 2502// 2503//
f 2491// 2503// 2496//
f 2500// 2504// 2490//
f 2490// 2504// 2505//
f 2490// 2505// 2444//
f 2444// 2505// 2506//
f 2444// 2506// 2469//
f 2497// 2507// 2491//
f 2491// 2507// 2508//
f 2491// 2508// 2490//
f 2490// 2508// 2509//
f 2490// 2509// 2498//
f 2510// 2511// 2489//
f 2489// 2511// 2512//
f 2489// 2512// 2513//
f 2514// 2515// 2516//
f 2516// 2515// 2517//
f 2510// 2489// 2518//
f 2518// 2489// 2443//
f 2518// 2443// 2480//
f 2517// 2519// 2516//
f 2516// 2519// 2520//
f 2516// 2520// 1934//
f 1934// 2520// 2521//
f 1934// 2521// 1935//
f 2513// 2522// 2489//
f 2489// 2522// 2523//
f 2489// 2523// 2516//
f 2516// 2523// 2524//
f 2516// 2524// 2514//
f 2490// 2489// 2492//
f 2492// 2489// 2516//
f 2408// 1919// 2319//
f 2319// 1919// 1891//
f 1899// 1949// 1890//
f 1890// 1949// 1947//
f 1890// 1947// 1888//
f 1888// 1947// 1945//
f 1888// 1945// 1886//
f 1886// 1945// 1943//
f 1886// 1943// 1884//
f 1884// 1943// 1941//
f 2521// 2501// 1935//
f 1935// 2501// 1875//
f 1935// 1875// 1937//
f 1937// 1875// 1878//
f 1937// 1878// 1939//
f 1939// 1878// 1880//
f 1939// 1880// 1941//
f 1941// 1880// 1882//
f 1941// 1882// 1884//
f 2487// 2453// 2486//
f 2486// 2453// 2452//
f 2486// 2452// 2485//
f 2485// 2452// 2463//
f 2485// 2463// 2484//
f 2506// 2518// 2469//
f 2469// 2518// 2480//
f 2469// 2480// 2468//
f 2468// 2480// 2481//
f 2468// 2481// 2467//
f 2467// 2481// 2482//
f 2467// 2482// 2466//
f 2466// 2482// 2483//
f 2466// 2483// 2465//
f 2465// 2483// 2484//
f 2465// 2484// 2464//
f 2464// 2484// 2463//
f 2524// 2508// 2514//
f 2514// 2508// 2507//
f 2514// 2507// 2515//
f 2515// 2507// 2497//
f 2515// 2497// 2517//
f 2517// 2497// 2496//
f 2517// 2496// 2519//
f 2519// 2496// 2503//
f 2519// 2503// 2520//
f 2520// 2503// 2502//
f 2520// 2502// 2521//
f 2521// 2502// 2501//
f 2509// 2508// 2523//
f 2523// 2508// 2524//
f 2518// 2506// 2510//
f 2510// 2506// 2505//
f 2510// 2505// 2511//
f 2511// 2505// 2504//
f 2511// 2504// 2512//
f 2512// 2504// 2500//
f 2512// 2500// 2513//
f 2513// 2500// 2499//
f 2513// 2499// 2522//
f 2522// 2499// 2498//
f 2522// 2498// 2523//
f 2523// 2498// 2509//
f 2032// 1817// 2094//
f 2094// 1817// 1849//
f 1849// 1817// 1872//
f 1872// 1817// 1831//
f 1872// 1831// 1870//
f 1870// 1831// 1834//
f 1870// 1834// 1868//
f 1834// 1836// 1868//
f 1868// 1836// 1838//
f 1868// 1838// 1866//
f 1866// 1838// 1840//
f 1866// 1840// 1864//
f 1864// 1840// 1842//
f 1864// 1842// 1862//
f 1862// 1842// 1844//
f 1862// 1844// 1860//
f 1860// 1844// 1846//
f 1860// 1846// 2215//
f 2215// 1846// 2203//
f 1812// 1810// 2168//
f 2168// 1810// 2182//
f 2168// 2182// 2169//
f 2169// 2182// 2181//
f 2169// 2181// 2170//
f 2170// 2181// 2180//
f 2170// 2180// 2171//
f 2171// 2180// 2179//
f 2218// 2195// 2176//
f 2176// 2195// 2175//
f 2176// 2175// 2177//
f 2177// 2175// 2174//
f 2177// 2174// 2178//
f 2178// 2174// 2173//
f 2178// 2173// 2179//
f 2179// 2173// 2172//
f 2179// 2172// 2171//
f 2215// 2203// 2204//
f 2204// 2203// 2199//
f 2204// 2199// 2205//
f 2205// 2199// 2197//
f 2205// 2197// 2207//
f 2207// 2197// 2196//
f 2207// 2196// 2208//
f 2208// 2196// 2194//
f 2208// 2194// 2212//
f 2212// 2194// 2193//
f 2212// 2193// 2213//
f 2213// 2193// 2191//
f 2214// 2190// 2211//
f 2211// 2190// 2186//
f 2211// 2186// 2210//
f 2210// 2186// 2185//
f 2210// 2185// 2209//
f 2209// 2185// 2189//
f 2209// 2189// 2216//
f 2216// 2189// 2188//
f 2216// 2188// 2217//
f 2217// 2188// 2187//
f 2217// 2187// 2218//
f 2218// 2187// 2195//
f 2191// 2190// 2213//
f 2213// 2190// 2214//
f 2296// 2294// 2393//
f 2393// 2294// 2394//
f 2417// 2416// 2353//
f 2353// 2416// 2318//
f 2089// 1809// 2026//
f 2026// 1809// 1811//
f 2039// 2032// 2092//
f 2092// 2032// 2094//
f 2002// 2001// 1986//
f 1986// 2001// 1987//
f 2249// 2243// 2275//
f 2275// 2243// 2274//
f 2119// 1859// 2066//
f 2066// 1859// 1818//
f 2320// 1893// 2407//
f 2407// 1893// 1917//
f 2088// 2068// 2016//
f 2016// 2068// 1972//
f 2016// 1972// 2017//
f 2017// 1972// 1973//
f 2017// 1973// 2018//
f 2018// 1973// 1974//
f 2018// 1974// 2019//
f 2019// 1974// 1976//
f 2019// 1976// 2020//
f 2291// 2367// 2256//
f 2256// 2367// 2259//
f 2256// 2259// 2255//
f 2255// 2259// 2260//
f 2255// 2260// 2251//
f 2251// 2260// 2261//
f 2251// 2261// 2252//
f 2252// 2261// 2262//
f 2252// 2262// 2263//
f 1830// 1874// 1832//
f 1832// 1874// 1873//
f 1832// 1873// 1833//
f 1833// 1873// 1871//
f 1833// 1871// 1835//
f 1835// 1871// 1869//
f 1835// 1869// 1837//
f 1837// 1869// 1867//
f 2206// 2200// 1861//
f 1861// 2200// 1845//
f 1861// 1845// 1863//
f 1863// 1845// 1843//
f 1863// 1843// 1865//
f 1865// 1843// 1841//
f 1865// 1841// 1867//
f 1867// 1841// 1839//
f 1867// 1839// 1837//
f 1948// 1900// 1946//
f 1946// 1900// 1889//
f 1946// 1889// 1944//
f 1944// 1889// 1887//
f 1944// 1887// 1942//
f 1887// 1885// 1942//
f 1942// 1885// 1883//
f 1942// 1883// 1940//
f 1940// 1883// 1881//
f 1940// 1881// 1938//
f 1938// 1881// 1879//
f 1938// 1879// 1936//
f 1936// 1879// 1877//
f 1936// 1877// 1934//
f 1934// 1877// 1876//
f 1934// 1876// 2516//
f 2516// 1876// 2492//
f 2363// 2362// 2324//
f 2324// 2362// 2326//
f 2386// 2374// 2322//
f 2322// 2374// 2312//
f 2321// 2301// 2380//
f 2380// 2301// 2381//
f 2311// 2337// 2424//
f 2424// 2337// 2425//
f 2310// 2309// 2428//
f 2428// 2309// 2410//
f 2373// 2375// 2314//
f 2314// 2375// 2313//
f 2381// 2301// 2300//
f 2381// 2300// 2382//
f 2382// 2300// 2310//
f 2382// 2310// 2428//
f 2326// 2362// 2378//
f 2326// 2378// 2327//
f 2327// 2378// 2373//
f 2327// 2373// 2314//
f 2311// 2424// 2423//
f 2311// 2423// 2344//
f 2344// 2423// 2422//
f 2344// 2422// 2345//
f 2345// 2422// 2412//
f 2345// 2412// 2356//
f 2356// 2412// 2411//
f 2356// 2411// 2357//
f 2357// 2411// 2410//
f 2357// 2410// 2309//
f 2425// 2337// 2336//
f 2425// 2336// 2426//
f 2426// 2336// 2335//
f 2426// 2335// 2427//
f 2427// 2335// 2334//
f 2427// 2334// 2429//
f 2429// 2334// 2302//
f 2429// 2302// 2376//
f 2376// 2302// 2313//
f 2376// 2313// 2375//
f 2318// 2416// 2317//
f 2317// 2416// 2415//
f 2317// 2415// 2315//
f 2315// 2415// 2385//
f 2315// 2385// 2285//
f 2285// 2385// 2384//
f 2285// 2384// 2286//
f 2286// 2384// 2371//
f 2286// 2371// 2299//
f 2299// 2371// 2409//
f 2299// 2409// 2319//
f 2319// 2409// 2408//
f 1891// 1919// 1892//
f 1892// 1919// 1931//
f 1892// 1931// 1894//
f 1894// 1931// 1933//
f 1894// 1933// 1895//
f 1895// 1933// 1932//
f 1895// 1932// 1896//
f 1896// 1932// 1929//
f 1896// 1929// 1897//
f 1897// 1929// 1928//
f 1897// 1928// 1898//
f 1898// 1928// 1926//
f 1898// 1926// 1913//
f 1913// 1926// 1925//
f 1913// 1925// 1907//
f 1907// 1925// 1956//
f 1907// 1956// 1905//
f 1905// 1956// 1955//
f 1905// 1955// 1903//
f 1903// 1955// 1953//
f 1903// 1953// 1901//
f 1901// 1953// 1951//
f 1901// 1951// 1899//
f 1899// 1951// 1949//
f 2394// 2294// 2383//
f 2383// 2294// 2293//
f 2383// 2293// 2369//
f 2369// 2293// 2284//
f 2369// 2284// 2370//
f 2370// 2284// 2283//
f 2370// 2283// 2372//
f 2372// 2283// 2316//
f 2372// 2316// 2402//
f 2402// 2316// 2287//
f 2402// 2287// 1815//
f 1815// 2287// 1813//
f 1816// 1814// 2470//
f 2470// 1814// 2462//
f 2470// 2462// 2471//
f 2471// 2462// 2461//
f 2471// 2461// 2472//
f 2472// 2461// 2460//
f 2472// 2460// 2473//
f 2473// 2460// 2459//
f 2473// 2459// 2474//
f 2474// 2459// 2458//
f 2474// 2458// 2475//
f 2458// 2457// 2475//
f 2475// 2457// 2456//
f 2475// 2456// 2476//
f 2476// 2456// 2455//
f 2476// 2455// 2477//
f 2477// 2455// 2451//
f 2477// 2451// 2478//
f 2478// 2451// 2450//
f 2478// 2450// 2479//
f 2479// 2450// 2454//
f 2479// 2454// 2488//
f 2488// 2454// 2453//
f 2488// 2453// 2487//
f 2386// 2322// 2350//
f 2386// 2350// 2387//
f 2387// 2350// 2349//
f 2387// 2349// 2418//
f 2418// 2349// 2347//
f 2418// 2347// 2419//
f 2419// 2347// 2346//
f 2419// 2346// 2421//
f 2421// 2346// 2348//
f 2421// 2348// 2420//
f 2420// 2348// 2321//
f 2420// 2321// 2380//
f 2367// 2291// 2368//
f 2368// 2291// 2289//
f 2368// 2289// 2398//
f 2398// 2289// 2288//
f 2398// 2288// 2399//
f 2399// 2288// 2331//
f 2399// 2331// 2364//
f 2364// 2331// 2305//
f 2364// 2305// 2379//
f 2379// 2305// 2325//
f 2379// 2325// 2374//
f 2374// 2325// 2312//
f 2268// 2266// 2247//
f 2249// 2275// 2250//
f 2250// 2275// 2271//
f 2250// 2271// 2248//
f 2248// 2271// 2270//
f 2248// 2270// 2241//
f 2241// 2270// 2269//
f 2241// 2269// 2242//
f 2242// 2269// 2268//
f 2242// 2268// 2244//
f 2244// 2268// 2247//
f 2266// 2265// 2247//
f 2247// 2265// 2273//
f 2247// 2273// 2246//
f 2246// 2273// 2272//
f 2246// 2272// 2245//
f 2245// 2272// 1803//
f 2245// 1803// 1802//
f 2253// 2252// 2263//
f 2253// 2263// 2254//
f 2257// 2234// 2258//
f 2258// 2234// 2254//
f 2258// 2254// 2264//
f 2264// 2254// 2263//
f 2237// 2236// 2257//
f 2257// 2236// 2235//
f 2257// 2235// 2234//
f 2257// 2280// 2237//
f 2237// 2280// 2279//
f 2237// 2279// 2238//
f 2238// 2279// 2239//
f 2274// 2243// 2276//
f 2276// 2243// 2240//
f 2276// 2240// 2277//
f 2277// 2240// 2239//
f 2277// 2239// 2278//
f 2278// 2239// 2279//
f 2363// 2324// 2365//
f 2365// 2324// 2323//
f 2365// 2323// 2401//
f 2401// 2323// 2304//
f 2401// 2304// 2400//
f 2400// 2304// 2303//
f 2400// 2303// 2366//
f 2366// 2303// 2290//
f 2366// 2290// 2406//
f 2406// 2290// 2292//
f 2406// 2292// 2407//
f 2407// 2292// 2320//
f 1924// 1909// 1930//
f 1930// 1909// 1908//
f 1930// 1908// 1927//
f 1927// 1908// 1906//
f 1927// 1906// 1954//
f 1954// 1906// 1904//
f 1954// 1904// 1952//
f 1952// 1904// 1902//
f 1952// 1902// 1950//
f 1950// 1902// 1900//
f 1950// 1900// 1948//
f 1917// 1893// 1918//
f 1918// 1893// 1914//
f 1918// 1914// 1920//
f 1920// 1914// 1916//
f 1920// 1916// 1921//
f 1921// 1916// 1915//
f 1921// 1915// 1922//
f 1922// 1915// 1912//
f 1922// 1912// 1923//
f 1923// 1912// 1911//
f 1923// 1911// 1924//
f 1924// 1911// 1910//
f 1924// 1910// 1909//
f 2034// 2030// 2120//
f 2120// 2030// 2108//
f 2058// 2024// 2129//
f 2129// 2024// 2130//
f 2104// 2142// 2081//
f 2081// 2142// 2080//
f 2121// 2110// 2033//
f 2033// 2110// 2031//
f 2103// 2102// 2049//
f 2049// 2102// 2077//
f 2047// 2087// 2111//
f 2111// 2087// 2145//
f 2103// 2049// 2048//
f 2103// 2048// 2112//
f 2112// 2048// 2031//
f 2112// 2031// 2110//
f 2047// 2111// 2109//
f 2047// 2109// 2029//
f 2029// 2109// 2108//
f 2029// 2108// 2030//
f 2077// 2102// 2148//
f 2077// 2148// 2079//
f 2079// 2148// 2147//
f 2079// 2147// 2078//
f 2078// 2147// 2146//
f 2078// 2146// 2076//
f 2076// 2146// 2152//
f 2076// 2152// 2082//
f 2082// 2152// 2104//
f 2082// 2104// 2081//
f 2145// 2087// 2086//
f 2145// 2086// 2140//
f 2140// 2086// 2085//
f 2140// 2085// 2131//
f 2131// 2085// 2084//
f 2131// 2084// 2132//
f 2132// 2084// 2083//
f 2132// 2083// 2141//
f 2141// 2083// 2080//
f 2141// 2080// 2142//
f 2121// 2033// 2036//
f 2121// 2036// 2123//
f 2123// 2036// 2070//
f 2123// 2070// 2124//
f 2124// 2070// 2069//
f 2124// 2069// 2138//
f 2138// 2069// 2060//
f 2138// 2060// 2139//
f 2139// 2060// 2059//
f 2139// 2059// 2127//
f 2127// 2059// 2058//
f 2127// 2058// 2129//
f 2130// 2024// 2099//
f 2099// 2024// 2023//
f 2099// 2023// 2100//
f 2100// 2023// 2065//
f 2100// 2065// 2126//
f 2126// 2065// 2064//
f 2126// 2064// 2107//
f 2107// 2064// 2062//
f 2107// 2062// 2125//
f 2125// 2062// 2067//
f 2125// 2067// 2088//
f 2088// 2067// 2068//
f 1978// 2005// 2004//
f 1978// 2004// 1980//
f 1980// 2004// 2007//
f 1980// 2007// 1981//
f 1981// 2007// 2006//
f 1981// 2006// 1985//
f 1985// 2006// 2002//
f 1985// 2002// 1986//
f 2005// 1978// 2008//
f 2008// 1978// 1977//
f 2008// 1977// 2009//
f 2009// 1977// 1984//
f 2009// 1984// 2010//
f 2010// 1984// 1983//
f 2010// 1983// 2011//
f 2011// 1983// 1982//
f 2011// 1982// 2012//
f 2012// 1982// 1800//
f 2012// 1800// 1798//
f 2020// 1976// 1975//
f 2020// 1975// 2013//
f 1975// 1995// 2013//
f 2013// 1995// 1994//
f 2013// 1994// 2014//
f 2014// 1994// 1993//
f 2014// 1993// 2015//
f 2015// 1993// 1992//
f 2015// 1992// 1996//
f 1996// 1992// 1991//
f 1996// 1991// 1997//
f 1997// 1991// 1990//
f 1997// 1990// 1998//
f 1998// 1990// 1989//
f 1998// 1989// 1999//
f 1999// 1989// 1988//
f 1999// 1988// 2000//
f 2000// 1988// 1987//
f 2000// 1987// 2001//
f 2119// 2066// 2105//
f 2105// 2066// 2061//
f 2105// 2061// 2106//
f 2106// 2061// 2063//
f 2106// 2063// 2101//
f 2101// 2063// 2025//
f 2101// 2025// 2128//
f 2128// 2025// 2057//
f 2128// 2057// 2122//
f 2122// 2057// 2035//
f 2122// 2035// 2120//
f 2120// 2035// 2034//
f 1874// 1830// 1850//
f 1850// 1830// 1829//
f 1850// 1829// 1847//
f 1847// 1829// 1828//
f 1847// 1828// 1848//
f 1848// 1828// 1827//
f 1848// 1827// 1851//
f 1851// 1827// 1826//
f 1851// 1826// 1852//
f 1852// 1826// 1825//
f 1852// 1825// 1853//
f 1853// 1825// 1824//
f 1853// 1824// 1854//
f 1854// 1824// 1823//
f 1854// 1823// 1855//
f 1855// 1823// 1822//
f 1855// 1822// 1856//
f 1856// 1822// 1821//
f 1856// 1821// 1857//
f 1857// 1821// 1820//
f 1857// 1820// 1858//
f 1858// 1820// 1819//
f 1858// 1819// 1859//
f 1859// 1819// 1818//
f 1782// 1784// 1424//
f 1424// 1784// 1423//
f 1784// 1781// 1423//
f 1423// 1781// 1429//
f 1430// 1429// 2525//
f 2525// 1429// 1781//
f 2525// 1781// 1780//
f 1790// 1792// 1435//
f 1435// 1792// 1433//
f 1787// 1790// 1438//
f 1438// 1790// 1435//
f 2525// 1205// 1430//
f 2526// 2527// 1788//
f 1788// 2527// 2528//
f 1788// 2528// 1789//
f 2529// 2526// 2530//
f 2530// 2526// 1788//
f 2530// 1788// 2531//
f 2531// 1788// 1776//
f 2532// 2533// 2534//
f 2534// 2533// 2535//
f 2534// 2535// 2536//
f 2536// 2535// 2537//
f 2536// 2537// 1777//
f 1777// 2537// 1431//
f 1432// 1431// 1776//
f 1776// 1431// 2537//
f 1776// 2537// 2531//
f 2531// 2537// 2535//
f 2531// 2535// 2530//
f 2530// 2535// 2533//
f 2530// 2533// 2529//
f 2526// 2532// 2527//
f 2527// 2532// 2534//
f 2527// 2534// 2528//
f 2528// 2534// 2536//
f 2528// 2536// 1789//
f 1789// 2536// 1777//
f 2538// 2533// 2539//
f 2539// 2533// 2532//
f 2540// 2526// 2541//
f 2541// 2526// 2529//
f 2529// 2533// 2541//
f 2541// 2533// 2538//
f 2541// 2538// 2542//
f 2542// 2543// 2541//
f 2541// 2543// 2544//
f 2541// 2544// 2545//
f 2545// 2546// 2541//
f 2541// 2546// 2547//
f 2541// 2547// 2548//
f 2549// 2538// 2550//
f 2550// 2538// 2551//
f 2549// 2552// 2538//
f 2538// 2552// 2553//
f 2538// 2553// 2542//
f 2554// 2555// 2540//
f 2540// 2555// 2539//
f 2540// 2539// 2526//
f 2526// 2539// 2532//
f 2556// 2557// 2558//
f 2556// 2558// 2540//
f 2540// 2558// 2559//
f 2540// 2559// 2554//
f 2560// 2561// 2562//
f 2562// 2561// 2563//
f 2555// 2564// 2539//
f 2539// 2564// 2561//
f 2539// 2561// 2565//
f 2565// 2561// 2560//
f 2543// 2542// 2555//
f 2555// 2542// 2564//
f 2566// 2525// 1780//
f 2566// 1780// 2567//
f 2567// 1780// 2568//
f 2567// 2568// 2569//
f 1779// 2570// 1780//
f 1780// 2570// 2571//
f 1780// 2571// 2568//
f 1778// 1206// 2572//
f 2572// 1206// 2573//
f 2572// 2573// 2574//
f 2574// 2573// 2575//
f 2574// 2575// 2576//
f 2576// 2575// 2577//
f 1206// 1205// 2525//
f 1206// 2525// 2573//
f 2525// 2566// 2573//
f 2573// 2566// 2567//
f 2573// 2567// 2575//
f 2575// 2567// 2569//
f 2575// 2569// 2577//
f 2576// 2568// 2574//
f 2574// 2568// 2571//
f 2574// 2571// 2572//
f 2572// 2571// 2570//
f 2572// 2570// 1778//
f 1778// 2570// 1779//
f 2578// 2576// 2579//
f 2579// 2576// 2577//
f 2580// 2569// 2581//
f 2581// 2569// 2568//
f 2577// 2569// 2579//
f 2579// 2569// 2580//
f 2579// 2580// 2582//
f 2582// 2583// 2579//
f 2579// 2583// 2584//
f 2579// 2584// 2585//
f 2585// 2586// 2579//
f 2579// 2586// 2587//
f 2579// 2587// 2588//
f 2589// 2580// 2590//
f 2590// 2580// 2591//
f 2589// 2592// 2580//
f 2580// 2592// 2593//
f 2580// 2593// 2582//
f 2594// 2595// 2578//
f 2568// 2576// 2581//
f 2581// 2576// 2578//
f 2596// 2597// 2598//
f 2578// 2595// 2581//
f 2581// 2595// 2599//
f 2581// 2599// 2600//
f 2596// 2598// 2578//
f 2578// 2598// 2601//
f 2578// 2601// 2594//
f 2600// 2602// 2581//
f 2581// 2602// 2603//
f 2581// 2603// 2604//
f 2604// 2603// 2605//
f 2599// 2595// 2582//
f 2582// 2595// 2583//
f 2580// 2581// 2604//
f 2580// 2604// 2591//
f 2591// 2604// 2605//
f 2591// 2605// 2590//
f 2590// 2605// 2603//
f 2590// 2603// 2589//
f 2589// 2603// 2602//
f 2589// 2602// 2592//
f 2592// 2602// 2600//
f 2592// 2600// 2593//
f 2593// 2600// 2599//
f 2593// 2599// 2582//
f 2543// 2555// 2554//
f 2543// 2554// 2544//
f 2544// 2554// 2559//
f 2544// 2559// 2545//
f 2545// 2559// 2558//
f 2545// 2558// 2546//
f 2546// 2558// 2557//
f 2546// 2557// 2547//
f 2547// 2557// 2556//
f 2547// 2556// 2548//
f 2548// 2556// 2540//
f 2548// 2540// 2541//
f 2538// 2539// 2565//
f 2538// 2565// 2551//
f 2551// 2565// 2560//
f 2551// 2560// 2550//
f 2550// 2560// 2562//
f 2550// 2562// 2549//
f 2549// 2562// 2563//
f 2549// 2563// 2552//
f 2552// 2563// 2561//
f 2552// 2561// 2553//
f 2553// 2561// 2564//
f 2553// 2564// 2542//
f 2583// 2595// 2594//
f 2583// 2594// 2584//
f 2584// 2594// 2601//
f 2584// 2601// 2585//
f 2585// 2601// 2598//
f 2585// 2598// 2586//
f 2586// 2598// 2597//
f 2586// 2597// 2587//
f 2587// 2597// 2596//
f 2587// 2596// 2588//
f 2588// 2596// 2578//
f 2588// 2578// 2579//
f 2606// 2607// 1698//
f 1698// 2607// 1425//
f 2607// 2608// 1425//
f 1425// 2608// 1426//
f 2608// 2609// 1426//
f 1426// 2609// 1428//
f 2609// 2606// 1428//
f 1428// 2606// 1698//
f 2609// 2608// 2606//
f 2606// 2608// 2607//
f 2610// 2611// 1440//
f 1440// 2611// 1439//
f 2611// 2612// 1439//
f 1439// 2612// 1437//
f 2612// 2613// 1437//
f 1437// 2613// 1441//
f 2613// 2610// 1441//
f 1441// 2610// 1440//
f 2613// 2612// 2610//
f 2610// 2612// 2611//
f 2614// 2615// 2493//
f 2493// 2615// 2494//
f 2615// 2616// 2494//
f 2494// 2616// 2495//
f 2616// 2617// 2495//
f 2495// 2617// 2491//
f 2617// 2614// 2491//
f 2491// 2614// 2493//
f 2617// 2616// 2614//
f 2614// 2616// 2615//
f 2618// 2619// 2202//
f 2202// 2619// 2198//
f 2619// 2620// 2198//
f 2198// 2620// 2192//
f 2620// 2621// 2192//
f 2192// 2621// 2201//
f 2621// 2618// 2201//
f 2201// 2618// 2202//
f 2621// 2620// 2618//
f 2618// 2620// 2619//
f 2093// 2095// 2028//
f 2028// 2095// 2027//
f 2392// 1775// 2295//
f 2295// 1775// 1773//
f 2361// 2377// 2307//
f 2307// 2377// 2330//
f 2297// 2329// 2390//
f 2390// 2329// 2389//
f 2391// 2360// 2298//
f 2298// 2360// 2308//
f 2417// 2353// 2355//
f 2417// 2355// 2430//
f 2430// 2355// 2354//
f 2430// 2354// 2431//
f 2431// 2354// 2352//
f 2431// 2352// 2432//
f 2432// 2352// 2351//
f 2432// 2351// 2433//
f 2433// 2351// 2358//
f 2433// 2358// 2434//
f 2434// 2358// 1772//
f 2434// 1772// 1774//
f 2393// 2391// 2296//
f 2296// 2391// 2298//
f 2295// 2297// 2392//
f 2392// 2297// 2390//
f 2361// 2307// 2306//
f 2361// 2306// 2395//
f 2395// 2306// 2339//
f 2395// 2339// 2396//
f 2396// 2339// 2338//
f 2396// 2338// 2397//
f 2397// 2338// 2333//
f 2397// 2333// 2405//
f 2405// 2333// 2332//
f 2405// 2332// 2359//
f 2359// 2332// 2308//
f 2359// 2308// 2360//
f 2389// 2329// 2328//
f 2389// 2328// 2403//
f 2403// 2328// 2343//
f 2403// 2343// 2404//
f 2404// 2343// 2342//
f 2404// 2342// 2413//
f 2413// 2342// 2341//
f 2413// 2341// 2414//
f 2414// 2341// 2340//
f 2414// 2340// 2388//
f 2388// 2340// 2330//
f 2388// 2330// 2377//
f 2045// 2042// 2114//
f 2114// 2042// 2135//
f 2053// 2027// 2090//
f 2090// 2027// 2095//
f 2117// 2116// 2054//
f 2054// 2116// 2055//
f 2115// 2089// 2046//
f 2046// 2089// 2026//
f 2090// 2117// 2053//
f 2053// 2117// 2054//
f 2045// 2114// 2144//
f 2045// 2144// 2071//
f 2071// 2144// 2143//
f 2071// 2143// 2072//
f 2072// 2143// 2134//
f 2072// 2134// 2074//
f 2074// 2134// 2133//
f 2074// 2133// 2075//
f 2075// 2133// 2113//
f 2075// 2113// 2073//
f 2073// 2113// 2115//
f 2073// 2115// 2046//
f 2135// 2042// 2044//
f 2135// 2044// 2136//
f 2136// 2044// 2043//
f 2136// 2043// 2137//
f 2137// 2043// 2041//
f 2137// 2041// 2149//
f 2149// 2041// 2040//
f 2149// 2040// 2150//
f 2150// 2040// 2056//
f 2150// 2056// 2151//
f 2151// 2056// 2055//
f 2151// 2055// 2116//
f 2093// 2028// 2052//
f 2093// 2052// 2118//
f 2118// 2052// 2051//
f 2118// 2051// 2096//
f 2096// 2051// 2050//
f 2096// 2050// 2097//
f 2097// 2050// 2038//
f 2097// 2038// 2098//
f 2098// 2038// 2037//
f 2098// 2037// 2091//
f 2091// 2037// 2039//
f 2091// 2039// 2092//
usemtl 1
f 2622// 2623// 2624//
f 2625// 2626// 2627//
f 2628// 2629// 2630//
f 2631// 2632// 2633//
f 2633// 2632// 2634//
f 2635// 2636// 2624//
f 2624// 2636// 2637//
f 2624// 2637// 2622//
f 2627// 2626// 2638//
f 2639// 2640// 2641//
f 2642// 2643// 2632//
f 2632// 2643// 2644//
f 2632// 2644// 2634//
f 2634// 2644// 2645//
f 2646// 2647// 2648//
f 2648// 2647// 2649//
f 2648// 2649// 2650//
f 2650// 2649// 2651//
f 2650// 2651// 2652//
f 2652// 2651// 2653//
f 2652// 2653// 2654//
f 2654// 2653// 2624//
f 2654// 2624// 2655//
f 2655// 2624// 2656//
f 2657// 2658// 2646//
f 2646// 2658// 2659//
f 2646// 2659// 2647//
f 2631// 2633// 2641//
f 2641// 2633// 2660//
f 2641// 2660// 2639//
f 2661// 2662// 2663//
f 2663// 2662// 2664//
f 2663// 2664// 2665//
f 2665// 2664// 2666//
f 2665// 2666// 2667//
f 2667// 2666// 2668//
f 2628// 2630// 2669//
f 2669// 2630// 2670//
f 2669// 2670// 2671//
f 2671// 2670// 2672//
f 2671// 2672// 2673//
f 2626// 2674// 2638//
f 2638// 2674// 2675//
f 2638// 2675// 2676//
f 2676// 2675// 2677//
f 2676// 2677// 2628//
f 2628// 2677// 2678//
f 2628// 2678// 2629//
f 2656// 2624// 2679//
f 2679// 2624// 2623//
f 2679// 2623// 2680//
f 2645// 2644// 2646//
f 2646// 2644// 2681//
f 2646// 2681// 2657//
f 2682// 2683// 2684//
f 2684// 2683// 2685//
f 2684// 2685// 2686//
f 2686// 2685// 2687//
f 2686// 2687// 2688//
f 2688// 2687// 2689//
f 2688// 2689// 2690//
f 2690// 2689// 2691//
f 2690// 2691// 2692//
f 2666// 2693// 2668//
f 2668// 2693// 2694//
f 2668// 2694// 2695//
f 2695// 2694// 2696//
f 2695// 2696// 2697//
f 2697// 2696// 2698//
f 2697// 2698// 2699//
f 2699// 2698// 2700//
f 2699// 2700// 2701//
f 2701// 2700// 2702//
f 2701// 2702// 2703//
f 2703// 2702// 2704//
f 2703// 2704// 2682//
f 2682// 2704// 2705//
f 2682// 2705// 2683//
f 2706// 2707// 2708//
f 2708// 2707// 2709//
f 2708// 2709// 2663//
f 2663// 2709// 2710//
f 2663// 2710// 2661//
f 2711// 2712// 2713//
f 2713// 2712// 2714//
f 2713// 2714// 2715//
f 2715// 2714// 2716//
f 2715// 2716// 2717//
f 2717// 2716// 2718//
f 2717// 2718// 2719//
f 2719// 2718// 2720//
f 2719// 2720// 2635//
f 2635// 2720// 2721//
f 2635// 2721// 2636//
f 2673// 2672// 2722//
f 2722// 2672// 2723//
f 2722// 2723// 2724//
f 2724// 2723// 2725//
f 2724// 2725// 2726//
f 2726// 2725// 2727//
f 2726// 2727// 2728//
f 2728// 2727// 2729//
f 2728// 2729// 2706//
f 2706// 2729// 2730//
f 2706// 2730// 2707//
f 2627// 2731// 2625//
f 2625// 2731// 2732//
f 2625// 2732// 2733//
f 2733// 2732// 2734//
f 2733// 2734// 2735//
f 2735// 2734// 2736//
f 2735// 2736// 2711//
f 2711// 2736// 2737//
f 2711// 2737// 2712//
f 2640// 2738// 2641//
f 2641// 2738// 2739//
f 2641// 2739// 2740//
f 2740// 2739// 2741//
f 2740// 2741// 2742//
f 2742// 2741// 2743//
f 2742// 2743// 2744//
f 2744// 2743// 2745//
f 2744// 2745// 2746//
f 2746// 2745// 2747//
f 2746// 2747// 2748//
f 2748// 2747// 2749//
f 2748// 2749// 2750//
f 2750// 2749// 2751//
f 2750// 2751// 2752//
f 2752// 2751// 2753//
f 2752// 2753// 2754//
f 2754// 2753// 2755//
f 2754// 2755// 2756//
f 2756// 2755// 2757//
f 2756// 2757// 2623//
f 2623// 2757// 2758//
f 2623// 2758// 2680//
f 2759// 2760// 2761//
f 2691// 2762// 2692//
f 2692// 2762// 2759//
f 2692// 2759// 2763//
f 2763// 2759// 2761//
f 2764// 2765// 2759//
f 2759// 2765// 2766//
f 2759// 2766// 2760//
f 2767// 2768// 2769//
f 2768// 2770// 2769//
f 2769// 2770// 2771//
f 2769// 2771// 2772//
f 2764// 2759// 2769//
f 2769// 2759// 2773//
f 2769// 2773// 2767//
f 1591// 2668// 1592//
f 1592// 2668// 2695//
f 1592// 2695// 1593//
f 1593// 2695// 2697//
f 1593// 2697// 1502//
f 1502// 2697// 2699//
f 1502// 2699// 1503//
f 1591// 1443// 2668//
f 2668// 1443// 1442//
f 2668// 1442// 2667//
f 2667// 1442// 1451//
f 2667// 1451// 2665//
f 2665// 1451// 1450//
f 2665// 1450// 2663//
f 2663// 1450// 1449//
f 2663// 1449// 2708//
f 2708// 1449// 1448//
f 2708// 1448// 2706//
f 2706// 1448// 2728//
f 2728// 1448// 1447//
f 1447// 1446// 2728//
f 2728// 1446// 1453//
f 2728// 1453// 2726//
f 2726// 1453// 1452//
f 2726// 1452// 2724//
f 2724// 1452// 1455//
f 2724// 1455// 2722//
f 2722// 1455// 1454//
f 2722// 1454// 2673//
f 2673// 1454// 2671//
f 2671// 1454// 1464//
f 2671// 1464// 1465//
f 2671// 1465// 1466//
f 2671// 1466// 2669//
f 2669// 1466// 1468//
f 2669// 1468// 2628//
f 2628// 1468// 1467//
f 2628// 1467// 2676//
f 2676// 1467// 1459//
f 2676// 1459// 2638//
f 2638// 1459// 1458//
f 2638// 1458// 2627//
f 2627// 1458// 1470//
f 2627// 1470// 2731//
f 2731// 1470// 1469//
f 2731// 1469// 2732//
f 2732// 1469// 1463//
f 2732// 1463// 2734//
f 2737// 2736// 1462//
f 1462// 2736// 2734//
f 1462// 2734// 1463//
f 1462// 1461// 2737//
f 2737// 1461// 1482//
f 2737// 1482// 2712//
f 2712// 1482// 1481//
f 1481// 1480// 2712//
f 2712// 1480// 1479//
f 2712// 1479// 2714//
f 2714// 1479// 1477//
f 2714// 1477// 2716//
f 2716// 1477// 1476//
f 2716// 1476// 2718//
f 2718// 1476// 1475//
f 2718// 1475// 2720//
f 2720// 1475// 1474//
f 2720// 1474// 2721//
f 2721// 1474// 1472//
f 2721// 1472// 2636//
f 2636// 1472// 1471//
f 2636// 1471// 2637//
f 2637// 1471// 1487//
f 2637// 1487// 2622//
f 1487// 1486// 2622//
f 2622// 1486// 1484//
f 2622// 1484// 2623//
f 2623// 1484// 1483//
f 2623// 1483// 2756//
f 2756// 1483// 1495//
f 2756// 1495// 2754//
f 1495// 1494// 2754//
f 2754// 1494// 1493//
f 2754// 1493// 2752//
f 2752// 1493// 1488//
f 2752// 1488// 2750//
f 1553// 2631// 2641//
f 2750// 1488// 1490//
f 1492// 2746// 1490//
f 1490// 2746// 2748//
f 1490// 2748// 2750//
f 1492// 1501// 2746//
f 2746// 1501// 1500//
f 2746// 1500// 2744//
f 2744// 1500// 1499//
f 2744// 1499// 2742//
f 2742// 1499// 1497//
f 2742// 1497// 2740//
f 2740// 1497// 1496//
f 2740// 1496// 2641//
f 2641// 1496// 1552//
f 2641// 1552// 1553//
f 2632// 2631// 1539//
f 1539// 2631// 1553//
f 2642// 2632// 1507//
f 1507// 2632// 1539//
f 2643// 2642// 1512//
f 1512// 2642// 1507//
f 2644// 2643// 1511//
f 1511// 2643// 1512//
f 2644// 1511// 1513//
f 2644// 1513// 2681//
f 2681// 1513// 1514//
f 2681// 1514// 2657//
f 2657// 1514// 1536//
f 2657// 1536// 2658//
f 2658// 1536// 1535//
f 2658// 1535// 2659//
f 2659// 1535// 1534//
f 2659// 1534// 2647//
f 2647// 1534// 1530//
f 2647// 1530// 2649//
f 2649// 1530// 1531//
f 2649// 1531// 2651//
f 2651// 1531// 1527//
f 2651// 1527// 2653//
f 2653// 1527// 1529//
f 2653// 1529// 2624//
f 2624// 1529// 1528//
f 2624// 1528// 2635//
f 2635// 1528// 1526//
f 2635// 1526// 2719//
f 2719// 1526// 1525//
f 2719// 1525// 2717//
f 2717// 1525// 1533//
f 2717// 1533// 2715//
f 2715// 1533// 1532//
f 2715// 1532// 2713//
f 2711// 2713// 1532//
f 1532// 1520// 2711//
f 2711// 1520// 1564//
f 2711// 1564// 1563//
f 1576// 2733// 1563//
f 1563// 2733// 2735//
f 1563// 2735// 2711//
f 1576// 1590// 2733//
f 2733// 1590// 1589//
f 2733// 1589// 2625//
f 2625// 1589// 1588//
f 2625// 1588// 2626//
f 2626// 1588// 1582//
f 2626// 1582// 2674//
f 2674// 1582// 1581//
f 2674// 1581// 2675//
f 2675// 1581// 1580//
f 2675// 1580// 2677//
f 2677// 1580// 1577//
f 2677// 1577// 2678//
f 2678// 1577// 1572//
f 2678// 1572// 2629//
f 2629// 1572// 1575//
f 2629// 1575// 2630//
f 2630// 1575// 1583//
f 2630// 1583// 2670//
f 2670// 1583// 1585//
f 2670// 1585// 2672//
f 2672// 1585// 1587//
f 2672// 1587// 2723//
f 2723// 1587// 1586//
f 2723// 1586// 2725//
f 2725// 1586// 1584//
f 2725// 1584// 2727//
f 2727// 1584// 1574//
f 2727// 1574// 2729//
f 2729// 1574// 1573//
f 2729// 1573// 2730//
f 2730// 1573// 1571//
f 2730// 1571// 2707//
f 2707// 1571// 1570//
f 2707// 1570// 2709//
f 2709// 1570// 1579//
f 2709// 1579// 2710//
f 2710// 1579// 2661//
f 2661// 1579// 1578//
f 2661// 1578// 1562//
f 2662// 2661// 1565//
f 1565// 2661// 1562//
f 2662// 1565// 1569//
f 2662// 1569// 2664//
f 2664// 1569// 1568//
f 2664// 1568// 2666//
f 2666// 1568// 1567//
f 2666// 1567// 2693//
f 2693// 1567// 1566//
f 2693// 1566// 2694//
f 2694// 1566// 1519//
f 2694// 1519// 2696//
f 1519// 1518// 2696//
f 2696// 1518// 1517//
f 2696// 1517// 2698//
f 2698// 1517// 1545//
f 2698// 1545// 2700//
f 2700// 1545// 1544//
f 2700// 1544// 2702//
f 2702// 1544// 1543//
f 2702// 1543// 2704//
f 2704// 1543// 1542//
f 2704// 1542// 2705//
f 2705// 1542// 1561//
f 2705// 1561// 2683//
f 2683// 1561// 1560//
f 2683// 1560// 2685//
f 2685// 1560// 1559//
f 2685// 1559// 2687//
f 2687// 1559// 1558//
f 2687// 1558// 2689//
f 2691// 2689// 1557//
f 1557// 2689// 1558//
f 2691// 1557// 1524//
f 2691// 1524// 2762//
f 2762// 1524// 1523//
f 2762// 1523// 2759//
f 2759// 1523// 1522//
f 2759// 1522// 2773//
f 2773// 1522// 1506//
f 2773// 1506// 2767//
f 2767// 1506// 1505//
f 2767// 1505// 2768//
f 2768// 1505// 1515//
f 2768// 1515// 2770//
f 2770// 1515// 1541//
f 2770// 1541// 2771//
f 2771// 1541// 1540//
f 2771// 1540// 2772//
f 2772// 1540// 1538//
f 2772// 1538// 2769//
f 2769// 1538// 1537//
f 2769// 1537// 2764//
f 2764// 1537// 1551//
f 2764// 1551// 2765//
f 2765// 1551// 1550//
f 2765// 1550// 2766//
f 2766// 1550// 1549//
f 2766// 1549// 2760//
f 2760// 1549// 1548//
f 2760// 1548// 2761//
f 2761// 1548// 1547//
f 2761// 1547// 2763//
f 2763// 1547// 1546//
f 2763// 1546// 2692//
f 2692// 1546// 1556//
f 2692// 1556// 2690//
f 2688// 2690// 1555//
f 1555// 2690// 1556//
f 2688// 1555// 1554//
f 2688// 1554// 2686//
f 2686// 1554// 1509//
f 2686// 1509// 2684//
f 2684// 1509// 1508//
f 2684// 1508// 2682//
f 2682// 1508// 1516//
f 2682// 1516// 2703//
f 2703// 1516// 1521//
f 2703// 1521// 2701//
f 2701// 1521// 1503//
f 2701// 1503// 2699//
f 2645// 2774// 2775//
f 2645// 2775// 2634//
f 2634// 2775// 2776//
f 2634// 2776// 2633//
f 2633// 2776// 2777//
f 2633// 2777// 2660//
f 2660// 2777// 2778//
f 2660// 2778// 2639//
f 2639// 2778// 2779//
f 2639// 2779// 2640//
f 2640// 2779// 2780//
f 2640// 2780// 2738//
f 2738// 2780// 2781//
f 2738// 2781// 2739//
f 2739// 2781// 2782//
f 2739// 2782// 2741//
f 2741// 2782// 2783//
f 2741// 2783// 2743//
f 2743// 2783// 2784//
f 2743// 2784// 2745//
f 2745// 2784// 2785//
f 2745// 2785// 2747//
f 2747// 2785// 2786//
f 2747// 2786// 2749//
f 2749// 2786// 2787//
f 2749// 2787// 2751//
f 2751// 2787// 2788//
f 2751// 2788// 2753//
f 2753// 2788// 2789//
f 2753// 2789// 2755//
f 2755// 2789// 2790//
f 2755// 2790// 2757//
f 2757// 2790// 2791//
f 2757// 2791// 2758//
f 2758// 2791// 2792//
f 2758// 2792// 2680//
f 2680// 2792// 2793//
f 2680// 2793// 2679//
f 2679// 2793// 2794//
f 2679// 2794// 2656//
f 2656// 2794// 2795//
f 2656// 2795// 2655//
f 2655// 2795// 2796//
f 2655// 2796// 2654//
f 2654// 2796// 2797//
f 2654// 2797// 2652//
f 2652// 2797// 2798//
f 2652// 2798// 2650//
f 2650// 2798// 2799//
f 2650// 2799// 2648//
f 2648// 2799// 2800//
f 2648// 2800// 2646//
f 2646// 2800// 2774//
f 2646// 2774// 2645//
usemtl 3
f 2800// 2799// 2788//
f 2788// 2799// 2798//
f 2788// 2798// 2797//
f 2775// 2787// 2786//
f 2787// 2775// 2788//
f 2788// 2775// 2774//
f 2788// 2774// 2800//
f 2793// 2792// 2797//
f 2797// 2792// 2791//
f 2784// 2778// 2777//
f 2786// 2785// 2775//
f 2775// 2785// 2784//
f 2775// 2784// 2776//
f 2776// 2784// 2777//
f 2796// 2795// 2797//
f 2797// 2795// 2794//
f 2797// 2794// 2793//
f 2791// 2790// 2797//
f 2797// 2790// 2789//
f 2797// 2789// 2788//
f 2782// 2781// 2783//
f 2783// 2781// 2780//
f 2783// 2780// 2784//
f 2784// 2780// 2779//
f 2784// 2779// 2778//
usemtl 1
f 2801// 2802// 1702//
f 1702// 2802// 1703//
f 2803// 2801// 1707//
f 1707// 2801// 1702//
f 2804// 2803// 1706//
f 1706// 2803// 1707//
f 2805// 2804// 1705//
f 1705// 2804// 1706//
f 2806// 2805// 1704//
f 1704// 2805// 1705//
f 2802// 2806// 1703//
f 1703// 2806// 1704//
f 2804// 2805// 2803//
f 2803// 2805// 2806//
f 2803// 2806// 2801//
f 2801// 2806// 2802//
f 2807// 1646// 2808//
f 2808// 1646// 1606//
f 1606// 1605// 2808//
f 2808// 1605// 1604//
f 2808// 1604// 2809//
f 2809// 1604// 1601//
f 2809// 1601// 2810//
f 2811// 2810// 1600//
f 1600// 2810// 1601//
f 2811// 1600// 1617//
f 2811// 1617// 2812//
f 2812// 1617// 1618//
f 2812// 1618// 2813//
f 2813// 1618// 1619//
f 2813// 1619// 2814//
f 2814// 1619// 1624//
f 2814// 1624// 2815//
f 2815// 1624// 1625//
f 2815// 1625// 2816//
f 2816// 1625// 1623//
f 2816// 1623// 2817//
f 2817// 1623// 1622//
f 2817// 1622// 2818//
f 2818// 1622// 1621//
f 2818// 1621// 2819//
f 2819// 1621// 1620//
f 2819// 1620// 2820//
f 2820// 1620// 1616//
f 2820// 1616// 2821//
f 2821// 1616// 1615//
f 2821// 1615// 2822//
f 2822// 1615// 1614//
f 2822// 1614// 2823//
f 2823// 1614// 1613//
f 2823// 1613// 2824//
f 2824// 1613// 1612//
f 2824// 1612// 2825//
f 2825// 1612// 1611//
f 2825// 1611// 2826//
f 2826// 1611// 1610//
f 2826// 1610// 2827//
f 2827// 1610// 1609//
f 2827// 1609// 2828//
f 2828// 1609// 1603//
f 2828// 1603// 2829//
f 2829// 1603// 1602//
f 2829// 1602// 2830//
f 2830// 1602// 1607//
f 2830// 1607// 2831//
f 2831// 1607// 1608//
f 2831// 1608// 2832//
f 2832// 1608// 1598//
f 2832// 1598// 2833//
f 2834// 2833// 1597//
f 1597// 2833// 1598//
f 1627// 2835// 1595//
f 1595// 2835// 2836//
f 1595// 2836// 1596//
f 1596// 2836// 2834//
f 1596// 2834// 1597//
f 2835// 1627// 1203//
f 2835// 1203// 2837//
f 1203// 1202// 2837//
f 2837// 1202// 1634//
f 2837// 1634// 2838//
f 2838// 1634// 1633//
f 2838// 1633// 2839//
f 2839// 1633// 1632//
f 2839// 1632// 2840//
f 2840// 1632// 1631//
f 1630// 2841// 1631//
f 1631// 2841// 2842//
f 1631// 2842// 2840//
f 1630// 1629// 2841//
f 2841// 1629// 1639//
f 2841// 1639// 2843//
f 2843// 1639// 1638//
f 2843// 1638// 2844//
f 2844// 1638// 1636//
f 1635// 2845// 1636//
f 1636// 2845// 2846//
f 1636// 2846// 2844//
f 1635// 1645// 2845//
f 2845// 1645// 1644//
f 2845// 1644// 2847//
f 2847// 1644// 1642//
f 2847// 1642// 2848//
f 1646// 2807// 2849//
f 2848// 1642// 1641//
f 2848// 1641// 2850//
f 2850// 1641// 1649//
f 2850// 1649// 2851//
f 2851// 1649// 1648//
f 2851// 1648// 2849//
f 2849// 1648// 1647//
f 2849// 1647// 1646//
f 2827// 2828// 2837//
f 2823// 2824// 2842//
f 2842// 2824// 2840//
f 2837// 2828// 2835//
f 2844// 2822// 2843//
f 2843// 2822// 2823//
f 2843// 2823// 2841//
f 2841// 2823// 2842//
f 2828// 2829// 2835//
f 2835// 2829// 2830//
f 2835// 2830// 2836//
f 2836// 2830// 2831//
f 2836// 2831// 2834//
f 2834// 2831// 2832//
f 2834// 2832// 2833//
f 2810// 2811// 2809//
f 2809// 2811// 2812//
f 2809// 2812// 2808//
f 2808// 2812// 2813//
f 2808// 2813// 2807//
f 2807// 2813// 2814//
f 2807// 2814// 2849//
f 2849// 2814// 2815//
f 2849// 2815// 2851//
f 2851// 2815// 2816//
f 2851// 2816// 2850//
f 2850// 2816// 2817//
f 2850// 2817// 2848//
f 2848// 2817// 2818//
f 2848// 2818// 2847//
f 2847// 2818// 2819//
f 2847// 2819// 2845//
f 2845// 2819// 2846//
f 2846// 2819// 2820//
f 2846// 2820// 2844//
f 2844// 2820// 2821//
f 2844// 2821// 2822//
f 2824// 2825// 2840//
f 2840// 2825// 2826//
f 2840// 2826// 2839//
f 2839// 2826// 2827//
f 2839// 2827// 2838//
f 2838// 2827// 2837//
f 2852// 2853// 1658//
f 1658// 2853// 1665//
f 1653// 2854// 1652//
f 1652// 2854// 2852//
f 1652// 2852// 1658//
f 2855// 2854// 1651//
f 1651// 2854// 1653//
f 2855// 1651// 2856//
f 2856// 1651// 1650//
f 2856// 1650// 1657//
f 2857// 2856// 1659//
f 1659// 2856// 1657//
f 1664// 2858// 1661//
f 1661// 2858// 2857//
f 1661// 2857// 1659//
f 2859// 2858// 1663//
f 1663// 2858// 1664//
f 2859// 1663// 2860//
f 2860// 1663// 1662//
f 2860// 1662// 1660//
f 2861// 2860// 1655//
f 1655// 2860// 1660//
f 1669// 2862// 1656//
f 1656// 2862// 2861//
f 1656// 2861// 1655//
f 2863// 2862// 1668//
f 1668// 2862// 1669//
f 2863// 1668// 2853//
f 2853// 1668// 1667//
f 2853// 1667// 1665//
f 2863// 2853// 2852//
f 2852// 2854// 2863//
f 2863// 2854// 2855//
f 2863// 2855// 2862//
f 2860// 2861// 2859//
f 2859// 2861// 2862//
f 2859// 2862// 2858//
f 2858// 2862// 2855//
f 2858// 2855// 2857//
f 2857// 2855// 2856//
f 2864// 2865// 2866//
f 2866// 2865// 2867//
f 2866// 2867// 2868//
f 2868// 2867// 2869//
f 2868// 2869// 2870//
f 2870// 2869// 2871//
f 2870// 2871// 2872//
f 2872// 2871// 2873//
f 2872// 2873// 2874//
f 2874// 2873// 2875//
f 2874// 2875// 2876//
f 2875// 2877// 2876//
f 2876// 2877// 2878//
f 2876// 2878// 2879//
f 2879// 2878// 2880//
f 2879// 2880// 2881//
f 2881// 2880// 2882//
f 2881// 2882// 2883//
f 2883// 2882// 2884//
f 2883// 2884// 2885//
f 2885// 2884// 2886//
f 2885// 2886// 2887//
f 2887// 2886// 2888//
f 2887// 2888// 2889//
f 2889// 2888// 2890//
f 2889// 2890// 2891//
f 2891// 2890// 2892//
f 2891// 2892// 2893//
f 2893// 2892// 2894//
f 2893// 2894// 2895//
f 2895// 2894// 2896//
f 2895// 2896// 2897//
f 2897// 2896// 2898//
f 2897// 2898// 2864//
f 2864// 2898// 2899//
f 2864// 2899// 2865//
f 2870// 2872// 1417//
f 1417// 2872// 1419//
f 1406// 2864// 2866//
f 2870// 1417// 1416//
f 2870// 1416// 2868//
f 2868// 1416// 1403//
f 2868// 1403// 2866//
f 2866// 1403// 1405//
f 2866// 1405// 1406//
f 2864// 1406// 1397//
f 2864// 1397// 2897//
f 2897// 1397// 1396//
f 2897// 1396// 2895//
f 2895// 1396// 1412//
f 2895// 1412// 2893//
f 2893// 1412// 1411//
f 2893// 1411// 2891//
f 2891// 1411// 1410//
f 2891// 1410// 2889//
f 2889// 1410// 1409//
f 2889// 1409// 2887//
f 2887// 1409// 1408//
f 2887// 1408// 2885//
f 2885// 1408// 1407//
f 2885// 1407// 2883//
f 1414// 2876// 2879//
f 2883// 1407// 1402//
f 2883// 1402// 2881//
f 2881// 1402// 1400//
f 2881// 1400// 2879//
f 2879// 1400// 1415//
f 2879// 1415// 1414//
f 2874// 2876// 1420//
f 1420// 2876// 1414//
f 2872// 2874// 1419//
f 1419// 2874// 1420//
f 2877// 2875// 2900//
f 2900// 2875// 2901//
f 2875// 2873// 2901//
f 2901// 2873// 2902//
f 2873// 2871// 2902//
f 2902// 2871// 2903//
f 2899// 2904// 2905//
f 2899// 2905// 2865//
f 2865// 2905// 2906//
f 2865// 2906// 2867//
f 2867// 2906// 2907//
f 2867// 2907// 2869//
f 2869// 2907// 2903//
f 2869// 2903// 2871//
f 2892// 2908// 2909//
f 2892// 2909// 2894//
f 2894// 2909// 2910//
f 2894// 2910// 2896//
f 2896// 2910// 2911//
f 2896// 2911// 2898//
f 2898// 2911// 2904//
f 2898// 2904// 2899//
f 2884// 2912// 2913//
f 2884// 2913// 2886//
f 2886// 2913// 2914//
f 2886// 2914// 2888//
f 2888// 2914// 2915//
f 2888// 2915// 2890//
f 2890// 2915// 2908//
f 2890// 2908// 2892//
f 2877// 2900// 2916//
f 2877// 2916// 2878//
f 2878// 2916// 2917//
f 2878// 2917// 2880//
f 2880// 2917// 2918//
f 2880// 2918// 2882//
f 2882// 2918// 2912//
f 2882// 2912// 2884//
usemtl 3
f 2906// 2905// 2916//
f 2901// 2902// 2900//
f 2900// 2902// 2903//
f 2900// 2903// 2916//
f 2916// 2903// 2907//
f 2916// 2907// 2906//
f 2905// 2904// 2916//
f 2916// 2904// 2911//
f 2916// 2911// 2910//
f 2908// 2912// 2918//
f 2915// 2914// 2908//
f 2908// 2914// 2913//
f 2908// 2913// 2912//
f 2910// 2909// 2916//
f 2916// 2909// 2908//
f 2916// 2908// 2917//
f 2917// 2908// 2918//
usemtl 1
f 2919// 2920// 2921//
f 2921// 2920// 2922//
f 2923// 2924// 2919//
f 2919// 2924// 2925//
f 2919// 2925// 2920//
f 2920// 2925// 2926//
f 2923// 2927// 2924//
f 2924// 2927// 2928//
f 2924// 2928// 2929//
f 2929// 2928// 2930//
f 2929// 2930// 2931//
f 2931// 2932// 2929//
f 2929// 2932// 2921//
f 2929// 2921// 2933//
f 2933// 2921// 2922//
f 2933// 2922// 2934//
f 2929// 2933// 1673//
f 1673// 2933// 1671//
f 2924// 2929// 1682//
f 1682// 2929// 1673//
f 1677// 2925// 1681//
f 1681// 2925// 2924//
f 1681// 2924// 1682//
f 2926// 2925// 1676//
f 1676// 2925// 1677//
f 2920// 2926// 1679//
f 1679// 2926// 1676//
f 1720// 2922// 1678//
f 1678// 2922// 2920//
f 1678// 2920// 1679//
f 2934// 2922// 1672//
f 1672// 2922// 1720//
f 2933// 2934// 1671//
f 1671// 2934// 1672//
f 2919// 2921// 2935//
f 2935// 2921// 2936//
f 2921// 2932// 2936//
f 2936// 2932// 2937//
f 2930// 2938// 2939//
f 2930// 2939// 2931//
f 2931// 2939// 2937//
f 2931// 2937// 2932//
f 2930// 2928// 2938//
f 2938// 2928// 2940//
f 2923// 2941// 2942//
f 2923// 2942// 2927//
f 2927// 2942// 2940//
f 2927// 2940// 2928//
f 2923// 2919// 2941//
f 2941// 2919// 2935//
usemtl 3
f 2938// 2940// 2939//
f 2939// 2940// 2942//
f 2939// 2942// 2937//
f 2937// 2942// 2941//
f 2937// 2941// 2936//
f 2936// 2941// 2935//
usemtl 1
f 2943// 2944// 1741//
f 1741// 2944// 1740//
f 2945// 2943// 1746//
f 1746// 2943// 1741//
f 2946// 2945// 1745//
f 1745// 2945// 1746//
f 2947// 2946// 1747//
f 1747// 2946// 1745//
f 2948// 2947// 1748//
f 1748// 2947// 1747//
f 2949// 2948// 1749//
f 1749// 2948// 1748//
f 2950// 2949// 1750//
f 1750// 2949// 1749//
f 2951// 2950// 1742//
f 1742// 2950// 1750//
f 2952// 2951// 1744//
f 1744// 2951// 1742//
f 2953// 2952// 1743//
f 1743// 2952// 1744//
f 2954// 2953// 1739//
f 1739// 2953// 1743//
f 2944// 2954// 1740//
f 1740// 2954// 1739//
f 2954// 2944// 2943//
f 2943// 2945// 2954//
f 2954// 2945// 2946//
f 2954// 2946// 2953//
f 2951// 2952// 2950//
f 2950// 2952// 2953//
f 2950// 2953// 2949//
f 2949// 2953// 2946//
f 2949// 2946// 2948//
f 2948// 2946// 2947//
f 2955// 2956// 2957//
f 2957// 2956// 2958//
f 2959// 2960// 2958//
f 2958// 2960// 2961//
f 2962// 2963// 2964//
f 2964// 2963// 2965//
f 2966// 2967// 2968//
f 2961// 2969// 2958//
f 2958// 2969// 2970//
f 2958// 2970// 2957//
f 2957// 2970// 2971//
f 2957// 2971// 2962//
f 2962// 2971// 2972//
f 2962// 2972// 2963//
f 2973// 2974// 2975//
f 2975// 2974// 2976//
f 2975// 2976// 2977//
f 2977// 2976// 2978//
f 2977// 2978// 2979//
f 2979// 2978// 2980//
f 2979// 2980// 2981//
f 2981// 2980// 2982//
f 2981// 2982// 2983//
f 2983// 2982// 2984//
f 2983// 2984// 2985//
f 2985// 2984// 2986//
f 2985// 2986// 2987//
f 2987// 2986// 2988//
f 2987// 2988// 2989//
f 2989// 2988// 2990//
f 2989// 2990// 2991//
f 2991// 2990// 2992//
f 2991// 2992// 2958//
f 2958// 2992// 2993//
f 2958// 2993// 2959//
f 2968// 2967// 2994//
f 2994// 2967// 2995//
f 2994// 2995// 2996//
f 2997// 2998// 2993//
f 2993// 2998// 2999//
f 2993// 2999// 2959//
f 3000// 3001// 3002//
f 3002// 3001// 3003//
f 3002// 3003// 3004//
f 3004// 3003// 3005//
f 3004// 3005// 3006//
f 3006// 3005// 3007//
f 3006// 3007// 3008//
f 3008// 3007// 3009//
f 3008// 3009// 3010//
f 3010// 3009// 3011//
f 3010// 3011// 2965//
f 2965// 3011// 3012//
f 2965// 3012// 2964//
f 2968// 3013// 2966//
f 2966// 3013// 2998//
f 2966// 2998// 3014//
f 3014// 2998// 2997//
f 2995// 3015// 2996//
f 2996// 3015// 3016//
f 2996// 3016// 3017//
f 3017// 3016// 3018//
f 3017// 3018// 3019//
f 3019// 3018// 3020//
f 3019// 3020// 3021//
f 3021// 3020// 3022//
f 3021// 3022// 3000//
f 3000// 3022// 3023//
f 3000// 3023// 3001//
f 2979// 1316// 1288//
f 2979// 1288// 2977//
f 2977// 1288// 1290//
f 2977// 1290// 2975//
f 2975// 1290// 1291//
f 2975// 1291// 2973//
f 2974// 2973// 1274//
f 1274// 2973// 1291//
f 2974// 1274// 1294//
f 2974// 1294// 2976//
f 2976// 1294// 1298//
f 2976// 1298// 2978//
f 2978// 1298// 1297//
f 2978// 1297// 2980//
f 2980// 1297// 1296//
f 2980// 1296// 2982//
f 2982// 1296// 1328//
f 2982// 1328// 2984//
f 2984// 1328// 1327//
f 2984// 1327// 2986//
f 2986// 1327// 1322//
f 2986// 1322// 2988//
f 2988// 1322// 1321//
f 2988// 1321// 2990//
f 2990// 1321// 1320//
f 2990// 1320// 2992//
f 2992// 1320// 1319//
f 2992// 1319// 2993//
f 2997// 2993// 1295//
f 1295// 2993// 1319//
f 2997// 1295// 1293//
f 2997// 1293// 3014//
f 3014// 1293// 1292//
f 3014// 1292// 2966//
f 2966// 1292// 1273//
f 2966// 1273// 2967//
f 2967// 1273// 1275//
f 2967// 1275// 2995//
f 2995// 1275// 1276//
f 2995// 1276// 3015//
f 3015// 1276// 1311//
f 3015// 1311// 3016//
f 3016// 1311// 1310//
f 3016// 1310// 3018//
f 3018// 1310// 1287//
f 3018// 1287// 3020//
f 3020// 1287// 1286//
f 3020// 1286// 3022//
f 3022// 1286// 1304//
f 3022// 1304// 3023//
f 3023// 1304// 1303//
f 3023// 1303// 3001//
f 1394// 3007// 1395//
f 1395// 3007// 3005//
f 1395// 3005// 1283//
f 1283// 3005// 3003//
f 1283// 3003// 1284//
f 1284// 3003// 3001//
f 1284// 3001// 1303//
f 1394// 1279// 3007//
f 3007// 1279// 3009//
f 1279// 1306// 3009//
f 3009// 1306// 1305//
f 3009// 1305// 3011//
f 3011// 1305// 1302//
f 3011// 1302// 3012//
f 3012// 1302// 1301//
f 3012// 1301// 2964//
f 2964// 1301// 1300//
f 2964// 1300// 2962//
f 2957// 2962// 1299//
f 1299// 2962// 1300//
f 2955// 2957// 1278//
f 1278// 2957// 1299//
f 2956// 2955// 1277//
f 1277// 2955// 1278//
f 2958// 2956// 1281//
f 1281// 2956// 1277//
f 2958// 1281// 1323//
f 2958// 1323// 2991//
f 2991// 1323// 1325//
f 2991// 1325// 2989//
f 2989// 1325// 1309//
f 2989// 1309// 2987//
f 2987// 1309// 1308//
f 2987// 1308// 2985//
f 2985// 1308// 1318//
f 2985// 1318// 2983//
f 2983// 1318// 1317//
f 2983// 1317// 2981//
f 2981// 1317// 1316//
f 2981// 1316// 2979//
f 3013// 3024// 3025//
f 3013// 3025// 2998//
f 2998// 3025// 3026//
f 2998// 3026// 2999//
f 2999// 3026// 3027//
f 2999// 3027// 2959//
f 3017// 3028// 3029//
f 3017// 3029// 2996//
f 2996// 3029// 3030//
f 2996// 3030// 2994//
f 2994// 3030// 3031//
f 2994// 3031// 2968//
f 2968// 3031// 3024//
f 2968// 3024// 3013//
f 3002// 3032// 3033//
f 3002// 3033// 3000//
f 3000// 3033// 3034//
f 3000// 3034// 3021//
f 3021// 3034// 3035//
f 3021// 3035// 3019//
f 3019// 3035// 3028//
f 3019// 3028// 3017//
f 3008// 3036// 3037//
f 3008// 3037// 3006//
f 3006// 3037// 3038//
f 3006// 3038// 3004//
f 3004// 3038// 3032//
f 3004// 3032// 3002//
f 2972// 3039// 3040//
f 2972// 3040// 2963//
f 2963// 3040// 3041//
f 2963// 3041// 2965//
f 2965// 3041// 3042//
f 2965// 3042// 3010//
f 3010// 3042// 3036//
f 3010// 3036// 3008//
f 2961// 3043// 3044//
f 2961// 3044// 2969//
f 2969// 3044// 3045//
f 2969// 3045// 2970//
f 2970// 3045// 3046//
f 2970// 3046// 2971//
f 2971// 3046// 3039//
f 2971// 3039// 2972//
f 2961// 2960// 3043//
f 3043// 2960// 3047//
f 2960// 2959// 3047//
f 3047// 2959// 3027//
usemtl 3
f 3044// 3043// 3024//
f 3043// 3047// 3027//
f 3027// 3026// 3043//
f 3043// 3026// 3025//
f 3043// 3025// 3024//
f 3044// 3024// 3045//
f 3045// 3024// 3031//
f 3045// 3031// 3046//
f 3033// 3032// 3040//
f 3033// 3040// 3034//
f 3041// 3040// 3042//
f 3042// 3040// 3036//
f 3031// 3030// 3046//
f 3046// 3030// 3029//
f 3046// 3029// 3039//
f 3039// 3029// 3028//
f 3039// 3028// 3040//
f 3040// 3028// 3035//
f 3040// 3035// 3034//
f 3032// 3038// 3040//
f 3040// 3038// 3037//
f 3040// 3037// 3036//
usemtl 1
f 1280// 3048// 3049//
f 3050// 1379// 1376//
f 3050// 1376// 3051//
f 3051// 1376// 1313//
f 3051// 1313// 3049//
f 3049// 1313// 1312//
f 3049// 1312// 1280//
f 3052// 3048// 1282//
f 1282// 3048// 1280//
f 1282// 1332// 3052//
f 3052// 1332// 3053//
f 1336// 3054// 1335//
f 1335// 3054// 3053//
f 1335// 3053// 1334//
f 1334// 3053// 1332//
f 3054// 1336// 3055//
f 3055// 1336// 1209//
f 1209// 1208// 3055//
f 3055// 1208// 1357//
f 3055// 1357// 3056//
f 3056// 1357// 1356//
f 3056// 1356// 3057//
f 3057// 1356// 1351//
f 3057// 1351// 3058//
f 3058// 1351// 1350//
f 3058// 1350// 3059//
f 3059// 1350// 1349//
f 3059// 1349// 3060//
f 3060// 1349// 1348//
f 3060// 1348// 3061//
f 3061// 1348// 1347//
f 3061// 1347// 3062//
f 3062// 1347// 1340//
f 3062// 1340// 3063//
f 3063// 1340// 1339//
f 3063// 1339// 3064//
f 3064// 1339// 1372//
f 3064// 1372// 3065//
f 3065// 1372// 1371//
f 3065// 1371// 3066//
f 3066// 1371// 1369//
f 3066// 1369// 3067//
f 3067// 1369// 1367//
f 3067// 1367// 3068//
f 3068// 1367// 1366//
f 3068// 1366// 3069//
f 3069// 1366// 1365//
f 3069// 1365// 3070//
f 3070// 1365// 1364//
f 3070// 1364// 3071//
f 3071// 1364// 1363//
f 3071// 1363// 3072//
f 3072// 1363// 1360//
f 3072// 1360// 3073//
f 3073// 1360// 1375//
f 3073// 1375// 3074//
f 3074// 1375// 1374//
f 3074// 1374// 3075//
f 3075// 1374// 1373//
f 3075// 1373// 3076//
f 3076// 1373// 1362//
f 3076// 1362// 3077//
f 3077// 1362// 1361//
f 3077// 1361// 3078//
f 3078// 1361// 1359//
f 3078// 1359// 3079//
f 3079// 1359// 1358//
f 3079// 1358// 3080//
f 3080// 1358// 1368//
f 3080// 1368// 3081//
f 3081// 1368// 1370//
f 3081// 1370// 3082//
f 3082// 1370// 1341//
f 3082// 1341// 3083//
f 3084// 3083// 1354//
f 1354// 3083// 1341//
f 3084// 1354// 1355//
f 3084// 1355// 3085//
f 3085// 1355// 1353//
f 3085// 1353// 3086//
f 3086// 1353// 1352//
f 3086// 1352// 3087//
f 3087// 1352// 1346//
f 3087// 1346// 3088//
f 3088// 1346// 1345//
f 3088// 1345// 3089//
f 1345// 1343// 3089//
f 3089// 1343// 3090//
f 1343// 1342// 3090//
f 3090// 1342// 1307//
f 3090// 1307// 3091//
f 3091// 1307// 1315//
f 3091// 1315// 3092//
f 3092// 1315// 1326//
f 3092// 1326// 3093//
f 3093// 1326// 1324//
f 3093// 1324// 3094//
f 3094// 1324// 1331//
f 3094// 1331// 3095//
f 3095// 1331// 1330//
f 3095// 1330// 3096//
f 1377// 3097// 3098//
f 3096// 1330// 1329//
f 3096// 1329// 3099//
f 3099// 1329// 1314//
f 3099// 1314// 3098//
f 3098// 1314// 1378//
f 3098// 1378// 1377//
f 3097// 1377// 1381//
f 3097// 1381// 3100//
f 3100// 1381// 1392//
f 3100// 1392// 3101//
f 3101// 1392// 1391//
f 3101// 1391// 3102//
f 3102// 1391// 1390//
f 3102// 1390// 3103//
f 3103// 1390// 1384//
f 3103// 1384// 3104//
f 3104// 1384// 1383//
f 3104// 1383// 3105//
f 3105// 1383// 1389//
f 3105// 1389// 3106//
f 3106// 1389// 1388//
f 3106// 1388// 3107//
f 3107// 1388// 1387//
f 3107// 1387// 3108//
f 3108// 1387// 1386//
f 3108// 1386// 3109//
f 3109// 1386// 1385//
f 3109// 1385// 3110//
f 3110// 1385// 1382//
f 3110// 1382// 3111//
f 3111// 1382// 1380//
f 3111// 1380// 3112//
f 3112// 1380// 1379//
f 3112// 1379// 3050//
f 3076// 3077// 3088//
f 3088// 3077// 3087//
f 3100// 3067// 3097//
f 3097// 3067// 3068//
f 3056// 3057// 3108//
f 3108// 3057// 3058//
f 3108// 3058// 3107//
f 3107// 3058// 3059//
f 3107// 3059// 3106//
f 3106// 3059// 3060//
f 3106// 3060// 3105//
f 3105// 3060// 3061//
f 3105// 3061// 3104//
f 3104// 3061// 3062//
f 3104// 3062// 3103//
f 3103// 3062// 3063//
f 3103// 3063// 3102//
f 3102// 3063// 3064//
f 3102// 3064// 3101//
f 3101// 3064// 3065//
f 3101// 3065// 3100//
f 3100// 3065// 3066//
f 3100// 3066// 3067//
f 3054// 3050// 3053//
f 3053// 3050// 3051//
f 3053// 3051// 3052//
f 3052// 3051// 3049//
f 3052// 3049// 3048//
f 3077// 3078// 3087//
f 3087// 3078// 3079//
f 3087// 3079// 3086//
f 3086// 3079// 3080//
f 3086// 3080// 3085//
f 3085// 3080// 3081//
f 3085// 3081// 3084//
f 3084// 3081// 3082//
f 3084// 3082// 3083//
f 3108// 3109// 3056//
f 3056// 3109// 3110//
f 3056// 3110// 3055//
f 3055// 3110// 3111//
f 3055// 3111// 3054//
f 3054// 3111// 3112//
f 3054// 3112// 3050//
f 3088// 3089// 3076//
f 3076// 3089// 3090//
f 3076// 3090// 3075//
f 3075// 3090// 3091//
f 3075// 3091// 3074//
f 3074// 3091// 3092//
f 3074// 3092// 3073//
f 3073// 3092// 3093//
f 3073// 3093// 3072//
f 3072// 3093// 3094//
f 3072// 3094// 3071//
f 3071// 3094// 3095//
f 3071// 3095// 3070//
f 3070// 3095// 3096//
f 3070// 3096// 3069//
f 3069// 3096// 3099//
f 3069// 3099// 3068//
f 3068// 3099// 3098//
f 3068// 3098// 3097//
f 3113// 3114// 1232//
f 1232// 3114// 1233//
f 3115// 3113// 1243//
f 1243// 3113// 1232//
f 3115// 1243// 1244//
f 3115// 1244// 3116//
f 3116// 1244// 1240//
f 3116// 1240// 3117//
f 3118// 3117// 1239//
f 1239// 3117// 1240//
f 3119// 3118// 1238//
f 1238// 3118// 1239//
f 1249// 3120// 1242//
f 1242// 3120// 3119//
f 1242// 3119// 1238//
f 3121// 3120// 1247//
f 1247// 3120// 1249//
f 1250// 3122// 1246//
f 1246// 3122// 3121//
f 1246// 3121// 1247//
f 1252// 3123// 1251//
f 1251// 3123// 3122//
f 1251// 3122// 1250//
f 1252// 1258// 3123//
f 3123// 1258// 3124//
f 1258// 1257// 3124//
f 3124// 1257// 1256//
f 3124// 1256// 3125//
f 3125// 1256// 1266//
f 3125// 1266// 3126//
f 3126// 1266// 1265//
f 3126// 1265// 3127//
f 3127// 1265// 1264//
f 3127// 1264// 3128//
f 3128// 1264// 1338//
f 3128// 1338// 3129//
f 3129// 1338// 1255//
f 3129// 1255// 3130//
f 3131// 3130// 1254//
f 1254// 3130// 1255//
f 3131// 1254// 1263//
f 3131// 1263// 3132//
f 3132// 1263// 1262//
f 3132// 1262// 3133//
f 3133// 1262// 1260//
f 3133// 1260// 3134//
f 3134// 1260// 1259//
f 3134// 1259// 3135//
f 1259// 1272// 3135//
f 3135// 1272// 1271//
f 3135// 1271// 3136//
f 3136// 1271// 1270//
f 3136// 1270// 3137//
f 3137// 1270// 1268//
f 3137// 1268// 3138//
f 3138// 1268// 1267//
f 3138// 1267// 3139//
f 1233// 3114// 1237//
f 1237// 3114// 3139//
f 1237// 3139// 1267//
f 3116// 3117// 3139//
f 3114// 3113// 3139//
f 3139// 3113// 3115//
f 3139// 3115// 3116//
f 3120// 3121// 3119//
f 3119// 3121// 3122//
f 3119// 3122// 3118//
f 3130// 3131// 3129//
f 3129// 3131// 3132//
f 3129// 3132// 3128//
f 3128// 3132// 3133//
f 3128// 3133// 3127//
f 3127// 3133// 3134//
f 3127// 3134// 3126//
f 3126// 3134// 3135//
f 3126// 3135// 3125//
f 3117// 3118// 3139//
f 3139// 3118// 3122//
f 3139// 3122// 3138//
f 3122// 3123// 3138//
f 3138// 3123// 3124//
f 3138// 3124// 3137//
f 3137// 3124// 3125//
f 3137// 3125// 3136//
f 3136// 3125// 3135//
f 3140// 3141// 1218//
f 1218// 3141// 1220//
f 1214// 3142// 1213//
f 1213// 3142// 3140//
f 1213// 3140// 1218//
f 3143// 3142// 1212//
f 1212// 3142// 1214//
f 1222// 3144// 1211//
f 1211// 3144// 3143//
f 1211// 3143// 1212//
f 3145// 3144// 1223//
f 1223// 3144// 1222//
f 1227// 3146// 1224//
f 1224// 3146// 3145//
f 1224// 3145// 1223//
f 3147// 3146// 1226//
f 1226// 3146// 1227//
f 1216// 3148// 1225//
f 1225// 3148// 3147//
f 1225// 3147// 1226//
f 3149// 3148// 1215//
f 1215// 3148// 1216//
f 1231// 3150// 1235//
f 1235// 3150// 3149//
f 1235// 3149// 1215//
f 3151// 3150// 1229//
f 1229// 3150// 1231//
f 1220// 3141// 1228//
f 1228// 3141// 3151//
f 1228// 3151// 1229//
f 3151// 3141// 3140//
f 3140// 3142// 3151//
f 3151// 3142// 3143//
f 3151// 3143// 3150//
f 3148// 3149// 3147//
f 3147// 3149// 3150//
f 3147// 3150// 3146//
f 3146// 3150// 3143//
f 3146// 3143// 3145//
f 3145// 3143// 3144//
f 3152// 3153// 3154//
f 3154// 3153// 3155//
f 3154// 3155// 3156//
f 3156// 3155// 3157//
f 3156// 3157// 3158//
f 3158// 3157// 3159//
f 3158// 3159// 3160//
f 3160// 3159// 3161//
f 3160// 3161// 3162//
f 3162// 3161// 3163//
f 3162// 3163// 3164//
f 3163// 3165// 3164//
f 3164// 3165// 3166//
f 3164// 3166// 3167//
f 3167// 3166// 3168//
f 3167// 3168// 3169//
f 3169// 3168// 3170//
f 3169// 3170// 3171//
f 3171// 3170// 3172//
f 3171// 3172// 3173//
f 3173// 3172// 3174//
f 3173// 3174// 3175//
f 3175// 3174// 3176//
f 3175// 3176// 3177//
f 3177// 3176// 3178//
f 3177// 3178// 3179//
f 3179// 3178// 3180//
f 3179// 3180// 3181//
f 3181// 3180// 3182//
f 3181// 3182// 3183//
f 3183// 3182// 3184//
f 3183// 3184// 3185//
f 3185// 3184// 3186//
f 3185// 3186// 3152//
f 3152// 3186// 3187//
f 3152// 3187// 3153//
f 3158// 3160// 1732//
f 1732// 3160// 1733//
f 3158// 1732// 1731//
f 3158// 1731// 3156//
f 3156// 1731// 1730//
f 3156// 1730// 3154//
f 3154// 1730// 1729//
f 3154// 1729// 3152//
f 3152// 1729// 1728//
f 3152// 1728// 3185//
f 3185// 1728// 1727//
f 3185// 1727// 3183//
f 3183// 1727// 1726//
f 3183// 1726// 3181//
f 3181// 1726// 1725//
f 3181// 1725// 3179//
f 3179// 1725// 1724//
f 3179// 1724// 3177//
f 3177// 1724// 1723//
f 3177// 1723// 3175//
f 3175// 1723// 1737//
f 3175// 1737// 3173//
f 3173// 1737// 1736//
f 3173// 1736// 3171//
f 3171// 1736// 1722//
f 3171// 1722// 3169//
f 3169// 1722// 1721//
f 3169// 1721// 3167//
f 3167// 1721// 1735//
f 3167// 1735// 3164//
f 3162// 3164// 1734//
f 1734// 3164// 1735//
f 3160// 3162// 1733//
f 1733// 3162// 1734//
f 3165// 3163// 3188//
f 3188// 3163// 3189//
f 3163// 3161// 3189//
f 3189// 3161// 3190//
f 3161// 3159// 3190//
f 3190// 3159// 3191//
f 3187// 3192// 3193//
f 3187// 3193// 3153//
f 3153// 3193// 3194//
f 3153// 3194// 3155//
f 3155// 3194// 3195//
f 3155// 3195// 3157//
f 3157// 3195// 3191//
f 3157// 3191// 3159//
f 3180// 3196// 3197//
f 3180// 3197// 3182//
f 3182// 3197// 3198//
f 3182// 3198// 3184//
f 3184// 3198// 3199//
f 3184// 3199// 3186//
f 3186// 3199// 3192//
f 3186// 3192// 3187//
f 3172// 3200// 3201//
f 3172// 3201// 3174//
f 3174// 3201// 3202//
f 3174// 3202// 3176//
f 3176// 3202// 3203//
f 3176// 3203// 3178//
f 3178// 3203// 3196//
f 3178// 3196// 3180//
f 3165// 3188// 3204//
f 3165// 3204// 3166//
f 3166// 3204// 3205//
f 3166// 3205// 3168//
f 3168// 3205// 3206//
f 3168// 3206// 3170//
f 3170// 3206// 3200//
f 3170// 3200// 3172//
usemtl 3
f 3194// 3193// 3204//
f 3189// 3190// 3188//
f 3188// 3190// 3191//
f 3188// 3191// 3204//
f 3204// 3191// 3195//
f 3204// 3195// 3194//
f 3193// 3192// 3204//
f 3204// 3192// 3199//
f 3204// 3199// 3198//
f 3196// 3200// 3206//
f 3203// 3202// 3196//
f 3196// 3202// 3201//
f 3196// 3201// 3200//
f 3198// 3197// 3204//
f 3204// 3197// 3196//
f 3204// 3196// 3205//
f 3205// 3196// 3206//
usemtl 1
f 3207// 3208// 3209//
f 3209// 3208// 3210//
f 3211// 3212// 3207//
f 3207// 3212// 3213//
f 3207// 3213// 3208//
f 3208// 3213// 3214//
f 3211// 3215// 3212//
f 3212// 3215// 3216//
f 3212// 3216// 3217//
f 3217// 3216// 3218//
f 3217// 3218// 3219//
f 3219// 3220// 3217//
f 3217// 3220// 3209//
f 3217// 3209// 3221//
f 3221// 3209// 3210//
f 3221// 3210// 3222//
f 3217// 3221// 1717//
f 1717// 3221// 1718//
f 3212// 3217// 1716//
f 1716// 3217// 1717//
f 3213// 3212// 1710//
f 1710// 3212// 1716//
f 3214// 3213// 1709//
f 1709// 3213// 1710//
f 3208// 3214// 1714//
f 1714// 3214// 1709//
f 3210// 3208// 1713//
f 1713// 3208// 1714//
f 3222// 3210// 1712//
f 1712// 3210// 1713//
f 3221// 3222// 1718//
f 1718// 3222// 1712//
f 3207// 3209// 3223//
f 3223// 3209// 3224//
f 3209// 3220// 3224//
f 3224// 3220// 3225//
f 3218// 3226// 3227//
f 3218// 3227// 3219//
f 3219// 3227// 3225//
f 3219// 3225// 3220//
f 3218// 3216// 3226//
f 3226// 3216// 3228//
f 3211// 3229// 3230//
f 3211// 3230// 3215//
f 3215// 3230// 3228//
f 3215// 3228// 3216//
f 3211// 3207// 3229//
f 3229// 3207// 3223//
usemtl 3
f 3226// 3228// 3227//
f 3227// 3228// 3230//
f 3227// 3230// 3225//
f 3225// 3230// 3229//
f 3225// 3229// 3224//
f 3224// 3229// 3223//
