v -6.425 6.275 -0.2
v -6.225 6.275 -0.2
v -6.425 6.275 -1.5
newmtl 1
Ka 1.0 1.0 0.0
Kd 1.0 1.0 0.0
Ks 0.5019607843137255 0.5019607843137255 0.0
d 0.0
endmtl
v -6.225 6.275 -1.5
v -6.425 5.475 -0.2
v -6.425 5.475 -1.5
v -6.125 5.264938 -0.2
v -6.125 5.264938 -1.5
v -6.125 4.675 -0.2
v -6.125 4.675 -1.5
v -5.925 4.675 -0.2
v -5.925 4.675 -1.5
v -5.925 5.369051 -0.2
v -5.925 5.369051 -1.5
v -6.225 5.579113 -0.2
v -6.225 5.579113 -1.5
v -6.325 -3.045 -1.5
v -6.325 -3.745 -1.5
v -6.325 -3.745 -0.2
v -6.325 4.043812 -0.2
v -6.325 4.043812 -1.5
v -6.325 -2.245 -1.5
v -6.325 -2.245 -1.64
v -6.325 -3.045 -1.64
v -6.125 -3.745 -1.5
v -6.125 -3.045 -1.5
v -6.125 -3.745 -0.2
v -6.125 -2.245 -1.5
v -6.125 3.971327 -1.5
v -6.125 3.971327 -0.2
v -6.125 -3.045 -1.64
v -6.125 -2.245 -1.64
v -5.350399 4.899595 -0.2
v -5.350399 4.899595 -1.5
v -5.312402 4.957655 -1.5
v -5.312402 4.957655 -0.2
v -5.28876 5.022892 -1.5
v -5.28876 5.022892 -0.2
v -5.280738 5.091815 -1.5
v -5.280738 5.091815 -0.2
v -5.288765 5.160738 -1.5
v -5.288765 5.160738 -0.2
v -5.312413 5.225973 -1.5
v -5.312413 5.225973 -0.2
v -5.350414 5.28403 -1.5
v -5.350414 5.28403 -0.2
v -5.400738 5.331804 -1.5
v -5.400738 5.331804 -0.2
v -5.853 5.671 -0.2
v -5.853 5.671 -1.5
v -5.973 5.511 -0.2
v -5.973 5.511 -1.5
v -5.520738 5.171803 -0.2
v -5.520738 5.171803 -1.5
v -5.503963 5.155879 -0.2
v -5.503963 5.155879 -1.5
v -5.491296 5.136527 -0.2
v -5.491296 5.136527 -1.5
v -5.483414 5.114782 -0.2
v -5.483414 5.114782 -1.5
v -5.480738 5.091807 -0.2
v -5.480738 5.091807 -1.5
v -5.483412 5.068833 -0.2
v -5.483412 5.068833 -1.5
v -5.491292 5.047088 -0.2
v -5.491292 5.047088 -1.5
v -5.503959 5.027734 -0.2
v -5.503959 5.027734 -1.5
v -6.925 -3.045 -1.69
v -6.925 -3.045 -1.89
v -6.375 -3.045 -1.69
v -6.375 -3.045 -1.89
v -6.362059 -3.045 -1.688296
v -6.310295 -3.045 -1.881482
v -6.35 -3.045 -1.683301
v -6.25 -3.045 -1.856506
v -6.339644 -3.045 -1.675355
v -6.198223 -3.045 -1.816777
v -6.331698 -3.045 -1.665
v -6.158494 -3.045 -1.765
v -6.326704 -3.045 -1.652941
v -6.133519 -3.045 -1.704705
v -6.375 -2.245 -1.89
v -6.925 -2.245 -1.89
v -6.326704 -2.245 -1.652941
v -6.133519 -2.245 -1.704705
v -6.331698 -2.245 -1.665
v -6.158494 -2.245 -1.765
v -6.339644 -2.245 -1.675355
v -6.198223 -2.245 -1.816777
v -6.35 -2.245 -1.683301
v -6.25 -2.245 -1.856506
v -6.362059 -2.245 -1.688296
v -6.310295 -2.245 -1.881482
v -6.375 -2.245 -1.69
v -6.925 -2.245 -1.69
v 4.714835 3.812073 -0.217635
v 4.714835 3.840791 -0.203044
v 4.714835 3.945453 -0.373472
newmtl 2
Ka 1.0 1.0 1.0
Kd 1.0 1.0 1.0
Ks 0.5019607843137255 0.5019607843137255 0.5019607843137255
d 0.0
endmtl
v 4.714835 3.749522 -0.232166
v 4.714835 3.730687 -0.432578
v 4.714835 3.717312 -0.231727
v 4.714835 3.685674 -0.42942
v 4.714835 3.685591 -0.226124
v 4.714835 3.905731 -0.394879
v 4.714835 3.863851 -0.411676
v 4.714835 3.781384 -0.227427
v 4.714835 3.820345 -0.423649
v 4.714835 3.775768 -0.430646
v 4.714835 3.517609 -0.36765
v 4.714835 3.626869 -0.200132
v 4.714835 3.556733 -0.390129
v 4.714835 3.65518 -0.2155
v 4.714835 3.598141 -0.40806
v 4.714835 3.641304 -0.421212
v 4.714835 3.361888 -0.266083
v 4.714835 3.471148 -0.098566
v 5.214835 3.65518 -0.2155
v 5.214835 3.626869 -0.200132
v 5.214835 3.517609 -0.36765
v 5.214835 3.945453 -0.373472
v 5.214835 3.840791 -0.203044
v 5.214835 3.905731 -0.394879
v 5.214835 3.812073 -0.217635
v 5.214835 3.863851 -0.411676
v 5.214835 3.781384 -0.227427
v 5.214835 3.717312 -0.231727
v 5.214835 3.730687 -0.432578
v 5.214835 3.749522 -0.232166
v 5.214835 3.775768 -0.430646
v 5.214835 3.820345 -0.423649
v 5.214835 3.556733 -0.390129
v 5.214835 3.598141 -0.40806
v 5.214835 3.685591 -0.226124
v 5.214835 3.641304 -0.421212
v 5.214835 3.685674 -0.42942
v 5.214835 4.225524 -0.201479
v 5.214835 4.120863 -0.03105
v 4.714835 4.227168 -0.200666
v 4.714835 4.225524 -0.201479
v 4.714835 4.120863 -0.03105
v 4.714835 4.230758 0.0
v 4.714835 4.230758 -0.2
v 4.714835 4.201936 -0.001987
v 4.714835 4.228932 -0.200168
v 4.714835 4.173659 -0.007911
v 4.714835 4.146464 -0.01766
v 5.214835 4.228932 -0.200168
v 5.214835 4.230758 -0.2
v 5.214835 4.230758 0.0
v 5.214835 4.146464 -0.01766
v 5.214835 4.227168 -0.200666
v 5.214835 4.173659 -0.007911
v 5.214835 4.201936 -0.001987
v 5.214835 4.369422 -0.2
v 5.214835 4.369422 0.0
v 5.214835 3.471148 -0.098566
v 4.714835 4.369422 0.0
v 4.714835 4.369422 -0.2
v 5.214835 3.361888 -0.266083
v 4.714835 1.671596 -0.2
v 4.714835 1.671596 0.0
v 4.714835 1.692763 -0.202266
v 4.714835 1.724638 -0.004726
v 4.714835 1.712972 -0.208962
v 4.714835 1.934244 -0.155032
v 4.714835 1.759145 -0.251677
v 4.714835 1.904475 -0.110877
v 4.714835 1.746932 -0.23424
v 4.714835 1.867367 -0.072682
v 4.714835 1.731305 -0.219783
v 4.714835 1.824091 -0.041649
v 4.714835 1.77601 -0.018757
v 4.714835 0.364953 -0.2
v 4.714835 0.364953 0.0
v 5.214835 1.759145 -0.251677
v 5.214835 1.934244 -0.155032
v 5.214835 1.746932 -0.23424
v 5.214835 1.904475 -0.110877
v 5.214835 1.731305 -0.219783
v 5.214835 1.671596 0.0
v 5.214835 1.671596 -0.2
v 5.214835 1.724638 -0.004726
v 5.214835 1.692763 -0.202266
v 5.214835 1.77601 -0.018757
v 5.214835 1.712972 -0.208962
v 5.214835 1.824091 -0.041649
v 5.214835 1.867367 -0.072682
v 5.214835 1.782172 -0.293397
v 5.214835 1.957271 -0.196752
v 4.714835 2.310862 -0.337668
v 4.714835 2.364888 -0.314433
v 4.714835 2.461533 -0.489532
v 4.714835 2.39008 -0.521939
v 4.714835 2.314436 -0.542769
v 4.714835 2.253342 -0.349917
v 4.714835 2.236466 -0.55151
v 4.714835 2.194537 -0.350708
v 4.714835 2.158088 -0.547946
v 4.714835 2.136707 -0.340013
v 4.714835 2.081232 -0.532165
v 4.714835 2.082076 -0.31824
v 4.714835 2.007792 -0.504555
v 4.714835 2.032741 -0.286228
v 4.714835 1.782172 -0.293397
v 4.714835 1.957271 -0.196752
v 4.714835 1.825359 -0.358902
v 4.714835 1.9906 -0.245207
v 4.714835 1.87826 -0.416843
v 4.714835 1.939574 -0.465796
v 5.214835 1.9906 -0.245207
v 5.214835 2.461533 -0.489532
v 5.214835 2.364888 -0.314433
v 5.214835 2.39008 -0.521939
v 5.214835 2.310862 -0.337668
v 5.214835 2.314436 -0.542769
v 5.214835 2.253342 -0.349917
v 5.214835 1.825359 -0.358902
v 5.214835 1.87826 -0.416843
v 5.214835 2.032741 -0.286228
v 5.214835 1.939574 -0.465796
v 5.214835 2.082076 -0.31824
v 5.214835 2.007792 -0.504555
v 5.214835 2.136707 -0.340013
v 5.214835 2.081232 -0.532165
v 5.214835 2.194537 -0.350708
v 5.214835 2.158088 -0.547946
v 5.214835 2.236466 -0.55151
v 5.214835 2.830635 -0.285808
v 5.214835 2.733989 -0.110709
v 4.714835 2.830635 -0.285808
v 5.214835 0.364953 -0.2
v 5.214835 0.364953 0.0
v 4.714835 2.733989 -0.110709
v -4.425 -2.075 -1.3
v -4.425 -7.875 -1.3
v -4.425 -2.075 -1.2
v -4.425 -7.875 -1.2
v -4.325 -7.975 -1.3
v 1.725 -7.975 -1.3
v -4.325 -7.975 -1.2
v 1.725 -7.975 -1.2
v 1.825 -7.875 -1.2
v 1.825 -7.875 -1.3
v 1.825 -1.975 -1.2
v 1.825 -1.975 -1.3
v -4.325 -1.975 -1.4
v -4.325 -1.975 -1.1
v 1.725 -1.975 -1.4
v 1.725 -1.975 -1.1
v 1.750882 -1.975 -1.103408
v 1.821593 -1.975 -1.174118
v 1.775 -1.975 -1.113397
v 1.795711 -1.975 -1.129289
v 1.811602 -1.975 -1.15
v 1.775 -1.975 -1.386603
v 1.821593 -1.975 -1.325882
v 1.795711 -1.975 -1.370711
v 1.811602 -1.975 -1.35
v 1.750882 -1.975 -1.396593
v -4.325 -7.875 -1.1
v 1.725 -7.875 -1.1
v -4.325 -7.875 -1.4
v 1.725 -7.875 -1.4
v 1.750882 -7.875 -1.103408
v 1.775 -7.875 -1.113397
v 1.795711 -7.875 -1.129289
v 1.811602 -7.875 -1.15
v 1.821593 -7.875 -1.174118
v 1.747198 -7.972077 -1.3
v 1.747198 -7.972077 -1.2
v 1.750882 -7.971592 -1.2
v 1.750882 -7.971592 -1.3
v 1.768121 -7.964452 -1.2
v 1.768121 -7.964452 -1.3
v 1.775 -7.961603 -1.2
v 1.775 -7.961603 -1.3
v 1.786839 -7.952518 -1.2
v 1.786839 -7.952518 -1.3
v 1.795711 -7.945711 -1.2
v 1.795711 -7.945711 -1.3
v 1.802518 -7.936839 -1.2
v 1.802518 -7.936839 -1.3
v 1.811602 -7.925 -1.2
v 1.811602 -7.925 -1.3
v 1.814452 -7.918121 -1.2
v 1.814452 -7.918121 -1.3
v 1.821593 -7.900882 -1.2
v 1.821593 -7.900882 -1.3
v 1.822078 -7.897197 -1.2
v 1.822078 -7.897197 -1.3
v 1.750882 -7.875 -1.396593
v 1.775 -7.875 -1.386603
v 1.795711 -7.875 -1.370711
v 1.811602 -7.875 -1.35
v 1.821593 -7.875 -1.325882
v 1.75 -7.968301 -1.174118
v 1.773296 -7.958652 -1.174118
v 1.793301 -7.943302 -1.174118
v 1.808652 -7.923296 -1.174118
v 1.818301 -7.9 -1.174118
v 1.808652 -7.897414 -1.15
v 1.793301 -7.893301 -1.129289
v 1.773296 -7.887941 -1.113397
v 1.75 -7.881699 -1.103408
v 1.8 -7.918301 -1.15
v 1.786237 -7.910355 -1.129289
v 1.768301 -7.9 -1.113397
v 1.747414 -7.887941 -1.103408
v 1.786237 -7.936237 -1.15
v 1.775 -7.925 -1.129289
v 1.760355 -7.910355 -1.113397
v 1.743301 -7.893301 -1.103408
v 1.768301 -7.95 -1.15
v 1.760355 -7.936237 -1.129289
v 1.75 -7.918301 -1.113397
v 1.737941 -7.897414 -1.103408
v 1.747414 -7.958652 -1.15
v 1.743301 -7.943302 -1.129289
v 1.737941 -7.923296 -1.113397
v 1.731699 -7.9 -1.103408
v 1.725 -7.971592 -1.174118
v 1.725 -7.961603 -1.15
v 1.725 -7.945711 -1.129289
v 1.725 -7.925 -1.113397
v 1.725 -7.900882 -1.103408
v 1.725 -7.971592 -1.325882
v 1.75 -7.968301 -1.325882
v 1.773296 -7.958652 -1.325882
v 1.793301 -7.943302 -1.325882
v 1.808652 -7.923296 -1.325882
v 1.818301 -7.9 -1.325882
v 1.808652 -7.897414 -1.35
v 1.8 -7.918301 -1.35
v 1.793301 -7.893301 -1.370711
v 1.786237 -7.910355 -1.370711
v 1.773296 -7.887941 -1.386603
v 1.768301 -7.9 -1.386603
v 1.75 -7.881699 -1.396593
v 1.747414 -7.887941 -1.396593
v 1.786237 -7.936237 -1.35
v 1.775 -7.925 -1.370711
v 1.760355 -7.910355 -1.386603
v 1.743301 -7.893301 -1.396593
v 1.768301 -7.95 -1.35
v 1.747414 -7.958652 -1.35
v 1.760355 -7.936237 -1.370711
v 1.743301 -7.943302 -1.370711
v 1.75 -7.918301 -1.386603
v 1.737941 -7.923296 -1.386603
v 1.737941 -7.897414 -1.396593
v 1.731699 -7.9 -1.396593
v 1.725 -7.961603 -1.35
v 1.725 -7.945711 -1.370711
v 1.725 -7.925 -1.386603
v 1.725 -7.900882 -1.396593
v -4.325 -7.900882 -1.103408
v -4.325 -7.925 -1.113397
v -4.325 -7.945711 -1.129289
v -4.325 -7.961603 -1.15
v -4.325 -7.971592 -1.174118
v -4.421593 -7.900882 -1.3
v -4.421593 -7.900882 -1.2
v -4.411602 -7.925 -1.3
v -4.411602 -7.925 -1.2
v -4.395711 -7.945711 -1.3
v -4.395711 -7.945711 -1.2
v -4.375 -7.961603 -1.3
v -4.375 -7.961603 -1.2
v -4.350882 -7.971592 -1.3
v -4.350882 -7.971592 -1.2
v -4.325 -7.900882 -1.396593
v -4.325 -7.925 -1.386603
v -4.325 -7.945711 -1.370711
v -4.325 -7.961603 -1.35
v -4.325 -7.971592 -1.325882
v -4.35 -7.968301 -1.174118
v -4.35 -7.918301 -1.113397
v -4.337941 -7.897414 -1.103408
v -4.343301 -7.893301 -1.103408
v -4.350882 -7.875 -1.103408
v -4.35 -7.881699 -1.103408
v -4.331698 -7.9 -1.103408
v -4.337941 -7.923296 -1.113397
v -4.343301 -7.943302 -1.129289
v -4.360355 -7.910355 -1.113397
v -4.347414 -7.887941 -1.103408
v -4.368301 -7.9 -1.113397
v -4.373296 -7.887941 -1.113397
v -4.375 -7.875 -1.113397
v -4.360355 -7.936237 -1.129289
v -4.375 -7.925 -1.129289
v -4.386237 -7.910355 -1.129289
v -4.393301 -7.893301 -1.129289
v -4.395711 -7.875 -1.129289
v -4.347414 -7.958652 -1.15
v -4.368301 -7.95 -1.15
v -4.386237 -7.936237 -1.15
v -4.4 -7.918301 -1.15
v -4.408651 -7.897414 -1.15
v -4.411602 -7.875 -1.15
v -4.373296 -7.958652 -1.174118
v -4.393301 -7.943302 -1.174118
v -4.408651 -7.923296 -1.174118
v -4.418302 -7.9 -1.174118
v -4.421593 -7.875 -1.174118
v -4.35 -7.968301 -1.325882
v -4.373296 -7.958652 -1.325882
v -4.347414 -7.958652 -1.35
v -4.368301 -7.95 -1.35
v -4.343301 -7.943302 -1.370711
v -4.360355 -7.936237 -1.370711
v -4.337941 -7.923296 -1.386603
v -4.35 -7.918301 -1.386603
v -4.331698 -7.9 -1.396593
v -4.337941 -7.897414 -1.396593
v -4.393301 -7.943302 -1.325882
v -4.386237 -7.936237 -1.35
v -4.375 -7.925 -1.370711
v -4.360355 -7.910355 -1.386603
v -4.343301 -7.893301 -1.396593
v -4.408651 -7.923296 -1.325882
v -4.418302 -7.9 -1.325882
v -4.4 -7.918301 -1.35
v -4.408651 -7.897414 -1.35
v -4.386237 -7.910355 -1.370711
v -4.393301 -7.893301 -1.370711
v -4.368301 -7.9 -1.386603
v -4.373296 -7.887941 -1.386603
v -4.347414 -7.887941 -1.396593
v -4.35 -7.881699 -1.396593
v -4.421593 -7.875 -1.325882
v -4.411602 -7.875 -1.35
v -4.395711 -7.875 -1.370711
v -4.375 -7.875 -1.386603
v -4.350882 -7.875 -1.396593
v -4.421593 -2.049118 -1.174118
v -4.411602 -2.025 -1.15
v -4.395711 -2.004289 -1.129289
v -4.385876 -1.995665 -1.120665
v -4.375 -1.988397 -1.113397
v -4.363268 -1.982612 -1.107612
v -4.350882 -1.978407 -1.103408
v -4.338053 -1.975856 -1.100856
v -4.338053 -1.975856 -1.399145
v -4.363268 -1.982612 -1.392388
v -4.350882 -1.978407 -1.396593
v -4.395711 -2.004289 -1.370711
v -4.385876 -1.995665 -1.379335
v -4.375 -1.988397 -1.386603
v -4.411602 -2.025 -1.35
v -4.421593 -2.049118 -1.325882
v 5.893638 6.787592 -0.81356
v 5.896458 6.766457 -0.822326
v 5.824522 6.742407 -0.757157
v 5.895233 6.742407 -0.827868
v 5.891906 6.725916 -0.829181
v 5.862979 6.833834 -0.769891
v 5.876101 6.823061 -0.786045
v 5.886365 6.807911 -0.80057
v 5.812869 6.834364 -0.719632
v 5.830425 6.839885 -0.735634
v 5.846045 6.839885 -0.751255
v 5.769178 6.789607 -0.688534
v 5.781999 6.809027 -0.695891
v 5.796447 6.82374 -0.706199
v 5.752483 6.724746 -0.690087
v 5.75503 6.749681 -0.685618
v 5.760551 6.770006 -0.685421
v 5.768714 6.66698 -0.722571
v 5.759676 6.68356 -0.708867
v 5.7542 6.703156 -0.697878
v 5.810726 6.644329 -0.770954
v 5.795389 6.646771 -0.754931
v 5.780838 6.654471 -0.738214
v 5.860943 6.668847 -0.814274
v 5.845537 6.65581 -0.802537
v 5.828483 6.647323 -0.78787
v 5.884956 6.70576 -0.827902
v 5.874944 6.686796 -0.823226
v 5.884956 3.20576 -0.827902
v 5.891906 3.225916 -0.829181
v 5.824522 3.242407 -0.757157
v 5.895233 3.242407 -0.827868
v 5.896458 3.266457 -0.822326
v 5.845537 3.15581 -0.802537
v 5.860943 3.168847 -0.814274
v 5.874944 3.186796 -0.823226
v 5.795389 3.146771 -0.754931
v 5.810726 3.144329 -0.770954
v 5.828483 3.147323 -0.78787
v 5.759676 3.18356 -0.708867
v 5.768714 3.16698 -0.722571
v 5.780838 3.154471 -0.738214
v 5.75503 3.249681 -0.685618
v 5.752483 3.224746 -0.690087
v 5.7542 3.203156 -0.697878
v 5.781999 3.309027 -0.695891
v 5.769178 3.289607 -0.688534
v 5.760551 3.270006 -0.685421
v 5.830425 3.339885 -0.735634
v 5.812869 3.334364 -0.719632
v 5.796447 3.32374 -0.706199
v 5.876101 3.323061 -0.786045
v 5.862979 3.333834 -0.769891
v 5.846045 3.339885 -0.751255
v 5.893638 3.287592 -0.81356
v 5.886365 3.307911 -0.80057
v 5.86354 3.254707 -0.865216
v 5.860471 3.238215 -0.867053
v 5.837687 3.268198 -0.908571
v 5.834969 3.251707 -0.910897
v 5.819236 3.28237 -0.956444
v 5.816955 3.265878 -0.959199
v 5.809202 3.296615 -1.00685
v 5.807425 3.280124 -1.009953
v 5.80788 3.31032 -1.057572
v 5.806651 3.293828 -1.06093
v 5.814823 3.322942 -1.106476
v 5.814161 3.306451 -1.10999
v 5.829417 3.334987 -1.152893
v 5.829332 3.318496 -1.156468
v 5.852122 3.348236 -1.197641
v 5.852634 3.331745 -1.201181
v 5.882627 3.362298 -1.238728
v 5.883734 3.345807 -1.242129
v 5.919882 3.376584 -1.274201
v 5.921554 3.360092 -1.277363
v 5.962227 3.39047 -1.302555
v 5.96441 3.373978 -1.305388
v 6.007634 3.403392 -1.322938
v 6.010255 3.386901 -1.325371
v 6.054564 3.415342 -1.335317
v 6.057543 3.39885 -1.337296
v 6.104188 3.428321 -1.339983
v 6.107454 3.411829 -1.341442
v 6.155047 3.44224 -1.336186
v 6.158513 3.425749 -1.337071
v 6.204951 3.456529 -1.323685
v 6.208517 3.440037 -1.323964
v 6.251718 3.470565 -1.302987
v 6.255279 3.454073 -1.302657
v 6.293483 3.483762 -1.275288
v 6.296939 3.467271 -1.274369
v 6.329043 3.495775 -1.242136
v 6.332305 3.479284 -1.240671
v 6.359249 3.50846 -1.202956
v 6.362226 3.491968 -1.200974
v 6.383127 3.522203 -1.158132
v 6.385728 3.505712 -1.155677
v 6.399247 3.53646 -1.109318
v 6.40139 3.519968 -1.106454
v 6.406788 3.550612 -1.058593
v 6.408413 3.53412 -1.055407
v 6.405673 3.564057 -1.008184
v 6.406741 3.547565 -1.00477
v 6.396541 3.576293 -0.960142
v 6.39704 3.559802 -0.956601
v 6.379655 3.588659 -0.914071
v 6.37957 3.572167 -0.910496
v 6.354656 3.602196 -0.870155
v 6.353972 3.585704 -0.866644
v 6.322084 3.616385 -0.830487
v 6.320812 3.599893 -0.827145
v 6.283185 3.630618 -0.796921
v 6.281361 3.614127 -0.793844
v 6.239749 3.644283 -0.770789
v 6.237433 3.627791 -0.768064
v 6.193857 3.656842 -0.752738
v 6.191125 3.64035 -0.750429
v 6.146233 3.668926 -0.742528
v 6.143164 3.652434 -0.740692
v 6.096044 3.682225 -0.740214
v 6.092712 3.665734 -0.738915
v 6.045229 3.696312 -0.746505
v 6.041724 3.67982 -0.745792
v 5.996007 3.710592 -0.761433
v 5.992432 3.6941 -0.761329
v 5.9505 3.724445 -0.784279
v 5.946959 3.707953 -0.784781
v 5.910434 3.737309 -0.813686
v 5.907024 3.720817 -0.814765
v 5.876512 3.749265 -0.848409
v 5.873321 3.732773 -0.850025
v 5.847941 3.7623 -0.889337
v 5.845062 3.745809 -0.891459
v 5.826157 3.77625 -0.935493
v 5.823679 3.759759 -0.938072
v 5.812436 3.790541 -0.985078
v 5.810435 3.77405 -0.988042
v 5.807393 3.80455 -1.035938
v 5.805924 3.788059 -1.039199
v 5.810892 3.817694 -1.085864
v 5.809986 3.801203 -1.089324
v 5.822183 3.829682 -1.133118
v 5.821847 3.813191 -1.136679
v 5.8414 3.842427 -1.178789
v 5.841655 3.825936 -1.182356
v 5.86865 3.856208 -1.2217
v 5.869504 3.839717 -1.225173
v 5.903184 3.870474 -1.259796
v 5.904619 3.853982 -1.263072
v 5.943582 3.884606 -1.291346
v 5.945553 3.868114 -1.29433
v 5.987936 3.898004 -1.315203
v 5.990378 3.881512 -1.317815
v 6.034162 3.910182 -1.330932
v 6.036995 3.893691 -1.333113
v 6.082649 3.922614 -1.33898
v 6.085802 3.906122 -1.34067
v 6.133236 3.936194 -1.338882
v 6.136628 3.919703 -1.340018
v 6.183825 3.9504 -1.330093
v 6.18736 3.933908 -1.330634
v 6.23219 3.96462 -1.312798
v 6.235765 3.948128 -1.312728
v 6.276295 3.978243 -1.287917
v 6.279808 3.961751 -1.287246
v 6.314569 3.990739 -1.256948
v 6.317924 3.974247 -1.255712
v 6.346979 4.002866 -1.220514
v 6.35009 3.986375 -1.21875
v 6.373772 4.016216 -1.17794
v 6.376545 3.999724 -1.175681
v 6.393357 4.030326 -1.1306
v 6.395706 4.013834 -1.127903
v 6.404629 4.0446 -1.080423
v 6.406482 4.028108 -1.077363
v 6.407185 4.058417 -1.02961
v 6.408494 4.041925 -1.026281
v 6.40137 4.071222 -0.980327
v 6.402113 4.054731 -0.976828
v 6.387892 4.08319 -0.933675
v 6.38806 4.066699 -0.930103
v 6.366345 4.096281 -0.888576
v 6.365919 4.079789 -0.885025
v 6.336906 4.110261 -0.846839
v 6.335883 4.09377 -0.843412
v 6.300526 4.124553 -0.810459
v 6.298932 4.108061 -0.807257
v 6.258789 4.138533 -0.78102
v 6.256675 4.122042 -0.778135
v 6.21369 4.151624 -0.759474
v 6.211126 4.135132 -0.756979
v 6.167038 4.163592 -0.745995
v 6.164106 4.147101 -0.743947
v 6.117755 4.176397 -0.74018
v 6.114526 4.159906 -0.738643
v 6.066943 4.190215 -0.742736
v 6.063499 4.173723 -0.741767
v 6.016765 4.204488 -0.754008
v 6.013207 4.187997 -0.753641
v 5.969425 4.218598 -0.773593
v 5.965857 4.202107 -0.773837
v 5.926851 4.231948 -0.800386
v 5.923374 4.215456 -0.801223
v 5.890417 4.244076 -0.832796
v 5.887121 4.227584 -0.834185
v 5.859448 4.256572 -0.87107
v 5.856424 4.24008 -0.87298
v 5.834567 4.270195 -0.915176
v 5.831907 4.253703 -0.917567
v 5.817272 4.284415 -0.96354
v 5.815059 4.267923 -0.96635
v 5.808483 4.29862 -1.014129
v 5.806781 4.282128 -1.017274
v 5.808385 4.312201 -1.064716
v 5.807236 4.295709 -1.068103
v 5.816433 4.324632 -1.113204
v 5.815854 4.30814 -1.116733
v 5.832162 4.33681 -1.15943
v 5.832162 4.320319 -1.163006
v 5.856019 4.350208 -1.203784
v 5.856617 4.333717 -1.20731
v 5.887569 4.36434 -1.244181
v 5.888759 4.347848 -1.247554
v 5.925665 4.378606 -1.278715
v 5.927413 4.362114 -1.281835
v 5.968576 4.392387 -1.305965
v 5.970826 4.375896 -1.308746
v 6.014247 4.405132 -1.325183
v 6.016924 4.38864 -1.327554
v 6.061501 4.41712 -1.336473
v 6.064525 4.400628 -1.338382
v 6.111428 4.430264 -1.339972
v 6.114727 4.413773 -1.341352
v 6.162287 4.444273 -1.33493
v 6.165773 4.427781 -1.335729
v 6.211873 4.458564 -1.321208
v 6.215444 4.442072 -1.3214
v 6.258028 4.472514 -1.299424
v 6.26158 4.456023 -1.299007
v 6.298955 4.48555 -1.270853
v 6.30239 4.469058 -1.269853
v 6.333679 4.497505 -1.236931
v 6.336907 4.481014 -1.235391
v 6.363086 4.51037 -1.196865
v 6.366015 4.493878 -1.194813
v 6.385932 4.524222 -1.151358
v 6.388472 4.50773 -1.14884
v 6.400859 4.538503 -1.102136
v 6.402932 4.522011 -1.099221
v 6.407152 4.552589 -1.051321
v 6.408698 4.536098 -1.048096
v 6.404837 4.565889 -1.001132
v 6.405823 4.549397 -0.997695
v 6.394627 4.577972 -0.953508
v 6.395044 4.561481 -0.949956
v 6.376576 4.590532 -0.907616
v 6.376406 4.57404 -0.904044
v 6.350445 4.604196 -0.864181
v 6.349675 4.587704 -0.860688
v 6.316878 4.61843 -0.825281
v 6.315524 4.601938 -0.82197
v 6.27721 4.632619 -0.792709
v 6.275312 4.616127 -0.789678
v 6.233294 4.646155 -0.76771
v 6.230914 4.629663 -0.76504
v 6.187223 4.658521 -0.750824
v 6.184439 4.642029 -0.748578
v 6.139182 4.670757 -0.741692
v 6.13607 4.654265 -0.739928
v 6.088772 4.684202 -0.740577
v 6.085409 4.667711 -0.739359
v 6.038047 4.698355 -0.748118
v 6.034526 4.681863 -0.747491
v 5.989233 4.712611 -0.764238
v 5.985656 4.69612 -0.764221
v 5.944409 4.726355 -0.788116
v 5.940881 4.709863 -0.788703
v 5.905229 4.739039 -0.818322
v 5.901845 4.722547 -0.819481
v 5.872077 4.751052 -0.853883
v 5.868925 4.73456 -0.855573
v 5.844378 4.764249 -0.895647
v 5.841551 4.747758 -0.897838
v 5.823681 4.778286 -0.942414
v 5.821267 4.761794 -0.945053
v 5.811179 4.792574 -0.992318
v 5.809251 4.776083 -0.995331
v 5.807382 4.806493 -1.043177
v 5.805993 4.790001 -1.046473
v 5.812048 4.819473 -1.092801
v 5.811224 4.802981 -1.096281
v 5.824428 4.831422 -1.139731
v 5.824175 4.81493 -1.143299
v 5.84481 4.844344 -1.185138
v 5.845151 4.827853 -1.188698
v 5.873164 4.858231 -1.227483
v 5.874103 4.841739 -1.230934
v 5.908637 4.872516 -1.264738
v 5.910151 4.856024 -1.267978
v 5.949724 4.886578 -1.295243
v 5.951767 4.870087 -1.298179
v 5.994472 4.899827 -1.317948
v 5.996976 4.883336 -1.320502
v 6.040889 4.911872 -1.332542
v 6.043773 4.89538 -1.334658
v 6.089793 4.924495 -1.339485
v 6.092985 4.908003 -1.341098
v 6.140515 4.938199 -1.338163
v 6.143934 4.921707 -1.339215
v 6.190921 4.952445 -1.328129
v 6.194468 4.935953 -1.328583
v 5.929085 6.713616 -0.796929
v 5.932581 6.730108 -0.796175
v 5.972363 6.700125 -0.770479
v 5.975936 6.716616 -0.770322
v 6.020261 6.685953 -0.751417
v 6.023809 6.702445 -0.751871
v 6.070797 6.671707 -0.740785
v 6.074215 6.688199 -0.741837
v 6.121745 6.658003 -0.738901
v 6.124937 6.674495 -0.740515
v 6.170957 6.64538 -0.745342
v 6.173841 6.661872 -0.747458
v 6.217754 6.633335 -0.759498
v 6.220258 6.649827 -0.762052
v 6.262963 6.620086 -0.781821
v 6.265007 6.636578 -0.784757
v 6.304579 6.606024 -0.812022
v 6.306093 6.622516 -0.815262
v 6.340628 6.591739 -0.849066
v 6.341567 6.608231 -0.852517
v 6.369579 6.577853 -0.891302
v 6.36992 6.594345 -0.894862
v 6.390555 6.56493 -0.936701
v 6.390303 6.581422 -0.940269
v 6.403506 6.552981 -0.983719
v 6.402682 6.569473 -0.987199
v 6.408737 6.540001 -1.033527
v 6.407349 6.556493 -1.036823
v 6.405479 6.526083 -1.084669
v 6.403552 6.542574 -1.087682
v 6.393463 6.511794 -1.134947
v 6.39105 6.528286 -1.137586
v 6.373179 6.497757 -1.182162
v 6.370352 6.514249 -1.184353
v 6.345805 6.48456 -1.224427
v 6.342653 6.501052 -1.226117
v 6.312885 6.472547 -1.260519
v 6.309501 6.489039 -1.261678
v 6.273849 6.459863 -1.291297
v 6.27032 6.476355 -1.291884
v 6.229074 6.446119 -1.315779
v 6.225497 6.462611 -1.315762
v 6.180204 6.431863 -1.332509
v 6.176682 6.448355 -1.331882
v 6.129321 6.417711 -1.340641
v 6.125958 6.434203 -1.339423
v 6.07866 6.404266 -1.340072
v 6.075549 6.420757 -1.338308
v 6.030291 6.39203 -1.331422
v 6.027507 6.408521 -1.329176
v 5.983817 6.379663 -1.31496
v 5.981436 6.396155 -1.31229
v 5.939418 6.366127 -1.290322
v 5.93752 6.382619 -1.287291
v 5.899206 6.351938 -1.25803
v 5.897852 6.36843 -1.254719
v 5.865055 6.337705 -1.219312
v 5.864286 6.354196 -1.215819
v 5.838325 6.32404 -1.175956
v 5.838154 6.340532 -1.172384
v 5.819686 6.311481 -1.130044
v 5.820104 6.327972 -1.126492
v 5.808907 6.299397 -1.082305
v 5.809893 6.315889 -1.078868
v 5.806032 6.286098 -1.031904
v 5.807579 6.302589 -1.028679
v 5.811798 6.272011 -0.980779
v 5.81387 6.288502 -0.977864
v 5.826259 6.25773 -0.93116
v 5.828798 6.274222 -0.928642
v 5.848715 6.243878 -0.885187
v 5.851644 6.26037 -0.883135
v 5.877823 6.231014 -0.844609
v 5.881051 6.247506 -0.843069
v 5.912341 6.219059 -0.810147
v 5.915774 6.23555 -0.809147
v 5.95315 6.206023 -0.780993
v 5.956702 6.222515 -0.780576
v 5.999286 6.192072 -0.7586
v 6.002858 6.208564 -0.758792
v 6.048956 6.177782 -0.744271
v 6.052443 6.194273 -0.74507
v 6.100003 6.163773 -0.738648
v 6.103303 6.180264 -0.740028
v 6.150205 6.150628 -0.741618
v 6.153229 6.16712 -0.743527
v 6.197806 6.13864 -0.752446
v 6.200483 6.155132 -0.754818
v 6.243904 6.125896 -0.771254
v 6.246154 6.142387 -0.774035
v 6.287317 6.112114 -0.798165
v 6.289065 6.128606 -0.801285
v 6.325971 6.097848 -0.832446
v 6.327161 6.11434 -0.835819
v 6.358113 6.083717 -0.87269
v 6.358711 6.100208 -0.876216
v 6.382568 6.070319 -0.916994
v 6.382568 6.086811 -0.92057
v 6.398877 6.05814 -0.963267
v 6.398297 6.074632 -0.966796
v 6.407494 6.045709 -1.011897
v 6.406345 6.0622 -1.015284
v 6.407948 6.032128 -1.062726
v 6.406248 6.04862 -1.065871
v 6.399671 6.017923 -1.11365
v 6.397458 6.034415 -1.11646
v 6.382823 6.003703 -1.162433
v 6.380163 6.020195 -1.164824
v 6.358306 5.99008 -1.20702
v 6.355282 6.006571 -1.20893
v 6.327609 5.977584 -1.245815
v 6.324314 5.994076 -1.247204
v 6.291357 5.965456 -1.278777
v 6.287879 5.981948 -1.279614
v 6.248873 5.952107 -1.306163
v 6.245305 5.968599 -1.306407
v 6.201523 5.937997 -1.326359
v 6.197965 5.954489 -1.325992
v 6.15123 5.923723 -1.338233
v 6.147788 5.940215 -1.337264
v 6.100204 5.909906 -1.341357
v 6.096975 5.926397 -1.33982
v 6.050624 5.8971 -1.336053
v 6.047692 5.913592 -1.334005
v 6.003604 5.885132 -1.323021
v 6.00104 5.901624 -1.320526
v 5.958055 5.872041 -1.301865
v 5.955941 5.888533 -1.29898
v 5.915798 5.858061 -1.272743
v 5.914204 5.874553 -1.269541
v 5.878847 5.84377 -1.236588
v 5.877824 5.860261 -1.233161
v 5.848812 5.82979 -1.194975
v 5.848385 5.846281 -1.191424
v 5.82667 5.816699 -1.149897
v 5.826839 5.833191 -1.146325
v 5.812617 5.80473 -1.103172
v 5.81336 5.821222 -1.099673
v 5.806236 5.791925 -1.053718
v 5.807545 5.808417 -1.05039
v 5.808248 5.778108 -1.002637
v 5.810101 5.7946 -0.999577
v 5.819025 5.763834 -0.952097
v 5.821373 5.780326 -0.9494
v 5.838185 5.749724 -0.904319
v 5.840958 5.766216 -0.90206
v 5.86464 5.736375 -0.86125
v 5.867751 5.752867 -0.859486
v 5.896805 5.724247 -0.824288
v 5.900161 5.740738 -0.823052
v 5.934922 5.711751 -0.792754
v 5.938436 5.728243 -0.792083
v 5.978965 5.698128 -0.767272
v 5.982541 5.71462 -0.767202
v 6.02737 5.683908 -0.749366
v 6.030906 5.700399 -0.749907
v 6.078102 5.669703 -0.739982
v 6.081493 5.686194 -0.741118
v 6.128929 5.656122 -0.739331
v 6.132081 5.672614 -0.74102
v 6.177734 5.643691 -0.746887
v 6.180569 5.660183 -0.749068
v 6.224351 5.631513 -0.762185
v 6.226795 5.648004 -0.764797
v 6.269177 5.618114 -0.78567
v 6.271149 5.634606 -0.788654
v 6.310112 5.603982 -0.816928
v 6.311546 5.620474 -0.820204
v 6.345226 5.589716 -0.854826
v 6.34608 5.606208 -0.8583
v 6.373075 5.575936 -0.897644
v 6.373331 5.592427 -0.901211
v 6.392883 5.56319 -0.943321
v 6.392548 5.579682 -0.946882
v 6.404744 5.551203 -0.990676
v 6.403838 5.567695 -0.994136
v 6.408805 5.538058 -1.040801
v 6.407338 5.55455 -1.044062
v 6.404295 5.524049 -1.091958
v 6.402295 5.540541 -1.094922
v 6.391051 5.509759 -1.141928
v 6.388574 5.52625 -1.144507
v 6.369668 5.495809 -1.188541
v 6.366789 5.5123 -1.190663
v 6.341409 5.482773 -1.229975
v 6.338218 5.499265 -1.231591
v 6.307706 5.470818 -1.265235
v 6.304296 5.487309 -1.266314
v 6.267772 5.457953 -1.295219
v 6.264231 5.474444 -1.295721
v 6.222298 5.4441 -1.318671
v 6.218723 5.460592 -1.318567
v 6.173006 5.42982 -1.334208
v 6.169501 5.446312 -1.333495
v 6.122019 5.415733 -1.341085
v 6.118686 5.432225 -1.339786
v 6.071566 5.402434 -1.339309
v 6.068498 5.418926 -1.337471
v 6.023604 5.39035 -1.329571
v 6.020874 5.406842 -1.327262
v 5.977297 5.377791 -1.311936
v 5.974981 5.394283 -1.309211
v 5.93337 5.364127 -1.286156
v 5.931546 5.380619 -1.283079
v 5.893918 5.349893 -1.252855
v 5.892645 5.366385 -1.249513
v 5.860758 5.335704 -1.213356
v 5.860075 5.352195 -1.209845
v 5.83516 5.322167 -1.169504
v 5.835075 5.338659 -1.165929
v 5.81769 5.309802 -1.123399
v 5.818189 5.326293 -1.119858
v 5.807989 5.297565 -1.07523
v 5.809057 5.314057 -1.071816
v 5.806317 5.284121 -1.024593
v 5.807942 5.300611 -1.021407
v 5.81334 5.269968 -0.973546
v 5.815483 5.28646 -0.970682
v 5.829002 5.255711 -0.924323
v 5.831603 5.272203 -0.921868
v 5.852504 5.241968 -0.879026
v 5.855481 5.25846 -0.877044
v 5.882425 5.229284 -0.839329
v 5.885687 5.245775 -0.837864
v 5.917791 5.21727 -0.805631
v 5.921248 5.233762 -0.804712
v 5.959451 5.204073 -0.777343
v 5.963012 5.220565 -0.777013
v 6.006213 5.190037 -0.756036
v 6.009779 5.206529 -0.756315
v 6.056218 5.175748 -0.742929
v 6.059683 5.19224 -0.743814
v 6.107276 5.161829 -0.738558
v 6.110542 5.178321 -0.740017
v 6.157187 5.14885 -0.742704
v 6.160166 5.165342 -0.744683
v 6.204475 5.1369 -0.754629
v 6.207096 5.153392 -0.757062
v 6.25032 5.123979 -0.774612
v 6.252503 5.14047 -0.777445
v 6.293176 5.110092 -0.802637
v 6.294848 5.126584 -0.805799
v 6.330997 5.095807 -0.837871
v 6.332103 5.112298 -0.841272
v 6.362096 5.081745 -0.878819
v 6.362608 5.098236 -0.882359
v 6.385397 5.068495 -0.923532
v 6.385314 5.084987 -0.927107
v 6.400569 5.056451 -0.97001
v 6.399907 5.072942 -0.973524
v 6.408079 5.043828 -1.019069
v 6.40685 5.06032 -1.022428
v 6.407306 5.030124 -1.070047
v 6.405528 5.046616 -1.07315
v 6.397775 5.015878 -1.120801
v 6.395494 5.03237 -1.123556
v 5.853405 3.21806 -0.866922
v 5.827981 3.231551 -0.911952
v 5.810249 3.245723 -0.961429
v 5.801198 3.259969 -1.013296
v 5.801076 3.273673 -1.065274
v 5.809375 3.286295 -1.11519
v 5.82545 3.29834 -1.162373
v 5.84979 3.311589 -1.20765
v 5.882031 3.325652 -1.248988
v 5.921048 3.339937 -1.284412
v 5.965104 3.353823 -1.312421
v 6.012102 3.366745 -1.332192
v 6.060466 3.378695 -1.34373
v 6.111402 3.391674 -1.347303
v 6.163396 3.405593 -1.342179
v 6.214201 3.419882 -1.328162
v 6.261595 3.433918 -1.305828
v 6.303694 3.447115 -1.276445
v 6.339307 3.459129 -1.241629
v 6.36929 3.471813 -1.200769
v 6.392656 3.485556 -1.154283
v 6.407979 3.499813 -1.103898
v 6.414469 3.513965 -1.051765
v 6.412102 3.52741 -1.000166
v 6.401582 3.539646 -0.951187
v 6.383169 3.552012 -0.904414
v 6.356499 3.565549 -0.860045
v 6.322176 3.579738 -0.820211
v 6.281522 3.593971 -0.786779
v 6.236403 3.607636 -0.761072
v 6.188964 3.620195 -0.743701
v 6.139942 3.632279 -0.734402
v 6.088485 3.645578 -0.733251
v 6.036596 3.659665 -0.740929
v 5.986548 3.673945 -0.757414
v 5.940498 3.687798 -0.781917
v 5.900179 3.700662 -0.813007
v 5.866282 3.712618 -0.849394
v 5.838017 3.725653 -0.892004
v 5.816827 3.739604 -0.939803
v 5.80398 3.753895 -0.990919
v 5.800052 3.767903 -1.043129
v 5.804848 3.781048 -1.094177
v 5.817561 3.793036 -1.142297
v 5.838351 3.805781 -1.188603
v 5.867302 3.819561 -1.231889
v 5.903596 3.833827 -1.270064
v 5.945735 3.847959 -1.301395
v 5.99174 3.861357 -1.32475
v 6.039464 3.873536 -1.339735
v 6.089319 3.885967 -1.346799
v 6.141125 3.899548 -1.34547
v 6.19272 3.913753 -1.335239
v 6.241833 3.927973 -1.316351
v 6.286398 3.941596 -1.289797
v 6.324844 3.954092 -1.257151
v 6.357151 3.96622 -1.219049
v 6.383556 3.979569 -1.174796
v 6.402464 3.993679 -1.125837
v 6.412789 4.007953 -1.074174
v 6.414171 4.02177 -1.022073
v 6.407018 4.034575 -0.971741
v 6.39208 4.046544 -0.924291
v 6.368918 4.059634 -0.878626
v 6.337753 4.073615 -0.836598
v 6.299611 4.087906 -0.800223
v 6.256151 4.101886 -0.771087
v 6.209439 4.114977 -0.750117
v 6.161334 4.126945 -0.737446
v 6.11072 4.139751 -0.732689
v 6.058743 4.153568 -0.736541
v 6.007627 4.167842 -0.749305
v 5.95962 4.181952 -0.770513
v 5.916669 4.195301 -0.798988
v 5.880144 4.207429 -0.833066
v 5.849357 4.219925 -0.873017
v 5.824947 4.233548 -0.918791
v 5.80841 4.247768 -0.968744
v 5.800638 4.261973 -1.020767
v 5.801767 4.275553 -1.072578
v 5.811188 4.287985 -1.122041
v 5.82842 4.300164 -1.169001
v 5.853931 4.313561 -1.213846
v 5.887225 4.327693 -1.254452
v 5.927079 4.341959 -1.288894
v 5.971689 4.35574 -1.31576
v 6.018929 4.368485 -1.334331
v 6.067598 4.380473 -1.344746
v 6.118815 4.393618 -1.347116
v 6.170781 4.407626 -1.340716
v 6.22123 4.421917 -1.325458
v 6.267971 4.435867 -1.302026
v 6.309192 4.448903 -1.27177
v 6.343929 4.460859 -1.236186
v 6.373072 4.473723 -1.194438
v 6.395363 4.487576 -1.147277
v 6.409456 4.501855 -1.096504
v 6.414664 4.515942 -1.044309
v 6.411074 4.529242 -0.992965
v 6.39946 4.541326 -0.944439
v 6.379858 4.553885 -0.897878
v 6.35204 4.567549 -0.854028
v 6.316718 4.581783 -0.815005
v 6.275301 4.595972 -0.782611
v 6.229717 4.609509 -0.758075
v 6.182124 4.621874 -0.741902
v 6.1327 4.63411 -0.733717
v 6.081047 4.647556 -0.733799
v 6.02928 4.661708 -0.742756
v 5.979679 4.675964 -0.760451
v 5.934354 4.689708 -0.785995
v 5.894961 4.702392 -0.817883
v 5.861874 4.714405 -0.855107
v 5.83452 4.727602 -0.898553
v 5.81446 4.741639 -0.946952
v 5.802869 4.755927 -0.998365
v 5.800217 4.769846 -1.050544
v 5.806201 4.782825 -1.101253
v 5.82002 4.794775 -1.149015
v 5.841999 4.807698 -1.195023
v 5.872066 4.821584 -1.237701
v 5.9093 4.835869 -1.274993
v 5.952121 4.849931 -1.305237
v 5.998502 4.86318 -1.327402
v 6.046394 4.875226 -1.341221
v 6.096647 4.887848 -1.347142
v 6.148562 4.901552 -1.344556
v 6.199941 4.915798 -1.333055
v 5.922436 6.693461 -0.794536
v 5.966209 6.679969 -0.767005
v 6.01479 6.665798 -0.746945
v 6.066169 6.651552 -0.735444
v 6.118083 6.637847 -0.732857
v 6.168336 6.625225 -0.738779
v 6.216228 6.613181 -0.752598
v 6.262609 6.599931 -0.774763
v 6.305429 6.585869 -0.805007
v 6.342664 6.571584 -0.842299
v 6.372732 6.557697 -0.884977
v 6.394711 6.544775 -0.930985
v 6.408529 6.532826 -0.978747
v 6.414514 6.519846 -1.029456
v 6.411861 6.505928 -1.081635
v 6.40027 6.491639 -1.133048
v 6.38021 6.477602 -1.181447
v 6.352857 6.464405 -1.224893
v 6.319769 6.452392 -1.262117
v 6.280376 6.439708 -1.294005
v 6.235052 6.425965 -1.319549
v 6.18545 6.411708 -1.337244
v 6.133684 6.397555 -1.346201
v 6.08203 6.38411 -1.346283
v 6.032607 6.371874 -1.338098
v 5.985013 6.359509 -1.321925
v 5.939429 6.345972 -1.297389
v 5.898012 6.331783 -1.264995
v 5.862689 6.317549 -1.225971
v 5.834872 6.303885 -1.182122
v 5.81527 6.291326 -1.135561
v 5.803656 6.279242 -1.087035
v 5.800066 6.265943 -1.035691
v 5.805274 6.251856 -0.983496
v 5.819367 6.237576 -0.932723
v 5.841658 6.223723 -0.885562
v 5.870801 6.210858 -0.843814
v 5.905539 6.198903 -0.80823
v 5.94676 6.185867 -0.777974
v 5.9935 6.171917 -0.754542
v 6.043949 6.157627 -0.739284
v 6.095915 6.143618 -0.732884
v 6.147132 6.130473 -0.735254
v 6.195801 6.118485 -0.745669
v 6.243041 6.10574 -0.76424
v 6.287651 6.091959 -0.791106
v 6.327506 6.077693 -0.825548
v 6.360799 6.063561 -0.866154
v 6.38631 6.050163 -0.910999
v 6.403542 6.037985 -0.957959
v 6.412963 6.025554 -1.007421
v 6.414092 6.011973 -1.059232
v 6.40632 5.997768 -1.111256
v 6.389783 5.983548 -1.161209
v 6.365373 5.969925 -1.206983
v 6.334587 5.957429 -1.246934
v 6.29806 5.945301 -1.281012
v 6.25511 5.931952 -1.309487
v 6.207103 5.917841 -1.330695
v 6.155988 5.903568 -1.343459
v 6.10401 5.88975 -1.347311
v 6.053396 5.876945 -1.342554
v 6.005291 5.864977 -1.329883
v 5.958579 5.851886 -1.308913
v 5.915119 5.837906 -1.279777
v 5.876976 5.823615 -1.243402
v 5.845812 5.809635 -1.201374
v 5.822649 5.796544 -1.155709
v 5.807712 5.784575 -1.108259
v 5.800559 5.77177 -1.057927
v 5.801942 5.757953 -1.005826
v 5.812266 5.743679 -0.954163
v 5.831174 5.729569 -0.905204
v 5.857579 5.716219 -0.860951
v 5.889886 5.704092 -0.822849
v 5.928332 5.691596 -0.790203
v 5.972897 5.677973 -0.763649
v 6.022009 5.663753 -0.744761
v 6.073606 5.649548 -0.73453
v 6.125412 5.635967 -0.733201
v 6.175266 5.623536 -0.740265
v 6.22299 5.611357 -0.75525
v 6.268995 5.597959 -0.778605
v 6.311134 5.583827 -0.809936
v 6.347428 5.569561 -0.848111
v 6.376379 5.55578 -0.891397
v 6.39717 5.543036 -0.937703
v 6.409882 5.531048 -0.985823
v 6.414679 5.517903 -1.03687
v 6.41075 5.503894 -1.089081
v 6.397902 5.489604 -1.140197
v 6.376714 5.475653 -1.187996
v 6.348447 5.462617 -1.230606
v 6.31455 5.450662 -1.266993
v 6.274232 5.437798 -1.298083
v 6.228181 5.423945 -1.322586
v 6.178134 5.409665 -1.339071
v 6.126245 5.395578 -1.346749
v 6.074789 5.382278 -1.345598
v 6.025766 5.370195 -1.336299
v 5.978327 5.357635 -1.318928
v 5.933208 5.343971 -1.293221
v 5.892553 5.329738 -1.259789
v 5.858232 5.315549 -1.219956
v 5.831561 5.302012 -1.175586
v 5.813148 5.289646 -1.128813
v 5.802628 5.27741 -1.079834
v 5.800261 5.263965 -1.028235
v 5.806752 5.249813 -0.976102
v 5.822074 5.235557 -0.925717
v 5.845439 5.221813 -0.879231
v 5.875423 5.209129 -0.838371
v 5.911036 5.197116 -0.803555
v 5.953136 5.183918 -0.774172
v 6.000529 5.169882 -0.751838
v 6.051333 5.155593 -0.737821
v 6.103328 5.141674 -0.732697
v 6.154264 5.128695 -0.73627
v 6.202628 5.116745 -0.747808
v 6.249626 5.103823 -0.767579
v 6.293683 5.089937 -0.795588
v 6.332699 5.075652 -0.831012
v 6.36494 5.06159 -0.87235
v 6.38928 5.04834 -0.917627
v 6.405355 5.036295 -0.96481
v 6.413653 5.023673 -1.014726
v 6.413532 5.009969 -1.066705
v 6.404481 4.995723 -1.118571
v 5.842766 3.199095 -0.863937
v 5.816992 3.212587 -0.910793
v 5.799223 3.226758 -0.96216
v 5.790459 3.241004 -1.015898
v 5.790929 3.254709 -1.069649
v 5.800084 3.267331 -1.12117
v 5.817247 3.279376 -1.169777
v 5.842936 3.292625 -1.216318
v 5.87675 3.306687 -1.258694
v 5.917502 3.320972 -1.294878
v 5.963381 3.334859 -1.323336
v 6.012208 3.347781 -1.343242
v 6.062352 3.35973 -1.354618
v 6.115065 3.37271 -1.357728
v 6.168772 3.386629 -1.351833
v 6.221147 3.400918 -1.336756
v 6.269899 3.414954 -1.313118
v 6.313096 3.428151 -1.28225
v 6.349524 3.440164 -1.245839
v 6.38006 3.452849 -1.203242
v 6.403688 3.466592 -1.154905
v 6.418955 3.480849 -1.102627
v 6.425069 3.495001 -1.048643
v 6.422029 3.508446 -0.995313
v 6.410589 3.520682 -0.944785
v 6.391012 3.533048 -0.89663
v 6.362924 3.546584 -0.851055
v 6.326975 3.560773 -0.810257
v 6.284552 3.575007 -0.776153
v 6.2376 3.588671 -0.750087
v 6.188345 3.601231 -0.732668
v 6.137546 3.613314 -0.723615
v 6.084323 3.626614 -0.723015
v 6.030754 3.640701 -0.73155
v 5.97919 3.654981 -0.749171
v 5.931851 3.668833 -0.775037
v 5.890516 3.681698 -0.807649
v 5.855881 3.693654 -0.845665
v 5.82714 3.706689 -0.890051
v 5.805778 3.720639 -0.939722
v 5.793079 3.73493 -0.992727
v 5.789616 3.748939 -1.046761
v 5.795161 3.762083 -1.099493
v 5.808859 3.774071 -1.149107
v 5.830889 3.786816 -1.196753
v 5.861323 3.800597 -1.241181
v 5.899292 3.814863 -1.280241
v 5.943226 3.828995 -1.312156
v 5.991066 3.842393 -1.335779
v 6.040589 3.854572 -1.350727
v 6.092223 3.867003 -1.357461
v 6.145779 3.880583 -1.355492
v 6.199016 3.894789 -1.34432
v 6.249585 3.909009 -1.324225
v 6.295364 3.922632 -1.296255
v 6.334745 3.935127 -1.262056
v 6.367716 3.947255 -1.222285
v 6.394514 3.960605 -1.176221
v 6.413505 3.974715 -1.125377
v 6.423588 3.988988 -1.071835
v 6.42442 4.002806 -1.017942
v 6.416447 4.015611 -0.965978
v 6.400455 4.027579 -0.917082
v 6.375979 4.04067 -0.870127
v 6.343271 4.05465 -0.827024
v 6.303411 4.068942 -0.789847
v 6.258137 4.082922 -0.760217
v 6.209592 4.096013 -0.739068
v 6.159702 4.107981 -0.726517
v 6.107309 4.120786 -0.722179
v 6.053605 4.134604 -0.726758
v 6.000894 4.148877 -0.740543
v 5.951495 4.162987 -0.763025
v 5.907407 4.176337 -0.792963
v 5.870027 4.188465 -0.828621
v 5.83865 4.200961 -0.870286
v 5.813933 4.214583 -0.917901
v 5.797406 4.228804 -0.969746
v 5.789966 4.243009 -1.023631
v 5.791728 4.256589 -1.077194
v 5.802037 4.269021 -1.128234
v 5.820395 4.281199 -1.176597
v 5.847289 4.294597 -1.222677
v 5.882183 4.308729 -1.264285
v 5.923791 4.322995 -1.299444
v 5.970229 4.336776 -1.326713
v 6.019292 4.349521 -1.345375
v 6.069739 4.361509 -1.355586
v 6.122729 4.374653 -1.35745
v 6.176391 4.388662 -1.350235
v 6.228384 4.402953 -1.333879
v 6.276449 4.416903 -1.309112
v 6.318727 4.429939 -1.277353
v 6.354241 4.441894 -1.240157
v 6.383898 4.454759 -1.196653
v 6.406408 4.468611 -1.147629
v 6.420398 4.482892 -1.094964
v 6.425185 4.496978 -1.040931
v 6.420883 4.510278 -0.987878
v 6.408318 4.522361 -0.937832
v 6.387514 4.534921 -0.889909
v 6.358244 4.548585 -0.844885
v 6.321271 4.562819 -0.804937
v 6.278071 4.577008 -0.771914
v 6.230652 4.590544 -0.747065
v 6.181251 4.60291 -0.730886
v 6.13005 4.615146 -0.722989
v 6.076637 4.628591 -0.723667
v 6.02321 4.642744 -0.733523
v 5.972121 4.657001 -0.75239
v 5.925545 4.670743 -0.779324
v 5.885176 4.683427 -0.81275
v 5.851388 4.695441 -0.851623
v 5.823601 4.708638 -0.896863
v 5.803411 4.722674 -0.947141
v 5.792015 4.736963 -1.000439
v 5.789871 4.750882 -1.054426
v 5.796641 4.763862 -1.106795
v 5.811479 4.775811 -1.156026
v 5.834734 4.788733 -1.203349
v 5.866316 4.802619 -1.247137
v 5.905247 4.816905 -1.285273
v 5.949873 4.830966 -1.316056
v 5.998088 4.844216 -1.338445
v 6.047772 4.856261 -1.352184
v 6.099805 4.868883 -1.357732
v 6.153459 4.882588 -1.354461
v 6.206457 4.896833 -1.341979
v 5.913319 6.674497 -0.788293
v 5.958268 6.661005 -0.759321
v 6.008274 6.646834 -0.738021
v 6.061271 6.632588 -0.725539
v 6.114925 6.618884 -0.722268
v 6.166959 6.606261 -0.727816
v 6.216641 6.594216 -0.741555
v 6.264857 6.580967 -0.763944
v 6.309483 6.566905 -0.794727
v 6.348415 6.55262 -0.832863
v 6.379996 6.538733 -0.876651
v 6.403251 6.525811 -0.923974
v 6.418088 6.513862 -0.973205
v 6.424859 6.500882 -1.025574
v 6.422715 6.486963 -1.079561
v 6.411319 6.472674 -1.132859
v 6.391129 6.458638 -1.183137
v 6.363343 6.445441 -1.228377
v 6.329555 6.433428 -1.26725
v 6.289186 6.420743 -1.300676
v 6.242609 6.407 -1.32761
v 6.19152 6.392744 -1.346478
v 6.138093 6.378592 -1.356333
v 6.08468 6.365146 -1.357011
v 6.033479 6.35291 -1.349114
v 5.984078 6.340544 -1.332935
v 5.936659 6.327008 -1.308086
v 5.893459 6.312819 -1.275063
v 5.856485 6.298585 -1.235115
v 5.827217 6.284921 -1.190091
v 5.806413 6.272361 -1.142168
v 5.793847 6.260278 -1.092122
v 5.789545 6.246978 -1.039069
v 5.794333 6.232891 -0.985036
v 5.808322 6.218611 -0.932371
v 5.830832 6.204759 -0.883347
v 5.860489 6.191895 -0.839843
v 5.896002 6.179939 -0.802647
v 5.938282 6.166903 -0.770888
v 5.986346 6.152953 -0.746121
v 6.038339 6.138662 -0.729765
v 6.092001 6.124653 -0.72255
v 6.144991 6.111509 -0.724414
v 6.195438 6.099521 -0.734625
v 6.244502 6.086776 -0.753287
v 6.290939 6.072995 -0.780556
v 6.332547 6.058729 -0.815715
v 6.367441 6.044597 -0.857323
v 6.394335 6.031199 -0.903403
v 6.412694 6.019021 -0.951766
v 6.423003 6.006589 -1.002806
v 6.424765 5.993009 -1.056369
v 6.417324 5.978804 -1.110255
v 6.400797 5.964583 -1.162099
v 6.37608 5.95096 -1.209714
v 6.344704 5.938465 -1.251379
v 6.307323 5.926337 -1.287037
v 6.263236 5.912988 -1.316975
v 6.213836 5.898878 -1.339457
v 6.161126 5.884604 -1.353242
v 6.107421 5.870786 -1.357821
v 6.055027 5.857981 -1.353483
v 6.005138 5.846013 -1.340932
v 5.956594 5.832922 -1.319783
v 5.911319 5.818942 -1.290153
v 5.871459 5.80465 -1.252976
v 5.838751 5.79067 -1.209873
v 5.814275 5.77758 -1.162918
v 5.798284 5.765611 -1.114022
v 5.79031 5.752806 -1.062058
v 5.791142 5.738988 -1.008165
v 5.801226 5.724715 -0.954623
v 5.820217 5.710605 -0.903779
v 5.847014 5.697256 -0.857715
v 5.879985 5.685127 -0.817944
v 5.919366 5.672632 -0.783745
v 5.965145 5.659009 -0.755775
v 6.015714 5.644788 -0.73568
v 6.068951 5.630583 -0.724508
v 6.122508 5.617003 -0.722539
v 6.174141 5.604572 -0.729273
v 6.223664 5.592393 -0.744221
v 6.271504 5.578995 -0.767844
v 6.315439 5.564863 -0.799758
v 6.353407 5.550597 -0.838819
v 6.383841 5.536816 -0.883247
v 6.405872 5.524071 -0.930893
v 6.419569 5.512084 -0.980507
v 6.425115 5.498939 -1.033239
v 6.421651 5.48493 -1.087273
v 6.408952 5.470639 -1.140278
v 6.387589 5.456689 -1.189949
v 6.358849 5.443654 -1.234335
v 6.324214 5.431698 -1.272351
v 6.282879 5.418833 -1.304963
v 6.23554 5.404981 -1.330829
v 6.183976 5.390701 -1.34845
v 6.130407 5.376614 -1.356985
v 6.077184 5.363315 -1.356385
v 6.026384 5.351231 -1.347332
v 5.97713 5.338672 -1.329913
v 5.930178 5.325007 -1.303847
v 5.887755 5.310773 -1.269743
v 5.851807 5.296584 -1.228945
v 5.823719 5.283048 -1.18337
v 5.804141 5.270682 -1.135215
v 5.792701 5.258446 -1.084687
v 5.789661 5.245 -1.031357
v 5.795775 5.230849 -0.977373
v 5.811042 5.216592 -0.925095
v 5.83467 5.202848 -0.876758
v 5.865206 5.190164 -0.834161
v 5.901634 5.178151 -0.79775
v 5.944831 5.164954 -0.766882
v 5.993583 5.150918 -0.743244
v 6.045958 5.136629 -0.728167
v 6.099666 5.12271 -0.722272
v 6.152379 5.109731 -0.725382
v 6.202522 5.097781 -0.736758
v 6.251349 5.084859 -0.756664
v 6.297228 5.070972 -0.785122
v 6.33798 5.056687 -0.821306
v 6.371794 5.042625 -0.863682
v 6.397483 5.029376 -0.910223
v 6.414646 5.017331 -0.95883
v 6.423801 5.004709 -1.010351
v 6.424272 4.991004 -1.064103
v 6.415507 4.976758 -1.11784
v 5.827496 3.181146 -0.857384
v 5.800839 3.194638 -0.906893
v 5.782641 3.208809 -0.961069
v 5.773934 3.223055 -1.017653
v 5.774937 3.236759 -1.074164
v 5.785048 3.249382 -1.128249
v 5.803555 3.261427 -1.179193
v 5.831005 3.274676 -1.227884
v 5.866957 3.288738 -1.27212
v 5.910148 3.303023 -1.309779
v 5.958654 3.31691 -1.339267
v 6.01018 3.329832 -1.359736
v 6.063011 3.341781 -1.371222
v 6.118464 3.354761 -1.373995
v 6.174877 3.36868 -1.367289
v 6.229804 3.382968 -1.350941
v 6.280839 3.397004 -1.325627
v 6.325966 3.410202 -1.292764
v 6.363922 3.422215 -1.254136
v 6.395627 3.434899 -1.20906
v 6.420013 3.448642 -1.158013
v 6.435571 3.462899 -1.102902
v 6.441489 3.477051 -1.046085
v 6.437788 3.490497 -0.990041
v 6.425282 3.502733 -0.937023
v 6.404243 3.515099 -0.886576
v 6.37428 3.528635 -0.838923
v 6.336098 3.542824 -0.796367
v 6.29117 3.557058 -0.760909
v 6.241558 3.570722 -0.733948
v 6.189605 3.583282 -0.716098
v 6.136108 3.595365 -0.707059
v 6.080142 3.608665 -0.706931
v 6.023899 3.622751 -0.716412
v 5.96985 3.637031 -0.735426
v 5.920321 3.650884 -0.76307
v 5.877168 3.663749 -0.79775
v 5.841112 3.675704 -0.838048
v 5.811313 3.68874 -0.884988
v 5.789321 3.70269 -0.937415
v 5.77647 3.716981 -0.993266
v 5.773339 3.730989 -1.050112
v 5.779668 3.744134 -1.105503
v 5.794538 3.756122 -1.157539
v 5.818152 3.768867 -1.207427
v 5.850572 3.782648 -1.253852
v 5.890862 3.796914 -1.294563
v 5.937357 3.811046 -1.327703
v 5.987881 3.824444 -1.352089
v 6.040092 3.836622 -1.367338
v 6.094445 3.849054 -1.373929
v 6.150736 3.862634 -1.371353
v 6.206605 3.876839 -1.359104
v 6.259585 3.891059 -1.337498
v 6.307454 3.904682 -1.307657
v 6.348537 3.917178 -1.271326
v 6.382828 3.929306 -1.229199
v 6.410568 3.942655 -1.180512
v 6.430055 3.956765 -1.126874
v 6.440151 3.971039 -1.070484
v 6.440516 3.984856 -1.013812
v 6.431642 3.997662 -0.95925
v 6.414365 4.00963 -0.907991
v 6.388188 4.022721 -0.858853
v 6.35339 4.036701 -0.813842
v 6.311129 4.050992 -0.77513
v 6.263246 4.064972 -0.744404
v 6.212005 4.078063 -0.722626
v 6.159431 4.090032 -0.709902
v 6.104302 4.102837 -0.705835
v 6.047879 4.116654 -0.711158
v 5.992589 4.130928 -0.72615
v 5.940861 4.145038 -0.750255
v 5.894789 4.158388 -0.782149
v 5.855824 4.170515 -0.819994
v 5.823227 4.183011 -0.864098
v 5.797689 4.196634 -0.914395
v 5.780802 4.210855 -0.969062
v 5.773489 4.22506 -1.025789
v 5.775847 4.23864 -1.08209
v 5.787169 4.251071 -1.135658
v 5.806928 4.26325 -1.186333
v 5.835641 4.276648 -1.23453
v 5.872723 4.29078 -1.277947
v 5.916802 4.305046 -1.314521
v 5.965886 4.318826 -1.342753
v 6.017649 4.331572 -1.361911
v 6.070786 4.343559 -1.372171
v 6.126519 4.356704 -1.37363
v 6.182873 4.370713 -1.365537
v 6.237385 4.385004 -1.347848
v 6.287687 4.398953 -1.321353
v 6.33184 4.411989 -1.287561
v 6.368828 4.423945 -1.248117
v 6.3996 4.436809 -1.202095
v 6.422803 4.450662 -1.150337
v 6.437015 4.464942 -1.094832
v 6.441538 4.479029 -1.037975
v 6.436514 4.492329 -0.982235
v 6.422828 4.504412 -0.929734
v 6.400502 4.516971 -0.879543
v 6.369302 4.530636 -0.83248
v 6.33005 4.544869 -0.790827
v 6.284316 4.559058 -0.756514
v 6.234223 4.572595 -0.730836
v 6.182129 4.58496 -0.714291
v 6.128221 4.597197 -0.706472
v 6.072068 4.610642 -0.70769
v 6.015986 4.624794 -0.718557
v 5.962448 4.639051 -0.738878
v 5.913731 4.652794 -0.767637
v 5.871602 4.665479 -0.803164
v 5.836443 4.677492 -0.844355
v 5.807655 4.690689 -0.892184
v 5.786903 4.704725 -0.945239
v 5.775424 4.719014 -1.001385
v 5.77368 4.732933 -1.058169
v 5.781294 4.745912 -1.113166
v 5.797359 4.757862 -1.164789
v 5.822258 4.770784 -1.214326
v 5.855877 4.78467 -1.260067
v 5.897171 4.798955 -1.299796
v 5.944383 4.813017 -1.331741
v 5.99529 4.826267 -1.354825
v 6.047657 4.838312 -1.368802
v 6.102419 4.850934 -1.374143
v 6.158801 4.864639 -1.370197
v 6.214407 4.878884 -1.356572
v 5.900961 6.656547 -0.777183
v 5.947948 6.643055 -0.746296
v 6.000323 6.628884 -0.723428
v 6.055929 6.614638 -0.709803
v 6.112311 6.600934 -0.705857
v 6.167073 6.588312 -0.711198
v 6.21944 6.576267 -0.725175
v 6.270347 6.563018 -0.748259
v 6.317559 6.548955 -0.780204
v 6.358853 6.53467 -0.819933
v 6.392472 6.520784 -0.865674
v 6.417371 6.507862 -0.915211
v 6.433436 6.495912 -0.966834
v 6.44105 6.482933 -1.021831
v 6.439306 6.469014 -1.078615
v 6.427827 6.454725 -1.134761
v 6.407075 6.440689 -1.187816
v 6.378287 6.427492 -1.235645
v 6.343129 6.415478 -1.276836
v 6.300999 6.402794 -1.312363
v 6.252282 6.389051 -1.341122
v 6.198744 6.374794 -1.361443
v 6.142663 6.360642 -1.37231
v 6.08651 6.347197 -1.373528
v 6.032601 6.33496 -1.365709
v 5.980506 6.322595 -1.349164
v 5.930414 6.309059 -1.323485
v 5.88468 6.294869 -1.289173
v 5.845428 6.280635 -1.24752
v 5.814228 6.266971 -1.200457
v 5.791902 6.254412 -1.150266
v 5.778216 6.242328 -1.097765
v 5.773192 6.229029 -1.042025
v 5.777715 6.214942 -0.985168
v 5.791927 6.200662 -0.929663
v 5.815131 6.18681 -0.877905
v 5.845902 6.173945 -0.831883
v 5.88289 6.161989 -0.792439
v 5.927043 6.148954 -0.758647
v 5.977345 6.135004 -0.732152
v 6.031857 6.120712 -0.714463
v 6.088211 6.106704 -0.70637
v 6.143943 6.093559 -0.707829
v 6.197081 6.081572 -0.718089
v 6.248844 6.068827 -0.737247
v 6.297928 6.055046 -0.765479
v 6.342007 6.04078 -0.802053
v 6.379089 6.026648 -0.84547
v 6.407802 6.01325 -0.893667
v 6.427561 6.001071 -0.944342
v 6.438883 5.98864 -0.99791
v 6.441242 5.97506 -1.054211
v 6.433928 5.960854 -1.110938
v 6.417041 5.946634 -1.165605
v 6.391503 5.933011 -1.215902
v 6.358906 5.920516 -1.260006
v 6.319941 5.908387 -1.297851
v 6.273869 5.895038 -1.329745
v 6.222142 5.880928 -1.35385
v 6.166851 5.866654 -1.368842
v 6.110428 5.852837 -1.374165
v 6.055299 5.840032 -1.370098
v 6.002725 5.828063 -1.357374
v 5.951485 5.814973 -1.335596
v 5.903601 5.800992 -1.30487
v 5.861341 5.786701 -1.266158
v 5.826543 5.77272 -1.221147
v 5.800364 5.75963 -1.172009
v 5.783089 5.747662 -1.12075
v 5.774213 5.734857 -1.066188
v 5.774579 5.721039 -1.009516
v 5.784676 5.706765 -0.953125
v 5.804162 5.692655 -0.899487
v 5.831903 5.679306 -0.850801
v 5.866193 5.667178 -0.808674
v 5.907276 5.654683 -0.772343
v 5.955145 5.641059 -0.742502
v 6.008125 5.626839 -0.720896
v 6.063994 5.612634 -0.708647
v 6.120286 5.599053 -0.706071
v 6.174639 5.586622 -0.712662
v 6.226849 5.574443 -0.727911
v 6.277373 5.561045 -0.752297
v 6.323868 5.546914 -0.785437
v 6.364158 5.532648 -0.826148
v 6.396578 5.518867 -0.872573
v 6.420191 5.506122 -0.922461
v 6.435062 5.494134 -0.974497
v 6.441391 5.48099 -1.029888
v 6.438261 5.466981 -1.086734
v 6.425409 5.45269 -1.142585
v 6.403417 5.438739 -1.195012
v 6.373619 5.425704 -1.241953
v 6.337562 5.413748 -1.28225
v 6.294409 5.400884 -1.31693
v 6.24488 5.387032 -1.344574
v 6.190831 5.372752 -1.363588
v 6.134588 5.358665 -1.373069
v 6.078622 5.345365 -1.372941
v 6.025125 5.333282 -1.363902
v 5.973172 5.320722 -1.346052
v 5.92356 5.307058 -1.31909
v 5.878633 5.292824 -1.283633
v 5.84045 5.278635 -1.241077
v 5.810487 5.265099 -1.193424
v 5.789448 5.252733 -1.142977
v 5.776941 5.240497 -1.089959
v 5.773241 5.227051 -1.033915
v 5.779159 5.212899 -0.977098
v 5.794717 5.198643 -0.921987
v 5.819104 5.184899 -0.87094
v 5.850808 5.172215 -0.825864
v 5.888765 5.160202 -0.787236
v 5.933891 5.147005 -0.754373
v 5.984927 5.132968 -0.729059
v 6.039853 5.11868 -0.712711
v 6.096267 5.104761 -0.706005
v 6.15172 5.091781 -0.708777
v 6.20455 5.079832 -0.720264
v 6.256075 5.066909 -0.740733
v 6.304583 5.053023 -0.770221
v 6.347773 5.038738 -0.80788
v 6.383726 5.024676 -0.852116
v 6.411176 5.011427 -0.900807
v 6.429682 4.999382 -0.951751
v 6.439794 4.986759 -1.005836
v 6.440796 4.973055 -1.062347
v 6.432089 4.958809 -1.118931
v 5.810385 3.16811 -0.84831
v 5.782449 3.181601 -0.900816
v 5.763484 3.195772 -0.958214
v 5.754571 3.210018 -1.01811
v 5.755929 3.223722 -1.077878
v 5.766907 3.236345 -1.135031
v 5.786747 3.24839 -1.188818
v 5.816037 3.261639 -1.240176
v 5.854297 3.275701 -1.286777
v 5.900177 3.289986 -1.326384
v 5.951639 3.303873 -1.35732
v 6.006246 3.316795 -1.3787
v 6.062185 3.328745 -1.390573
v 6.120853 3.341724 -1.393215
v 6.180489 3.355643 -1.385826
v 6.238499 3.369932 -1.368247
v 6.292348 3.383968 -1.341204
v 6.339907 3.397165 -1.306208
v 6.379852 3.409178 -1.265152
v 6.41315 3.421863 -1.217308
v 6.438677 3.435606 -1.163187
v 6.454844 3.449862 -1.104814
v 6.460806 3.464015 -1.044686
v 6.456599 3.47746 -0.985426
v 6.443093 3.489696 -0.929414
v 6.420576 3.502062 -0.876165
v 6.388633 3.515598 -0.825918
v 6.348024 3.529787 -0.781106
v 6.300317 3.544021 -0.743838
v 6.2477 3.557685 -0.71558
v 6.192655 3.570245 -0.696972
v 6.136023 3.582328 -0.687692
v 6.076826 3.595628 -0.68785
v 6.017386 3.609715 -0.698172
v 5.960317 3.623995 -0.718567
v 5.908074 3.637847 -0.748066
v 5.862612 3.650712 -0.784973
v 5.824686 3.662668 -0.827786
v 5.793413 3.675703 -0.877591
v 5.770426 3.689653 -0.93316
v 5.757126 3.703944 -0.992302
v 5.754112 3.717953 -1.052446
v 5.761097 3.731097 -1.111
v 5.777098 3.743085 -1.165962
v 5.802337 3.75583 -1.218606
v 5.83687 3.769611 -1.267541
v 5.879699 3.783877 -1.31039
v 5.929052 3.798009 -1.3452
v 5.98262 3.811407 -1.370728
v 6.037923 3.823586 -1.386584
v 6.095448 3.836017 -1.393271
v 6.154975 3.849597 -1.390251
v 6.214005 3.863802 -1.377002
v 6.269929 3.878022 -1.353872
v 6.320405 3.891645 -1.322057
v 6.363669 3.904141 -1.283415
v 6.399718 3.916269 -1.238676
v 6.428805 3.929619 -1.187034
v 6.449135 3.943729 -1.130198
v 6.459519 3.958002 -1.0705
v 6.459609 3.97182 -1.010555
v 6.449935 3.984625 -0.95289
v 6.431394 3.996593 -0.898763
v 6.403448 4.009684 -0.846926
v 6.366405 4.023664 -0.799499
v 6.321502 4.037956 -0.758775
v 6.270695 4.051936 -0.726526
v 6.216382 4.065027 -0.703759
v 6.160707 4.076995 -0.690576
v 6.102375 4.0898 -0.686563
v 6.042723 4.103618 -0.692489
v 5.984319 4.117891 -0.708636
v 5.929733 4.132001 -0.734403
v 5.881169 4.145351 -0.768379
v 5.840153 4.157478 -0.808613
v 5.805905 4.169974 -0.855434
v 5.779157 4.183598 -0.908767
v 5.761581 4.197817 -0.966678
v 5.754143 4.212023 -1.026717
v 5.756933 4.225603 -1.086256
v 5.769189 4.238035 -1.142856
v 5.790354 4.250213 -1.196353
v 5.820977 4.263611 -1.247181
v 5.860426 4.277743 -1.29291
v 5.907241 4.292008 -1.331364
v 5.959306 4.30579 -1.360969
v 6.014157 4.318535 -1.380962
v 6.070415 4.330523 -1.391536
v 6.129373 4.343667 -1.392786
v 6.188937 4.357676 -1.383931
v 6.246502 4.371967 -1.364936
v 6.299569 4.385917 -1.336648
v 6.346094 4.398952 -1.300675
v 6.38501 4.410908 -1.25876
v 6.417316 4.423772 -1.20992
v 6.441588 4.437625 -1.155054
v 6.456329 4.451905 -1.09627
v 6.460815 4.465992 -1.036107
v 6.45521 4.479292 -0.977176
v 6.440459 4.491375 -0.921717
v 6.416581 4.503935 -0.868746
v 6.383334 4.517599 -0.81913
v 6.341598 4.531832 -0.775278
v 6.293045 4.546021 -0.739225
v 6.239926 4.559558 -0.712326
v 6.184739 4.571924 -0.6951
v 6.127677 4.58416 -0.687112
v 6.068289 4.597605 -0.688694
v 6.009027 4.611758 -0.700482
v 5.952506 4.626014 -0.722256
v 5.901128 4.639757 -0.752931
v 5.856753 4.652442 -0.790729
v 5.819781 4.664454 -0.834481
v 5.789582 4.677652 -0.885222
v 5.76791 4.691689 -0.941448
v 5.756063 4.705977 -1.000895
v 5.754515 4.719896 -1.060965
v 5.762856 4.732876 -1.119098
v 5.78012 4.744825 -1.173616
v 5.806715 4.757747 -1.225882
v 5.842515 4.771634 -1.274087
v 5.8864 4.785919 -1.315893
v 5.936504 4.799981 -1.349433
v 5.99047 4.81323 -1.373584
v 6.045934 4.825275 -1.388093
v 6.103884 4.837897 -1.393455
v 6.1635 4.851602 -1.388986
v 6.222243 4.865848 -1.374284
v 5.887671 6.64351 -0.763094
v 5.937208 6.630019 -0.730179
v 5.992486 6.615848 -0.705716
v 6.05123 6.601602 -0.691014
v 6.110846 6.587897 -0.686545
v 6.168797 6.575275 -0.691907
v 6.22426 6.56323 -0.706416
v 6.278226 6.549981 -0.730567
v 6.328331 6.535918 -0.764107
v 6.372216 6.521633 -0.805913
v 6.408015 6.507747 -0.854118
v 6.43461 6.494825 -0.906384
v 6.451874 6.482875 -0.960902
v 6.460215 6.469896 -1.019035
v 6.458668 6.455977 -1.079105
v 6.446821 6.441688 -1.138552
v 6.425148 6.427652 -1.194778
v 6.394949 6.414455 -1.245519
v 6.357977 6.402442 -1.289271
v 6.313603 6.389758 -1.327069
v 6.262224 6.376014 -1.357744
v 6.205703 6.361757 -1.379518
v 6.146441 6.347605 -1.391306
v 6.087053 6.33416 -1.392888
v 6.029992 6.321924 -1.3849
v 5.974804 6.309558 -1.367674
v 5.921686 6.296022 -1.340775
v 5.873133 6.281833 -1.304722
v 5.831396 6.267599 -1.26087
v 5.79815 6.253934 -1.211254
v 5.774271 6.241375 -1.158283
v 5.759521 6.229291 -1.102824
v 5.753914 6.215992 -1.043893
v 5.7584 6.201905 -0.98373
v 5.773142 6.187625 -0.924946
v 5.797414 6.173772 -0.87008
v 5.82972 6.160908 -0.82124
v 5.868637 6.148952 -0.779325
v 5.915161 6.135917 -0.743352
v 5.968227 6.121966 -0.715064
v 6.025794 6.107676 -0.696069
v 6.085358 6.093667 -0.687214
v 6.144315 6.080523 -0.688464
v 6.200573 6.068535 -0.699038
v 6.255424 6.055789 -0.719031
v 6.307489 6.042009 -0.748636
v 6.354304 6.027743 -0.78709
v 6.393754 6.013611 -0.832819
v 6.424376 6.000213 -0.883647
v 6.445541 5.988034 -0.937144
v 6.457798 5.975603 -0.993744
v 6.460588 5.962023 -1.053283
v 6.453149 5.947818 -1.113322
v 6.435573 5.933597 -1.171233
v 6.408824 5.919974 -1.224566
v 6.374578 5.907479 -1.271387
v 6.333561 5.89535 -1.311621
v 6.284997 5.882001 -1.345597
v 6.230411 5.867891 -1.371364
v 6.172007 5.853618 -1.387511
v 6.112355 5.8398 -1.393437
v 6.054023 5.826995 -1.389424
v 5.998348 5.815026 -1.376241
v 5.944036 5.801936 -1.353474
v 5.893228 5.787956 -1.321225
v 5.848325 5.773664 -1.280501
v 5.811283 5.759684 -1.233074
v 5.783336 5.746593 -1.181237
v 5.764794 5.734625 -1.12711
v 5.755121 5.721819 -1.069445
v 5.755211 5.708003 -1.0095
v 5.765595 5.693728 -0.949802
v 5.785925 5.679618 -0.892966
v 5.815012 5.666269 -0.841324
v 5.85106 5.654141 -0.796585
v 5.894325 5.641645 -0.757943
v 5.944801 5.628023 -0.726128
v 6.000725 5.613802 -0.702998
v 6.059755 5.599597 -0.689749
v 6.119282 5.586017 -0.686729
v 6.176807 5.573586 -0.693416
v 6.232111 5.561407 -0.709272
v 6.285678 5.548009 -0.7348
v 6.335031 5.533877 -0.76961
v 6.377861 5.519611 -0.812459
v 6.412394 5.50583 -0.861394
v 6.437632 5.493085 -0.914038
v 6.453633 5.481097 -0.969
v 6.460618 5.467953 -1.027554
v 6.457604 5.453944 -1.087698
v 6.444304 5.439653 -1.14684
v 6.421318 5.425703 -1.202409
v 6.390045 5.412668 -1.252214
v 6.352118 5.400712 -1.295027
v 6.306656 5.387847 -1.331934
v 6.254413 5.373995 -1.361433
v 6.197344 5.359715 -1.381828
v 6.137904 5.345628 -1.39215
v 6.078707 5.332328 -1.392308
v 6.022075 5.320245 -1.383028
v 5.967031 5.307685 -1.364421
v 5.914413 5.294021 -1.336162
v 5.866706 5.279788 -1.298894
v 5.826097 5.265598 -1.254082
v 5.794155 5.252062 -1.203835
v 5.771637 5.239696 -1.150586
v 5.758132 5.22746 -1.094573
v 5.753924 5.214015 -1.035314
v 5.759886 5.199862 -0.975186
v 5.776053 5.185606 -0.916813
v 5.80158 5.171863 -0.862692
v 5.834878 5.159178 -0.814848
v 5.874823 5.147165 -0.773792
v 5.922382 5.133968 -0.738796
v 5.976231 5.119931 -0.711753
v 6.034242 5.105643 -0.694174
v 6.093876 5.091724 -0.686785
v 6.152544 5.078744 -0.689427
v 6.208485 5.066795 -0.7013
v 6.263091 5.053873 -0.72268
v 6.314553 5.039986 -0.753616
v 6.360433 5.025701 -0.793223
v 6.398693 5.011639 -0.839823
v 6.427983 4.99839 -0.891182
v 6.447823 4.986345 -0.944969
v 6.458802 4.973722 -1.002122
v 6.460159 4.960018 -1.06189
v 6.451245 4.945772 -1.121786
v 5.791171 3.159622 -0.836614
v 5.761546 3.173114 -0.892507
v 5.741472 3.187285 -0.953589
v 5.732092 3.201531 -1.01731
v 5.733635 3.215235 -1.080877
v 5.745409 3.227858 -1.141648
v 5.766601 3.239903 -1.198823
v 5.797841 3.253152 -1.253399
v 5.838613 3.267214 -1.302901
v 5.887478 3.281499 -1.34495
v 5.942265 3.295386 -1.377767
v 6.000381 3.308308 -1.400415
v 6.0599 3.320257 -1.41295
v 6.122304 3.333237 -1.415662
v 6.18572 3.347156 -1.407703
v 6.247392 3.361444 -1.388909
v 6.304621 3.375481 -1.360054
v 6.355147 3.388678 -1.322752
v 6.397564 3.400691 -1.279017
v 6.4329 3.413375 -1.228074
v 6.45996 3.427119 -1.170467
v 6.477057 3.441375 -1.108354
v 6.483298 3.455528 -1.044391
v 6.478724 3.468973 -0.981369
v 6.464264 3.481209 -0.921816
v 6.440225 3.493575 -0.865218
v 6.406166 3.507111 -0.811828
v 6.362899 3.5213 -0.764233
v 6.312095 3.535534 -0.724674
v 6.256083 3.549198 -0.694706
v 6.197505 3.561758 -0.675008
v 6.137255 3.573841 -0.665232
v 6.074293 3.587141 -0.665499
v 6.011088 3.601228 -0.676578
v 5.950423 3.615508 -0.698366
v 5.894907 3.62936 -0.729829
v 5.846614 3.642225 -0.769161
v 5.806347 3.65418 -0.81476
v 5.773169 3.667216 -0.867787
v 5.748813 3.681166 -0.926929
v 5.734766 3.695457 -0.989856
v 5.731661 3.709466 -1.05383
v 5.739189 3.72261 -1.116098
v 5.7563 3.734598 -1.174529
v 5.783232 3.747343 -1.23048
v 5.820045 3.761124 -1.28247
v 5.86567 3.77539 -1.327973
v 5.918221 3.789521 -1.364914
v 5.975239 3.80292 -1.391976
v 6.034087 3.815099 -1.408748
v 6.095283 3.827529 -1.415764
v 6.158592 3.84111 -1.412452
v 6.221354 3.855315 -1.398261
v 6.280797 3.869535 -1.373566
v 6.334431 3.883158 -1.339643
v 6.380383 3.895654 -1.298469
v 6.41865 3.907782 -1.250824
v 6.4495 3.921132 -1.195848
v 6.471028 3.935242 -1.135363
v 6.481972 3.949515 -1.071849
v 6.481967 3.963333 -1.00809
v 6.471582 3.976138 -0.946774
v 6.45177 3.988106 -0.889235
v 6.421958 4.001197 -0.834147
v 6.38248 4.015177 -0.783765
v 6.334652 4.029469 -0.740525
v 6.280559 4.043449 -0.70631
v 6.222754 4.05654 -0.682187
v 6.163514 4.068508 -0.668258
v 6.101464 4.081313 -0.664088
v 6.038028 4.09513 -0.670491
v 5.975936 4.109404 -0.687763
v 5.91792 4.123514 -0.715261
v 5.866323 4.136864 -0.75148
v 5.822766 4.148991 -0.794342
v 5.786419 4.161487 -0.844199
v 5.758058 4.17511 -0.90097
v 5.739461 4.18933 -0.962594
v 5.73165 4.203536 -1.026465
v 5.734718 4.217116 -1.089787
v 5.747849 4.229547 -1.149967
v 5.77045 4.241726 -1.206832
v 5.803106 4.255124 -1.260842
v 5.845141 4.269256 -1.309413
v 5.895 4.283521 -1.350235
v 5.950426 4.297303 -1.381636
v 6.0088 4.310048 -1.402808
v 6.068655 4.322035 -1.41396
v 6.131364 4.33518 -1.415192
v 6.194703 4.349189 -1.405673
v 6.255899 4.36348 -1.385373
v 6.312294 4.37743 -1.355197
v 6.361718 4.390465 -1.316857
v 6.403039 4.402421 -1.27221
v 6.437318 4.415285 -1.220209
v 6.463043 4.429138 -1.161812
v 6.478623 4.443418 -1.099264
v 6.483294 4.457505 -1.035267
v 6.477232 4.470805 -0.972596
v 6.46145 4.482888 -0.913633
v 6.435964 4.495448 -0.857332
v 6.400518 4.509112 -0.804616
v 6.356053 4.523345 -0.758045
v 6.304352 4.537534 -0.71978
v 6.247809 4.551071 -0.691259
v 6.189082 4.563437 -0.67303
v 6.128377 4.575673 -0.664629
v 6.065214 4.589118 -0.666412
v 6.002202 4.603271 -0.679049
v 5.942122 4.617527 -0.702303
v 5.887526 4.63127 -0.735016
v 5.840392 4.643954 -0.775292
v 5.801142 4.655967 -0.82189
v 5.769106 4.669165 -0.875909
v 5.74615 4.683201 -0.935748
v 5.733649 4.69749 -0.998997
v 5.732104 4.711409 -1.062891
v 5.741074 4.724388 -1.124707
v 5.759527 4.736337 -1.182665
v 5.787901 4.74926 -1.238211
v 5.826059 4.763146 -1.289422
v 5.872806 4.777431 -1.333814
v 5.926154 4.791493 -1.369405
v 5.983593 4.804742 -1.395
v 6.04261 4.816788 -1.41034
v 6.104256 4.82941 -1.415946
v 6.167657 4.843114 -1.411093
v 6.230112 4.85736 -1.395356
v 5.87323 6.635023 -0.745848
v 5.925864 6.621531 -0.710756
v 5.984618 6.60736 -0.684644
v 6.047073 6.593115 -0.668907
v 6.110474 6.57941 -0.664054
v 6.17212 6.566788 -0.66966
v 6.231137 6.554743 -0.685
v 6.288576 6.541494 -0.710595
v 6.341924 6.527431 -0.746186
v 6.388671 6.513146 -0.790578
v 6.426829 6.49926 -0.841789
v 6.455204 6.486338 -0.897335
v 6.473656 6.474388 -0.955292
v 6.482626 6.461409 -1.017109
v 6.481081 6.44749 -1.081003
v 6.46858 6.433201 -1.144252
v 6.445624 6.419165 -1.204091
v 6.413589 6.405968 -1.25811
v 6.374338 6.393955 -1.304708
v 6.327204 6.38127 -1.344985
v 6.272608 6.367527 -1.377697
v 6.212528 6.35327 -1.400951
v 6.149516 6.339118 -1.413588
v 6.086353 6.325673 -1.415371
v 6.025649 6.313437 -1.40697
v 5.966921 6.301071 -1.388741
v 5.910378 6.287535 -1.36022
v 5.858676 6.273345 -1.321955
v 5.814211 6.259112 -1.275384
v 5.778766 6.245447 -1.222668
v 5.75328 6.232888 -1.166367
v 5.737498 6.220805 -1.107404
v 5.731436 6.207505 -1.044733
v 5.736107 6.193418 -0.980736
v 5.751688 6.179138 -0.918188
v 5.777411 6.165285 -0.859791
v 5.811691 6.152421 -0.80779
v 5.853013 6.140465 -0.763144
v 5.902436 6.127429 -0.724803
v 5.958831 6.11348 -0.694627
v 6.020027 6.099189 -0.674327
v 6.083366 6.08518 -0.664808
v 6.146075 6.072035 -0.66604
v 6.20593 6.060048 -0.677192
v 6.264304 6.047302 -0.698364
v 6.319731 6.033522 -0.729765
v 6.369588 6.019256 -0.770587
v 6.411624 6.005124 -0.819158
v 6.444281 5.991726 -0.873168
v 6.466881 5.979548 -0.930033
v 6.480012 5.967116 -0.990213
v 6.48308 5.953536 -1.053535
v 6.475269 5.939331 -1.117406
v 6.456672 5.92511 -1.17903
v 6.428311 5.911487 -1.235801
v 6.391964 5.898991 -1.285658
v 6.348406 5.886863 -1.32852
v 6.29681 5.873514 -1.364739
v 6.238794 5.859405 -1.392237
v 6.176702 5.84513 -1.409509
v 6.113266 5.831313 -1.415912
v 6.051216 5.818508 -1.411742
v 5.991977 5.806539 -1.397813
v 5.934172 5.793449 -1.37369
v 5.880077 5.779469 -1.339475
v 5.83225 5.765177 -1.296235
v 5.792771 5.751197 -1.245853
v 5.76296 5.738106 -1.190765
v 5.743149 5.726138 -1.133226
v 5.732763 5.713333 -1.07191
v 5.732758 5.699515 -1.008151
v 5.743702 5.685241 -0.944637
v 5.76523 5.671132 -0.884152
v 5.796081 5.657782 -0.829176
v 5.834348 5.645654 -0.781531
v 5.880299 5.633158 -0.740357
v 5.933932 5.619536 -0.706435
v 5.993376 5.605315 -0.681739
v 6.056139 5.59111 -0.667548
v 6.119447 5.57753 -0.664236
v 6.180643 5.565098 -0.671252
v 6.239491 5.552919 -0.688024
v 6.296509 5.539522 -0.715086
v 6.34906 5.52539 -0.752027
v 6.394686 5.511124 -0.79753
v 6.431498 5.497343 -0.84952
v 6.45843 5.484598 -0.905471
v 6.475541 5.47261 -0.963902
v 6.483069 5.459466 -1.02617
v 6.479965 5.445457 -1.090144
v 6.465918 5.431166 -1.153071
v 6.441562 5.417216 -1.212213
v 6.408383 5.404181 -1.26524
v 6.368115 5.392224 -1.310839
v 6.319824 5.37936 -1.350171
v 6.264307 5.365508 -1.381634
v 6.203641 5.351228 -1.403422
v 6.140438 5.337141 -1.414501
v 6.077476 5.323841 -1.414768
v 6.017225 5.311758 -1.404992
v 5.958647 5.299198 -1.385294
v 5.902636 5.285534 -1.355326
v 5.851832 5.2713 -1.315767
v 5.808564 5.257111 -1.268172
v 5.774505 5.243575 -1.214782
v 5.750466 5.231209 -1.158185
v 5.736006 5.218973 -1.098631
v 5.731432 5.205527 -1.035609
v 5.737672 5.191375 -0.971646
v 5.75477 5.177119 -0.909533
v 5.78183 5.163375 -0.851926
v 5.817166 5.150691 -0.800983
v 5.859583 5.138678 -0.757248
v 5.910109 5.125481 -0.719946
v 5.967338 5.111444 -0.691092
v 6.02901 5.097156 -0.672297
v 6.092426 5.083237 -0.664339
v 6.15483 5.070258 -0.66705
v 6.214349 5.058308 -0.679585
v 6.272465 5.045385 -0.702233
v 6.327252 5.031499 -0.73505
v 6.376118 5.017214 -0.777099
v 6.416889 5.003152 -0.826601
v 6.448129 4.989903 -0.881177
v 6.469321 4.977858 -0.938352
v 6.481095 4.965236 -0.999123
v 6.482638 4.951531 -1.06269
v 6.473258 4.937285 -1.126411
v 5.770897 3.156629 -0.822813
v 5.739245 3.17012 -0.882302
v 5.717759 3.184292 -0.947332
v 5.707658 3.198538 -1.015192
v 5.709195 3.212242 -1.082908
v 5.721632 3.224864 -1.147661
v 5.74411 3.236909 -1.208601
v 5.777293 3.250158 -1.26679
v 5.82064 3.26422 -1.319588
v 5.87262 3.278506 -1.364462
v 5.930924 3.292392 -1.399513
v 5.992793 3.305314 -1.423737
v 6.056171 3.317264 -1.43719
v 6.12264 3.330243 -1.440184
v 6.190206 3.344162 -1.431814
v 6.255931 3.358451 -1.411899
v 6.31694 3.372487 -1.381261
v 6.370825 3.385684 -1.341612
v 6.416082 3.397698 -1.295097
v 6.453809 3.410382 -1.240892
v 6.482731 3.424125 -1.179574
v 6.501049 3.438382 -1.113439
v 6.507805 3.452534 -1.045316
v 6.50304 3.465979 -0.978176
v 6.487739 3.478215 -0.914715
v 6.462228 3.490581 -0.854385
v 6.426039 3.504117 -0.797456
v 6.380031 3.518307 -0.746684
v 6.325981 3.53254 -0.704459
v 6.266367 3.546205 -0.672442
v 6.204004 3.558764 -0.651359
v 6.139841 3.570848 -0.640843
v 6.072772 3.584147 -0.641021
v 6.005428 3.598234 -0.652715
v 5.940769 3.612514 -0.675821
v 5.881579 3.626367 -0.709241
v 5.830071 3.639231 -0.751056
v 5.7871 3.651187 -0.799561
v 5.751667 3.664222 -0.855989
v 5.725623 3.678173 -0.918946
v 5.710553 3.692463 -0.985952
v 5.707138 3.706472 -1.054094
v 5.71505 3.719617 -1.120435
v 5.733178 3.731604 -1.182706
v 5.761772 3.744349 -1.24235
v 5.800896 3.758131 -1.297793
v 5.84942 3.772396 -1.346341
v 5.905334 3.786528 -1.385781
v 5.966025 3.799926 -1.414705
v 6.028682 3.812105 -1.43267
v 6.093856 3.824536 -1.440248
v 6.1613 3.838116 -1.436827
v 6.228179 3.852322 -1.421818
v 6.29154 3.866542 -1.395612
v 6.348729 3.880165 -1.359569
v 6.397747 3.892661 -1.315788
v 6.438591 3.904788 -1.265101
v 6.471546 3.918138 -1.206593
v 6.494581 3.932248 -1.1422
v 6.506347 3.946522 -1.074563
v 6.50645 3.960339 -1.006646
v 6.495491 3.973144 -0.941314
v 6.474485 3.985112 -0.879989
v 6.442823 3.998203 -0.821257
v 6.400856 4.012183 -0.767523
v 6.349983 4.026475 -0.721382
v 6.292419 4.040455 -0.684844
v 6.230886 4.053545 -0.659049
v 6.167807 4.065514 -0.644112
v 6.101718 4.078319 -0.639564
v 6.034134 4.092137 -0.646277
v 5.967964 4.106411 -0.66457
v 5.906118 4.12052 -0.693763
v 5.851095 4.13387 -0.732256
v 5.804624 4.145998 -0.777839
v 5.765822 4.158494 -0.830885
v 5.735516 4.172116 -0.89131
v 5.715601 4.186337 -0.956921
v 5.707173 4.200542 -1.024944
v 5.710332 4.214122 -1.0924
v 5.724217 4.226554 -1.156527
v 5.748196 4.238733 -1.217139
v 5.782889 4.25213 -1.274726
v 5.827584 4.266262 -1.326537
v 5.880624 4.280528 -1.370105
v 5.939611 4.294309 -1.403647
v 6.001756 4.307055 -1.4263
v 6.065495 4.319042 -1.438281
v 6.132292 4.332186 -1.439699
v 6.199777 4.346195 -1.429667
v 6.264998 4.360486 -1.408147
v 6.325122 4.374436 -1.376099
v 6.377834 4.387472 -1.335343
v 6.421926 4.399428 -1.287855
v 6.458529 4.412292 -1.232522
v 6.48603 4.426145 -1.17036
v 6.502733 4.440424 -1.10376
v 6.507816 4.454511 -1.035597
v 6.501466 4.467811 -0.968829
v 6.484755 4.479895 -0.905994
v 6.457703 4.492454 -0.845979
v 6.420035 4.506118 -0.789764
v 6.37275 4.520352 -0.740081
v 6.317741 4.534541 -0.699233
v 6.25756 4.548078 -0.668756
v 6.195034 4.560443 -0.649238
v 6.130385 4.57268 -0.640187
v 6.0631 4.586124 -0.641978
v 5.995958 4.600276 -0.655332
v 5.93192 4.614533 -0.680001
v 5.873709 4.628277 -0.714754
v 5.823432 4.640961 -0.757577
v 5.781543 4.652974 -0.807147
v 5.747327 4.666172 -0.864634
v 5.722772 4.680207 -0.928336
v 5.709349 4.694496 -0.995688
v 5.707594 4.708416 -1.063747
v 5.717043 4.721395 -1.129609
v 5.736601 4.733344 -1.191377
v 5.766732 4.746266 -1.250594
v 5.807291 4.760153 -1.30521
v 5.857011 4.774438 -1.352576
v 5.913778 4.7885 -1.390578
v 5.974919 4.801749 -1.41794
v 6.037758 4.813794 -1.43438
v 6.103415 4.826416 -1.440456
v 6.170958 4.840121 -1.435394
v 6.237513 4.854367 -1.418738
v 5.858462 6.63203 -0.726268
v 5.914587 6.618538 -0.688977
v 5.977217 6.604367 -0.661262
v 6.043772 6.590121 -0.644606
v 6.111316 6.576416 -0.639544
v 6.176972 6.563794 -0.64562
v 6.239811 6.551749 -0.66206
v 6.300953 6.5385 -0.689422
v 6.357719 6.524438 -0.727424
v 6.40744 6.510153 -0.774791
v 6.447999 6.496266 -0.829406
v 6.478129 6.483344 -0.888623
v 6.497687 6.471395 -0.950391
v 6.507136 6.458415 -1.016253
v 6.505382 6.444496 -1.084312
v 6.491958 6.430208 -1.151664
v 6.467403 6.416172 -1.215366
v 6.433187 6.402974 -1.272853
v 6.391298 6.390961 -1.322423
v 6.341022 6.378277 -1.365246
v 6.282811 6.364533 -1.399999
v 6.218772 6.350276 -1.424668
v 6.15163 6.336124 -1.438022
v 6.084345 6.322679 -1.439813
v 6.019696 6.310443 -1.430762
v 5.95717 6.298077 -1.411244
v 5.896989 6.284541 -1.380768
v 5.84198 6.270352 -1.339919
v 5.794694 6.256118 -1.290236
v 5.757027 6.242454 -1.234021
v 5.729975 6.229894 -1.174006
v 5.713264 6.217811 -1.111171
v 5.706914 6.204511 -1.044403
v 5.711998 6.190424 -0.976241
v 5.7287 6.176144 -0.90964
v 5.756201 6.162292 -0.847478
v 5.792804 6.149427 -0.792145
v 5.836896 6.137472 -0.744657
v 5.889608 6.124436 -0.703901
v 5.949732 6.110486 -0.671853
v 6.014953 6.096195 -0.650333
v 6.082438 6.082187 -0.640301
v 6.149235 6.069042 -0.641719
v 6.212974 6.057054 -0.6537
v 6.275119 6.044309 -0.676353
v 6.334106 6.030528 -0.709895
v 6.387146 6.016263 -0.753463
v 6.431841 6.002131 -0.805274
v 6.466535 5.988732 -0.862861
v 6.490513 5.976553 -0.923473
v 6.504398 5.964122 -0.9876
v 6.507557 5.950542 -1.055056
v 6.499128 5.936337 -1.123078
v 6.479214 5.922116 -1.18869
v 6.448908 5.908494 -1.249115
v 6.410106 5.895998 -1.302161
v 6.363635 5.88387 -1.347744
v 6.308612 5.870521 -1.386238
v 6.246767 5.856411 -1.41543
v 6.180596 5.842137 -1.433723
v 6.113012 5.82832 -1.440436
v 6.046923 5.815515 -1.435888
v 5.983844 5.803546 -1.420951
v 5.92231 5.790455 -1.395156
v 5.864747 5.776475 -1.358618
v 5.813874 5.762184 -1.312477
v 5.771906 5.748203 -1.258743
v 5.740245 5.735113 -1.200011
v 5.719239 5.723145 -1.138686
v 5.708281 5.710339 -1.073354
v 5.708384 5.696522 -1.005437
v 5.720149 5.682248 -0.937801
v 5.743185 5.668138 -0.873407
v 5.776139 5.654788 -0.814899
v 5.816983 5.642661 -0.764212
v 5.866001 5.630165 -0.720431
v 5.92319 5.616542 -0.684388
v 5.986551 5.602322 -0.658182
v 6.053431 5.588116 -0.643173
v 6.120874 5.574536 -0.639752
v 6.186048 5.562105 -0.64733
v 6.248705 5.549926 -0.665295
v 6.309396 5.536528 -0.694219
v 6.36531 5.522397 -0.733659
v 6.413834 5.508131 -0.782207
v 6.452959 5.494349 -0.83765
v 6.481552 5.481604 -0.897294
v 6.49968 5.469616 -0.959565
v 6.507593 5.456472 -1.025906
v 6.504177 5.442463 -1.094048
v 6.489107 5.428173 -1.161054
v 6.463062 5.414222 -1.224011
v 6.42763 5.401186 -1.280439
v 6.384659 5.389231 -1.328944
v 6.333151 5.376367 -1.370759
v 6.273961 5.362514 -1.404179
v 6.209302 5.348234 -1.427285
v 6.141958 5.334147 -1.438979
v 6.074889 5.320848 -1.439157
v 6.010726 5.308764 -1.428641
v 5.948363 5.296205 -1.407558
v 5.88875 5.28254 -1.375541
v 5.834699 5.268306 -1.333316
v 5.788691 5.254117 -1.282544
v 5.752502 5.240581 -1.225615
v 5.726991 5.228215 -1.165285
v 5.71169 5.215979 -1.101824
v 5.706925 5.202534 -1.034684
v 5.713681 5.188382 -0.966561
v 5.731999 5.174125 -0.900426
v 5.760921 5.160382 -0.839108
v 5.798648 5.147697 -0.784903
v 5.843906 5.135684 -0.738388
v 5.89779 5.122487 -0.698739
v 5.958799 5.108451 -0.668101
v 6.024525 5.094162 -0.648186
v 6.09209 5.080243 -0.639816
v 6.158559 5.067264 -0.64281
v 6.221938 5.055315 -0.656263
v 6.283806 5.042392 -0.680487
v 6.34211 5.028506 -0.715538
v 6.39409 5.014221 -0.760412
v 6.437437 5.000158 -0.81321
v 6.47062 4.986909 -0.871399
v 6.493098 4.974864 -0.932339
v 6.505536 4.962242 -0.997092
v 6.507071 4.948537 -1.064808
v 6.496972 4.934291 -1.132668
v 5.753158 3.159071 -0.809499
v 5.719525 3.172562 -0.87215
v 5.696597 3.186733 -0.940689
v 5.685673 3.200979 -1.012259
v 5.687029 3.214684 -1.083722
v 5.699901 3.227306 -1.152101
v 5.723382 3.239351 -1.216496
v 5.758172 3.2526 -1.278028
v 5.803707 3.266662 -1.333913
v 5.858383 3.280947 -1.38147
v 5.919771 3.294834 -1.418685
v 5.984963 3.307756 -1.444489
v 6.05179 3.319705 -1.458933
v 6.12192 3.332685 -1.462353
v 6.193251 3.346604 -1.453784
v 6.262685 3.360893 -1.433026
v 6.327185 3.374929 -1.400933
v 6.384201 3.388126 -1.359305
v 6.43214 3.400139 -1.310397
v 6.472163 3.412824 -1.253345
v 6.502923 3.426567 -1.188753
v 6.522512 3.440823 -1.119036
v 6.529908 3.454976 -1.047175
v 6.525141 3.468421 -0.976308
v 6.509243 3.480657 -0.90928
v 6.482559 3.493023 -0.845518
v 6.444593 3.506559 -0.785302
v 6.396242 3.520748 -0.731546
v 6.33937 3.534982 -0.686776
v 6.276588 3.548646 -0.652757
v 6.210862 3.561206 -0.630266
v 6.143196 3.573289 -0.618918
v 6.072421 3.586589 -0.618844
v 6.00131 3.600676 -0.630921
v 5.93299 3.614956 -0.65505
v 5.870398 3.628808 -0.690085
v 5.815881 3.641673 -0.734009
v 5.770347 3.653629 -0.785025
v 5.732736 3.666664 -0.844432
v 5.705007 3.680614 -0.910766
v 5.688842 3.694905 -0.981415
v 5.684971 3.708914 -1.053308
v 5.693062 3.722058 -1.123345
v 5.711948 3.734046 -1.189127
v 5.741887 3.746791 -1.252178
v 5.782957 3.760572 -1.310837
v 5.833972 3.774838 -1.362257
v 5.892821 3.78897 -1.404094
v 5.956752 3.802368 -1.434853
v 6.0228 3.814547 -1.454056
v 6.091545 3.826978 -1.462307
v 6.162728 3.840558 -1.458961
v 6.233361 3.854764 -1.443384
v 6.300325 3.868984 -1.415979
v 6.360815 3.882607 -1.378167
v 6.412712 3.895103 -1.33216
v 6.456009 3.90723 -1.278832
v 6.491014 3.92058 -1.21722
v 6.515574 3.93469 -1.149359
v 6.528254 3.948963 -1.078032
v 6.528627 3.962781 -1.006364
v 6.51732 3.975586 -0.937379
v 6.495392 3.987555 -0.872584
v 6.462211 4.000645 -0.810484
v 6.418136 4.014625 -0.753617
v 6.364633 4.028917 -0.704728
v 6.304032 4.042897 -0.665947
v 6.239199 4.055987 -0.638486
v 6.172694 4.067956 -0.622477
v 6.102972 4.080761 -0.617419
v 6.031628 4.094579 -0.624239
v 5.96173 4.108852 -0.643283
v 5.896354 4.122962 -0.673847
v 5.83814 4.136312 -0.714252
v 5.788924 4.148439 -0.762172
v 5.747771 4.160935 -0.817997
v 5.715554 4.174559 -0.881642
v 5.694283 4.188778 -0.9508
v 5.685122 4.202984 -1.022548
v 5.688193 4.216564 -1.093743
v 5.702594 4.228996 -1.161467
v 5.72766 4.241174 -1.225521
v 5.764046 4.254572 -1.286425
v 5.811007 4.268704 -1.341273
v 5.866807 4.28297 -1.387455
v 5.928922 4.296751 -1.423082
v 5.994411 4.309496 -1.447228
v 6.061625 4.321484 -1.460121
v 6.132106 4.334628 -1.461878
v 6.203359 4.348637 -1.451556
v 6.272267 4.362928 -1.429103
v 6.335838 4.376878 -1.395519
v 6.391622 4.389914 -1.352717
v 6.438335 4.401869 -1.302778
v 6.477177 4.414733 -1.244531
v 6.50644 4.428586 -1.179042
v 6.524326 4.442866 -1.108828
v 6.529957 4.456953 -1.036919
v 6.523517 4.470253 -0.966438
v 6.506128 4.482336 -0.900066
v 6.477816 4.494895 -0.836629
v 6.438288 4.50856 -0.777162
v 6.388584 4.522793 -0.724549
v 6.330696 4.536983 -0.681229
v 6.267309 4.550519 -0.648833
v 6.201405 4.562885 -0.627993
v 6.13322 4.575121 -0.618188
v 6.062211 4.588566 -0.619816
v 5.991307 4.602719 -0.633645
v 5.923635 4.616975 -0.659426
v 5.862071 4.630718 -0.695871
v 5.80885 4.643403 -0.740864
v 5.764453 4.655416 -0.793009
v 5.728122 4.668613 -0.853538
v 5.701961 4.68265 -0.920663
v 5.687533 4.696938 -0.991684
v 5.685416 4.710857 -1.063496
v 5.695129 4.723837 -1.133034
v 5.715526 4.735786 -1.19829
v 5.74709 4.748708 -1.260896
v 5.789676 4.762595 -1.318688
v 5.841958 4.77688 -1.368865
v 5.901712 4.790942 -1.409189
v 5.966125 4.804191 -1.438302
v 6.032371 4.816236 -1.455896
v 6.101631 4.828858 -1.462564
v 6.172925 4.842563 -1.457487
v 6.243222 4.856809 -1.44017
v 5.845937 6.634471 -0.707962
v 5.905309 6.62098 -0.66883
v 5.971508 6.606809 -0.63983
v 6.041805 6.592563 -0.622513
v 6.1131 6.578858 -0.617436
v 6.18236 6.566236 -0.624104
v 6.248605 6.554191 -0.641698
v 6.313018 6.540942 -0.670811
v 6.372772 6.526879 -0.711134
v 6.425054 6.512594 -0.761312
v 6.46764 6.498708 -0.819103
v 6.499204 6.485786 -0.88171
v 6.519601 6.473836 -0.946966
v 6.529315 6.460857 -1.016504
v 6.527197 6.446938 -1.088316
v 6.512769 6.432649 -1.159337
v 6.486609 6.418613 -1.226462
v 6.450277 6.405416 -1.286991
v 6.40588 6.393403 -1.339136
v 6.352659 6.380719 -1.384129
v 6.291096 6.366975 -1.420574
v 6.223423 6.352718 -1.446355
v 6.15252 6.338566 -1.460184
v 6.081511 6.325121 -1.461812
v 6.013325 6.312885 -1.452007
v 5.947421 6.300519 -1.431167
v 5.884034 6.286983 -1.398771
v 5.826146 6.272794 -1.355451
v 5.776443 6.25856 -1.302838
v 5.736914 6.244895 -1.243371
v 5.708602 6.232336 -1.179934
v 5.691214 6.220253 -1.113562
v 5.684773 6.206953 -1.043081
v 5.690404 6.192866 -0.971172
v 5.70829 6.178586 -0.900958
v 5.737553 6.164733 -0.835469
v 5.776395 6.151869 -0.777222
v 5.823108 6.139914 -0.727283
v 5.878892 6.126878 -0.684481
v 5.942462 6.112927 -0.650898
v 6.011371 6.098637 -0.628444
v 6.082624 6.084628 -0.618122
v 6.153105 6.071484 -0.619879
v 6.220319 6.059496 -0.632772
v 6.285808 6.046751 -0.656918
v 6.347924 6.03297 -0.692545
v 6.403723 6.018704 -0.738727
v 6.450684 6.004572 -0.793575
v 6.48707 5.991174 -0.854479
v 6.512136 5.978995 -0.918533
v 6.526537 5.966564 -0.986257
v 6.529608 5.952984 -1.057452
v 6.520447 5.938778 -1.1292
v 6.499177 5.924558 -1.198358
v 6.466959 5.910935 -1.262003
v 6.425807 5.89844 -1.317828
v 6.37659 5.886312 -1.365748
v 6.318377 5.872962 -1.406152
v 6.253 5.858852 -1.436717
v 6.183103 5.844579 -1.455761
v 6.111758 5.830761 -1.462581
v 6.042036 5.817956 -1.457523
v 5.975531 5.805987 -1.441514
v 5.910698 5.792897 -1.414053
v 5.850098 5.778917 -1.375272
v 5.796594 5.764625 -1.326383
v 5.752519 5.750645 -1.269516
v 5.719337 5.737555 -1.207416
v 5.697411 5.725586 -1.142621
v 5.686102 5.71278 -1.073636
v 5.686476 5.698964 -1.001968
v 5.699157 5.68469 -0.930641
v 5.723716 5.670579 -0.86278
v 5.75872 5.65723 -0.801168
v 5.802019 5.645103 -0.747841
v 5.853916 5.632607 -0.701833
v 5.914405 5.618984 -0.664021
v 5.981369 5.604764 -0.636616
v 6.052002 5.590558 -0.621039
v 6.123185 5.576978 -0.617693
v 6.19193 5.564547 -0.625944
v 6.257979 5.552368 -0.645147
v 6.321909 5.53897 -0.675906
v 6.380759 5.524838 -0.717743
v 6.431773 5.510572 -0.769163
v 6.472843 5.496791 -0.827822
v 6.502782 5.484046 -0.890873
v 6.521668 5.472058 -0.956655
v 6.529758 5.458914 -1.026692
v 6.525888 5.444905 -1.098585
v 6.509724 5.430614 -1.169234
v 6.481994 5.416664 -1.235568
v 6.444384 5.403628 -1.294975
v 6.398849 5.391673 -1.345991
v 6.344332 5.378808 -1.389915
v 6.281741 5.364956 -1.42495
v 6.21342 5.350676 -1.449079
v 6.142309 5.336589 -1.461156
v 6.071535 5.323289 -1.461082
v 6.003868 5.311206 -1.449734
v 5.938142 5.298646 -1.427243
v 5.87536 5.284982 -1.393224
v 5.818489 5.270749 -1.348454
v 5.770137 5.256559 -1.294698
v 5.732171 5.243023 -1.234482
v 5.705487 5.230657 -1.17072
v 5.689589 5.218421 -1.103692
v 5.684823 5.204976 -1.032825
v 5.692218 5.190824 -0.960964
v 5.711807 5.176567 -0.891247
v 5.742567 5.162824 -0.826655
v 5.78259 5.150139 -0.769603
v 5.83053 5.138126 -0.720695
v 5.887546 5.124929 -0.679067
v 5.952045 5.110892 -0.646974
v 6.02148 5.096604 -0.626216
v 6.092811 5.082685 -0.617647
v 6.16294 5.069705 -0.621067
v 6.229767 5.057756 -0.635511
v 6.294959 5.044834 -0.661315
v 6.356347 5.030947 -0.69853
v 6.411024 5.016662 -0.746087
v 6.456559 5.0026 -0.801972
v 6.491348 4.989351 -0.863504
v 6.514829 4.977306 -0.927899
v 6.5277 4.964684 -0.996278
v 6.529057 4.950979 -1.067741
v 6.518134 4.936733 -1.139311
v 5.736081 3.16677 -0.795373
v 5.700321 3.180262 -0.861087
v 5.675788 3.194433 -0.93306
v 5.663868 3.208679 -1.008294
v 5.664868 3.222383 -1.083487
v 5.678002 3.235006 -1.155506
v 5.702322 3.247051 -1.223397
v 5.738555 3.2603 -1.288343
v 5.786129 3.274362 -1.347412
v 5.84337 3.288647 -1.397773
v 5.907734 3.302534 -1.437294
v 5.976168 3.315456 -1.464832
v 6.046391 3.327405 -1.480428
v 6.120154 3.340385 -1.484445
v 6.195252 3.354304 -1.475856
v 6.268428 3.368592 -1.454431
v 6.33648 3.382628 -1.421052
v 6.396716 3.395826 -1.377596
v 6.447445 3.407839 -1.326426
v 6.489895 3.420523 -1.266641
v 6.522644 3.434267 -1.198867
v 6.543669 3.448523 -1.125635
v 6.55188 3.462676 -1.050074
v 6.547288 3.476121 -0.975486
v 6.530963 3.488357 -0.904872
v 6.50327 3.500723 -0.837628
v 6.463685 3.514259 -0.774047
v 6.413136 3.528448 -0.717201
v 6.353569 3.542682 -0.669759
v 6.28772 3.556346 -0.633593
v 6.218703 3.568906 -0.609537
v 6.147579 3.580989 -0.597193
v 6.073117 3.594289 -0.596692
v 5.99823 3.608375 -0.608973
v 5.926205 3.622656 -0.633951
v 5.860143 3.636508 -0.670438
v 5.802523 3.649372 -0.716324
v 5.754311 3.661328 -0.769726
v 5.714386 3.674363 -0.832004
v 5.684816 3.688314 -0.901628
v 5.667387 3.702605 -0.975862
v 5.662885 3.716614 -1.051477
v 5.670978 3.729758 -1.125211
v 5.690454 3.741746 -1.194533
v 5.721578 3.754491 -1.261049
v 5.764436 3.768272 -1.32301
v 5.817801 3.782538 -1.377413
v 5.879467 3.79667 -1.421782
v 5.946545 3.810067 -1.454526
v 6.01592 3.822246 -1.475124
v 6.088197 3.834678 -1.484215
v 6.163109 3.848258 -1.481121
v 6.237514 3.862463 -1.465154
v 6.308132 3.876683 -1.436721
v 6.371999 3.890306 -1.397301
v 6.426875 3.902802 -1.349206
v 6.472747 3.91493 -1.293359
v 6.509944 3.928279 -1.228747
v 6.536188 3.942389 -1.157497
v 6.549955 3.956663 -1.082529
v 6.550777 3.97048 -1.007129
v 6.539292 3.983286 -0.934482
v 6.51661 3.995254 -0.86618
v 6.482071 4.008345 -0.800646
v 6.436039 4.022325 -0.740554
v 6.38004 4.036616 -0.688798
v 6.316514 4.050597 -0.647633
v 6.248467 4.063687 -0.618355
v 6.178593 4.075656 -0.601114
v 6.105268 4.088461 -0.595376
v 6.030167 4.102279 -0.602124
v 5.956513 4.116552 -0.621744
v 5.887547 4.130662 -0.653509
v 5.82606 4.144011 -0.695671
v 5.773993 4.156139 -0.745793
v 5.730362 4.168635 -0.804281
v 5.696086 4.182258 -0.87105
v 5.673294 4.196478 -0.943684
v 5.663227 4.210683 -1.019115
v 5.666032 4.224264 -1.094038
v 5.680779 4.236695 -1.165377
v 5.706769 4.248874 -1.232917
v 5.744686 4.262272 -1.297213
v 5.793766 4.276404 -1.355199
v 5.852197 4.290669 -1.404121
v 5.917336 4.304451 -1.441975
v 5.986093 4.317195 -1.467771
v 6.056731 4.329183 -1.481736
v 6.130874 4.342328 -1.484007
v 6.205901 4.356337 -1.473573
v 6.278534 4.370627 -1.450361
v 6.345618 4.384578 -1.415407
v 6.404563 4.397613 -1.370709
v 6.454009 4.409569 -1.318447
v 6.495223 4.422433 -1.257397
v 6.526402 4.436285 -1.188671
v 6.545639 4.450566 -1.114906
v 6.551993 4.464653 -1.039284
v 6.545639 4.477952 -0.965092
v 6.527741 4.490036 -0.895159
v 6.498333 4.502595 -0.828247
v 6.4571 4.51626 -0.765446
v 6.405121 4.530493 -0.709794
v 6.344476 4.544683 -0.663871
v 6.27798 4.558218 -0.629409
v 6.208767 4.570585 -0.607088
v 6.137087 4.582821 -0.596366
v 6.062369 4.596266 -0.597654
v 5.987689 4.610418 -0.61178
v 5.916336 4.624675 -0.638499
v 5.851347 4.638418 -0.676476
v 5.795085 4.651102 -0.723494
v 5.748063 4.663116 -0.778091
v 5.709477 4.676312 -0.841557
v 5.681552 4.690349 -0.912023
v 5.665948 4.704638 -0.986657
v 5.663291 4.718556 -1.062198
v 5.673095 4.731536 -1.135417
v 5.694165 4.743486 -1.204196
v 5.726999 4.756408 -1.270252
v 5.771458 4.770294 -1.33131
v 5.826164 4.784579 -1.384414
v 5.888791 4.798641 -1.427195
v 5.956385 4.811891 -1.45821
v 6.025978 4.823936 -1.477116
v 6.098806 4.836558 -1.484546
v 6.173846 4.850262 -1.479631
v 6.247909 4.864508 -1.461832
v 5.834301 6.642171 -0.6891
v 5.896999 6.62868 -0.648284
v 5.966821 6.614509 -0.618168
v 6.040884 6.600263 -0.600369
v 6.115923 6.586558 -0.595454
v 6.188753 6.573936 -0.602883
v 6.258345 6.561891 -0.62179
v 6.325939 6.548642 -0.652805
v 6.388566 6.534579 -0.695586
v 6.443272 6.520294 -0.74869
v 6.487731 6.506408 -0.809748
v 6.520566 6.493485 -0.875804
v 6.541635 6.481536 -0.944583
v 6.551439 6.468557 -1.017802
v 6.548782 6.454638 -1.093343
v 6.533178 6.440349 -1.167977
v 6.505253 6.426313 -1.238443
v 6.466668 6.413116 -1.301909
v 6.419645 6.401103 -1.356506
v 6.363382 6.388418 -1.403524
v 6.298394 6.374675 -1.441501
v 6.227042 6.360418 -1.46822
v 6.152361 6.346266 -1.482346
v 6.077642 6.332821 -1.483634
v 6.005963 6.320585 -1.472912
v 5.93675 6.308219 -1.450591
v 5.870254 6.294683 -1.416129
v 5.809609 6.280493 -1.370206
v 5.75763 6.26626 -1.314554
v 5.716397 6.252595 -1.251753
v 5.686989 6.240036 -1.184841
v 5.669092 6.227952 -1.114908
v 5.662737 6.214653 -1.040716
v 5.669091 6.200566 -0.965094
v 5.688328 6.186286 -0.891329
v 5.719508 6.172433 -0.822603
v 5.760721 6.159569 -0.761553
v 5.810167 6.147613 -0.709291
v 5.869112 6.134578 -0.664593
v 5.936196 6.120627 -0.629639
v 6.00883 6.106337 -0.606427
v 6.083856 6.092328 -0.595993
v 6.157999 6.079184 -0.598264
v 6.228638 6.067196 -0.612229
v 6.297395 6.054451 -0.638026
v 6.362534 6.040669 -0.675879
v 6.420964 6.026403 -0.724801
v 6.470045 6.012271 -0.782787
v 6.507962 5.998874 -0.847083
v 6.533951 5.986695 -0.914623
v 6.548698 5.974264 -0.985962
v 6.551503 5.960684 -1.060885
v 6.541437 5.946478 -1.136316
v 6.518644 5.932258 -1.20895
v 6.484368 5.918635 -1.275719
v 6.440737 5.906139 -1.334207
v 6.38867 5.894011 -1.384329
v 6.327182 5.880662 -1.426491
v 6.258217 5.866552 -1.458256
v 6.184564 5.852278 -1.477876
v 6.109462 5.838461 -1.484624
v 6.036137 5.825655 -1.478886
v 5.966263 5.813687 -1.461645
v 5.898216 5.800597 -1.432367
v 5.83469 5.786616 -1.391202
v 5.778691 5.772325 -1.339446
v 5.732659 5.758345 -1.279353
v 5.69812 5.745254 -1.21382
v 5.675438 5.733285 -1.145518
v 5.663953 5.72048 -1.072871
v 5.664775 5.706663 -0.997471
v 5.678542 5.692389 -0.922503
v 5.704787 5.678279 -0.851253
v 5.741983 5.66493 -0.786641
v 5.787856 5.652802 -0.730794
v 5.842732 5.640306 -0.682699
v 5.906598 5.626684 -0.643279
v 5.977216 5.612463 -0.614846
v 6.051621 5.598258 -0.598879
v 6.126533 5.584678 -0.595785
v 6.198811 5.572247 -0.604876
v 6.268186 5.560068 -0.625474
v 6.335263 5.546669 -0.658218
v 6.396929 5.532537 -0.702587
v 6.450294 5.518272 -0.75699
v 6.493153 5.504491 -0.818951
v 6.524275 5.491745 -0.885467
v 6.543752 5.479758 -0.954789
v 6.551846 5.466613 -1.028523
v 6.547343 5.452604 -1.104138
v 6.529915 5.438314 -1.178372
v 6.500344 5.424364 -1.247996
v 6.460419 5.411328 -1.310274
v 6.412207 5.399373 -1.363676
v 6.354587 5.386508 -1.409562
v 6.288525 5.372655 -1.446049
v 6.216501 5.358376 -1.471027
v 6.141613 5.344289 -1.483308
v 6.067151 5.330989 -1.482807
v 5.996027 5.318906 -1.470463
v 5.927011 5.306346 -1.446407
v 5.861161 5.292682 -1.410241
v 5.801594 5.278448 -1.362799
v 5.751045 5.264259 -1.305953
v 5.711461 5.250722 -1.242372
v 5.683767 5.238357 -1.175128
v 5.667441 5.226121 -1.104514
v 5.66285 5.212675 -1.029926
v 5.671061 5.198524 -0.954365
v 5.692087 5.184267 -0.881133
v 5.724836 5.170523 -0.81336
v 5.767284 5.157839 -0.753574
v 5.818014 5.145826 -0.702404
v 5.87825 5.132628 -0.658948
v 5.946302 5.118592 -0.625569
v 6.019478 5.104304 -0.604144
v 6.094576 5.090385 -0.595555
v 6.168339 5.077405 -0.599572
v 6.238562 5.065456 -0.615168
v 6.306996 5.052534 -0.642706
v 6.37136 5.038647 -0.682227
v 6.428601 5.024362 -0.732588
v 6.476174 5.0103 -0.791657
v 6.512409 4.997051 -0.856603
v 6.536729 4.985005 -0.924494
v 6.549862 4.972383 -0.996513
v 6.550862 4.958679 -1.071706
v 6.538942 4.944433 -1.14694
v 5.721573 3.17928 -0.781911
v 5.683762 3.192771 -0.850248
v 5.657624 3.206943 -0.925201
v 5.644629 3.221189 -1.00365
v 5.645122 3.234893 -1.082153
v 5.658304 3.247515 -1.15743
v 5.683194 3.25956 -1.22848
v 5.720543 3.272809 -1.296543
v 5.769772 3.286872 -1.358554
v 5.829157 3.301157 -1.411545
v 5.896058 3.315043 -1.453273
v 5.967294 3.327965 -1.482522
v 6.040485 3.339915 -1.499318
v 6.117457 3.352894 -1.504052
v 6.195916 3.366813 -1.495636
v 6.272462 3.381102 -1.473807
v 6.343747 3.395138 -1.439462
v 6.406945 3.408335 -1.394539
v 6.460277 3.420348 -1.341494
v 6.505028 3.433033 -1.279395
v 6.539711 3.446776 -1.208886
v 6.562197 3.461033 -1.132593
v 6.571322 3.475185 -1.053775
v 6.567076 3.48863 -0.975878
v 6.550551 3.500866 -0.902044
v 6.522135 3.513232 -0.831645
v 6.481279 3.526768 -0.764983
v 6.428927 3.540958 -0.70527
v 6.367093 3.555192 -0.655309
v 6.298617 3.568856 -0.617072
v 6.226747 3.581415 -0.591454
v 6.15259 3.593498 -0.578047
v 6.074863 3.606798 -0.576978
v 5.996597 3.620885 -0.589249
v 5.921227 3.635165 -0.614796
v 5.851998 3.649018 -0.6524
v 5.791512 3.661882 -0.699879
v 5.740792 3.673838 -0.755272
v 5.698658 3.686873 -0.819991
v 5.667278 3.700824 -0.892456
v 5.64854 3.715114 -0.96982
v 5.643286 3.729123 -1.048722
v 5.651194 3.742268 -1.125754
v 5.671018 3.754255 -1.198262
v 5.70302 3.767 -1.267926
v 5.747305 3.780782 -1.332921
v 5.802615 3.795047 -1.390104
v 5.866663 3.809179 -1.436873
v 5.936445 3.822577 -1.471546
v 6.008715 3.834756 -1.493557
v 6.084099 3.847187 -1.503578
v 6.162322 3.860767 -1.500896
v 6.240112 3.874973 -1.484774
v 6.314038 3.889193 -1.45561
v 6.380998 3.902816 -1.414928
v 6.438636 3.915312 -1.365124
v 6.486932 3.927439 -1.307161
v 6.526235 3.940789 -1.239984
v 6.554154 3.954899 -1.165799
v 6.569075 3.969172 -1.087641
v 6.570486 3.98299 -1.008936
v 6.559029 3.995795 -0.933016
v 6.535852 4.007764 -0.861549
v 6.500277 4.020854 -0.792885
v 6.452664 4.034834 -0.729816
v 6.394586 4.049126 -0.675377
v 6.328573 4.063106 -0.63194
v 6.257753 4.076197 -0.600877
v 6.184937 4.088165 -0.582367
v 6.108436 4.10097 -0.57584
v 6.029987 4.114788 -0.582334
v 5.952956 4.129062 -0.602274
v 5.88073 4.143171 -0.634929
v 5.816234 4.156521 -0.678492
v 5.761513 4.168649 -0.730433
v 5.715538 4.181145 -0.791168
v 5.679267 4.194767 -0.860617
v 5.654942 4.208988 -0.936273
v 5.64388 4.223193 -1.014942
v 5.646259 4.236773 -1.093175
v 5.661131 4.249205 -1.167754
v 5.687766 4.261384 -1.238451
v 5.726877 4.274781 -1.305847
v 5.777687 4.288913 -1.366738
v 5.838325 4.303179 -1.418237
v 5.906046 4.31696 -1.45823
v 5.977633 4.329705 -1.485663
v 6.05127 4.341692 -1.500759
v 6.128652 4.354837 -1.503673
v 6.207049 4.368846 -1.493331
v 6.283041 4.383137 -1.469632
v 6.353326 4.397087 -1.433636
v 6.415187 4.410122 -1.387407
v 6.467187 4.422079 -1.333213
v 6.510657 4.434943 -1.269785
v 6.543709 4.448795 -1.19827
v 6.564332 4.463076 -1.121407
v 6.57152 4.477162 -1.042512
v 6.56543 4.490462 -0.965016
v 6.547259 4.502545 -0.891881
v 6.51705 4.515105 -0.821817
v 6.474467 4.528769 -0.755955
v 6.420615 4.543003 -0.697479
v 6.357644 4.557192 -0.649095
v 6.288481 4.570728 -0.612633
v 6.216393 4.583094 -0.588825
v 6.141644 4.59533 -0.577106
v 6.063636 4.608776 -0.577903
v 5.985573 4.622928 -0.592102
v 5.910892 4.637184 -0.619472
v 5.842772 4.650928 -0.658639
v 5.783694 4.663612 -0.707309
v 5.734208 4.675625 -0.763958
v 5.693463 4.688822 -0.829927
v 5.663795 4.702858 -0.903283
v 5.646958 4.717147 -0.981079
v 5.643631 4.731066 -1.059917
v 5.65333 4.744046 -1.136423
v 5.67482 4.755995 -1.208376
v 5.708611 4.768918 -1.277573
v 5.754575 4.782804 -1.341637
v 5.811294 4.797089 -1.397474
v 5.876356 4.811151 -1.442592
v 5.946691 4.8244 -1.475465
v 6.0192 4.836445 -1.495711
v 6.095172 4.849067 -1.504001
v 6.173542 4.862772 -1.49942
v 6.250988 4.877018 -1.481382
v 5.824884 6.654681 -0.671693
v 5.890635 6.641189 -0.629544
v 5.963742 6.627018 -0.598618
v 6.041188 6.612772 -0.58058
v 6.119558 6.599068 -0.575999
v 6.19553 6.586445 -0.584289
v 6.268039 6.5744 -0.604535
v 6.338374 6.561151 -0.637408
v 6.403436 6.547089 -0.682526
v 6.460155 6.532804 -0.738363
v 6.506119 6.518917 -0.802427
v 6.53991 6.505995 -0.871624
v 6.561401 6.494046 -0.943577
v 6.571099 6.481066 -1.020083
v 6.567771 6.467147 -1.098921
v 6.550935 6.452858 -1.176717
v 6.521267 6.438822 -1.250072
v 6.480523 6.425625 -1.316042
v 6.431036 6.413612 -1.372691
v 6.371958 6.400928 -1.421361
v 6.303838 6.387184 -1.460528
v 6.229157 6.372928 -1.487898
v 6.151094 6.358775 -1.502097
v 6.073086 6.34533 -1.502894
v 5.998338 6.333094 -1.491175
v 5.92625 6.320728 -1.467367
v 5.857087 6.307192 -1.430905
v 5.794116 6.293003 -1.382521
v 5.740263 6.278769 -1.324045
v 5.69768 6.265105 -1.258183
v 5.667471 6.252545 -1.188119
v 5.6493 6.240462 -1.114984
v 5.64321 6.227162 -1.037488
v 5.650398 6.213076 -0.958593
v 5.671021 6.198795 -0.88173
v 5.704073 6.184943 -0.810215
v 5.747543 6.172079 -0.746787
v 5.799543 6.160123 -0.692593
v 5.861404 6.147087 -0.646364
v 5.931689 6.133137 -0.610368
v 6.007681 6.118846 -0.586669
v 6.086079 6.104837 -0.576327
v 6.16346 6.091693 -0.579241
v 6.237098 6.079705 -0.594337
v 6.308685 6.06696 -0.62177
v 6.376406 6.053179 -0.661763
v 6.437044 6.038913 -0.713262
v 6.487854 6.024781 -0.774153
v 6.526964 6.011384 -0.841549
v 6.553599 5.999205 -0.912246
v 6.56847 5.986773 -0.986825
v 6.570849 5.973193 -1.065058
v 6.559788 5.958988 -1.143727
v 6.535462 5.944767 -1.219383
v 6.499192 5.931145 -1.288832
v 6.453217 5.918649 -1.349567
v 6.398496 5.906521 -1.401508
v 6.334 5.893171 -1.445071
v 6.261774 5.879062 -1.477726
v 6.184743 5.864788 -1.497666
v 6.106294 5.85097 -1.50416
v 6.029793 5.838165 -1.497633
v 5.956977 5.826197 -1.479123
v 5.886158 5.813107 -1.44806
v 5.820144 5.799126 -1.404623
v 5.762066 5.784834 -1.350184
v 5.714453 5.770854 -1.287115
v 5.678879 5.757763 -1.218451
v 5.655701 5.745795 -1.146984
v 5.644245 5.73299 -1.071064
v 5.645655 5.719172 -0.992359
v 5.660576 5.704899 -0.914201
v 5.688495 5.690789 -0.840016
v 5.727798 5.677439 -0.772839
v 5.776094 5.665312 -0.714876
v 5.833733 5.652815 -0.665072
v 5.900692 5.639193 -0.62439
v 5.974618 5.624973 -0.595226
v 6.052408 5.610767 -0.579104
v 6.13063 5.597187 -0.576422
v 6.206015 5.584756 -0.586443
v 6.278285 5.572577 -0.608454
v 6.348067 5.559179 -0.643127
v 6.412116 5.545047 -0.689896
v 6.467425 5.530782 -0.747079
v 6.511711 5.517 -0.812074
v 6.543712 5.504255 -0.881738
v 6.563536 5.492268 -0.954246
v 6.571444 5.479123 -1.031278
v 6.56619 5.465115 -1.110179
v 6.547452 5.450823 -1.187544
v 6.516073 5.436873 -1.260009
v 6.473938 5.423838 -1.324728
v 6.423218 5.411882 -1.380121
v 6.362732 5.399018 -1.4276
v 6.293503 5.385165 -1.465204
v 6.218132 5.370885 -1.490751
v 6.139867 5.356799 -1.503022
v 6.06214 5.343498 -1.501953
v 5.987983 5.331415 -1.488546
v 5.916113 5.318855 -1.462928
v 5.847638 5.305192 -1.424691
v 5.785804 5.290957 -1.37473
v 5.733451 5.276769 -1.315017
v 5.692595 5.263232 -1.248355
v 5.664179 5.250866 -1.177956
v 5.647654 5.23863 -1.104122
v 5.643408 5.225185 -1.026225
v 5.652533 5.211033 -0.947407
v 5.675019 5.196776 -0.871114
v 5.709702 5.183033 -0.800605
v 5.754453 5.170349 -0.738506
v 5.807786 5.158335 -0.685461
v 5.870984 5.145138 -0.640538
v 5.942269 5.131102 -0.606193
v 6.018815 5.116813 -0.584364
v 6.097272 5.102894 -0.575948
v 6.174245 5.089915 -0.580682
v 6.247436 5.077966 -0.597478
v 6.318673 5.065043 -0.626727
v 6.385573 5.051157 -0.668455
v 6.444959 5.036871 -0.721446
v 6.494187 5.02281 -0.783457
v 6.531536 5.009561 -0.85152
v 6.556426 4.997515 -0.92257
v 6.569608 4.984893 -0.997847
v 6.570101 4.971189 -1.076349
v 6.557106 4.956943 -1.154799
v 5.710424 3.19586 -0.769861
v 5.670751 3.209351 -0.840238
v 5.643098 3.223523 -0.917554
v 5.629011 3.237769 -0.998595
v 5.628875 3.251473 -1.079802
v 5.641891 3.264095 -1.157777
v 5.667054 3.27614 -1.231475
v 5.705128 3.28939 -1.302187
v 5.75554 3.303452 -1.366736
v 5.816532 3.317737 -1.422038
v 5.885391 3.331623 -1.465752
v 5.958837 3.344546 -1.496592
v 6.034408 3.356495 -1.514567
v 6.113989 3.369474 -1.520097
v 6.195215 3.383393 -1.512038
v 6.274573 3.397682 -1.490087
v 6.348593 3.411718 -1.455146
v 6.414335 3.424916 -1.409197
v 6.469937 3.436929 -1.354767
v 6.516738 3.449613 -1.2909
v 6.553195 3.463356 -1.218251
v 6.577081 3.477613 -1.139518
v 6.587168 3.491765 -1.058064
v 6.583416 3.50521 -0.977453
v 6.56693 3.517446 -0.900943
v 6.538116 3.529812 -0.827888
v 6.496402 3.543349 -0.758598
v 6.44274 3.557538 -0.6964
v 6.37919 3.571772 -0.644212
v 6.308673 3.585436 -0.604096
v 6.234541 3.597995 -0.577006
v 6.157945 3.610079 -0.562529
v 6.077553 3.623379 -0.560784
v 5.996494 3.637465 -0.572833
v 5.918321 3.651745 -0.598639
v 5.846401 3.665598 -0.636968
v 5.783444 3.678462 -0.685582
v 5.730524 3.690418 -0.742464
v 5.686408 3.703453 -0.809063
v 5.653353 3.717404 -0.883762
v 5.633334 3.731694 -0.963634
v 5.627251 3.745703 -1.045206
v 5.634797 3.758848 -1.124952
v 5.654707 3.770835 -1.200118
v 5.687236 3.783581 -1.272442
v 5.732512 3.797362 -1.340036
v 5.789253 3.811627 -1.399641
v 5.855119 3.825759 -1.448545
v 5.927017 3.839157 -1.484985
v 6.001593 3.851336 -1.508347
v 6.079487 3.863767 -1.519333
v 6.160423 3.877347 -1.517202
v 6.241021 3.891553 -1.501165
v 6.31773 3.905773 -1.471606
v 6.387327 3.919396 -1.430075
v 6.447357 3.931892 -1.379031
v 6.497791 3.94402 -1.319472
v 6.538999 3.957369 -1.250308
v 6.568488 3.971479 -1.1738
v 6.584565 3.985753 -1.093076
v 6.586672 3.99957 -1.011676
v 6.575445 4.012376 -0.93305
v 6.552058 4.024344 -0.858934
v 6.515824 4.037434 -0.787615
v 6.467093 4.051415 -0.721986
v 6.407465 4.065706 -0.665197
v 6.339537 4.079687 -0.619722
v 6.266537 4.092777 -0.587008
v 6.191369 4.104745 -0.567263
v 6.112289 4.117551 -0.559883
v 6.031088 4.131368 -0.565955
v 5.951244 4.145642 -0.585948
v 5.876265 4.159752 -0.619132
v 5.809192 4.173101 -0.663663
v 5.752162 4.185229 -0.71694
v 5.704106 4.197725 -0.779387
v 5.666017 4.211348 -0.850927
v 5.640233 4.225568 -0.928985
v 5.628144 4.239773 -1.010269
v 5.629961 4.253354 -1.091213
v 5.644731 4.265785 -1.168479
v 5.671701 4.277964 -1.241827
v 5.711603 4.291362 -1.311863
v 5.76366 4.305493 -1.375267
v 5.82596 4.319759 -1.429035
v 5.895682 4.33354 -1.470961
v 5.969505 4.346285 -1.499926
v 6.045552 4.358273 -1.516147
v 6.125571 4.371418 -1.519797
v 6.20675 4.385426 -1.509744
v 6.285551 4.399717 -1.485855
v 6.35855 4.413668 -1.449198
v 6.422919 4.426703 -1.401888
v 6.477153 4.438659 -1.346258
v 6.52264 4.451523 -1.281006
v 6.557417 4.465375 -1.207302
v 6.579381 4.479656 -1.127965
v 6.587465 4.493742 -1.046415
v 6.581803 4.507042 -0.966203
v 6.563608 4.519125 -0.890403
v 6.532937 4.531685 -0.81768
v 6.489431 4.545349 -0.749203
v 6.434206 4.559583 -0.688273
v 6.369467 4.573772 -0.637707
v 6.298225 4.587308 -0.599421
v 6.223853 4.599675 -0.574202
v 6.14663 4.61191 -0.561465
v 6.065932 4.625356 -0.561648
v 5.985067 4.639508 -0.575694
v 5.907592 4.653764 -0.603391
v 5.836806 4.667508 -0.643345
v 5.775297 4.680192 -0.693204
v 5.723642 4.692205 -0.751394
v 5.680953 4.705402 -0.819298
v 5.649662 4.719439 -0.894933
v 5.631606 4.733727 -0.975267
v 5.627516 4.747646 -1.056789
v 5.636919 4.760626 -1.136006
v 5.658557 4.772575 -1.210611
v 5.692941 4.785498 -1.282466
v 5.739959 4.799384 -1.349112
v 5.79817 4.813669 -1.407336
v 5.865099 4.827731 -1.454541
v 5.937583 4.84098 -1.489123
v 6.01242 4.853025 -1.510662
v 6.090937 4.865648 -1.519862
v 6.172041 4.879352 -1.515767
v 6.252299 4.893598 -1.497746
v 5.818196 6.671261 -0.656701
v 5.886555 6.657769 -0.613643
v 5.962431 6.643598 -0.582254
v 6.042689 6.629352 -0.564233
v 6.123793 6.615648 -0.560138
v 6.20231 6.603025 -0.569338
v 6.277147 6.590981 -0.590877
v 6.349631 6.577731 -0.625459
v 6.41656 6.563669 -0.672665
v 6.474771 6.549384 -0.730888
v 6.521789 6.535498 -0.797534
v 6.556173 6.522575 -0.869389
v 6.577812 6.510626 -0.943994
v 6.587214 6.497647 -1.023211
v 6.583124 6.483727 -1.104733
v 6.565068 6.469439 -1.185067
v 6.533778 6.455402 -1.260702
v 6.491089 6.442205 -1.328606
v 6.439434 6.430192 -1.386796
v 6.377924 6.417508 -1.436655
v 6.307138 6.403765 -1.476609
v 6.229664 6.389508 -1.504306
v 6.148798 6.375356 -1.518352
v 6.0681 6.361911 -1.518535
v 5.990877 6.349674 -1.505798
v 5.916505 6.337309 -1.480579
v 5.845263 6.323772 -1.442293
v 5.780524 6.309583 -1.391727
v 5.725299 6.29535 -1.330797
v 5.681794 6.281685 -1.26232
v 5.651122 6.269125 -1.189597
v 5.632927 6.257042 -1.113797
v 5.627265 6.243742 -1.033585
v 5.635349 6.229656 -0.952035
v 5.657313 6.215375 -0.872698
v 5.69209 6.201523 -0.798995
v 5.737577 6.188659 -0.733742
v 5.791811 6.176703 -0.678112
v 5.856181 6.163667 -0.630802
v 5.929179 6.149717 -0.594145
v 6.00798 6.135427 -0.570256
v 6.089159 6.121418 -0.560203
v 6.169178 6.108274 -0.563853
v 6.245225 6.096285 -0.580074
v 6.319048 6.08354 -0.609039
v 6.38877 6.069759 -0.650965
v 6.45107 6.055493 -0.704733
v 6.503128 6.041361 -0.768137
v 6.543029 6.027964 -0.838173
v 6.569999 6.015785 -0.911521
v 6.584769 6.003354 -0.988787
v 6.586586 5.989773 -1.069731
v 6.574498 5.975568 -1.151015
v 6.548713 5.961348 -1.229073
v 6.510624 5.947725 -1.300613
v 6.462568 5.935229 -1.36306
v 6.405539 5.923101 -1.416337
v 6.338466 5.909751 -1.460868
v 6.263486 5.895642 -1.494052
v 6.183642 5.881368 -1.514045
v 6.102441 5.867551 -1.520118
v 6.023361 5.854745 -1.512737
v 5.948193 5.842777 -1.492992
v 5.875193 5.829686 -1.460278
v 5.807266 5.815706 -1.414803
v 5.747638 5.801414 -1.358015
v 5.698906 5.787435 -1.292385
v 5.662672 5.774344 -1.221067
v 5.639285 5.762375 -1.14695
v 5.628059 5.74957 -1.068324
v 5.630165 5.735753 -0.986924
v 5.646242 5.721479 -0.9062
v 5.675731 5.707369 -0.829692
v 5.716939 5.69402 -0.760528
v 5.767373 5.681892 -0.700969
v 5.827403 5.669396 -0.649925
v 5.897 5.655773 -0.608394
v 5.973709 5.641553 -0.578835
v 6.054307 5.627347 -0.562798
v 6.135243 5.613767 -0.560667
v 6.213138 5.601336 -0.571653
v 6.287713 5.589157 -0.595015
v 6.359611 5.575759 -0.631455
v 6.425477 5.561627 -0.680359
v 6.482219 5.547361 -0.739964
v 6.527493 5.533581 -0.807559
v 6.560023 5.520835 -0.879882
v 6.579933 5.508848 -0.955048
v 6.58748 5.495703 -1.034794
v 6.581396 5.481694 -1.116366
v 6.561377 5.467404 -1.196238
v 6.528323 5.453454 -1.270937
v 6.484206 5.440418 -1.337536
v 6.431286 5.428463 -1.394418
v 6.368329 5.415598 -1.443032
v 6.296409 5.401745 -1.481361
v 6.218236 5.387465 -1.507167
v 6.137178 5.373378 -1.519216
v 6.056786 5.360078 -1.517471
v 5.980188 5.347996 -1.502994
v 5.906056 5.335436 -1.475904
v 5.83554 5.321771 -1.435788
v 5.77199 5.307538 -1.3836
v 5.718328 5.293349 -1.321403
v 5.676615 5.279812 -1.252112
v 5.6478 5.267447 -1.179057
v 5.631314 5.25521 -1.102547
v 5.627563 5.241765 -1.021936
v 5.637649 5.227613 -0.940482
v 5.661536 5.213356 -0.861749
v 5.697992 5.199613 -0.7891
v 5.744792 5.186929 -0.725233
v 5.800395 5.174916 -0.670803
v 5.866138 5.161718 -0.624854
v 5.940156 5.147682 -0.589913
v 6.019515 5.133393 -0.567962
v 6.100741 5.119474 -0.559903
v 6.180323 5.106495 -0.565433
v 6.255893 5.094545 -0.583408
v 6.32934 5.081624 -0.614249
v 6.398198 5.067737 -0.657962
v 6.45919 5.053452 -0.713265
v 6.509603 5.03939 -0.777813
v 6.547677 5.02614 -0.848525
v 6.572838 5.014095 -0.922223
v 6.585855 5.001473 -1.000198
v 6.585719 4.987769 -1.081405
v 6.571632 4.973523 -1.162446
v 5.703233 3.215456 -0.759909
v 5.661993 3.228947 -0.831633
v 5.633002 3.243119 -0.910567
v 5.61787 3.257365 -0.993434
v 5.617024 3.271069 -1.076592
v 5.629674 3.283691 -1.156556
v 5.654799 3.295736 -1.232244
v 5.693173 3.308986 -1.304988
v 5.744236 3.323048 -1.371528
v 5.806213 3.337333 -1.428691
v 5.876346 3.351219 -1.474055
v 5.95129 3.364141 -1.506277
v 6.028521 3.376091 -1.525342
v 6.109967 3.38907 -1.531698
v 6.193216 3.402989 -1.524152
v 6.274674 3.417278 -1.502365
v 6.350778 3.431314 -1.467228
v 6.4185 3.444511 -1.420747
v 6.475914 3.456525 -1.365492
v 6.524396 3.469209 -1.300497
v 6.562362 3.482952 -1.226419
v 6.587508 3.497209 -1.146001
v 6.598547 3.511361 -1.062677
v 6.595407 3.524806 -0.980095
v 6.57919 3.537042 -0.901601
v 6.550319 3.549408 -0.82654
v 6.508206 3.562945 -0.75522
v 6.453796 3.577134 -0.69106
v 6.389172 3.591367 -0.637063
v 6.317309 3.605032 -0.595369
v 6.241631 3.617591 -0.566982
v 6.163319 3.629675 -0.551489
v 6.081009 3.642974 -0.549002
v 5.997896 3.657061 -0.560636
v 5.917619 3.671341 -0.586381
v 5.843637 3.685194 -0.625005
v 5.778742 3.698058 -0.67424
v 5.724054 3.710014 -0.732028
v 5.678298 3.723049 -0.799845
v 5.643798 3.737 -0.876052
v 5.622602 3.751291 -0.957669
v 5.615662 3.765299 -1.04115
v 5.622695 3.778444 -1.12288
v 5.642429 3.790431 -1.200026
v 5.675111 3.803177 -1.274372
v 5.720886 3.816957 -1.343986
v 5.778473 3.831223 -1.405518
v 5.845497 3.845355 -1.456172
v 5.918806 3.858753 -1.494114
v 5.994971 3.870932 -1.518687
v 6.074643 3.883363 -1.530615
v 6.157543 3.896944 -1.529138
v 6.240219 3.911149 -1.513417
v 6.319029 3.925369 -1.483815
v 6.390662 3.938992 -1.441891
v 6.452579 3.951488 -1.390144
v 6.504745 3.963616 -1.329591
v 6.547545 3.976965 -1.259123
v 6.57841 3.991075 -1.181033
v 6.595577 4.005349 -1.098508
v 6.598443 4.019166 -1.015168
v 6.587631 4.031971 -0.934554
v 6.564327 4.04394 -0.858452
v 6.527843 4.05703 -0.785104
v 6.478511 4.071011 -0.717472
v 6.417943 4.085302 -0.658799
v 6.348779 4.099282 -0.611639
v 6.274309 4.112373 -0.577503
v 6.197505 4.124341 -0.556628
v 6.116589 4.137147 -0.548382
v 6.033382 4.150964 -0.553893
v 5.951445 4.165238 -0.573671
v 5.874373 4.179348 -0.607001
v 5.8053 4.192697 -0.652018
v 5.746435 4.204825 -0.706079
v 5.69668 4.217321 -0.769609
v 5.657052 4.230944 -0.842537
v 5.629968 4.245164 -0.922248
v 5.61688 4.259369 -1.005381
v 5.618037 4.272949 -1.088287
v 5.632489 4.285381 -1.16754
v 5.659469 4.29756 -1.242885
v 5.69972 4.310957 -1.314953
v 5.752476 4.325089 -1.380334
v 5.815806 4.339355 -1.435938
v 5.886839 4.353136 -1.479479
v 5.962185 4.365881 -1.509783
v 6.039919 4.377869 -1.527057
v 6.12183 4.391014 -1.531492
v 6.205049 4.405022 -1.521904
v 6.285953 4.419313 -1.498127
v 6.361026 4.433264 -1.461224
v 6.427354 4.446299 -1.413337
v 6.483377 4.458255 -1.356842
v 6.530526 4.471119 -1.290416
v 6.566781 4.484972 -1.215244
v 6.589964 4.499251 -1.13419
v 6.598952 4.513338 -1.05075
v 6.593853 4.526638 -0.968561
v 6.575881 4.538722 -0.89078
v 6.545105 4.551281 -0.816041
v 6.501149 4.564945 -0.745539
v 6.445127 4.579179 -0.682663
v 6.379272 4.593368 -0.630317
v 6.306651 4.606905 -0.59049
v 6.23071 4.61927 -0.564017
v 6.151742 4.631506 -0.550302
v 6.069101 4.644952 -0.549786
v 5.986169 4.659104 -0.563465
v 5.906591 4.67336 -0.591153
v 5.833755 4.687104 -0.631452
v 5.770333 4.699788 -0.681974
v 5.716929 4.711801 -0.741113
v 5.672622 4.724998 -0.810278
v 5.63992 4.739035 -0.887459
v 5.620731 4.753323 -0.969567
v 5.615833 4.767242 -1.053014
v 5.624772 4.780222 -1.134218
v 5.64628 4.792171 -1.210805
v 5.680866 4.805094 -1.284687
v 5.728434 4.81898 -1.353345
v 5.787537 4.833265 -1.413475
v 5.855665 4.847327 -1.462398
v 5.92959 4.860576 -1.498443
v 6.006039 4.872622 -1.521151
v 6.086363 4.885244 -1.531256
v 6.169453 4.898948 -1.527769
v 6.251797 4.913194 -1.510014
v 5.814581 6.690857 -0.644967
v 5.884959 6.677365 -0.601469
v 5.962933 6.663194 -0.569986
v 6.045277 6.648948 -0.552231
v 6.128366 6.635243 -0.548744
v 6.208691 6.622622 -0.558849
v 6.28514 6.610577 -0.581557
v 6.359066 6.597327 -0.617602
v 6.427193 6.583265 -0.666525
v 6.486296 6.56898 -0.726655
v 6.533864 6.555093 -0.795313
v 6.56845 6.542171 -0.869195
v 6.589959 6.530222 -0.945782
v 6.598898 6.517242 -1.026986
v 6.593999 6.503324 -1.110433
v 6.57481 6.489035 -1.192541
v 6.542108 6.474998 -1.269722
v 6.497801 6.461801 -1.338886
v 6.444398 6.449788 -1.398026
v 6.380975 6.437104 -1.448548
v 6.308139 6.423361 -1.488847
v 6.22856 6.409104 -1.516535
v 6.145629 6.394952 -1.530214
v 6.062989 6.381506 -1.529698
v 5.98402 6.36927 -1.515983
v 5.90808 6.356905 -1.48951
v 5.835458 6.343368 -1.449683
v 5.769602 6.329179 -1.397337
v 5.713581 6.314945 -1.334461
v 5.669625 6.301281 -1.263959
v 5.638849 6.288722 -1.18922
v 5.620878 6.276638 -1.111439
v 5.615778 6.263339 -1.02925
v 5.624766 6.249252 -0.94581
v 5.647949 6.234972 -0.864756
v 5.684204 6.221119 -0.789584
v 5.731353 6.208254 -0.723158
v 5.787376 6.196299 -0.666663
v 5.853704 6.183263 -0.618776
v 5.928778 6.169313 -0.581873
v 6.009681 6.155023 -0.558096
v 6.092899 6.141014 -0.548508
v 6.174811 6.127869 -0.552943
v 6.252545 6.115881 -0.570217
v 6.327891 6.103136 -0.600521
v 6.398924 6.089355 -0.644062
v 6.462254 6.075089 -0.699666
v 6.51501 6.060957 -0.765047
v 6.555262 6.047559 -0.837115
v 6.582241 6.035381 -0.91246
v 6.596694 6.02295 -0.991713
v 6.597849 6.009369 -1.074619
v 6.584762 5.995164 -1.157752
v 6.557678 5.980944 -1.237463
v 6.518051 5.967321 -1.310391
v 6.468296 5.954825 -1.37392
v 6.40943 5.942697 -1.427982
v 6.340356 5.929348 -1.472999
v 6.263286 5.915237 -1.506329
v 6.181348 5.900964 -1.526107
v 6.098141 5.887146 -1.531618
v 6.017225 5.874341 -1.523372
v 5.940421 5.862373 -1.502497
v 5.865951 5.849282 -1.468361
v 5.796786 5.835302 -1.421201
v 5.736219 5.821011 -1.362528
v 5.686887 5.807031 -1.294896
v 5.650403 5.79394 -1.221547
v 5.6271 5.781971 -1.145446
v 5.616288 5.769166 -1.064831
v 5.619153 5.755349 -0.981492
v 5.63632 5.741075 -0.898968
v 5.667185 5.726965 -0.820877
v 5.709985 5.713615 -0.750409
v 5.76215 5.701488 -0.689856
v 5.824069 5.688992 -0.638109
v 5.895701 5.675369 -0.596185
v 5.974512 5.661149 -0.566583
v 6.057187 5.646944 -0.550862
v 6.140087 5.633363 -0.549385
v 6.219759 5.620932 -0.561313
v 6.295924 5.608753 -0.585886
v 6.369233 5.595356 -0.623829
v 6.436257 5.581223 -0.674482
v 6.493844 5.566957 -0.736014
v 6.539619 5.553176 -0.805628
v 6.572301 5.540431 -0.879974
v 6.592035 5.528444 -0.95712
v 6.599069 5.515299 -1.03885
v 6.592128 5.50129 -1.12233
v 6.570932 5.487 -1.203948
v 6.536433 5.473049 -1.280156
v 6.490676 5.460014 -1.347971
v 6.435988 5.448058 -1.40576
v 6.371094 5.435194 -1.454995
v 6.297111 5.421341 -1.493619
v 6.216834 5.407061 -1.519364
v 6.133721 5.392974 -1.530998
v 6.051411 5.379674 -1.528511
v 5.973099 5.367591 -1.513018
v 5.89742 5.355031 -1.484631
v 5.825558 5.341367 -1.442937
v 5.760934 5.327134 -1.38894
v 5.706524 5.312945 -1.32478
v 5.664411 5.299408 -1.25346
v 5.63554 5.287042 -1.178398
v 5.619323 5.274806 -1.099905
v 5.616183 5.261361 -1.017323
v 5.627222 5.247209 -0.933999
v 5.652369 5.232953 -0.853581
v 5.690334 5.219209 -0.779503
v 5.738816 5.206525 -0.714507
v 5.79623 5.194512 -0.659253
v 5.863953 5.181314 -0.612772
v 5.940056 5.167278 -0.577635
v 6.021513 5.152989 -0.555848
v 6.104763 5.13907 -0.548302
v 6.186209 5.126091 -0.554658
v 6.263441 5.114141 -0.573723
v 6.338384 5.101219 -0.605945
v 6.408518 5.087333 -0.651309
v 6.470494 5.073048 -0.708472
v 6.521557 5.058986 -0.775012
v 6.559931 5.045736 -0.847756
v 6.585056 5.033691 -0.923445
v 6.597707 5.021069 -1.003408
v 6.59686 5.007365 -1.086566
v 6.581729 4.993119 -1.169433
v 5.700272 3.237046 -0.752502
v 5.657831 3.250537 -0.824827
v 5.627741 3.264709 -0.90457
v 5.611663 3.278955 -0.988422
v 5.610061 3.292659 -1.072698
v 5.622167 3.305281 -1.153857
v 5.646955 3.317326 -1.230795
v 5.685196 3.330575 -1.304866
v 5.736354 3.344638 -1.372763
v 5.798658 3.358923 -1.431255
v 5.869335 3.372809 -1.47786
v 5.945004 3.385731 -1.511189
v 6.023109 3.397681 -1.531204
v 6.105601 3.41066 -1.538375
v 6.190044 3.424579 -1.531472
v 6.272799 3.438868 -1.510119
v 6.350247 3.452904 -1.475188
v 6.419302 3.466101 -1.428685
v 6.477987 3.478115 -1.373196
v 6.527708 3.490799 -1.307755
v 6.56685 3.504542 -1.233014
v 6.593057 3.518799 -1.151733
v 6.60499 3.532951 -1.06738
v 6.602547 3.546396 -0.983653
v 6.586814 3.558632 -0.903952
v 6.558224 3.570998 -0.827616
v 6.51618 3.584534 -0.754954
v 6.461607 3.598724 -0.689439
v 6.396592 3.612957 -0.634133
v 6.324131 3.626621 -0.591232
v 6.247682 3.639181 -0.561783
v 6.168449 3.651264 -0.54538
v 6.085047 3.664564 -0.542122
v 6.000706 3.678651 -0.553169
v 5.919112 3.692931 -0.578544
v 5.843782 3.706784 -0.617029
v 5.777569 3.719648 -0.666349
v 5.721624 3.731604 -0.72443
v 5.674641 3.744639 -0.792754
v 5.638992 3.75859 -0.869684
v 5.616779 3.77288 -0.952216
v 5.608998 3.786889 -1.036765
v 5.615396 3.800034 -1.119663
v 5.634706 3.812021 -1.198029
v 5.667164 3.824766 -1.273674
v 5.712935 3.838547 -1.34464
v 5.770751 3.852813 -1.40752
v 5.838228 3.866945 -1.459459
v 5.91219 3.880343 -1.498571
v 5.989165 3.892522 -1.524158
v 6.069808 3.904953 -1.536961
v 6.153843 3.918533 -1.536206
v 6.237779 3.932739 -1.521012
v 6.317921 3.946959 -1.491715
v 6.390898 3.960582 -1.449865
v 6.454117 3.973078 -1.397972
v 6.507529 3.985206 -1.337067
v 6.55154 3.998555 -1.266028
v 6.583522 4.012665 -1.187157
v 6.601659 4.026939 -1.103669
v 6.60531 4.040756 -1.019228
v 6.595073 4.053562 -0.937426
v 6.572135 4.06553 -0.860086
v 6.535814 4.07862 -0.785419
v 6.48642 4.092601 -0.71643
v 6.425559 4.106892 -0.65642
v 6.35588 4.120872 -0.608004
v 6.280708 4.133963 -0.572739
v 6.203052 4.145931 -0.550894
v 6.121114 4.158736 -0.541812
v 6.036733 4.172554 -0.546653
v 5.953509 4.186828 -0.565966
v 5.875097 4.200938 -0.599056
v 5.804686 4.214287 -0.644064
v 5.74454 4.226415 -0.69833
v 5.693543 4.238911 -0.762274
v 5.652726 4.252533 -0.835834
v 5.624562 4.266754 -0.916381
v 5.610554 4.280959 -1.000522
v 5.610983 4.294539 -1.08456
v 5.624921 4.306971 -1.165015
v 5.651592 4.319149 -1.241622
v 5.691742 4.332548 -1.315024
v 5.744627 4.346679 -1.381763
v 5.808317 4.360945 -1.438686
v 5.879921 4.374726 -1.483452
v 5.956016 4.387471 -1.514841
v 6.034647 4.399459 -1.533044
v 6.117627 4.412603 -1.538272
v 6.202057 4.426612 -1.529299
v 6.284268 4.440903 -1.505924
v 6.360688 4.454854 -1.469195
v 6.428342 4.467889 -1.421253
v 6.485629 4.479845 -1.364495
v 6.53401 4.492709 -1.297593
v 6.571429 4.506561 -1.221728
v 6.595651 4.520842 -1.139785
v 6.605508 4.534928 -1.055296
v 6.601075 4.548228 -0.971949
v 6.583556 4.560311 -0.892954
v 6.553032 4.572871 -0.816929
v 6.509114 4.586535 -0.745079
v 6.452897 4.600769 -0.680851
v 6.386619 4.614958 -0.627207
v 6.313371 4.628494 -0.586192
v 6.236639 4.64086 -0.55868
v 6.156725 4.653096 -0.544073
v 6.072971 4.666542 -0.54281
v 5.988795 4.680694 -0.555932
v 5.907892 4.69495 -0.583283
v 5.83371 4.708694 -0.623475
v 5.768977 4.721378 -0.674112
v 5.714321 4.733391 -0.733574
v 5.668796 4.746588 -0.803278
v 5.63496 4.760624 -0.881211
v 5.614777 4.774913 -0.964258
v 5.609065 4.788832 -1.048791
v 5.617398 4.801812 -1.131173
v 5.638512 4.813761 -1.208989
v 5.672904 4.826684 -1.28418
v 5.720502 4.84057 -1.354193
v 5.779866 4.854855 -1.415666
v 5.848477 4.868917 -1.465861
v 5.923081 4.882166 -1.503055
v 6.000361 4.894211 -1.526755
v 6.081682 4.906834 -1.537716
v 6.165927 4.920538 -1.534925
v 6.249544 4.934784 -1.517667
v 5.814156 6.712447 -0.637001
v 5.885875 6.698956 -0.593544
v 5.965186 6.684784 -0.562333
v 6.048803 6.670538 -0.545075
v 6.133049 6.656834 -0.542284
v 6.21437 6.644211 -0.553245
v 6.291649 6.632166 -0.576945
v 6.366252 6.618917 -0.614139
v 6.434864 6.604855 -0.664334
v 6.494229 6.59057 -0.725807
v 6.541826 6.576684 -0.79582
v 6.576218 6.563761 -0.871011
v 6.597332 6.551812 -0.948827
v 6.605665 6.538832 -1.031209
v 6.599954 6.524913 -1.115742
v 6.57977 6.510625 -1.198789
v 6.545934 6.496588 -1.276722
v 6.500409 6.483391 -1.346426
v 6.445754 6.471378 -1.405887
v 6.38102 6.458694 -1.456525
v 6.306838 6.44495 -1.496717
v 6.225935 6.430694 -1.524068
v 6.141758 6.416542 -1.53719
v 6.058005 6.403096 -1.535927
v 5.978091 6.39086 -1.52132
v 5.901359 6.378494 -1.493808
v 5.828112 6.364958 -1.452793
v 5.761833 6.350769 -1.399149
v 5.705616 6.336535 -1.334921
v 5.661697 6.322871 -1.263071
v 5.631174 6.310311 -1.187046
v 5.613655 6.298228 -1.108051
v 5.609222 6.284928 -1.024704
v 5.619079 6.270842 -0.940215
v 5.643301 6.256561 -0.858272
v 5.680719 6.242709 -0.782407
v 5.729101 6.229845 -0.715505
v 5.786388 6.217888 -0.658747
v 5.854043 6.204854 -0.610805
v 5.930462 6.190903 -0.574076
v 6.012673 6.176612 -0.550701
v 6.097104 6.162603 -0.541728
v 6.180083 6.149459 -0.546956
v 6.258715 6.137471 -0.565159
v 6.334809 6.124726 -0.596548
v 6.406414 6.110945 -0.641314
v 6.470102 6.096679 -0.698237
v 6.522987 6.082547 -0.764976
v 6.563138 6.069149 -0.838378
v 6.589808 6.056971 -0.914985
v 6.603747 6.044539 -0.99544
v 6.604177 6.030959 -1.079478
v 6.590168 6.016754 -1.163619
v 6.562005 6.002534 -1.244166
v 6.521187 5.988911 -1.317726
v 6.470191 5.976415 -1.38167
v 6.410045 5.964287 -1.435936
v 6.339633 5.950938 -1.480944
v 6.261221 5.936828 -1.514035
v 6.177997 5.922554 -1.533347
v 6.093616 5.908737 -1.538188
v 6.011678 5.895931 -1.529106
v 5.934022 5.883963 -1.507261
v 5.85885 5.870872 -1.471996
v 5.789171 5.856892 -1.42358
v 5.72831 5.8426 -1.36357
v 5.678916 5.82862 -1.294581
v 5.642595 5.81553 -1.219914
v 5.619657 5.803561 -1.142574
v 5.609421 5.790756 -1.060772
v 5.613071 5.776938 -0.976331
v 5.631208 5.762665 -0.892843
v 5.66319 5.748555 -0.813972
v 5.707201 5.735206 -0.742933
v 5.760613 5.723078 -0.682028
v 5.823833 5.710582 -0.630135
v 5.89681 5.696959 -0.588285
v 5.976951 5.682738 -0.558988
v 6.060887 5.668533 -0.543794
v 6.144922 5.654953 -0.543039
v 6.225565 5.642522 -0.555842
v 6.30254 5.630343 -0.581429
v 6.376502 5.616945 -0.620541
v 6.44398 5.602813 -0.67248
v 6.501795 5.588547 -0.73536
v 6.547566 5.574767 -0.806326
v 6.580025 5.562021 -0.881971
v 6.599335 5.550034 -0.960337
v 6.605732 5.536889 -1.043235
v 6.597951 5.52288 -1.127784
v 6.575737 5.50859 -1.210316
v 6.540089 5.494639 -1.287246
v 6.493106 5.481604 -1.35557
v 6.437161 5.469648 -1.413651
v 6.370948 5.456784 -1.462971
v 6.295618 5.442931 -1.501456
v 6.214025 5.428651 -1.526831
v 6.129683 5.414564 -1.537878
v 6.046282 5.401264 -1.53462
v 5.967048 5.389181 -1.518217
v 5.890599 5.376622 -1.488768
v 5.818138 5.362957 -1.445867
v 5.753123 5.348723 -1.390561
v 5.698551 5.334535 -1.325046
v 5.656507 5.320998 -1.252384
v 5.627916 5.308632 -1.176048
v 5.612183 5.296396 -1.096347
v 5.60974 5.282951 -1.01262
v 5.621674 5.268799 -0.928267
v 5.647881 5.254542 -0.846986
v 5.687023 5.240799 -0.772245
v 5.736742 5.228114 -0.706804
v 5.795428 5.216101 -0.651316
v 5.864483 5.202904 -0.604812
v 5.941931 5.188868 -0.569881
v 6.024686 5.174579 -0.548528
v 6.109129 5.16066 -0.541625
v 6.191621 5.147681 -0.548796
v 6.269726 5.135731 -0.568811
v 6.345396 5.122809 -0.602139
v 6.416072 5.108923 -0.648745
v 6.478376 5.094637 -0.707237
v 6.529534 5.080575 -0.775134
v 6.567775 5.067326 -0.849205
v 6.592563 5.055281 -0.926143
v 6.604669 5.042659 -1.007302
v 6.603067 5.028954 -1.091578
v 6.586989 5.014709 -1.17543
v 5.702057 3.261981 -0.747678
v 5.658782 3.275472 -0.819772
v 5.627818 3.289644 -0.899427
v 5.610861 3.30389 -0.983342
v 5.608414 3.317594 -1.067826
v 5.619742 3.330216 -1.14932
v 5.643829 3.342262 -1.22671
v 5.681433 3.355511 -1.30136
v 5.732049 3.369573 -1.369947
v 5.793936 3.383858 -1.429216
v 5.864335 3.397744 -1.47665
v 5.939873 3.410667 -1.510822
v 6.017987 3.422616 -1.531669
v 6.100626 3.435596 -1.539681
v 6.185363 3.449514 -1.533602
v 6.268551 3.463803 -1.513018
v 6.346552 3.477839 -1.478767
v 6.416255 3.491037 -1.432828
v 6.475649 3.50305 -1.377777
v 6.526154 3.515734 -1.312658
v 6.566145 3.529477 -1.238109
v 6.593233 3.543734 -1.156874
v 6.606039 3.557886 -1.072415
v 6.604424 3.571332 -0.988441
v 6.589445 3.583567 -0.908372
v 6.56154 3.595933 -0.831548
v 6.520108 3.60947 -0.758274
v 6.466044 3.623659 -0.69204
v 6.401409 3.637893 -0.635939
v 6.329182 3.651557 -0.592201
v 6.252824 3.664116 -0.561912
v 6.173543 3.6762 -0.544675
v 6.089953 3.6895 -0.540577
v 6.005277 3.703586 -0.550812
v 5.923214 3.717866 -0.575441
v 5.847301 3.731719 -0.613276
v 5.780419 3.744583 -0.662067
v 5.723746 3.756539 -0.719745
v 5.675957 3.769574 -0.787782
v 5.639446 3.783525 -0.86456
v 5.616351 3.797816 -0.947091
v 5.607706 3.811824 -1.031786
v 5.613294 3.824969 -1.114968
v 5.631874 3.836957 -1.193735
v 5.663664 3.849702 -1.269904
v 5.708849 3.863483 -1.341516
v 5.766191 3.877748 -1.40514
v 5.83333 3.89188 -1.457889
v 5.907098 3.905278 -1.497843
v 5.984023 3.917457 -1.524266
v 6.064753 3.929888 -1.537907
v 6.149019 3.943468 -1.537988
v 6.233328 3.957674 -1.523591
v 6.313975 3.971894 -1.495015
v 6.387563 3.985517 -1.453782
v 6.451468 3.998013 -1.402381
v 6.50563 4.010141 -1.341847
v 6.550466 4.02349 -1.271058
v 6.583319 4.0376 -1.192297
v 6.602337 4.051874 -1.108768
v 6.60684 4.065691 -1.024139
v 6.597392 4.078497 -0.942018
v 6.575164 4.090465 -0.864243
v 6.539492 4.103555 -0.789015
v 6.490654 4.117536 -0.71935
v 6.430229 4.131827 -0.658574
v 6.360849 4.145808 -0.609335
v 6.285828 4.158898 -0.573226
v 6.208184 4.170866 -0.550549
v 6.126119 4.183672 -0.540625
v 6.041465 4.197489 -0.544638
v 5.957828 4.211763 -0.563172
v 5.878877 4.225873 -0.595568
v 5.80783 4.239222 -0.639993
v 5.746983 4.25135 -0.693804
v 5.695213 4.263846 -0.75741
v 5.653554 4.277469 -0.830758
v 5.624512 4.291689 -0.911238
v 5.609627 4.305894 -0.995463
v 5.60922 4.319475 -1.079728
v 5.622393 4.331906 -1.160536
v 5.64837 4.344085 -1.237612
v 5.687896 4.357483 -1.31161
v 5.740255 4.371614 -1.379054
v 5.803546 4.38588 -1.436763
v 5.874895 4.399662 -1.482362
v 5.950878 4.412406 -1.514593
v 6.029536 4.424394 -1.533629
v 6.112685 4.437539 -1.539698
v 6.197429 4.451547 -1.531544
v 6.280092 4.465838 -1.508927
v 6.35708 4.479789 -1.472861
v 6.425393 4.492824 -1.425467
v 6.483398 4.50478 -1.369129
v 6.532576 4.517644 -1.302532
v 6.57085 4.531497 -1.226839
v 6.595953 4.545777 -1.144919
v 6.606679 4.559864 -1.060304
v 6.603065 4.573163 -0.976691
v 6.586287 4.585247 -0.897312
v 6.556441 4.597806 -0.82078
v 6.513123 4.61147 -0.748302
v 6.457397 4.625704 -0.683342
v 6.391477 4.639894 -0.628895
v 6.318444 4.65343 -0.58704
v 6.241783 4.665796 -0.558691
v 6.161802 4.678031 -0.543247
v 6.077838 4.691477 -0.541146
v 5.993308 4.705629 -0.553464
v 5.911917 4.719885 -0.58008
v 5.837137 4.733629 -0.619639
v 5.771727 4.746313 -0.669766
v 5.716333 4.758327 -0.72884
v 5.669991 4.771523 -0.798276
v 5.635289 4.78556 -0.876078
v 5.614223 4.799849 -0.959145
v 5.607654 4.813767 -1.043844
v 5.615187 4.826747 -1.126529
v 5.635581 4.838696 -1.204762
v 5.669315 4.851619 -1.280496
v 5.71634 4.865505 -1.351169
v 5.775249 4.87979 -1.413398
v 5.843543 4.893852 -1.464411
v 5.917974 4.907102 -1.502447
v 5.995223 4.919147 -1.526981
v 6.07665 4.931769 -1.538782
v 6.161147 4.945473 -1.536824
v 6.245159 4.959719 -1.520354
v 5.817396 6.737382 -0.633006
v 5.889739 6.723891 -0.590149
v 5.969572 6.709719 -0.559646
v 6.053584 6.695473 -0.543176
v 6.13808 6.681769 -0.541218
v 6.219508 6.669147 -0.553019
v 6.296757 6.657102 -0.577553
v 6.371187 6.643852 -0.615589
v 6.43948 6.62979 -0.666602
v 6.49839 6.615505 -0.728831
v 6.545415 6.601619 -0.799503
v 6.579149 6.588696 -0.875238
v 6.599543 6.576747 -0.953471
v 6.607077 6.563768 -1.036155
v 6.600507 6.549849 -1.120855
v 6.579442 6.53556 -1.203922
v 6.544739 6.521523 -1.281725
v 6.498397 6.508326 -1.35116
v 6.443004 6.496313 -1.410234
v 6.377593 6.483629 -1.460361
v 6.302814 6.469886 -1.49992
v 6.221423 6.455629 -1.526536
v 6.136892 6.441477 -1.538854
v 6.052928 6.428032 -1.536753
v 5.972947 6.415795 -1.521309
v 5.896286 6.40343 -1.49296
v 5.823253 6.389893 -1.451105
v 5.757334 6.375704 -1.396658
v 5.701608 6.361471 -1.331698
v 5.658289 6.347806 -1.25922
v 5.628442 6.335247 -1.182688
v 5.611665 6.323164 -1.103309
v 5.608051 6.309864 -1.019696
v 5.618777 6.295777 -0.935081
v 5.64388 6.281497 -0.853161
v 5.682155 6.267644 -0.777468
v 5.731332 6.25478 -0.710871
v 5.789337 6.242824 -0.654533
v 5.85765 6.229788 -0.607139
v 5.934639 6.215838 -0.571073
v 6.017301 6.201548 -0.548456
v 6.102045 6.187539 -0.540302
v 6.185194 6.174395 -0.546371
v 6.263852 6.162406 -0.565407
v 6.339836 6.149661 -0.597638
v 6.411184 6.13588 -0.643237
v 6.474474 6.121614 -0.700946
v 6.526835 6.107482 -0.76839
v 6.56636 6.094085 -0.842388
v 6.592337 6.081906 -0.919464
v 6.60551 6.069475 -1.000272
v 6.605103 6.055894 -1.084537
v 6.590218 6.041689 -1.168762
v 6.561176 6.027469 -1.249242
v 6.519517 6.013846 -1.32259
v 6.467747 6.00135 -1.386196
v 6.4069 5.989223 -1.440007
v 6.335853 5.975873 -1.484432
v 6.256903 5.961763 -1.516828
v 6.173265 5.947489 -1.535362
v 6.088611 5.933672 -1.539375
v 6.006546 5.920866 -1.529451
v 5.928902 5.908898 -1.506774
v 5.853881 5.895807 -1.470666
v 5.784501 5.881827 -1.421425
v 5.724076 5.867536 -1.36065
v 5.675239 5.853556 -1.290985
v 5.639565 5.840465 -1.215757
v 5.617338 5.828496 -1.137982
v 5.60789 5.815691 -1.055861
v 5.612392 5.801874 -0.971232
v 5.631411 5.787601 -0.887703
v 5.664264 5.77349 -0.808942
v 5.7091 5.760141 -0.738153
v 5.763262 5.748013 -0.677619
v 5.827167 5.735517 -0.626218
v 5.900755 5.721894 -0.584985
v 5.981402 5.707674 -0.556409
v 6.065711 5.693469 -0.542012
v 6.149978 5.679888 -0.542093
v 6.230708 5.667457 -0.555734
v 6.307632 5.655279 -0.582157
v 6.381401 5.641881 -0.622111
v 6.448539 5.627748 -0.67486
v 6.505881 5.613482 -0.738484
v 6.551066 5.599702 -0.810095
v 6.582857 5.586957 -0.886265
v 6.601437 5.574969 -0.965032
v 6.607024 5.561824 -1.048214
v 6.598379 5.547815 -1.132909
v 6.575284 5.533525 -1.21544
v 6.538773 5.519575 -1.292218
v 6.490983 5.506539 -1.360255
v 6.434311 5.494584 -1.417933
v 6.36743 5.481719 -1.466724
v 6.291516 5.467866 -1.504559
v 6.209453 5.453586 -1.529188
v 6.124777 5.439499 -1.539423
v 6.041186 5.426199 -1.535325
v 5.961906 5.414117 -1.518088
v 5.885549 5.401557 -1.487799
v 5.813322 5.387892 -1.444061
v 5.748686 5.373659 -1.38796
v 5.694622 5.35947 -1.321726
v 5.653191 5.345933 -1.248452
v 5.625285 5.333568 -1.171628
v 5.610305 5.321332 -1.091559
v 5.608691 5.307886 -1.007584
v 5.621498 5.293734 -0.923126
v 5.648584 5.279477 -0.841891
v 5.688576 5.265734 -0.767342
v 5.739081 5.25305 -0.702223
v 5.798475 5.241037 -0.647172
v 5.868178 5.227839 -0.601233
v 5.946179 5.213803 -0.566982
v 6.029367 5.199514 -0.546398
v 6.114104 5.185595 -0.540319
v 6.196743 5.172616 -0.548331
v 6.274857 5.160666 -0.569178
v 6.350395 5.147745 -0.60335
v 6.420794 5.133858 -0.650784
v 6.48268 5.119573 -0.710053
v 6.533297 5.105511 -0.77864
v 6.570902 5.092261 -0.85329
v 6.594987 5.080216 -0.93068
v 6.606317 5.067595 -1.012174
v 6.603869 5.05389 -1.096658
v 6.586913 5.039644 -1.180573
v 5.707473 3.282305 -0.746586
v 5.663939 3.295797 -0.817787
v 5.63256 3.309968 -0.896592
v 5.61505 3.324214 -0.979739
v 5.611936 3.337919 -1.063569
v 5.622518 3.350541 -1.144543
v 5.645796 3.362586 -1.221547
v 5.682512 3.375835 -1.295941
v 5.732192 3.389897 -1.364424
v 5.793133 3.404182 -1.423749
v 5.862618 3.418069 -1.471398
v 5.937312 3.430991 -1.505927
v 6.014669 3.44294 -1.527251
v 6.096623 3.45592 -1.535873
v 6.180773 3.469839 -1.530527
v 6.263503 3.484128 -1.510773
v 6.341196 3.498164 -1.477412
v 6.410748 3.511361 -1.432383
v 6.470142 3.523374 -1.378228
v 6.520796 3.536058 -1.314008
v 6.561092 3.549802 -1.240343
v 6.588635 3.564058 -1.159938
v 6.602031 3.578211 -1.076218
v 6.60111 3.591656 -0.992861
v 6.586892 3.603892 -0.913272
v 6.559819 3.616258 -0.836799
v 6.519294 3.629794 -0.763738
v 6.466173 3.643983 -0.697564
v 6.402478 3.658217 -0.64136
v 6.331149 3.671881 -0.597364
v 6.25561 3.684441 -0.566683
v 6.177065 3.696524 -0.548932
v 6.094136 3.709824 -0.544187
v 6.010013 3.723911 -0.553658
v 5.928367 3.738191 -0.577436
v 5.852715 3.752043 -0.614372
v 5.785941 3.764908 -0.662253
v 5.729227 3.776863 -0.719038
v 5.681244 3.789899 -0.786176
v 5.644385 3.803849 -0.862082
v 5.620793 3.81814 -0.943805
v 5.611526 3.832149 -1.027794
v 5.616397 3.845293 -1.110397
v 5.634198 3.857281 -1.188723
v 5.665132 3.870026 -1.264578
v 5.709396 3.883807 -1.336018
v 5.765791 3.898073 -1.399629
v 5.831998 3.912205 -1.452527
v 5.904888 3.925603 -1.492779
v 5.98102 3.937781 -1.519628
v 6.061033 3.950213 -1.533821
v 6.144666 3.963793 -1.534585
v 6.228458 3.977998 -1.52098
v 6.308732 3.992218 -1.493274
v 6.382102 4.005841 -1.452947
v 6.445943 4.018337 -1.402451
v 6.50019 4.030465 -1.342811
v 6.545263 4.043815 -1.272918
v 6.578509 4.057925 -1.195014
v 6.598062 4.072198 -1.112267
v 6.603217 4.086016 -1.02831
v 6.594506 4.098821 -0.946729
v 6.573076 4.110789 -0.869359
v 6.538282 4.12388 -0.794406
v 6.490377 4.13786 -0.724869
v 6.430899 4.152152 -0.664059
v 6.362439 4.166132 -0.614626
v 6.288275 4.179223 -0.57818
v 6.211398 4.191191 -0.555043
v 6.13003 4.203996 -0.544529
v 6.045979 4.217813 -0.547824
v 5.962819 4.232087 -0.56554
v 5.884199 4.246197 -0.597053
v 5.813325 4.259547 -0.640568
v 5.752499 4.271675 -0.693481
v 5.700601 4.284171 -0.756188
v 5.65866 4.297793 -0.828648
v 5.629184 4.312013 -0.908288
v 5.613727 4.326219 -0.991759
v 5.61264 4.339799 -1.075388
v 5.625058 4.352231 -1.155696
v 5.650215 4.364409 -1.232404
v 5.688843 4.377807 -1.306167
v 5.740262 4.391939 -1.373528
v 5.802609 4.406204 -1.431318
v 5.873052 4.419986 -1.477153
v 5.948203 4.432731 -1.509759
v 6.026116 4.444718 -1.52929
v 6.108591 4.457863 -1.535988
v 6.192765 4.471872 -1.528582
v 6.27499 4.486163 -1.506806
v 6.351693 4.500113 -1.471636
v 6.419877 4.513148 -1.425152
v 6.477903 4.525104 -1.369708
v 6.527252 4.537969 -1.30401
v 6.565853 4.551821 -1.229195
v 6.591432 4.566102 -1.148095
v 6.602764 4.580188 -1.064203
v 6.599855 4.593488 -0.981189
v 6.583848 4.605571 -0.90227
v 6.554847 4.618131 -0.82607
v 6.512441 4.631795 -0.753785
v 6.457661 4.646029 -0.688861
v 6.392678 4.660218 -0.634288
v 6.320533 4.673754 -0.592155
v 6.244678 4.68612 -0.563397
v 6.165423 4.698356 -0.54742
v 6.082108 4.711801 -0.544654
v 5.998111 4.725954 -0.556193
v 5.917116 4.74021 -0.581949
v 5.842577 4.753953 -0.620604
v 5.777251 4.766637 -0.669824
v 5.721795 4.778651 -0.728005
v 5.675238 4.791848 -0.796543
v 5.640164 4.805884 -0.873479
v 5.618583 4.820173 -0.955751
v 5.611375 4.834092 -1.039761
v 5.618182 4.847071 -1.121886
v 5.637788 4.859021 -1.199697
v 5.670654 4.871943 -1.275136
v 5.716753 4.885829 -1.34566
v 5.774715 4.900115 -1.407899
v 5.842081 4.914176 -1.459083
v 5.915644 4.927426 -1.497437
v 5.992114 4.939471 -1.522413
v 6.072834 4.952093 -1.534786
v 6.156712 4.965797 -1.533529
v 6.240226 4.980043 -1.517864
v 5.822875 6.757707 -0.63371
v 5.895023 6.744215 -0.591763
v 5.974504 6.730044 -0.562136
v 6.058018 6.715798 -0.546471
v 6.141896 6.702094 -0.545214
v 6.222616 6.689471 -0.557586
v 6.299086 6.677426 -0.582563
v 6.372649 6.664177 -0.620917
v 6.440015 6.650115 -0.672101
v 6.497977 6.635829 -0.73434
v 6.544076 6.621943 -0.804864
v 6.576942 6.609021 -0.880303
v 6.596549 6.597072 -0.958114
v 6.603354 6.584092 -1.040238
v 6.596147 6.570173 -1.124249
v 6.574565 6.555884 -1.206521
v 6.539493 6.541848 -1.283457
v 6.492936 6.528651 -1.351995
v 6.437479 6.516638 -1.410176
v 6.372153 6.503953 -1.459396
v 6.297615 6.49021 -1.498051
v 6.216619 6.475954 -1.523807
v 6.132623 6.461801 -1.535346
v 6.049307 6.448356 -1.53258
v 5.970052 6.43612 -1.516603
v 5.894197 6.423754 -1.487845
v 5.822052 6.410218 -1.445712
v 5.757069 6.396029 -1.391139
v 5.702289 6.381795 -1.326215
v 5.659883 6.368131 -1.25393
v 5.630882 6.355571 -1.17773
v 5.614874 6.343488 -1.098811
v 5.611966 6.330188 -1.015797
v 5.623298 6.316101 -0.931905
v 5.648878 6.301821 -0.850805
v 5.687479 6.287968 -0.77599
v 5.736827 6.275105 -0.710292
v 5.794853 6.263148 -0.654848
v 5.863038 6.250113 -0.608364
v 5.93974 6.236163 -0.573194
v 6.021966 6.221872 -0.551418
v 6.106139 6.207863 -0.544012
v 6.188614 6.194719 -0.55071
v 6.266527 6.182731 -0.570241
v 6.341679 6.169985 -0.602847
v 6.41212 6.156205 -0.648682
v 6.474468 6.141939 -0.706472
v 6.525887 6.127807 -0.773833
v 6.564516 6.114409 -0.847596
v 6.589672 6.102231 -0.924304
v 6.602091 6.089799 -1.004612
v 6.601003 6.076219 -1.088241
v 6.585547 6.062014 -1.171712
v 6.55607 6.047793 -1.251352
v 6.514129 6.03417 -1.323812
v 6.462231 6.021674 -1.386519
v 6.401405 6.009547 -1.439432
v 6.330531 5.996197 -1.482947
v 6.251911 5.982088 -1.51446
v 6.168751 5.967813 -1.532176
v 6.084701 5.953996 -1.535472
v 6.003333 5.941191 -1.524957
v 5.926455 5.929222 -1.50182
v 5.852292 5.916132 -1.465374
v 5.783832 5.902152 -1.415941
v 5.724354 5.88786 -1.355132
v 5.676448 5.87388 -1.285594
v 5.641654 5.860789 -1.210641
v 5.620224 5.848821 -1.133271
v 5.611513 5.836016 -1.05169
v 5.616669 5.822198 -0.967733
v 5.636222 5.807925 -0.884986
v 5.669466 5.793815 -0.807082
v 5.71454 5.780465 -0.737189
v 5.768787 5.768337 -0.677549
v 5.832628 5.755841 -0.627053
v 5.905998 5.742219 -0.586726
v 5.986271 5.727998 -0.55902
v 6.070065 5.713793 -0.545415
v 6.153697 5.700213 -0.546179
v 6.23371 5.687782 -0.560372
v 6.309842 5.675603 -0.587221
v 6.382732 5.662205 -0.627473
v 6.448939 5.648073 -0.680371
v 6.505334 5.633807 -0.743982
v 6.549599 5.620026 -0.815422
v 6.580532 5.607281 -0.891277
v 6.598333 5.595294 -0.969603
v 6.603205 5.582149 -1.052206
v 6.593937 5.56814 -1.136195
v 6.570345 5.553849 -1.217918
v 6.533486 5.539899 -1.293824
v 6.485504 5.526864 -1.360962
v 6.428789 5.514908 -1.417747
v 6.362014 5.502043 -1.465628
v 6.286364 5.488191 -1.502564
v 6.204717 5.473911 -1.526342
v 6.120594 5.459824 -1.535813
v 6.037665 5.446524 -1.531068
v 5.95912 5.434441 -1.513317
v 5.883582 5.421881 -1.482636
v 5.812253 5.408217 -1.43864
v 5.748557 5.393983 -1.382436
v 5.695436 5.379794 -1.316262
v 5.654911 5.366258 -1.243201
v 5.627839 5.353892 -1.166728
v 5.61362 5.341656 -1.087139
v 5.6127 5.32821 -1.003782
v 5.626095 5.314059 -0.920062
v 5.653638 5.299802 -0.839657
v 5.693934 5.286058 -0.765992
v 5.744587 5.273374 -0.701772
v 5.803983 5.261361 -0.647617
v 5.873534 5.248164 -0.602589
v 5.951228 5.234128 -0.569227
v 6.033958 5.219839 -0.549473
v 6.118107 5.20592 -0.544127
v 6.200061 5.192941 -0.552749
v 6.277418 5.180991 -0.574073
v 6.352112 5.168069 -0.608601
v 6.421597 5.154182 -0.65625
v 6.482538 5.139897 -0.715576
v 6.532218 5.125835 -0.784059
v 6.568934 5.112586 -0.858453
v 6.592212 5.100541 -0.935457
v 6.602794 5.087919 -1.016431
v 6.59968 5.074214 -1.100261
v 6.58217 5.059968 -1.183408
v 5.716491 3.301906 -0.748252
v 5.673109 3.315398 -0.817918
v 5.641618 3.329569 -0.895159
v 5.62373 3.343815 -0.976781
v 5.619994 3.357519 -1.05919
v 5.629748 3.370142 -1.138901
v 5.652019 3.382187 -1.214811
v 5.687525 3.395436 -1.288262
v 5.735827 3.409498 -1.356004
v 5.795276 3.423783 -1.414833
v 5.863221 3.43767 -1.462247
v 5.936394 3.450592 -1.496802
v 6.012291 3.462541 -1.518393
v 6.092812 3.475521 -1.527532
v 6.175603 3.48944 -1.522952
v 6.257115 3.503728 -1.504192
v 6.333784 3.517765 -1.472011
v 6.40254 3.530962 -1.428293
v 6.461381 3.542975 -1.375517
v 6.511709 3.555659 -1.312773
v 6.551927 3.569403 -1.240659
v 6.579658 3.583659 -1.161814
v 6.593504 3.597811 -1.079595
v 6.593269 3.611257 -0.997619
v 6.579928 3.623493 -0.91924
v 6.553922 3.635859 -0.843822
v 6.514659 3.649395 -0.771652
v 6.462955 3.663584 -0.706152
v 6.400773 3.677818 -0.650371
v 6.330985 3.691482 -0.606534
v 6.256951 3.704042 -0.575755
v 6.179856 3.716125 -0.557668
v 6.098346 3.729425 -0.552334
v 6.015547 3.743511 -0.560971
v 5.935068 3.757792 -0.583696
v 5.86038 3.771644 -0.619408
v 5.794332 3.784508 -0.665956
v 5.738104 3.796464 -0.721338
v 5.690381 3.8095 -0.786973
v 5.653524 3.82345 -0.861318
v 5.629668 3.837741 -0.941491
v 5.619878 3.85175 -1.024007
v 5.624004 3.864894 -1.105274
v 5.640878 3.876882 -1.18244
v 5.670687 3.889627 -1.257281
v 5.713639 3.903408 -1.327888
v 5.768584 3.917674 -1.390893
v 5.833262 3.931806 -1.443444
v 5.904615 3.945204 -1.483612
v 5.979264 3.957382 -1.510626
v 6.05783 3.969814 -1.525227
v 6.140065 3.983394 -1.526652
v 6.222573 3.997599 -1.513948
v 6.301732 4.01182 -1.487348
v 6.374206 4.025442 -1.448283
v 6.43739 4.037938 -1.399141
v 6.491214 4.050066 -1.340931
v 6.536099 4.063416 -1.272564
v 6.569418 4.077525 -1.196225
v 6.589311 4.091799 -1.115013
v 6.595057 4.105617 -1.032495
v 6.587147 4.118422 -0.952202
v 6.566697 4.130391 -0.875947
v 6.533084 4.143481 -0.801962
v 6.486537 4.157461 -0.733197
v 6.428538 4.171752 -0.672921
v 6.361615 4.185733 -0.62376
v 6.288979 4.198823 -0.587324
v 6.213568 4.210792 -0.563954
v 6.133639 4.223597 -0.552959
v 6.050961 4.237414 -0.555523
v 5.969043 4.251688 -0.572276
v 5.891478 4.265798 -0.602631
v 5.821434 4.279147 -0.644851
v 5.761195 4.291276 -0.696394
v 5.709657 4.303771 -0.75764
v 5.667831 4.317394 -0.828556
v 5.638204 4.331614 -0.906633
v 5.622333 4.34582 -0.98859
v 5.620591 4.3594 -1.070818
v 5.632156 4.371831 -1.149889
v 5.656277 4.38401 -1.225522
v 5.693668 4.397408 -1.298368
v 5.74369 4.41154 -1.365022
v 5.804534 4.425806 -1.422351
v 5.873435 4.439586 -1.46799
v 5.947073 4.452332 -1.500658
v 6.023532 4.464319 -1.52049
v 6.104579 4.477464 -1.527741
v 6.187411 4.491473 -1.521136
v 6.268443 4.505764 -1.500383
v 6.344152 4.519714 -1.466416
v 6.411575 4.532749 -1.421255
v 6.469081 4.544705 -1.367201
v 6.518137 4.557569 -1.302993
v 6.556698 4.571422 -1.229735
v 6.582504 4.585702 -1.150191
v 6.594322 4.599789 -1.067786
v 6.59213 4.613089 -0.986131
v 6.577024 4.625172 -0.908397
v 6.549119 4.637731 -0.833233
v 6.508001 4.651396 -0.761809
v 6.454655 4.665629 -0.697525
v 6.391193 4.679819 -0.643338
v 6.320588 4.693355 -0.601326
v 6.246227 4.70572 -0.572436
v 6.16842 4.717957 -0.556087
v 6.086514 4.731402 -0.552697
v 6.003823 4.745554 -0.563368
v 5.923969 4.759811 -0.588043
v 5.85036 4.773554 -0.625455
v 5.785726 4.786239 -0.67333
v 5.730723 4.798252 -0.730096
v 5.68439 4.811449 -0.797118
v 5.649282 4.825485 -0.872492
v 5.627398 4.839774 -0.95322
v 5.619635 4.853693 -1.035774
v 5.625667 4.866672 -1.116586
v 5.64432 4.878622 -1.193259
v 5.676032 4.891544 -1.267708
v 5.720796 4.90543 -1.337428
v 5.777292 4.919715 -1.399097
v 5.843125 4.933778 -1.449971
v 5.915155 4.947027 -1.488279
v 5.99015 4.959072 -1.513455
v 6.069427 4.971694 -1.526271
v 6.151919 4.985399 -1.52571
v 6.234169 4.999645 -1.510978
v 5.830881 6.777307 -0.638185
v 5.902165 6.763816 -0.597516
v 5.980561 6.749644 -0.569023
v 6.062811 6.735398 -0.55429
v 6.145303 6.721694 -0.553729
v 6.22458 6.709072 -0.566545
v 6.299575 6.697027 -0.591721
v 6.371605 6.683777 -0.630029
v 6.437438 6.669715 -0.680903
v 6.493934 6.65543 -0.742572
v 6.538699 6.641544 -0.812292
v 6.57041 6.628622 -0.88674
v 6.589064 6.616672 -0.963414
v 6.595096 6.603693 -1.044226
v 6.587332 6.589774 -1.126779
v 6.565448 6.575485 -1.207508
v 6.53034 6.561449 -1.282882
v 6.484006 6.548252 -1.349904
v 6.429005 6.536238 -1.40667
v 6.36437 6.523554 -1.454545
v 6.290761 6.50981 -1.491957
v 6.210907 6.495554 -1.516632
v 6.128216 6.481402 -1.527303
v 6.046309 6.467957 -1.523913
v 5.968503 6.455721 -1.507564
v 5.894142 6.443355 -1.478674
v 5.823537 6.429819 -1.436662
v 5.760076 6.415629 -1.382475
v 5.706729 6.401395 -1.318191
v 5.665611 6.387732 -1.246767
v 5.637706 6.375172 -1.171603
v 5.6226 6.363089 -1.093869
v 5.620409 6.349789 -1.012214
v 5.632226 6.335702 -0.929809
v 5.658032 6.321422 -0.850265
v 5.696593 6.30757 -0.777007
v 5.745648 6.294705 -0.712799
v 5.803155 6.282749 -0.658745
v 5.870578 6.269714 -0.613584
v 5.946287 6.255764 -0.579617
v 6.027318 6.241473 -0.558864
v 6.110151 6.227464 -0.552259
v 6.191198 6.214319 -0.55951
v 6.267657 6.202332 -0.579342
v 6.341295 6.189587 -0.61201
v 6.410196 6.175806 -0.657649
v 6.47104 6.16154 -0.714978
v 6.521062 6.147408 -0.781632
v 6.558453 6.13401 -0.854478
v 6.582574 6.121831 -0.930111
v 6.59414 6.1094 -1.009182
v 6.592397 6.095819 -1.09141
v 6.576527 6.081614 -1.173367
v 6.546899 6.067394 -1.251444
v 6.505074 6.053771 -1.32236
v 6.453536 6.041276 -1.383606
v 6.393296 6.029148 -1.435149
v 6.323252 6.015798 -1.477369
v 6.245687 6.001688 -1.507725
v 6.163769 5.987415 -1.524477
v 6.081091 5.973597 -1.527041
v 6.001162 5.960792 -1.516046
v 5.925751 5.948823 -1.492676
v 5.853115 5.935733 -1.45624
v 5.786192 5.921752 -1.407079
v 5.728194 5.907461 -1.346803
v 5.681645 5.89348 -1.278038
v 5.648033 5.88039 -1.204053
v 5.627583 5.868422 -1.127798
v 5.619674 5.855617 -1.047505
v 5.625419 5.841799 -0.964987
v 5.645312 5.827525 -0.883775
v 5.678631 5.813416 -0.807436
v 5.723516 5.800066 -0.739069
v 5.77734 5.787939 -0.680859
v 5.840525 5.775442 -0.631717
v 5.912998 5.761819 -0.592652
v 5.992158 5.747599 -0.566052
v 6.074666 5.733394 -0.553348
v 6.156899 5.719813 -0.554773
v 6.235466 5.707382 -0.569374
v 6.310115 5.695203 -0.596388
v 6.381467 5.681806 -0.636556
v 6.446146 5.667674 -0.689106
v 6.501091 5.653408 -0.752113
v 6.544044 5.639627 -0.822719
v 6.573852 5.626882 -0.89756
v 6.590727 5.614894 -0.974726
v 6.594851 5.60175 -1.055993
v 6.585063 5.587741 -1.138509
v 6.561206 5.57345 -1.218682
v 6.52435 5.5595 -1.293027
v 6.476626 5.546464 -1.358662
v 6.420398 5.534508 -1.414044
v 6.35435 5.521645 -1.460592
v 6.279662 5.507792 -1.496303
v 6.199183 5.493512 -1.519029
v 6.116385 5.479425 -1.527666
v 6.034874 5.466125 -1.522332
v 5.957779 5.454041 -1.504245
v 5.883745 5.441482 -1.473466
v 5.813957 5.427818 -1.429629
v 5.751775 5.413584 -1.373848
v 5.700071 5.399395 -1.308348
v 5.660808 5.385859 -1.236178
v 5.634801 5.373493 -1.16076
v 5.621461 5.361257 -1.082381
v 5.621226 5.347812 -1.000405
v 5.635072 5.333659 -0.918186
v 5.662804 5.319403 -0.839341
v 5.703022 5.305659 -0.767227
v 5.753348 5.292975 -0.704483
v 5.812191 5.280962 -0.651707
v 5.880947 5.267765 -0.607989
v 5.957615 5.253728 -0.575808
v 6.039127 5.239439 -0.557048
v 6.121919 5.225521 -0.552468
v 6.202438 5.212541 -0.561607
v 6.278337 5.200592 -0.583198
v 6.351509 5.18767 -0.617752
v 6.419454 5.173783 -0.665167
v 6.478903 5.159498 -0.723996
v 6.527205 5.145436 -0.791739
v 6.562712 5.132187 -0.865189
v 6.584981 5.120142 -0.941099
v 6.594737 5.107519 -1.02081
v 6.591 5.093815 -1.103219
v 6.573112 5.079569 -1.184841
v 5.730339 3.321327 -0.753425
v 5.687627 3.334818 -0.820696
v 5.656398 3.34899 -0.895422
v 5.638339 3.363236 -0.974518
v 5.634011 3.37694 -1.054497
v 5.642806 3.389562 -1.131972
v 5.663785 3.401607 -1.205862
v 5.697635 3.414856 -1.277477
v 5.743957 3.428919 -1.343658
v 5.801177 3.443204 -1.401279
v 5.866743 3.45709 -1.447891
v 5.937493 3.470012 -1.48206
v 6.011 3.481962 -1.503668
v 6.089099 3.494941 -1.513223
v 6.169521 3.50886 -1.509479
v 6.24882 3.523149 -1.491956
v 6.323531 3.537185 -1.461362
v 6.390657 3.550382 -1.419499
v 6.448235 3.562396 -1.368758
v 6.497631 3.57508 -1.308267
v 6.537289 3.588823 -1.238592
v 6.564883 3.60308 -1.162276
v 6.579024 3.617232 -1.082567
v 6.579491 3.630677 -1.002974
v 6.567204 3.642913 -0.926763
v 6.542593 3.655279 -0.853318
v 6.505085 3.668816 -0.782915
v 6.455441 3.683005 -0.718882
v 6.395541 3.697238 -0.664196
v 6.328156 3.710903 -0.621043
v 6.256537 3.723462 -0.590532
v 6.181839 3.735546 -0.572317
v 6.102745 3.748845 -0.566447
v 6.022283 3.762932 -0.57413
v 5.943952 3.777212 -0.595511
v 5.871134 3.791065 -0.629551
v 5.806613 3.803929 -0.674183
v 5.751551 3.815885 -0.727478
v 5.704659 3.82892 -0.790798
v 5.668244 3.84287 -0.862667
v 5.644402 3.857161 -0.940305
v 5.634198 3.87117 -1.020337
v 5.637514 3.884315 -1.099275
v 5.653243 3.896302 -1.174338
v 5.681549 3.909048 -1.247254
v 5.722653 3.922828 -1.316171
v 5.775464 3.937094 -1.37781
v 5.837815 3.951226 -1.42938
v 5.906751 3.964624 -1.468985
v 5.978999 3.976803 -1.495846
v 6.055156 3.989234 -1.510689
v 6.134985 4.002814 -1.512769
v 6.2152 4.01702 -1.501135
v 6.292282 4.03124 -1.475981
v 6.362978 4.044863 -1.438668
v 6.424741 4.057358 -1.391491
v 6.477492 4.069487 -1.335431
v 6.521652 4.082836 -1.269434
v 6.554649 4.096946 -1.195599
v 6.574652 4.11122 -1.116918
v 6.58093 4.125037 -1.03685
v 6.573932 4.137843 -0.958826
v 6.554724 4.149811 -0.884617
v 6.522717 4.162901 -0.812499
v 6.478106 4.176882 -0.74534
v 6.422307 4.191173 -0.686326
v 6.357749 4.205153 -0.638027
v 6.287535 4.218244 -0.602036
v 6.214516 4.230212 -0.578706
v 6.137006 4.243018 -0.567353
v 6.056712 4.256835 -0.569141
v 5.977036 4.271109 -0.584711
v 5.90147 4.285219 -0.613525
v 5.833106 4.298568 -0.653923
v 5.774182 4.310696 -0.703455
v 5.723624 4.323192 -0.762482
v 5.682413 4.336814 -0.830979
v 5.652986 4.351035 -0.906533
v 5.636881 4.36524 -0.985972
v 5.634492 4.37882 -1.065792
v 5.645051 4.391252 -1.14266
v 5.667828 4.40343 -1.216298
v 5.703514 4.416829 -1.287341
v 5.751514 4.43096 -1.35248
v 5.810102 4.445226 -1.408657
v 5.876611 4.459007 -1.453553
v 5.947829 4.471752 -1.485895
v 6.021895 4.48374 -1.505799
v 6.100523 4.496884 -1.513526
v 6.181001 4.510893 -1.507816
v 6.259851 4.525184 -1.488355
v 6.333645 4.539135 -1.456018
v 6.39949 4.55217 -1.412742
v 6.455781 4.564126 -1.360749
v 6.503954 4.57699 -1.298826
v 6.542015 4.590842 -1.228026
v 6.567745 4.605123 -1.151015
v 6.579918 4.619209 -1.071108
v 6.578482 4.632509 -0.99181
v 6.564476 4.644592 -0.91621
v 6.53802 4.657152 -0.842996
v 6.498704 4.670816 -0.773302
v 6.447455 4.68505 -0.710436
v 6.3863 4.699239 -0.657287
v 6.318106 4.712775 -0.615898
v 6.246153 4.725142 -0.587218
v 6.170749 4.737377 -0.570685
v 6.091254 4.750823 -0.566699
v 6.01088 4.764975 -0.576358
v 5.933139 4.779231 -0.599638
v 5.861354 4.792975 -0.635337
v 5.798194 4.805659 -0.68127
v 5.744311 4.817672 -0.735918
v 5.698758 4.830869 -0.800597
v 5.664032 4.844906 -0.873479
v 5.642099 4.859194 -0.951674
v 5.633861 4.873113 -1.03176
v 5.639032 4.886093 -1.110272
v 5.656493 4.898042 -1.184872
v 5.68665 4.910964 -1.257423
v 5.729521 4.924851 -1.325495
v 5.78385 4.939136 -1.385849
v 5.847336 4.953198 -1.435801
v 5.916945 4.966447 -1.473606
v 5.989544 4.978492 -1.498685
v 6.066406 4.991115 -1.511801
v 6.146502 5.004819 -1.511956
v 6.226485 5.019065 -1.49835
v 5.842334 6.796728 -0.64753
v 5.911889 6.783237 -0.60865
v 5.988246 6.769065 -0.58165
v 6.068228 6.754819 -0.568044
v 6.148324 6.741115 -0.568199
v 6.225185 6.728492 -0.581315
v 6.297785 6.716447 -0.606394
v 6.367394 6.703198 -0.644199
v 6.430881 6.689136 -0.694151
v 6.48521 6.674851 -0.754505
v 6.52808 6.660964 -0.822577
v 6.558238 6.648042 -0.895128
v 6.575698 6.636093 -0.969728
v 6.580869 6.623114 -1.04824
v 6.572631 6.609194 -1.128326
v 6.550699 6.594906 -1.206521
v 6.515973 6.58087 -1.279403
v 6.470419 6.567672 -1.344082
v 6.416536 6.555659 -1.39873
v 6.353376 6.542974 -1.444664
v 6.281591 6.529232 -1.480362
v 6.203851 6.514975 -1.503642
v 6.123476 6.500823 -1.513301
v 6.043981 6.487378 -1.509315
v 5.968577 6.475141 -1.492782
v 5.896625 6.462776 -1.464102
v 5.82843 6.449239 -1.422713
v 5.767275 6.43505 -1.369564
v 5.716026 6.420816 -1.306698
v 5.676711 6.407152 -1.237004
v 5.650255 6.394593 -1.16379
v 5.636248 6.382509 -1.08819
v 5.634812 6.369209 -1.008891
v 5.646986 6.355123 -0.928985
v 5.672716 6.340842 -0.851974
v 5.710776 6.32699 -0.781174
v 5.758949 6.314126 -0.719251
v 5.81524 6.30217 -0.667258
v 5.881084 6.289135 -0.623982
v 5.954879 6.275184 -0.591645
v 6.033729 6.260893 -0.572184
v 6.114207 6.246884 -0.566474
v 6.192835 6.23374 -0.574201
v 6.266901 6.221752 -0.594105
v 6.33812 6.209007 -0.626447
v 6.404628 6.195226 -0.671343
v 6.463216 6.18096 -0.72752
v 6.511217 6.166828 -0.792659
v 6.546903 6.15343 -0.863702
v 6.56968 6.141252 -0.93734
v 6.580238 6.12882 -1.014208
v 6.577848 6.11524 -1.094028
v 6.561745 6.101035 -1.173467
v 6.532317 6.086815 -1.249021
v 6.491107 6.073192 -1.317518
v 6.440548 6.060696 -1.376545
v 6.381624 6.048568 -1.426077
v 6.31326 6.035219 -1.466475
v 6.237695 6.021109 -1.495289
v 6.158018 6.006835 -1.510859
v 6.077724 5.993018 -1.512647
v 6.000214 5.980212 -1.501294
v 5.927195 5.968244 -1.477964
v 5.856981 5.955153 -1.441973
v 5.792423 5.941173 -1.393674
v 5.736623 5.926881 -1.33466
v 5.692013 5.912901 -1.267501
v 5.660007 5.899811 -1.195383
v 5.640798 5.887842 -1.121174
v 5.6338 5.875037 -1.04315
v 5.640078 5.861219 -0.963082
v 5.660081 5.846946 -0.884401
v 5.693078 5.832836 -0.810566
v 5.737237 5.819487 -0.744569
v 5.789989 5.807359 -0.688509
v 5.851752 5.794863 -0.641332
v 5.922448 5.78124 -0.604019
v 5.99953 5.76702 -0.578865
v 6.079745 5.752814 -0.567231
v 6.159574 5.739234 -0.569311
v 6.235731 5.726803 -0.584154
v 6.307979 5.714624 -0.611015
v 6.376915 5.701226 -0.65062
v 6.439266 5.687094 -0.70219
v 6.492077 5.672829 -0.763829
v 6.533181 5.659048 -0.832746
v 6.561488 5.646302 -0.905662
v 6.577217 5.634315 -0.980726
v 6.580532 5.62117 -1.059663
v 6.570328 5.607161 -1.139695
v 6.546486 5.592871 -1.217333
v 6.510071 5.57892 -1.289202
v 6.463179 5.565885 -1.352522
v 6.408117 5.553929 -1.405817
v 6.343596 5.541065 -1.450449
v 6.270778 5.527212 -1.484489
v 6.192448 5.512932 -1.50587
v 6.111985 5.498845 -1.513553
v 6.032892 5.485545 -1.507683
v 5.958193 5.473463 -1.489468
v 5.886574 5.460903 -1.458957
v 5.819189 5.447238 -1.415804
v 5.759289 5.433005 -1.361118
v 5.709645 5.418816 -1.297085
v 5.672137 5.405279 -1.226682
v 5.647527 5.392913 -1.153237
v 5.635239 5.380677 -1.077026
v 5.635706 5.367232 -0.997433
v 5.649848 5.35308 -0.917724
v 5.677441 5.338823 -0.841408
v 5.7171 5.32508 -0.771733
v 5.766495 5.312396 -0.711242
v 5.824073 5.300383 -0.660501
v 5.891199 5.287185 -0.618638
v 5.96591 5.273149 -0.588044
v 6.045209 5.25886 -0.570521
v 6.125631 5.244941 -0.566777
v 6.20373 5.231962 -0.576333
v 6.277237 5.220012 -0.59794
v 6.347987 5.20709 -0.632109
v 6.413553 5.193204 -0.678721
v 6.470773 5.178918 -0.736342
v 6.517095 5.164856 -0.802523
v 6.550946 5.151608 -0.874138
v 6.571924 5.139562 -0.948028
v 6.580719 5.12694 -1.025503
v 6.576391 5.113235 -1.105482
v 6.558331 5.098989 -1.184578
v 5.746271 3.336039 -0.761245
v 5.704646 3.349531 -0.825733
v 5.674026 3.363702 -0.897486
v 5.656059 3.377948 -0.973543
v 5.651315 3.391653 -1.05055
v 5.659227 3.404275 -1.125239
v 5.678901 3.41632 -1.196563
v 5.71099 3.429569 -1.265788
v 5.755131 3.443631 -1.32987
v 5.809831 3.457916 -1.385785
v 5.87265 3.471803 -1.431155
v 5.940552 3.484725 -1.464578
v 6.011199 3.496674 -1.485921
v 6.086358 3.509654 -1.495689
v 6.163849 3.523573 -1.492662
v 6.240358 3.537861 -1.476356
v 6.312542 3.551898 -1.447426
v 6.377502 3.565095 -1.407586
v 6.433328 3.577108 -1.359126
v 6.481343 3.589792 -1.301216
v 6.520047 3.603536 -1.23439
v 6.547175 3.617792 -1.161079
v 6.561371 3.631944 -1.084404
v 6.562396 3.64539 -1.007741
v 6.551109 3.657626 -0.934244
v 6.527934 3.669992 -0.863323
v 6.492313 3.683528 -0.795238
v 6.444957 3.697717 -0.733202
v 6.387654 3.711951 -0.680095
v 6.323058 3.725615 -0.638042
v 6.254293 3.738175 -0.608137
v 6.182473 3.750258 -0.590053
v 6.10633 3.763558 -0.583829
v 6.028771 3.777645 -0.590649
v 5.953167 3.791924 -0.610679
v 5.882782 3.805777 -0.642941
v 5.820312 3.818642 -0.685467
v 5.766891 3.830597 -0.736404
v 5.721266 3.843633 -0.797058
v 5.685672 3.857583 -0.866021
v 5.662147 3.871874 -0.940632
v 5.651741 3.885883 -1.017648
v 5.654365 3.899027 -1.093706
v 5.668974 3.911015 -1.166122
v 5.695714 3.92376 -1.236561
v 5.734809 3.937541 -1.30324
v 5.785233 3.951807 -1.362993
v 5.84492 3.965939 -1.413116
v 5.911035 3.979337 -1.451762
v 5.980432 3.991515 -1.478157
v 6.053681 4.003947 -1.493003
v 6.130559 4.017527 -1.495582
v 6.207908 4.031732 -1.484954
v 6.282337 4.045953 -1.461282
v 6.350702 4.059576 -1.42585
v 6.410534 4.072071 -1.380854
v 6.46175 4.084199 -1.327236
v 6.504762 4.097549 -1.263985
v 6.537077 4.111658 -1.193103
v 6.556913 4.125932 -1.11746
v 6.563537 4.13975 -1.040382
v 6.557359 4.152555 -0.965177
v 6.539393 4.164524 -0.893558
v 6.509083 4.177614 -0.823862
v 6.466598 4.191594 -0.75885
v 6.413276 4.205886 -0.701604
v 6.35144 4.219866 -0.654616
v 6.284068 4.232956 -0.619442
v 6.213903 4.244925 -0.596443
v 6.139325 4.25773 -0.584948
v 6.061971 4.271547 -0.586092
v 5.985112 4.285821 -0.600514
v 5.912117 4.299931 -0.627724
v 5.845976 4.31328 -0.666143
v 5.788862 4.325408 -0.713428
v 5.739738 4.337904 -0.76992
v 5.699548 4.351527 -0.835601
v 5.670658 4.365747 -0.908164
v 5.654573 4.379953 -0.984565
v 5.651696 4.393533 -1.061433
v 5.661312 4.405964 -1.13555
v 5.68272 4.418143 -1.206644
v 5.716581 4.431541 -1.275332
v 5.762347 4.445673 -1.338422
v 5.818375 4.459939 -1.392956
v 5.882114 4.47372 -1.43668
v 5.95048 4.486465 -1.468346
v 6.021678 4.498452 -1.488053
v 6.097359 4.511597 -1.496063
v 6.174919 4.525606 -1.491143
v 6.251009 4.539897 -1.472966
v 6.322323 4.553847 -1.442351
v 6.386058 4.566882 -1.401142
v 6.440655 4.578838 -1.351466
v 6.487503 4.591702 -1.292168
v 6.524673 4.605555 -1.224247
v 6.550014 4.619835 -1.150253
v 6.562315 4.633922 -1.073373
v 6.561505 4.647222 -0.99698
v 6.548558 4.659305 -0.924059
v 6.523603 4.671865 -0.853347
v 6.486236 4.685529 -0.785932
v 6.437325 4.699762 -0.725009
v 6.378802 4.713952 -0.673373
v 6.313415 4.727488 -0.633015
v 6.244315 4.739854 -0.60487
v 6.171803 4.75209 -0.588402
v 6.095261 4.765535 -0.583988
v 6.017772 4.779687 -0.592712
v 5.942722 4.793944 -0.614575
v 5.87332 4.807687 -0.648444
v 5.812151 4.820372 -0.692232
v 5.759856 4.832385 -0.744482
v 5.715511 4.845582 -0.806454
v 5.681536 4.859618 -0.876406
v 5.659847 4.873907 -0.951566
v 5.651334 4.887826 -1.028648
v 5.655748 4.900805 -1.10431
v 5.672029 4.912755 -1.176293
v 5.700554 4.925677 -1.246393
v 5.741356 4.939564 -1.312271
v 5.793252 4.953849 -1.370797
v 5.854043 4.967911 -1.41937
v 5.92082 4.98116 -1.456286
v 5.990569 4.993205 -1.480967
v 6.064509 5.005827 -1.494155
v 6.141659 5.019532 -1.494882
v 6.218798 5.033778 -1.482353
v 5.854911 6.81144 -0.660052
v 5.922189 6.797949 -0.623103
v 5.995932 6.783777 -0.597647
v 6.073071 6.769531 -0.585118
v 6.15022 6.755827 -0.585845
v 6.224161 6.743205 -0.599033
v 6.29391 6.73116 -0.623714
v 6.360686 6.71791 -0.66063
v 6.421477 6.703848 -0.709203
v 6.473373 6.689563 -0.767729
v 6.514176 6.675677 -0.833607
v 6.542701 6.662755 -0.903707
v 6.558982 6.650805 -0.97569
v 6.563396 6.637826 -1.051352
v 6.554883 6.623907 -1.128434
v 6.533194 6.609618 -1.203594
v 6.499219 6.595582 -1.273546
v 6.454875 6.582385 -1.335518
v 6.402579 6.570371 -1.387768
v 6.34141 6.557687 -1.431556
v 6.272008 6.543944 -1.465425
v 6.196959 6.529687 -1.487288
v 6.11947 6.515535 -1.496012
v 6.042927 6.50209 -1.491598
v 5.970415 6.489854 -1.47513
v 5.901316 6.477488 -1.446985
v 5.835927 6.463952 -1.406627
v 5.777405 6.449763 -1.354991
v 5.728494 6.435529 -1.294068
v 5.691127 6.421865 -1.226653
v 5.666172 6.409305 -1.155941
v 5.653225 6.397222 -1.08302
v 5.652415 6.383922 -1.006627
v 5.664716 6.369835 -0.929747
v 5.690056 6.355555 -0.855753
v 5.727227 6.341702 -0.787832
v 5.774075 6.328838 -0.728534
v 5.828671 6.316883 -0.678858
v 5.892406 6.303847 -0.637649
v 5.963721 6.289896 -0.607034
v 6.039811 6.275606 -0.588857
v 6.117371 6.261597 -0.583937
v 6.193052 6.248453 -0.591947
v 6.26425 6.236465 -0.611654
v 6.332616 6.22372 -0.64332
v 6.396356 6.209939 -0.687044
v 6.452384 6.195673 -0.741578
v 6.498149 6.181541 -0.804668
v 6.53201 6.168143 -0.873356
v 6.553419 6.155964 -0.94445
v 6.563034 6.143533 -1.018567
v 6.560157 6.129952 -1.095435
v 6.544072 6.115747 -1.171836
v 6.515182 6.101527 -1.244399
v 6.474993 6.087904 -1.31008
v 6.425868 6.075408 -1.366572
v 6.368754 6.063281 -1.413857
v 6.302612 6.049931 -1.452276
v 6.229618 6.035821 -1.479486
v 6.152759 6.021548 -1.493908
v 6.075405 6.00773 -1.495052
v 6.000827 5.994925 -1.483557
v 5.930662 5.982956 -1.460559
v 5.86329 5.969866 -1.425384
v 5.801454 5.955885 -1.378396
v 5.748132 5.941594 -1.32115
v 5.705647 5.927614 -1.256138
v 5.675337 5.914523 -1.186442
v 5.657371 5.902555 -1.114823
v 5.651193 5.88975 -1.039618
v 5.657817 5.875932 -0.96254
v 5.677652 5.861659 -0.886897
v 5.709969 5.847548 -0.816015
v 5.75298 5.834199 -0.752764
v 5.804195 5.822072 -0.699146
v 5.864028 5.809575 -0.65415
v 5.932393 5.795952 -0.618718
v 6.006822 5.781733 -0.595046
v 6.084171 5.767527 -0.584417
v 6.161049 5.753946 -0.586997
v 6.234298 5.741515 -0.601843
v 6.303696 5.729337 -0.628238
v 6.369811 5.715939 -0.666884
v 6.429497 5.701807 -0.717007
v 6.479921 5.687541 -0.77676
v 6.519017 5.67376 -0.843439
v 6.545756 5.661015 -0.913878
v 6.560365 5.649027 -0.986294
v 6.56299 5.635883 -1.062352
v 6.552584 5.621874 -1.139368
v 6.529058 5.607583 -1.213979
v 6.493464 5.593633 -1.282943
v 6.44784 5.580597 -1.343596
v 6.394418 5.568642 -1.394533
v 6.331948 5.555778 -1.437059
v 6.261562 5.541925 -1.469321
v 6.185959 5.527645 -1.489351
v 6.108399 5.513558 -1.496171
v 6.032257 5.500258 -1.489947
v 5.960437 5.488175 -1.471863
v 5.891672 5.475615 -1.441958
v 5.827076 5.461951 -1.399905
v 5.769773 5.447717 -1.346799
v 5.722417 5.433528 -1.284762
v 5.686796 5.419992 -1.216677
v 5.663621 5.407626 -1.145756
v 5.652335 5.39539 -1.072259
v 5.653359 5.381945 -0.995596
v 5.667555 5.367792 -0.918921
v 5.694684 5.353536 -0.84561
v 5.733387 5.339792 -0.778784
v 5.781402 5.327108 -0.720874
v 5.837228 5.315095 -0.672414
v 5.902188 5.301898 -0.632574
v 5.974372 5.287861 -0.603644
v 6.050881 5.273572 -0.587338
v 6.128372 5.259654 -0.584311
v 6.203531 5.246674 -0.594079
v 6.274179 5.234725 -0.615422
v 6.34208 5.221803 -0.648845
v 6.404899 5.207916 -0.694215
v 6.459599 5.193631 -0.75013
v 6.50374 5.179569 -0.814212
v 6.535829 5.16632 -0.883437
v 6.555503 5.154275 -0.954761
v 6.563416 5.141653 -1.02945
v 6.558671 5.127948 -1.106457
v 6.540705 5.113702 -1.182514
v 5.76466 3.346664 -0.771826
v 5.724549 3.360155 -0.833082
v 5.69489 3.374326 -0.901336
v 5.677275 3.388572 -0.973775
v 5.672266 3.402277 -1.047203
v 5.679345 3.414899 -1.1185
v 5.697665 3.426944 -1.18666
v 5.727841 3.440193 -1.252897
v 5.769546 3.454255 -1.314302
v 5.821374 3.46854 -1.367983
v 5.881014 3.482427 -1.411656
v 5.945576 3.495349 -1.443965
v 6.012835 3.507299 -1.464767
v 6.084468 3.520278 -1.474556
v 6.158407 3.534197 -1.472155
v 6.231493 3.548486 -1.45708
v 6.300531 3.562522 -1.429936
v 6.362747 3.575719 -1.39234
v 6.416305 3.587732 -1.346463
v 6.46247 3.600417 -1.291523
v 6.499809 3.61416 -1.228019
v 6.526147 3.628417 -1.158258
v 6.54017 3.642569 -1.085205
v 6.541627 3.656014 -1.012081
v 6.531322 3.66825 -0.941901
v 6.50966 3.680616 -0.874103
v 6.476108 3.694152 -0.808932
v 6.431323 3.708341 -0.749458
v 6.376994 3.722575 -0.698439
v 6.315639 3.736239 -0.65792
v 6.250231 3.748799 -0.628961
v 6.181834 3.760882 -0.61126
v 6.109239 3.774182 -0.604845
v 6.035212 3.788269 -0.610864
v 5.962966 3.802549 -0.629497
v 5.895622 3.816401 -0.659831
v 5.835764 3.829266 -0.700005
v 5.784485 3.841222 -0.74826
v 5.740583 3.854257 -0.805832
v 5.706197 3.868207 -0.871394
v 5.683288 3.882498 -0.942419
v 5.672878 3.896507 -1.01582
v 5.674905 3.909651 -1.08839
v 5.688386 3.921639 -1.15756
v 5.713452 3.934384 -1.224921
v 5.750328 3.948165 -1.288772
v 5.798053 3.962431 -1.346088
v 5.854675 3.976563 -1.394275
v 5.9175 3.989961 -1.431554
v 5.983533 4.00214 -1.457168
v 6.053314 4.014571 -1.471789
v 6.126633 4.028152 -1.474732
v 6.200484 4.042356 -1.465079
v 6.271631 4.056577 -1.442964
v 6.337068 4.070199 -1.409594
v 6.394425 4.082695 -1.367047
v 6.443617 4.094823 -1.316221
v 6.485043 4.108173 -1.256155
v 6.516314 4.122283 -1.188742
v 6.53571 4.136556 -1.11671
v 6.542512 4.150374 -1.043225
v 6.53709 4.163179 -0.971447
v 6.520401 4.175148 -0.903016
v 6.491926 4.188238 -0.836342
v 6.451806 4.202218 -0.77406
v 6.4013 4.21651 -0.719117
v 6.342609 4.23049 -0.673907
v 6.278563 4.243581 -0.639931
v 6.211775 4.255549 -0.617552
v 6.140706 4.268354 -0.60612
v 6.06691 4.282172 -0.606725
v 5.993503 4.296445 -0.620001
v 5.923701 4.310555 -0.645499
v 5.860367 4.323905 -0.681733
v 5.805588 4.336032 -0.726481
v 5.758374 4.348528 -0.780061
v 5.719625 4.362152 -0.842463
v 5.691611 4.376371 -0.911501
v 5.675788 4.390577 -0.98428
v 5.672562 4.404158 -1.057587
v 5.681269 4.416589 -1.128349
v 5.701245 4.428767 -1.196301
v 5.733115 4.442165 -1.262036
v 5.776376 4.456297 -1.322505
v 5.829479 4.470562 -1.374877
v 5.890007 4.484344 -1.416986
v 5.955023 4.497089 -1.447622
v 6.022817 4.509077 -1.466867
v 6.09496 4.522221 -1.474982
v 6.168976 4.53623 -1.470776
v 6.241674 4.550521 -1.453914
v 6.309894 4.564471 -1.425157
v 6.37095 4.577507 -1.386246
v 6.423342 4.589462 -1.339203
v 6.468403 4.602326 -1.282931
v 6.504287 4.616179 -1.218373
v 6.528923 4.630459 -1.147948
v 6.54114 4.644546 -1.074688
v 6.540845 4.657846 -1.001811
v 6.528953 4.669929 -0.93217
v 6.505591 4.682489 -0.86456
v 6.470369 4.696153 -0.800017
v 6.424095 4.710386 -0.741595
v 6.368593 4.724576 -0.691972
v 6.306471 4.738112 -0.653063
v 6.240733 4.750478 -0.625782
v 6.171666 4.762714 -0.609618
v 6.098678 4.776159 -0.604928
v 6.024706 4.790312 -0.612764
v 5.952978 4.804568 -0.633149
v 5.886562 4.818311 -0.665021
v 5.827938 4.830996 -0.706408
v 5.777724 4.843009 -0.755922
v 5.735034 4.856206 -0.814759
v 5.702187 4.870243 -0.881274
v 5.681026 4.884531 -0.952835
v 5.672421 4.89845 -1.026311
v 5.676158 4.91143 -1.098513
v 5.691236 4.923379 -1.167281
v 5.718007 4.936301 -1.23433
v 5.756516 4.950188 -1.297427
v 5.805654 4.964473 -1.353582
v 5.863338 4.978535 -1.400298
v 5.926806 4.991784 -1.435932
v 5.993186 5.003829 -1.459913
v 6.063636 5.016451 -1.472956
v 6.137226 5.030156 -1.474133
v 6.210888 5.044402 -1.462666
v 5.868928 6.822064 -0.675979
v 5.933337 6.808573 -0.641154
v 6.003842 6.794402 -0.617334
v 6.077504 6.780156 -0.605867
v 6.151094 6.766451 -0.607044
v 6.221544 6.753829 -0.620087
v 6.287924 6.741784 -0.644068
v 6.351391 6.728535 -0.679702
v 6.409077 6.714473 -0.726418
v 6.458213 6.700188 -0.782573
v 6.496723 6.686301 -0.84567
v 6.523494 6.673379 -0.912719
v 6.538572 6.661429 -0.981487
v 6.542309 6.64845 -1.053689
v 6.533705 6.634531 -1.127165
v 6.512544 6.620242 -1.198726
v 6.479696 6.606206 -1.26524
v 6.437006 6.593009 -1.324078
v 6.386792 6.580996 -1.373592
v 6.328168 6.568312 -1.414979
v 6.261752 6.554568 -1.446851
v 6.190024 6.540311 -1.467236
v 6.116052 6.526159 -1.475073
v 6.043065 6.512714 -1.470382
v 5.973997 6.500478 -1.454218
v 5.908259 6.488112 -1.426937
v 5.846137 6.474576 -1.388028
v 5.790636 6.460387 -1.338405
v 5.744361 6.446153 -1.279983
v 5.709139 6.432488 -1.21544
v 5.685777 6.419929 -1.14783
v 5.673885 6.407846 -1.078189
v 5.673591 6.394546 -1.005312
v 5.685808 6.380459 -0.932052
v 5.710443 6.366179 -0.861627
v 5.746328 6.352326 -0.797069
v 5.791389 6.339462 -0.740797
v 5.843781 6.327507 -0.693754
v 5.904837 6.314471 -0.654843
v 5.973056 6.30052 -0.626086
v 6.045754 6.28623 -0.609224
v 6.11977 6.272221 -0.605018
v 6.191913 6.259077 -0.613133
v 6.259707 6.247089 -0.632378
v 6.324723 6.234344 -0.663014
v 6.385251 6.220563 -0.705123
v 6.438355 6.206297 -0.757495
v 6.481616 6.192165 -0.817964
v 6.513485 6.178767 -0.883699
v 6.533461 6.166588 -0.951651
v 6.542169 6.154157 -1.022413
v 6.538942 6.140577 -1.09572
v 6.523119 6.126372 -1.168499
v 6.495106 6.112151 -1.237537
v 6.456357 6.098528 -1.299939
v 6.409142 6.086033 -1.353519
v 6.354362 6.073905 -1.398268
v 6.291028 6.060555 -1.434501
v 6.221227 6.046445 -1.459999
v 6.14782 6.032172 -1.473275
v 6.074024 6.018354 -1.47388
v 6.002955 6.005549 -1.462448
v 5.936168 5.99358 -1.440069
v 5.872121 5.98049 -1.406093
v 5.81343 5.96651 -1.360883
v 5.762925 5.952218 -1.30594
v 5.722805 5.938238 -1.243658
v 5.694329 5.925148 -1.176984
v 5.677639 5.913179 -1.108553
v 5.672218 5.900373 -1.036775
v 5.679021 5.886557 -0.96329
v 5.698416 5.872283 -0.891258
v 5.729687 5.858173 -0.823845
v 5.771113 5.844823 -0.763779
v 5.820305 5.832695 -0.712953
v 5.877662 5.820199 -0.670406
v 5.943099 5.806577 -0.637036
v 6.014246 5.792356 -0.614921
v 6.088097 5.778151 -0.605268
v 6.161417 5.764571 -0.608211
v 6.231197 5.75214 -0.622832
v 6.29723 5.739961 -0.648446
v 6.360056 5.726563 -0.685725
v 6.416677 5.712431 -0.733912
v 6.464403 5.698165 -0.791228
v 6.501278 5.684384 -0.855079
v 6.526343 5.671639 -0.92244
v 6.539825 5.659651 -0.99161
v 6.541852 5.646507 -1.06418
v 6.531442 5.632498 -1.137581
v 6.508533 5.618207 -1.208606
v 6.474147 5.604257 -1.274168
v 6.430245 5.591222 -1.33174
v 6.378966 5.579266 -1.379995
v 6.319108 5.566401 -1.420169
v 6.251763 5.552549 -1.450503
v 6.179519 5.538269 -1.469136
v 6.105491 5.524182 -1.475155
v 6.032896 5.510882 -1.46874
v 5.9645 5.498799 -1.451039
v 5.899091 5.486239 -1.422081
v 5.837736 5.472575 -1.381561
v 5.783407 5.458342 -1.330542
v 5.738623 5.444152 -1.271068
v 5.70507 5.430616 -1.205897
v 5.683408 5.41825 -1.138099
v 5.673102 5.406014 -1.067919
v 5.67456 5.392569 -0.994795
v 5.688582 5.378417 -0.921742
v 5.714921 5.36416 -0.851981
v 5.75226 5.350417 -0.788477
v 5.798426 5.337732 -0.733537
v 5.851983 5.325719 -0.68766
v 5.914199 5.312522 -0.650064
v 5.983238 5.298485 -0.62292
v 6.056323 5.284197 -0.607845
v 6.130262 5.270278 -0.605444
v 6.201896 5.257298 -0.615233
v 6.269154 5.245349 -0.636035
v 6.333717 5.232427 -0.668344
v 6.393356 5.21854 -0.712017
v 6.445184 5.204255 -0.765698
v 6.486889 5.190193 -0.827103
v 6.517065 5.176944 -0.89334
v 6.535385 5.164899 -0.9615
v 6.542465 5.152277 -1.032797
v 6.537456 5.138572 -1.106225
v 6.51984 5.124326 -1.178664
v 5.784586 3.352185 -0.784758
v 5.74636 3.365676 -0.84249
v 5.717986 3.379847 -0.90689
v 5.70098 3.394093 -0.975305
v 5.695889 3.407798 -1.044717
v 5.702241 3.42042 -1.112171
v 5.719236 3.432465 -1.176713
v 5.747453 3.445714 -1.239493
v 5.786594 3.459776 -1.29776
v 5.835346 3.474061 -1.348772
v 5.891532 3.487948 -1.390358
v 5.952429 3.50087 -1.421221
v 6.015929 3.51282 -1.441216
v 6.083621 3.525799 -1.450817
v 6.153551 3.539718 -1.448903
v 6.222735 3.554007 -1.434999
v 6.288151 3.568043 -1.409663
v 6.347165 3.58124 -1.374411
v 6.398031 3.593253 -1.331287
v 6.44195 3.605937 -1.279556
v 6.477565 3.619681 -1.219685
v 6.502807 3.633938 -1.153843
v 6.516418 3.64809 -1.08483
v 6.518149 3.661535 -1.01569
v 6.508742 3.673771 -0.949276
v 6.488585 3.686137 -0.88506
v 6.45717 3.699673 -0.823272
v 6.415106 3.713862 -0.766816
v 6.363977 3.728096 -0.71831
v 6.306153 3.74176 -0.679698
v 6.244441 3.75432 -0.651999
v 6.179849 3.766403 -0.634931
v 6.111232 3.779703 -0.628515
v 6.041201 3.79379 -0.633851
v 5.972795 3.80807 -0.651123
v 5.908966 3.821923 -0.679483
v 5.85217 3.834787 -0.717185
v 5.803446 3.846742 -0.762569
v 5.761654 3.859778 -0.816799
v 5.728822 3.873728 -0.878631
v 5.706817 3.888019 -0.945683
v 5.69662 3.902028 -1.015043
v 5.698187 3.915173 -1.083676
v 5.710603 3.92716 -1.149151
v 5.73398 3.939905 -1.212969
v 5.768544 3.953686 -1.273526
v 5.813398 3.967952 -1.327955
v 5.866709 3.982084 -1.373795
v 5.925939 3.995482 -1.409349
v 5.988258 4.007661 -1.433888
v 6.054174 4.020092 -1.44805
v 6.123493 4.033672 -1.451187
v 6.193374 4.047878 -1.442414
v 6.260759 4.062098 -1.421844
v 6.322799 4.07572 -1.390604
v 6.377242 4.088216 -1.350646
v 6.424003 4.100344 -1.302821
v 6.463466 4.113694 -1.24622
v 6.493361 4.127804 -1.182623
v 6.512049 4.142077 -1.114601
v 6.518836 4.155895 -1.045145
v 6.514054 4.1687 -0.977244
v 6.498602 4.180668 -0.912453
v 6.471996 4.193759 -0.849267
v 6.434357 4.207739 -0.790179
v 6.386862 4.222031 -0.737981
v 6.33158 4.236011 -0.694946
v 6.27118 4.249102 -0.662509
v 6.208132 4.26107 -0.641026
v 6.140982 4.273875 -0.629873
v 6.071196 4.287693 -0.63009
v 6.001716 4.301966 -0.642291
v 5.935587 4.316076 -0.666066
v 5.875523 4.329426 -0.700024
v 5.823507 4.341553 -0.742075
v 5.778601 4.35405 -0.792515
v 5.741659 4.367672 -0.851337
v 5.714836 4.381893 -0.916487
v 5.699523 4.396098 -0.985232
v 5.696119 4.409678 -1.054538
v 5.704013 4.42211 -1.121494
v 5.722575 4.434288 -1.185847
v 5.752395 4.447686 -1.248161
v 5.793013 4.461818 -1.305551
v 5.842977 4.476084 -1.355331
v 5.900011 4.489865 -1.395441
v 5.961345 4.50261 -1.424724
v 6.02536 4.514598 -1.443249
v 6.09354 4.527742 -1.45127
v 6.163552 4.541751 -1.447649
v 6.232378 4.556042 -1.432054
v 6.297027 4.569992 -1.405189
v 6.35495 4.583028 -1.368688
v 6.40472 4.594983 -1.324455
v 6.447602 4.607847 -1.27146
v 6.481845 4.6217 -1.210585
v 6.50548 4.63598 -1.144108
v 6.517386 4.650067 -1.07489
v 6.517459 4.663367 -1.005975
v 6.506548 4.67545 -0.940062
v 6.484782 4.68801 -0.876016
v 6.451786 4.701674 -0.814814
v 6.408309 4.715908 -0.759345
v 6.356064 4.730096 -0.712153
v 6.297508 4.743633 -0.675061
v 6.235475 4.755999 -0.648947
v 6.170242 4.768235 -0.633329
v 6.101245 4.78168 -0.628543
v 6.031257 4.795833 -0.635597
v 5.963332 4.810089 -0.654528
v 5.900373 4.823833 -0.684347
v 5.844738 4.836517 -0.723202
v 5.797016 4.84853 -0.769782
v 5.756364 4.861727 -0.825214
v 5.724982 4.875763 -0.887954
v 5.704627 4.890052 -0.955522
v 5.696137 4.903971 -1.024961
v 5.699323 4.916951 -1.093256
v 5.713251 4.9289 -1.158357
v 5.738243 4.941822 -1.221889
v 5.774354 4.955709 -1.281741
v 5.820549 4.969994 -1.335079
v 5.874873 4.984056 -1.379532
v 5.934718 4.997305 -1.413534
v 5.997373 5.00935 -1.43653
v 6.06393 5.021973 -1.449204
v 6.133512 5.035677 -1.450671
v 6.203224 5.049922 -1.440182
v 5.883646 6.827585 -0.694624
v 5.94472 6.814094 -0.662004
v 6.011506 6.799923 -0.639818
v 6.081218 6.785677 -0.629329
v 6.150801 6.771972 -0.630796
v 6.217357 6.75935 -0.64347
v 6.280013 6.747305 -0.666466
v 6.339858 6.734056 -0.700468
v 6.39418 6.719994 -0.744921
v 6.440375 6.705709 -0.798259
v 6.476487 6.691823 -0.858111
v 6.50148 6.6789 -0.921643
v 6.515407 6.66695 -0.986744
v 6.518593 6.653971 -1.055039
v 6.510103 6.640052 -1.124478
v 6.489748 6.625763 -1.192046
v 6.458366 6.611727 -1.254786
v 6.417714 6.59853 -1.310218
v 6.369993 6.586517 -1.356798
v 6.314357 6.573833 -1.395653
v 6.251399 6.560089 -1.425472
v 6.183473 6.545832 -1.444403
v 6.113485 6.531681 -1.451457
v 6.044489 6.518235 -1.446671
v 5.979255 6.505999 -1.431053
v 5.917222 6.493633 -1.404939
v 5.858666 6.480097 -1.367846
v 5.806421 6.465908 -1.320655
v 5.762944 6.451674 -1.265186
v 5.729948 6.438009 -1.203984
v 5.708182 6.42545 -1.139938
v 5.697271 6.413367 -1.074025
v 5.697344 6.400067 -1.00511
v 5.709249 6.38598 -0.935892
v 5.732885 6.3717 -0.869415
v 5.767128 6.357848 -0.80854
v 5.81001 6.344984 -0.755545
v 5.85978 6.333027 -0.711312
v 5.917703 6.319992 -0.674811
v 5.982352 6.306042 -0.647946
v 6.051178 6.291751 -0.632351
v 6.12119 6.277742 -0.62873
v 6.189371 6.264597 -0.636751
v 6.253386 6.25261 -0.655276
v 6.31472 6.239865 -0.684559
v 6.371753 6.226084 -0.724669
v 6.421717 6.211818 -0.774449
v 6.462335 6.197686 -0.831839
v 6.492155 6.184289 -0.894153
v 6.510718 6.17211 -0.958506
v 6.518611 6.159678 -1.025462
v 6.515207 6.146098 -1.094768
v 6.499894 6.131893 -1.163514
v 6.473071 6.117672 -1.228663
v 6.436129 6.104049 -1.287485
v 6.391223 6.091554 -1.337925
v 6.339208 6.079425 -1.379976
v 6.279142 6.066076 -1.413934
v 6.213014 6.051967 -1.437709
v 6.143535 6.037693 -1.44991
v 6.073748 6.023875 -1.450127
v 6.006598 6.01107 -1.438974
v 5.943551 5.999101 -1.417491
v 5.88315 5.986011 -1.385054
v 5.827868 5.972031 -1.34202
v 5.780373 5.957739 -1.289821
v 5.742734 5.943759 -1.230733
v 5.716128 5.930669 -1.167547
v 5.700676 5.9187 -1.102756
v 5.695894 5.905895 -1.034855
v 5.702681 5.892077 -0.965399
v 5.721369 5.877803 -0.897377
v 5.751264 5.863694 -0.83378
v 5.790727 5.850345 -0.777179
v 5.837489 5.838216 -0.729354
v 5.891932 5.825721 -0.689396
v 5.953971 5.812098 -0.658156
v 6.021356 5.797877 -0.637586
v 6.091238 5.783672 -0.628813
v 6.160556 5.770092 -0.63195
v 6.226471 5.75766 -0.646112
v 6.288791 5.745481 -0.670651
v 6.348022 5.732084 -0.706205
v 6.401331 5.717952 -0.752045
v 6.446187 5.703686 -0.806474
v 6.48075 5.689905 -0.867031
v 6.504128 5.67716 -0.930849
v 6.516543 5.665173 -0.996324
v 6.51811 5.652028 -1.064957
v 6.507913 5.638019 -1.134317
v 6.485908 5.623728 -1.201369
v 6.453075 5.609778 -1.263201
v 6.411284 5.596743 -1.317431
v 6.362561 5.584786 -1.362815
v 6.305764 5.571922 -1.400517
v 6.241936 5.55807 -1.428877
v 6.173529 5.54379 -1.446149
v 6.103498 5.529703 -1.451485
v 6.034881 5.516403 -1.445069
v 5.970289 5.50432 -1.428001
v 5.908577 5.491761 -1.400302
v 5.850753 5.478096 -1.36169
v 5.799623 5.463862 -1.313184
v 5.75756 5.449673 -1.256728
v 5.726146 5.436137 -1.19494
v 5.705988 5.423771 -1.130724
v 5.696581 5.411535 -1.06431
v 5.698312 5.398089 -0.99517
v 5.711923 5.383938 -0.926157
v 5.737165 5.369681 -0.860315
v 5.772779 5.355937 -0.800444
v 5.8167 5.343253 -0.748713
v 5.867566 5.33124 -0.705589
v 5.926579 5.318043 -0.670337
v 5.991995 5.304007 -0.645001
v 6.061179 5.289718 -0.631097
v 6.131109 5.275799 -0.629183
v 6.198801 5.26282 -0.638784
v 6.262301 5.25087 -0.658779
v 6.323198 5.237947 -0.689642
v 6.379384 5.224061 -0.731228
v 6.428136 5.209776 -0.78224
v 6.467278 5.195714 -0.840507
v 6.495494 5.182465 -0.903287
v 6.51249 5.17042 -0.967829
v 6.518841 5.157798 -1.035283
v 6.513751 5.144093 -1.104695
v 6.496744 5.129847 -1.17311
v 5.802541 3.352185 -0.797629
v 5.766219 3.365676 -0.852168
v 5.739202 3.379847 -0.913043
v 5.722935 3.394093 -0.977746
v 5.717943 3.407798 -1.043423
v 5.723783 3.42042 -1.107276
v 5.739703 3.432465 -1.1684
v 5.766248 3.445714 -1.227885
v 5.803143 3.459776 -1.283127
v 5.849152 3.474061 -1.331526
v 5.90222 3.487948 -1.371024
v 5.959773 3.50087 -1.400386
v 6.019818 3.51282 -1.419469
v 6.083855 3.525799 -1.428727
v 6.15004 3.539718 -1.427092
v 6.215549 3.554007 -1.414109
v 6.277521 3.568043 -1.390298
v 6.33346 3.58124 -1.357085
v 6.381707 3.593253 -1.316402
v 6.423403 3.605937 -1.267557
v 6.457259 3.619681 -1.210986
v 6.481314 3.633938 -1.148739
v 6.49437 3.64809 -1.083461
v 6.496182 3.661535 -1.018033
v 6.487448 3.673771 -0.955156
v 6.468534 3.686137 -0.894333
v 6.438961 3.699673 -0.835779
v 6.399295 3.713862 -0.782243
v 6.35103 3.728096 -0.736209
v 6.296405 3.74176 -0.699522
v 6.238072 3.75432 -0.673152
v 6.176987 3.766403 -0.656836
v 6.112066 3.779703 -0.650591
v 6.045776 3.79379 -0.655463
v 5.980995 3.80807 -0.671636
v 5.920517 3.821923 -0.698314
v 5.866671 3.834787 -0.73385
v 5.820446 3.846742 -0.776677
v 5.780757 3.859778 -0.827893
v 5.74953 3.873728 -0.886327
v 5.728534 3.888019 -0.949728
v 5.718709 3.902028 -1.015342
v 5.720018 3.915173 -1.080299
v 5.731602 3.92716 -1.142294
v 5.753565 3.939905 -1.202749
v 5.786122 3.953686 -1.260146
v 5.828434 3.967952 -1.31177
v 5.878769 3.982084 -1.355287
v 5.934733 3.995482 -1.389084
v 5.993649 4.007661 -1.412465
v 6.055994 4.020092 -1.426035
v 6.121587 4.033672 -1.429178
v 6.187744 4.047878 -1.421052
v 6.251567 4.062098 -1.401756
v 6.310359 4.07572 -1.372348
v 6.361984 4.088216 -1.334671
v 6.406359 4.100344 -1.289528
v 6.443849 4.113694 -1.236062
v 6.472301 4.127804 -1.175952
v 6.49016 4.142077 -1.111624
v 6.496758 4.155895 -1.04591
v 6.492405 4.1687 -0.981638
v 6.477945 4.180668 -0.920282
v 6.452925 4.193759 -0.860417
v 6.417455 4.207739 -0.804402
v 6.372639 4.222031 -0.754883
v 6.320429 4.236011 -0.714017
v 6.26335 4.249102 -0.683166
v 6.203738 4.26107 -0.662675
v 6.140217 4.273875 -0.65195
v 6.074172 4.287693 -0.65198
v 6.008388 4.301966 -0.66335
v 5.945745 4.316076 -0.685683
v 5.888815 4.329426 -0.717669
v 5.839482 4.341553 -0.757333
v 5.796857 4.35405 -0.804954
v 5.761747 4.367672 -0.860529
v 5.736198 4.381893 -0.922117
v 5.721532 4.396098 -0.987137
v 5.718135 4.409678 -1.052718
v 5.725436 4.42211 -1.116103
v 5.74284 4.434288 -1.177052
v 5.770904 4.447686 -1.236101
v 5.809198 4.461818 -1.290515
v 5.856357 4.476084 -1.337752
v 5.91023 4.489865 -1.375857
v 5.968202 4.50261 -1.403724
v 6.028737 4.514598 -1.421417
v 6.093241 4.527742 -1.429181
v 6.159508 4.541751 -1.425931
v 6.224682 4.556042 -1.411346
v 6.285933 4.569992 -1.386086
v 6.340842 4.583028 -1.351689
v 6.388055 4.594983 -1.309953
v 6.428771 4.607847 -1.259909
v 6.461332 4.6217 -1.202385
v 6.483869 4.63598 -1.139533
v 6.495311 4.650067 -1.074057
v 6.495554 4.663367 -1.008837
v 6.485395 4.67545 -0.946431
v 6.464959 4.68801 -0.885765
v 6.433887 4.701674 -0.827761
v 6.392881 4.715908 -0.775156
v 6.343557 4.730096 -0.730363
v 6.288235 4.743633 -0.695112
v 6.229595 4.755999 -0.670241
v 6.167899 4.768235 -0.655296
v 6.102614 4.78168 -0.650591
v 6.036362 4.795833 -0.65709
v 5.972031 4.810089 -0.674834
v 5.912373 4.823833 -0.702895
v 5.859622 4.836517 -0.739525
v 5.814342 4.84853 -0.783487
v 5.77573 4.861727 -0.835844
v 5.745872 4.875763 -0.89514
v 5.726437 4.890052 -0.959033
v 5.718227 4.903971 -1.024727
v 5.721069 4.916951 -1.089368
v 5.734085 4.9289 -1.151013
v 5.757577 4.941822 -1.211201
v 5.7916 4.955709 -1.267935
v 5.835184 4.969994 -1.31853
v 5.886481 4.984056 -1.360737
v 5.94303 4.997305 -1.393067
v 6.002268 5.00935 -1.414988
v 6.065223 5.021973 -1.427151
v 6.131071 5.035677 -1.428715
v 6.197072 5.049922 -1.418965
v 5.896517 6.827585 -0.712579
v 5.954398 6.814094 -0.681862
v 6.017659 6.799923 -0.661035
v 6.083659 6.785677 -0.651285
v 6.149507 6.771972 -0.652849
v 6.212462 6.75935 -0.665012
v 6.271699 6.747305 -0.686934
v 6.328249 6.734056 -0.719263
v 6.379547 6.719994 -0.76147
v 6.42313 6.705709 -0.812065
v 6.457153 6.691823 -0.868799
v 6.480645 6.6789 -0.928987
v 6.493661 6.66695 -0.990632
v 6.496503 6.653971 -1.055273
v 6.488293 6.640052 -1.120967
v 6.468858 6.625763 -1.18486
v 6.439 6.611727 -1.244156
v 6.400388 6.59853 -1.296513
v 6.355108 6.586517 -1.340475
v 6.302357 6.573833 -1.377105
v 6.2427 6.560089 -1.405166
v 6.178369 6.545832 -1.42291
v 6.112116 6.531681 -1.429409
v 6.046832 6.518235 -1.424704
v 5.985135 6.505999 -1.409759
v 5.926496 6.493633 -1.384888
v 5.871173 6.480097 -1.349637
v 5.821849 6.465908 -1.304844
v 5.780844 6.451674 -1.252239
v 5.749772 6.438009 -1.194235
v 5.729335 6.42545 -1.133569
v 5.719176 6.413367 -1.071163
v 5.719419 6.400067 -1.005943
v 5.730861 6.38598 -0.940467
v 5.753397 6.3717 -0.877615
v 5.785959 6.357848 -0.820091
v 5.826675 6.344984 -0.770047
v 5.873888 6.333027 -0.728311
v 5.928798 6.319992 -0.693914
v 5.990047 6.306042 -0.668653
v 6.055223 6.291751 -0.654069
v 6.121489 6.277742 -0.650819
v 6.185994 6.264597 -0.658583
v 6.246529 6.25261 -0.676276
v 6.3045 6.239865 -0.704143
v 6.358374 6.226084 -0.742248
v 6.405532 6.211818 -0.789485
v 6.443827 6.197686 -0.843899
v 6.47189 6.184289 -0.902947
v 6.489294 6.17211 -0.963897
v 6.496595 6.159678 -1.027282
v 6.493198 6.146098 -1.092863
v 6.478532 6.131893 -1.157883
v 6.452983 6.117672 -1.219471
v 6.417873 6.104049 -1.275046
v 6.375247 6.091554 -1.322667
v 6.325915 6.079425 -1.362331
v 6.268985 6.066076 -1.394317
v 6.206343 6.051967 -1.41665
v 6.140558 6.037693 -1.42802
v 6.074513 6.023875 -1.42805
v 6.010993 6.01107 -1.417325
v 5.95138 5.999101 -1.396834
v 5.8943 5.986011 -1.365983
v 5.842092 5.972031 -1.325117
v 5.797276 5.957739 -1.275598
v 5.761805 5.943759 -1.219583
v 5.736785 5.930669 -1.159718
v 5.722325 5.9187 -1.098362
v 5.717972 5.905895 -1.03409
v 5.724571 5.892077 -0.968376
v 5.742428 5.877803 -0.904048
v 5.770881 5.863694 -0.843938
v 5.808371 5.850345 -0.790472
v 5.852746 5.838216 -0.745329
v 5.904371 5.825721 -0.707652
v 5.963162 5.812098 -0.678244
v 6.026986 5.797877 -0.658948
v 6.093143 5.783672 -0.650822
v 6.158736 5.770092 -0.653965
v 6.221081 5.75766 -0.667535
v 6.279997 5.745481 -0.690916
v 6.335961 5.732084 -0.724713
v 6.386296 5.717952 -0.76823
v 6.428608 5.703686 -0.819854
v 6.461165 5.689905 -0.87725
v 6.483128 5.67716 -0.937706
v 6.494712 5.665173 -0.999701
v 6.496022 5.652028 -1.064658
v 6.486196 5.638019 -1.130272
v 6.4652 5.623728 -1.193673
v 6.433973 5.609778 -1.252107
v 6.394284 5.596743 -1.303323
v 6.34806 5.584786 -1.34615
v 6.294213 5.571922 -1.381686
v 6.233736 5.55807 -1.408364
v 6.168953 5.54379 -1.424537
v 6.102664 5.529703 -1.429409
v 6.037744 5.516403 -1.423164
v 5.976658 5.50432 -1.406848
v 5.918325 5.491761 -1.380478
v 5.863699 5.478096 -1.343791
v 5.815435 5.463862 -1.297757
v 5.77577 5.449673 -1.244221
v 5.746196 5.436137 -1.185667
v 5.727282 5.423771 -1.124844
v 5.718547 5.411535 -1.061967
v 5.72036 5.398089 -0.996539
v 5.733417 5.383938 -0.931261
v 5.757472 5.369681 -0.869014
v 5.791328 5.355937 -0.812443
v 5.833023 5.343253 -0.763598
v 5.881271 5.33124 -0.722915
v 5.937209 5.318043 -0.689702
v 5.999181 5.304007 -0.665891
v 6.06469 5.289718 -0.652908
v 6.130875 5.275799 -0.651273
v 6.194912 5.26282 -0.66053
v 6.254958 5.25087 -0.679614
v 6.31251 5.237947 -0.708976
v 6.365579 5.224061 -0.748474
v 6.411587 5.209776 -0.796873
v 6.448482 5.195714 -0.852115
v 6.475027 5.182465 -0.9116
v 6.490948 5.17042 -0.972724
v 6.496788 5.157798 -1.036577
v 6.491795 5.144093 -1.102254
v 6.475528 5.129847 -1.166957
v 5.822281 3.346134 -0.813261
v 5.788301 3.359625 -0.864269
v 5.763024 3.373797 -0.921205
v 5.7478 3.388042 -0.981722
v 5.743122 3.401747 -1.043151
v 5.748576 3.414369 -1.102877
v 5.76346 3.426414 -1.16005
v 5.78828 3.439663 -1.215693
v 5.822783 3.453726 -1.267367
v 5.86581 3.468011 -1.312643
v 5.915442 3.481897 -1.349594
v 5.969269 3.49482 -1.377065
v 6.025429 3.506769 -1.394922
v 6.085325 3.519748 -1.40359
v 6.147231 3.533667 -1.402069
v 6.208506 3.547956 -1.389934
v 6.266474 3.561992 -1.36767
v 6.318799 3.57519 -1.336612
v 6.363933 3.587203 -1.298566
v 6.402939 3.599887 -1.252884
v 6.434613 3.61363 -1.199976
v 6.45712 3.627887 -1.141756
v 6.469341 3.642039 -1.080701
v 6.471045 3.655484 -1.019503
v 6.462883 3.66772 -0.960691
v 6.445199 3.680086 -0.903798
v 6.417546 3.693623 -0.849026
v 6.380453 3.707812 -0.798947
v 6.335315 3.722045 -0.755883
v 6.284226 3.73571 -0.721561
v 6.229668 3.748269 -0.696889
v 6.172534 3.760353 -0.68162
v 6.111812 3.773652 -0.67577
v 6.049809 3.787739 -0.680319
v 5.989213 3.802019 -0.695437
v 5.932642 3.815872 -0.720383
v 5.882273 3.828736 -0.753614
v 5.839032 3.840692 -0.793666
v 5.801903 3.853727 -0.841566
v 5.772686 3.867678 -0.896217
v 5.753041 3.881968 -0.955516
v 5.743842 3.895977 -1.016886
v 5.745059 3.909122 -1.077644
v 5.755886 3.921109 -1.135631
v 5.776421 3.933854 -1.192181
v 5.806865 3.947636 -1.24587
v 5.846434 3.961901 -1.294162
v 5.893509 3.976033 -1.334871
v 5.945851 3.989431 -1.366491
v 6.000954 4.00161 -1.388367
v 6.059266 4.014041 -1.401067
v 6.120617 4.027621 -1.404016
v 6.182498 4.041827 -1.396424
v 6.242197 4.056047 -1.378384
v 6.297191 4.06967 -1.350885
v 6.345482 4.082166 -1.315651
v 6.386994 4.094294 -1.273433
v 6.422067 4.107643 -1.223428
v 6.448688 4.121753 -1.167208
v 6.465399 4.136027 -1.107043
v 6.47158 4.149844 -1.045578
v 6.467516 4.162649 -0.985461
v 6.453999 4.174618 -0.928071
v 6.430605 4.187708 -0.872074
v 6.397435 4.201688 -0.819676
v 6.355523 4.21598 -0.773353
v 6.306695 4.22996 -0.735122
v 6.253311 4.243051 -0.706259
v 6.197555 4.255019 -0.687085
v 6.138143 4.267824 -0.677046
v 6.076368 4.281642 -0.677064
v 6.014836 4.295916 -0.687691
v 5.956241 4.310025 -0.708572
v 5.902988 4.323375 -0.738482
v 5.85684 4.335503 -0.775576
v 5.816965 4.347999 -0.820112
v 5.784118 4.361621 -0.872089
v 5.760212 4.375842 -0.929691
v 5.746486 4.390048 -0.990505
v 5.7433 4.403627 -1.051845
v 5.750121 4.416059 -1.111133
v 5.766392 4.428238 -1.168144
v 5.792634 4.441636 -1.223378
v 5.828445 4.455767 -1.274279
v 5.872548 4.470033 -1.318468
v 5.922934 4.483814 -1.354115
v 5.977153 4.49656 -1.380188
v 6.033772 4.508547 -1.396745
v 6.094104 4.521691 -1.404016
v 6.156086 4.5357 -1.400984
v 6.21705 4.549991 -1.387351
v 6.274342 4.563941 -1.363731
v 6.325706 4.576977 -1.331566
v 6.369871 4.588933 -1.292535
v 6.407961 4.601797 -1.245731
v 6.438424 4.61565 -1.191931
v 6.459511 4.62993 -1.133146
v 6.470222 4.644016 -1.071905
v 6.470458 4.657316 -1.010902
v 6.460964 4.669399 -0.95253
v 6.441857 4.681959 -0.895783
v 6.412801 4.695623 -0.841526
v 6.374454 4.709857 -0.792318
v 6.328325 4.724046 -0.750414
v 6.276584 4.737583 -0.717435
v 6.221739 4.749948 -0.694165
v 6.164034 4.762184 -0.680178
v 6.102972 4.77563 -0.675769
v 6.041002 4.789782 -0.681839
v 5.980828 4.804039 -0.698428
v 5.925025 4.817782 -0.724667
v 5.875679 4.830466 -0.758922
v 5.833322 4.842479 -0.800035
v 5.797199 4.855677 -0.849002
v 5.769264 4.869712 -0.90446
v 5.751078 4.884001 -0.964219
v 5.743391 4.897921 -1.025664
v 5.74604 4.9109 -1.086126
v 5.758207 4.922849 -1.143787
v 5.780171 4.935771 -1.200086
v 5.811988 4.949658 -1.253156
v 5.852746 4.963943 -1.300485
v 5.900722 4.978005 -1.33997
v 5.953611 4.991254 -1.370216
v 6.009015 5.003299 -1.390728
v 6.067899 5.015922 -1.402113
v 6.129488 5.029626 -1.403585
v 6.191223 5.043872 -1.394473
v 5.910192 6.821535 -0.733722
v 5.964335 6.808043 -0.704999
v 6.023508 6.793872 -0.685527
v 6.085242 6.779626 -0.676415
v 6.146832 6.765922 -0.677887
v 6.205715 6.753299 -0.689272
v 6.261119 6.741254 -0.709784
v 6.314008 6.728005 -0.74003
v 6.361984 6.713943 -0.779515
v 6.402742 6.699658 -0.826844
v 6.434558 6.685771 -0.879914
v 6.456523 6.672849 -0.936213
v 6.46869 6.6609 -0.993874
v 6.47134 6.64792 -1.054335
v 6.463652 6.634001 -1.115781
v 6.445466 6.619713 -1.17554
v 6.417531 6.605676 -1.230998
v 6.381409 6.592479 -1.279965
v 6.33905 6.580466 -1.321079
v 6.289706 6.567782 -1.355333
v 6.233902 6.554038 -1.381572
v 6.173728 6.539782 -1.398161
v 6.111758 6.52563 -1.404231
v 6.050696 6.512184 -1.399822
v 5.992991 6.499949 -1.385835
v 5.938146 6.487582 -1.362565
v 5.886405 6.474046 -1.329586
v 5.840276 6.459857 -1.287682
v 5.801929 6.445623 -1.238474
v 5.772873 6.431959 -1.184217
v 5.753766 6.419399 -1.12747
v 5.744272 6.407316 -1.069098
v 5.744508 6.394016 -1.008095
v 5.755219 6.37993 -0.946854
v 5.776306 6.365649 -0.888069
v 5.806769 6.351797 -0.834269
v 5.844859 6.338933 -0.787465
v 5.889025 6.326977 -0.748434
v 5.940388 6.313941 -0.716269
v 5.997681 6.299991 -0.692649
v 6.058643 6.2857 -0.679016
v 6.120626 6.271691 -0.675984
v 6.180958 6.258547 -0.683255
v 6.237577 6.246559 -0.699812
v 6.291797 6.233814 -0.725885
v 6.342182 6.220033 -0.761532
v 6.386286 6.205768 -0.805721
v 6.422096 6.191636 -0.856622
v 6.448338 6.178237 -0.911856
v 6.464609 6.166059 -0.968867
v 6.471429 6.153627 -1.028155
v 6.468244 6.140047 -1.089495
v 6.454518 6.125842 -1.150309
v 6.430613 6.111621 -1.207911
v 6.397766 6.097999 -1.259888
v 6.357891 6.085503 -1.304424
v 6.311743 6.073375 -1.341518
v 6.25849 6.060026 -1.371428
v 6.199894 6.045916 -1.392309
v 6.138361 6.031642 -1.402936
v 6.076587 6.017825 -1.402954
v 6.017176 6.005019 -1.392915
v 5.96142 5.993051 -1.373741
v 5.908035 5.97996 -1.344878
v 5.859207 5.96598 -1.306647
v 5.817295 5.951689 -1.260324
v 5.784125 5.937708 -1.207926
v 5.760731 5.924618 -1.151929
v 5.747214 5.91265 -1.094539
v 5.743151 5.899844 -1.034422
v 5.749331 5.886027 -0.972957
v 5.766042 5.871753 -0.912792
v 5.792664 5.857643 -0.856571
v 5.827736 5.844294 -0.806567
v 5.869247 5.832166 -0.764349
v 5.917539 5.81967 -0.729115
v 5.972533 5.806047 -0.701616
v 6.032233 5.791827 -0.683576
v 6.094112 5.777621 -0.675984
v 6.155464 5.764041 -0.678933
v 6.213776 5.75161 -0.691633
v 6.26888 5.739431 -0.713509
v 6.321221 5.726033 -0.745129
v 6.368296 5.711902 -0.785838
v 6.407866 5.697636 -0.834129
v 6.438309 5.683855 -0.887819
v 6.458845 5.671109 -0.944369
v 6.469672 5.659122 -1.002357
v 6.470888 5.645977 -1.063114
v 6.461689 5.631968 -1.124484
v 6.442043 5.617678 -1.183783
v 6.412827 5.603727 -1.238434
v 6.375699 5.590692 -1.286334
v 6.332457 5.578736 -1.326386
v 6.282088 5.565872 -1.359617
v 6.225517 5.552019 -1.384562
v 6.164922 5.537739 -1.399681
v 6.102918 5.523652 -1.40423
v 6.042196 5.510353 -1.39838
v 5.985062 5.498269 -1.383111
v 5.930504 5.48571 -1.358439
v 5.879416 5.472045 -1.324117
v 5.834278 5.457811 -1.281053
v 5.797184 5.443623 -1.230974
v 5.76953 5.430086 -1.176202
v 5.751847 5.41772 -1.119309
v 5.743685 5.405484 -1.060497
v 5.745389 5.392039 -0.999299
v 5.75761 5.377887 -0.938244
v 5.780118 5.36363 -0.880024
v 5.811792 5.349887 -0.827116
v 5.850798 5.337203 -0.781434
v 5.89593 5.325189 -0.743388
v 5.948256 5.311992 -0.71233
v 6.006225 5.297956 -0.690066
v 6.0675 5.283667 -0.677931
v 6.129405 5.269748 -0.67641
v 6.189301 5.256769 -0.685078
v 6.245461 5.24482 -0.702935
v 6.299288 5.231897 -0.730406
v 6.34892 5.218011 -0.767357
v 6.391948 5.203726 -0.812633
v 6.42645 5.189663 -0.864307
v 6.451271 5.176414 -0.91995
v 6.466155 5.16437 -0.977123
v 6.471608 5.151747 -1.036849
v 6.46693 5.138042 -1.098278
v 6.451706 5.123797 -1.158795
v 5.837858 3.335361 -0.827064
v 5.805971 3.348852 -0.875265
v 5.782309 3.363024 -0.929029
v 5.768138 3.37727 -0.98614
v 5.763913 3.390974 -1.044078
v 5.769238 3.403596 -1.100379
v 5.783446 3.415641 -1.154246
v 5.807019 3.42889 -1.206638
v 5.83971 3.442953 -1.25526
v 5.88042 3.457238 -1.297822
v 5.927332 3.471124 -1.332514
v 5.978173 3.484046 -1.358253
v 6.031183 3.495996 -1.374921
v 6.087687 3.508975 -1.382912
v 6.146056 3.522894 -1.38129
v 6.203799 3.537183 -1.369661
v 6.258391 3.551219 -1.348492
v 6.307638 3.564416 -1.319046
v 6.35008 3.57643 -1.283034
v 6.386722 3.589114 -1.23984
v 6.416428 3.602857 -1.189854
v 6.437474 3.617114 -1.134888
v 6.448812 3.631266 -1.077279
v 6.450233 3.644711 -1.019568
v 6.442358 3.656947 -0.964136
v 6.425511 3.669313 -0.910543
v 6.399268 3.682849 -0.858979
v 6.364139 3.697039 -0.811871
v 6.321445 3.711272 -0.771401
v 6.273168 3.724937 -0.739192
v 6.221647 3.737496 -0.716093
v 6.167727 3.749579 -0.701869
v 6.110452 3.762879 -0.696538
v 6.051999 3.776966 -0.701015
v 5.994907 3.791246 -0.715455
v 5.94164 3.805099 -0.739149
v 5.894245 3.817963 -0.770638
v 5.853592 3.829919 -0.808536
v 5.818728 3.842954 -0.853816
v 5.791345 3.856905 -0.905437
v 5.773 3.871195 -0.961412
v 5.764513 3.885204 -1.01931
v 5.765844 3.898349 -1.076597
v 5.77623 3.910336 -1.131243
v 5.795765 3.923081 -1.184504
v 5.824636 3.936862 -1.235038
v 5.862093 3.951128 -1.280453
v 5.906607 3.96526 -1.318697
v 5.956058 3.978658 -1.348354
v 6.008083 3.990837 -1.368815
v 6.063107 4.003268 -1.380613
v 6.120968 4.016848 -1.383207
v 6.179294 4.031054 -1.37586
v 6.235532 4.045274 -1.358668
v 6.287305 4.058897 -1.332571
v 6.332735 4.071393 -1.2992
v 6.371749 4.083521 -1.259265
v 6.404669 4.09687 -1.212007
v 6.429601 4.11098 -1.158913
v 6.445176 4.125254 -1.10213
v 6.450817 4.139071 -1.044153
v 6.446802 4.151876 -0.987478
v 6.433882 4.163845 -0.933404
v 6.411652 4.176935 -0.880672
v 6.380216 4.190916 -0.831365
v 6.340554 4.205207 -0.787812
v 6.294396 4.219187 -0.751911
v 6.243969 4.232277 -0.724857
v 6.191337 4.244246 -0.706946
v 6.135284 4.257051 -0.69766
v 6.077034 4.270869 -0.697865
v 6.019045 4.285143 -0.708073
v 5.963856 4.299253 -0.72794
v 5.913732 4.312602 -0.756306
v 5.87033 4.32473 -0.791423
v 5.832865 4.337225 -0.83354
v 5.80205 4.350849 -0.882651
v 5.779684 4.365069 -0.93704
v 5.766926 4.379274 -0.994426
v 5.764108 4.392854 -1.052276
v 5.77072 4.405286 -1.10816
v 5.786236 4.417465 -1.161869
v 5.811148 4.430862 -1.213871
v 5.84507 4.444994 -1.26176
v 5.886792 4.45926 -1.303293
v 5.934411 4.473041 -1.336754
v 5.985616 4.485786 -1.361174
v 6.039054 4.497774 -1.376615
v 6.095967 4.510918 -1.383287
v 6.154404 4.524927 -1.38024
v 6.211847 4.539218 -1.3672
v 6.265799 4.553169 -1.344754
v 6.314134 4.566204 -1.314267
v 6.355661 4.57816 -1.277329
v 6.391436 4.591024 -1.23308
v 6.419998 4.604877 -1.182256
v 6.439703 4.619156 -1.126761
v 6.449616 4.633243 -1.068982
v 6.449653 4.646543 -1.011459
v 6.440524 4.658627 -0.956446
v 6.422334 4.671186 -0.902995
v 6.394772 4.68485 -0.851922
v 6.358463 4.699084 -0.805638
v 6.314838 4.713273 -0.766265
v 6.265949 4.72681 -0.735325
v 6.214163 4.739175 -0.713549
v 6.159708 4.751411 -0.700535
v 6.102116 4.764856 -0.696564
v 6.0437 4.779009 -0.702476
v 5.98701 4.793265 -0.7183
v 5.934469 4.807009 -0.743212
v 5.888044 4.819693 -0.775662
v 5.848228 4.831706 -0.814559
v 5.814315 4.844903 -0.860842
v 5.788143 4.85894 -0.913221
v 5.771175 4.873228 -0.969626
v 5.764113 4.887147 -1.027588
v 5.766796 4.900127 -1.084592
v 5.778443 4.912076 -1.138926
v 5.799326 4.924999 -1.191947
v 5.829488 4.938885 -1.241892
v 5.868065 4.95317 -1.286397
v 5.913424 4.967232 -1.323483
v 5.963387 4.980481 -1.351843
v 6.015692 4.992527 -1.371017
v 6.07125 5.005149 -1.381572
v 6.129331 5.018853 -1.382773
v 6.187515 5.033099 -1.373994
v 5.920511 6.810761 -0.751796
v 5.971478 6.79727 -0.724547
v 6.027215 6.783099 -0.706006
v 6.0854 6.768853 -0.697227
v 6.14348 6.755148 -0.698428
v 6.199038 6.742527 -0.708983
v 6.251344 6.730481 -0.728157
v 6.301307 6.717232 -0.756517
v 6.346665 6.70317 -0.793603
v 6.385242 6.688885 -0.838108
v 6.415404 6.674998 -0.888053
v 6.436287 6.662076 -0.941074
v 6.447935 6.650126 -0.995408
v 6.450617 6.637147 -1.052412
v 6.443554 6.623228 -1.110374
v 6.426588 6.60894 -1.166779
v 6.400415 6.594903 -1.219158
v 6.366502 6.581706 -1.265441
v 6.326685 6.569693 -1.304338
v 6.280261 6.557009 -1.336788
v 6.227721 6.543265 -1.3617
v 6.17103 6.529009 -1.377524
v 6.112615 6.514857 -1.383436
v 6.055023 6.501411 -1.379465
v 6.000567 6.489175 -1.366451
v 5.948781 6.47681 -1.344675
v 5.899892 6.463273 -1.313735
v 5.856267 6.449084 -1.274362
v 5.819959 6.43485 -1.228078
v 5.792396 6.421186 -1.177005
v 5.774207 6.408626 -1.123554
v 5.765077 6.396543 -1.068541
v 5.765113 6.383243 -1.011018
v 5.775027 6.369157 -0.953239
v 5.794733 6.354877 -0.897744
v 5.823294 6.341024 -0.84692
v 5.859068 6.328159 -0.802671
v 5.900596 6.316204 -0.765733
v 5.948931 6.303168 -0.735246
v 6.002883 6.289218 -0.7128
v 6.060327 6.274928 -0.69976
v 6.118763 6.260919 -0.696713
v 6.175676 6.247774 -0.703385
v 6.229115 6.235786 -0.718826
v 6.280319 6.223041 -0.743246
v 6.327938 6.20926 -0.776707
v 6.36966 6.194994 -0.81824
v 6.403583 6.180862 -0.866129
v 6.428494 6.167464 -0.918131
v 6.44401 6.155285 -0.97184
v 6.450622 6.142854 -1.027724
v 6.447804 6.129274 -1.085574
v 6.435047 6.115069 -1.14296
v 6.41268 6.100849 -1.197349
v 6.381865 6.087226 -1.24646
v 6.3444 6.07473 -1.288576
v 6.300998 6.062602 -1.323694
v 6.250874 6.049253 -1.352059
v 6.195685 6.035142 -1.371927
v 6.137696 6.020869 -1.382135
v 6.079446 6.007051 -1.38234
v 6.023394 5.994246 -1.373054
v 5.970761 5.982278 -1.355143
v 5.920334 5.969187 -1.328089
v 5.874176 5.955207 -1.292188
v 5.834515 5.940916 -1.248635
v 5.803078 5.926936 -1.199328
v 5.780848 5.913845 -1.146596
v 5.767928 5.901876 -1.092522
v 5.763914 5.889071 -1.035847
v 5.769555 5.875254 -0.97787
v 5.78513 5.86098 -0.921087
v 5.810061 5.84687 -0.867993
v 5.842981 5.83352 -0.820735
v 5.881995 5.821393 -0.7808
v 5.927425 5.808897 -0.747429
v 5.979198 5.795274 -0.721332
v 6.035436 5.781054 -0.70414
v 6.093762 5.766849 -0.696793
v 6.151623 5.753268 -0.699387
v 6.206646 5.740837 -0.711185
v 6.258673 5.728658 -0.731646
v 6.308123 5.715261 -0.761303
v 6.352636 5.701128 -0.799547
v 6.390095 5.686862 -0.844962
v 6.418965 5.673081 -0.895496
v 6.438501 5.660336 -0.948757
v 6.448886 5.648348 -1.003403
v 6.450218 5.635204 -1.06069
v 6.44173 5.621195 -1.118587
v 6.423385 5.606905 -1.174563
v 6.396002 5.592954 -1.226184
v 6.361137 5.579919 -1.271464
v 6.320485 5.567963 -1.309362
v 6.27309 5.555099 -1.340851
v 6.219823 5.541246 -1.364545
v 6.162731 5.526966 -1.378985
v 6.104279 5.512879 -1.383462
v 6.047003 5.499579 -1.378131
v 5.993083 5.487496 -1.363907
v 5.941563 5.474936 -1.340808
v 5.893284 5.461272 -1.308599
v 5.850591 5.447039 -1.268129
v 5.815462 5.43285 -1.22102
v 5.789219 5.419313 -1.169457
v 5.772372 5.406947 -1.115864
v 5.764497 5.394711 -1.060432
v 5.765918 5.381266 -1.002721
v 5.777256 5.367114 -0.945112
v 5.798302 5.352857 -0.890146
v 5.828009 5.339114 -0.84016
v 5.86465 5.326429 -0.796966
v 5.907093 5.314416 -0.760954
v 5.956339 5.301219 -0.731508
v 6.010931 5.287183 -0.710339
v 6.068674 5.272894 -0.69871
v 6.127043 5.258975 -0.697088
v 6.183547 5.245996 -0.705079
v 6.236557 5.234046 -0.721746
v 6.287398 5.221124 -0.747486
v 6.33431 5.207238 -0.782178
v 6.375021 5.192953 -0.82474
v 6.407711 5.178891 -0.873362
v 6.431284 5.165641 -0.925754
v 6.445493 5.153596 -0.979621
v 6.450817 5.140974 -1.035922
v 6.446592 5.127269 -1.09386
v 6.432421 5.113024 -1.150971
v 5.850348 3.320211 -0.839726
v 5.820407 3.333702 -0.885653
v 5.798305 3.347874 -0.936805
v 5.785226 3.362119 -0.991072
v 5.781588 3.375824 -1.04606
v 5.786998 3.388446 -1.099435
v 5.80082 3.400491 -1.150442
v 5.823516 3.413741 -1.199992
v 5.854837 3.427803 -1.245906
v 5.893727 3.442088 -1.286021
v 5.93845 3.455974 -1.318631
v 5.986842 3.468896 -1.342724
v 6.037235 3.480846 -1.358197
v 6.090887 3.493825 -1.365417
v 6.146246 3.507744 -1.363505
v 6.200947 3.522033 -1.352106
v 6.252599 3.536069 -1.331675
v 6.299127 3.549266 -1.303429
v 6.339159 3.56128 -1.268996
v 6.373641 3.573964 -1.227788
v 6.401503 3.587707 -1.180181
v 6.421117 3.601964 -1.127905
v 6.431505 3.616116 -1.073184
v 6.432484 3.629561 -1.01843
v 6.42466 3.641797 -0.965896
v 6.408337 3.654163 -0.915165
v 6.383113 3.6677 -0.866419
v 6.349489 3.681889 -0.821955
v 6.308731 3.696122 -0.783837
v 6.262728 3.709787 -0.753591
v 6.213708 3.722346 -0.732008
v 6.162467 3.73443 -0.718859
v 6.108101 3.747729 -0.714167
v 6.052681 3.761816 -0.718788
v 5.998615 3.776096 -0.73285
v 5.948236 3.789949 -0.755666
v 5.903478 3.802813 -0.785839
v 5.865156 3.814769 -0.82205
v 5.832372 3.827804 -0.865225
v 5.806725 3.841754 -0.914369
v 5.78968 3.856045 -0.967585
v 5.781998 3.870054 -1.022561
v 5.783628 3.883198 -1.076895
v 5.793828 3.895186 -1.128668
v 5.812699 3.907932 -1.179067
v 5.840408 3.921713 -1.22682
v 5.876232 3.935978 -1.269662
v 5.918702 3.95011 -1.305657
v 5.9658 3.963508 -1.333474
v 6.015284 3.975687 -1.352552
v 6.067555 3.988118 -1.363392
v 6.122459 4.001698 -1.365484
v 6.177741 4.015904 -1.358143
v 6.23098 4.030124 -1.341475
v 6.279926 4.043747 -1.316388
v 6.322808 4.056243 -1.284442
v 6.359563 4.06837 -1.24631
v 6.390489 4.08172 -1.201271
v 6.413801 4.09583 -1.150746
v 6.428213 4.110104 -1.096781
v 6.433194 4.123921 -1.041748
v 6.429025 4.136726 -0.988011
v 6.416423 4.148695 -0.936798
v 6.394999 4.161785 -0.886918
v 6.364863 4.175766 -0.840345
v 6.326962 4.190057 -0.799283
v 6.282947 4.204037 -0.765521
v 6.234939 4.217128 -0.740179
v 6.184896 4.229096 -0.723525
v 6.131665 4.241901 -0.715074
v 6.076409 4.255719 -0.71564
v 6.021465 4.269992 -0.725693
v 5.969239 4.284102 -0.744892
v 5.921872 4.297452 -0.77212
v 5.880924 4.30958 -0.80571
v 5.845654 4.322076 -0.845901
v 5.816735 4.335699 -0.892685
v 5.795865 4.349919 -0.944421
v 5.784129 4.364124 -0.99894
v 5.781825 4.377705 -1.053835
v 5.788454 4.390136 -1.106806
v 5.803515 4.402314 -1.157656
v 5.827479 4.415712 -1.206827
v 5.859963 4.429844 -1.252038
v 5.899806 4.44411 -1.291171
v 5.945192 4.457891 -1.322608
v 5.993921 4.470636 -1.345447
v 6.044713 4.482624 -1.359753
v 6.098743 4.495769 -1.36572
v 6.154158 4.509777 -1.362456
v 6.208566 4.524068 -1.349719
v 6.259602 4.538018 -1.328082
v 6.30526 4.551054 -1.298854
v 6.344417 4.563009 -1.263549
v 6.37807 4.575874 -1.221345
v 6.40484 4.589726 -1.172951
v 6.423179 4.604007 -1.120182
v 6.432214 4.618093 -1.065308
v 6.431882 4.631393 -1.010741
v 6.422871 4.643476 -0.958614
v 6.405275 4.656036 -0.908026
v 6.378802 4.6697 -0.859752
v 6.344065 4.683934 -0.816078
v 6.30243 4.698123 -0.779007
v 6.255856 4.711659 -0.749969
v 6.206592 4.724025 -0.729643
v 6.154851 4.736261 -0.717645
v 6.100194 4.749706 -0.714245
v 6.044817 4.763859 -0.720226
v 5.991141 4.778116 -0.7356
v 5.94146 4.791859 -0.759566
v 5.897628 4.804543 -0.790645
v 5.860105 4.816556 -0.827797
v 5.828231 4.829754 -0.871918
v 5.803737 4.84379 -0.921772
v 5.788002 4.858078 -0.975387
v 5.781672 4.871997 -1.030417
v 5.784581 4.884977 -1.084474
v 5.795977 4.896926 -1.135942
v 5.816125 4.909848 -1.186105
v 5.845056 4.923735 -1.233291
v 5.881934 4.93802 -1.275263
v 5.925199 4.952082 -1.310153
v 5.972775 4.965332 -1.336738
v 6.022515 4.977376 -1.354592
v 6.075286 4.989998 -1.364251
v 6.130389 5.003703 -1.365019
v 6.185528 5.017949 -1.35632
v 5.928274 6.795612 -0.767798
v 5.976448 6.78212 -0.741624
v 6.029202 6.767949 -0.72368
v 6.084341 6.753703 -0.714981
v 6.139444 6.739999 -0.715749
v 6.192215 6.727376 -0.725408
v 6.241955 6.715331 -0.743263
v 6.289532 6.702082 -0.769847
v 6.332796 6.68802 -0.804737
v 6.369675 6.673735 -0.846709
v 6.398606 6.659849 -0.893895
v 6.418754 6.646926 -0.944058
v 6.430149 6.634977 -0.995526
v 6.433058 6.621997 -1.049583
v 6.426728 6.608078 -1.104613
v 6.410993 6.59379 -1.158228
v 6.386499 6.579753 -1.208082
v 6.354625 6.566556 -1.252203
v 6.317102 6.554543 -1.289355
v 6.27327 6.541859 -1.320434
v 6.223589 6.528115 -1.3444
v 6.169912 6.513859 -1.359774
v 6.114536 6.499707 -1.365755
v 6.059878 6.486261 -1.362355
v 6.008138 6.474025 -1.350357
v 5.958874 6.461659 -1.330031
v 5.9123 6.448123 -1.300993
v 5.870666 6.433934 -1.263922
v 5.835927 6.4197 -1.220248
v 5.809455 6.406036 -1.171974
v 5.791859 6.393476 -1.121386
v 5.782848 6.381393 -1.069259
v 5.782516 6.368093 -1.014692
v 5.791552 6.354006 -0.959818
v 5.80989 6.339726 -0.907049
v 5.836659 6.325874 -0.858655
v 5.870313 6.31301 -0.816451
v 5.909471 6.301054 -0.781146
v 5.955128 6.288019 -0.751918
v 6.006165 6.274068 -0.730281
v 6.060572 6.259777 -0.717544
v 6.115987 6.245768 -0.71428
v 6.170017 6.232624 -0.720247
v 6.220809 6.220636 -0.734553
v 6.269538 6.207891 -0.757392
v 6.314923 6.19411 -0.788829
v 6.354766 6.179844 -0.827962
v 6.387251 6.165713 -0.873173
v 6.411215 6.152315 -0.922344
v 6.426277 6.140136 -0.973194
v 6.432905 6.127705 -1.026165
v 6.430601 6.114124 -1.08106
v 6.418865 6.099919 -1.135579
v 6.397995 6.085699 -1.187315
v 6.369077 6.072075 -1.234099
v 6.333806 6.05958 -1.27429
v 6.292858 6.047452 -1.30788
v 6.245491 6.034103 -1.335108
v 6.193265 6.019993 -1.354307
v 6.13832 6.005719 -1.36436
v 6.083065 5.991901 -1.364926
v 6.029834 5.979096 -1.356475
v 5.979791 5.967128 -1.339821
v 5.931784 5.954037 -1.314479
v 5.887768 5.940057 -1.280717
v 5.849867 5.925766 -1.239655
v 5.819731 5.911785 -1.193082
v 5.798307 5.898695 -1.143202
v 5.785706 5.886726 -1.091989
v 5.781536 5.873921 -1.038252
v 5.786517 5.860104 -0.983219
v 5.80093 5.84583 -0.929254
v 5.824241 5.83172 -0.878729
v 5.855167 5.818371 -0.83369
v 5.891922 5.806242 -0.795558
v 5.934804 5.793747 -0.763612
v 5.98375 5.780124 -0.738525
v 6.036989 5.765904 -0.721857
v 6.092271 5.751698 -0.714516
v 6.147175 5.738118 -0.716608
v 6.199447 5.725687 -0.727448
v 6.24893 5.713508 -0.746526
v 6.296029 5.70011 -0.774343
v 6.338499 5.685978 -0.810337
v 6.374322 5.671712 -0.85318
v 6.402031 5.657931 -0.900933
v 6.420902 5.645186 -0.951332
v 6.431103 5.633199 -1.003104
v 6.432732 5.620054 -1.057439
v 6.42505 5.606045 -1.112415
v 6.408005 5.591754 -1.165631
v 6.382358 5.577804 -1.214775
v 6.349574 5.564769 -1.25795
v 6.311252 5.552813 -1.29416
v 6.266494 5.539948 -1.324333
v 6.216115 5.526096 -1.34715
v 6.162049 5.511816 -1.361212
v 6.106629 5.497729 -1.365833
v 6.052263 5.48443 -1.36114
v 6.001022 5.472346 -1.347991
v 5.952002 5.459787 -1.326409
v 5.905999 5.446123 -1.296163
v 5.865242 5.431889 -1.258045
v 5.831617 5.417699 -1.213581
v 5.806394 5.404163 -1.164835
v 5.79007 5.391798 -1.114104
v 5.782246 5.379561 -1.06157
v 5.783226 5.366116 -1.006816
v 5.793613 5.351964 -0.952095
v 5.813228 5.337707 -0.899819
v 5.841088 5.323964 -0.852212
v 5.875572 5.31128 -0.811004
v 5.915603 5.299266 -0.776571
v 5.962131 5.286069 -0.748325
v 6.013783 5.272033 -0.727894
v 6.068484 5.257744 -0.716494
v 6.123844 5.243825 -0.714583
v 6.177495 5.230846 -0.721803
v 6.227888 5.218896 -0.737276
v 6.276279 5.205974 -0.761369
v 6.321003 5.192088 -0.793979
v 6.359892 5.177803 -0.834094
v 6.391214 5.16374 -0.880008
v 6.41391 5.150491 -0.929558
v 6.427732 5.138446 -0.980565
v 6.433142 5.125824 -1.033939
v 6.429504 5.11212 -1.088928
v 6.416426 5.097874 -1.143195
v 5.859638 3.299892 -0.851359
v 5.831516 3.313383 -0.895564
v 5.81094 3.327554 -0.944679
v 5.79902 3.3418 -0.996673
v 5.796128 3.355505 -1.049257
v 5.801866 3.368127 -1.100201
v 5.815616 3.380172 -1.148796
v 5.837831 3.393421 -1.195902
v 5.868249 3.407483 -1.239443
v 5.905837 3.421769 -1.277362
v 5.94892 3.435655 -1.308047
v 5.995418 3.448577 -1.330554
v 6.043736 3.460527 -1.344804
v 6.095081 3.473506 -1.351132
v 6.14796 3.487425 -1.348717
v 6.200109 3.501714 -1.337242
v 6.249249 3.51575 -1.31717
v 6.293408 3.528948 -1.289684
v 6.331295 3.540961 -1.256355
v 6.363807 3.553645 -1.216611
v 6.389924 3.567388 -1.170823
v 6.40811 3.581645 -1.120662
v 6.417454 3.595797 -1.068262
v 6.417808 3.609242 -1.01593
v 6.409773 3.621478 -0.965814
v 6.393635 3.633844 -0.91751
v 6.369014 3.647381 -0.871199
v 6.336411 3.66157 -0.829068
v 6.297058 3.675803 -0.793078
v 6.252778 3.689468 -0.764665
v 6.205707 3.702027 -0.744563
v 6.156603 3.71411 -0.732543
v 6.104602 3.72741 -0.728638
v 6.051694 3.741497 -0.733643
v 6.00018 3.755777 -0.747655
v 5.952282 3.76963 -0.769994
v 5.909834 3.782494 -0.799302
v 5.8736 3.79445 -0.834311
v 5.842732 3.807485 -0.875916
v 5.818748 3.821435 -0.923149
v 5.803026 3.835726 -0.974182
v 5.79627 3.849735 -1.026797
v 5.798405 3.86288 -1.0787
v 5.808703 3.874867 -1.128063
v 5.827272 3.887612 -1.176022
v 5.854258 3.901393 -1.221358
v 5.888945 3.915659 -1.261916
v 5.929911 3.929791 -1.295859
v 5.975213 3.943189 -1.321939
v 6.0227 3.955368 -1.339643
v 6.072764 3.967799 -1.349446
v 6.12525 3.981379 -1.35086
v 6.177998 3.995585 -1.343257
v 6.228694 4.009805 -1.326764
v 6.275198 4.023427 -1.302271
v 6.315835 4.035923 -1.271289
v 6.350551 4.048051 -1.23446
v 6.379624 4.061401 -1.191093
v 6.401362 4.075511 -1.142566
v 6.41456 4.089784 -1.090845
v 6.418735 4.103602 -1.038204
v 6.414178 4.116407 -0.9869
v 6.401592 4.128376 -0.938096
v 6.380589 4.141466 -0.89066
v 6.351298 4.155447 -0.846477
v 6.314644 4.169738 -0.807643
v 6.272225 4.183719 -0.77585
v 6.22608 4.196809 -0.752145
v 6.178085 4.208777 -0.736763
v 6.127129 4.221582 -0.729253
v 6.074335 4.2354 -0.730382
v 6.021938 4.249674 -0.740573
v 5.972237 4.263783 -0.759474
v 5.927265 4.277133 -0.785996
v 5.888494 4.28926 -0.818529
v 5.855217 4.301757 -0.85731
v 5.828082 4.31538 -0.902323
v 5.80869 4.3296 -0.951982
v 5.798055 4.343805 -1.004203
v 5.796438 4.357386 -1.056684
v 5.803335 4.369817 -1.10723
v 5.818268 4.381996 -1.15566
v 5.84169 4.395393 -1.202391
v 5.873213 4.409525 -1.245248
v 5.911701 4.423791 -1.282218
v 5.955405 4.437572 -1.311776
v 6.002212 4.450317 -1.333081
v 6.050898 4.462305 -1.346212
v 6.102592 4.475449 -1.351338
v 6.155509 4.489458 -1.34763
v 6.207364 4.503749 -1.33488
v 6.255902 4.517699 -1.313662
v 6.29922 4.530735 -1.285247
v 6.336262 4.542691 -1.251094
v 6.367971 4.555554 -1.210408
v 6.393036 4.569407 -1.163879
v 6.409998 4.583687 -1.11326
v 6.418049 4.597774 -1.060728
v 6.417151 4.611074 -1.008589
v 6.407986 4.623158 -0.958874
v 6.390634 4.635717 -0.910721
v 6.364824 4.649381 -0.864874
v 6.331165 4.663615 -0.82351
v 6.290986 4.677804 -0.78853
v 6.246173 4.69134 -0.761277
v 6.198881 4.703706 -0.742378
v 6.149312 4.715942 -0.731464
v 6.097047 4.729387 -0.728797
v 6.044196 4.74354 -0.735101
v 5.993068 4.757796 -0.750362
v 5.945849 4.77154 -0.773792
v 5.904295 4.784224 -0.803956
v 5.868835 4.796237 -0.839856
v 5.838846 4.809434 -0.882356
v 5.815972 4.823471 -0.930256
v 5.801506 4.837759 -0.981656
v 5.796043 4.851678 -1.034307
v 5.799397 4.864658 -1.085931
v 5.810834 4.876607 -1.134991
v 5.83062 4.889529 -1.182711
v 5.858768 4.903416 -1.227492
v 5.894454 4.917701 -1.267207
v 5.936167 4.931763 -1.300087
v 5.981912 4.945012 -1.324984
v 6.029632 4.957057 -1.341516
v 6.080161 4.96968 -1.350184
v 6.132823 4.983384 -1.350332
v 6.18542 4.99763 -1.341433
v 5.933336 6.775292 -0.781799
v 5.979091 6.761801 -0.756275
v 6.029311 6.74763 -0.738567
v 6.081907 6.733384 -0.729668
v 6.13457 6.719679 -0.729816
v 6.185098 6.707057 -0.738484
v 6.232818 6.695012 -0.755016
v 6.278563 6.681763 -0.779913
v 6.320276 6.667701 -0.812793
v 6.355963 6.653416 -0.852508
v 6.38411 6.63953 -0.897289
v 6.403896 6.626607 -0.945009
v 6.415333 6.614657 -0.994069
v 6.418687 6.601678 -1.045693
v 6.413225 6.587759 -1.098344
v 6.398759 6.573471 -1.149744
v 6.375884 6.559434 -1.197644
v 6.345895 6.546237 -1.240144
v 6.310435 6.534224 -1.276044
v 6.268881 6.52154 -1.306208
v 6.221662 6.507796 -1.329638
v 6.170535 6.493539 -1.344899
v 6.117683 6.479388 -1.351204
v 6.065418 6.465942 -1.348536
v 6.015849 6.453706 -1.337622
v 5.968557 6.44134 -1.318723
v 5.923744 6.427804 -1.29147
v 5.883565 6.413615 -1.25649
v 5.849906 6.399381 -1.215126
v 5.824097 6.385717 -1.169279
v 5.806745 6.373157 -1.121126
v 5.797579 6.361074 -1.071411
v 5.796681 6.347774 -1.019272
v 5.804731 6.333687 -0.96674
v 5.821694 6.319407 -0.916121
v 5.846759 6.305555 -0.869592
v 5.878469 6.292691 -0.828906
v 5.915511 6.280735 -0.794753
v 5.958828 6.267699 -0.766338
v 6.007367 6.253749 -0.74512
v 6.059221 6.239458 -0.73237
v 6.112139 6.22545 -0.728662
v 6.163832 6.212305 -0.733788
v 6.212519 6.200317 -0.746918
v 6.259326 6.187572 -0.768224
v 6.303029 6.173791 -0.797782
v 6.341517 6.159525 -0.834752
v 6.37304 6.145393 -0.877609
v 6.396462 6.131996 -0.92434
v 6.411395 6.119817 -0.97277
v 6.418293 6.107385 -1.023317
v 6.416675 6.093805 -1.075797
v 6.40604 6.0796 -1.128018
v 6.386648 6.065379 -1.177677
v 6.359512 6.051757 -1.22269
v 6.326236 6.039261 -1.261471
v 6.287466 6.027133 -1.294004
v 6.242493 6.013783 -1.320526
v 6.192792 5.999674 -1.339427
v 6.140396 5.9854 -1.349618
v 6.087602 5.971582 -1.350747
v 6.036645 5.958777 -1.343237
v 5.988649 5.946809 -1.327855
v 5.942505 5.933718 -1.30415
v 5.900086 5.919738 -1.272357
v 5.863433 5.905447 -1.233523
v 5.83414 5.891466 -1.18934
v 5.813138 5.878376 -1.141904
v 5.800552 5.866407 -1.0931
v 5.795996 5.853602 -1.041796
v 5.80017 5.839785 -0.989155
v 5.813368 5.825511 -0.937434
v 5.835106 5.811401 -0.888907
v 5.864179 5.798052 -0.84554
v 5.898896 5.785923 -0.808711
v 5.939532 5.773428 -0.777729
v 5.986036 5.759805 -0.753236
v 6.036732 5.745584 -0.736743
v 6.089479 5.731379 -0.72914
v 6.141966 5.717799 -0.730554
v 6.19203 5.705368 -0.740357
v 6.239517 5.693189 -0.758061
v 6.28482 5.679791 -0.78414
v 6.325785 5.665659 -0.818084
v 6.360472 5.651393 -0.858642
v 6.387458 5.637613 -0.903978
v 6.406027 5.624867 -0.951937
v 6.416326 5.61288 -1.0013
v 6.418459 5.599735 -1.053203
v 6.411704 5.585726 -1.105818
v 6.395983 5.571435 -1.156851
v 6.371998 5.557485 -1.204084
v 6.34113 5.54445 -1.245689
v 6.304896 5.532494 -1.280698
v 6.262448 5.51963 -1.310006
v 6.21455 5.505777 -1.332345
v 6.163036 5.491497 -1.346357
v 6.110127 5.47741 -1.351362
v 6.058127 5.46411 -1.347457
v 6.009024 5.452027 -1.335437
v 5.961952 5.439468 -1.315335
v 5.917672 5.425803 -1.286922
v 5.878319 5.41157 -1.250932
v 5.845716 5.39738 -1.208801
v 5.821095 5.383844 -1.16249
v 5.804957 5.371479 -1.114186
v 5.796922 5.359242 -1.06407
v 5.797276 5.345797 -1.011738
v 5.80662 5.331645 -0.959338
v 5.824807 5.317388 -0.909177
v 5.850923 5.303645 -0.863389
v 5.883435 5.29096 -0.823645
v 5.921322 5.278947 -0.790316
v 5.965481 5.26575 -0.76283
v 6.014621 5.251714 -0.742758
v 6.066771 5.237425 -0.731283
v 6.11965 5.223506 -0.728868
v 6.170994 5.210527 -0.735196
v 6.219312 5.198577 -0.749445
v 6.26581 5.185655 -0.771953
v 6.308893 5.171769 -0.802638
v 6.346481 5.157484 -0.840557
v 6.376899 5.143421 -0.884098
v 6.399114 5.130172 -0.931204
v 6.412864 5.118127 -0.979798
v 6.418602 5.105505 -1.030743
v 6.41571 5.0918 -1.083327
v 6.40379 5.077554 -1.135321
v 5.863846 3.278757 -0.859549
v 5.837038 3.292248 -0.902933
v 5.817636 3.306419 -0.950998
v 5.806696 3.320665 -1.001757
v 5.804552 3.33437 -1.052974
v 5.810786 3.346992 -1.102486
v 5.824788 3.359037 -1.149609
v 5.84701 3.372286 -1.195175
v 5.877171 3.386348 -1.237167
v 5.914239 3.400634 -1.273595
v 5.956563 3.41452 -1.302912
v 6.002107 3.427442 -1.324226
v 6.049317 3.439392 -1.33748
v 6.099372 3.452371 -1.342985
v 6.150809 3.46629 -1.339961
v 6.20142 3.480579 -1.328128
v 6.248993 3.494615 -1.307966
v 6.291624 3.507812 -1.280651
v 6.328075 3.519825 -1.247729
v 6.359213 3.53251 -1.208631
v 6.384049 3.546253 -1.163733
v 6.401112 3.560509 -1.114678
v 6.409539 3.574662 -1.063558
v 6.409216 3.588107 -1.012617
v 6.400757 3.600343 -0.963942
v 6.384435 3.612709 -0.917132
v 6.359881 3.626245 -0.87237
v 6.327611 3.640435 -0.831779
v 6.28885 3.654668 -0.797251
v 6.245389 3.668333 -0.770161
v 6.199318 3.680892 -0.751194
v 6.151372 3.692975 -0.740121
v 6.10071 3.706275 -0.736982
v 6.049277 3.720362 -0.742528
v 5.999317 3.734642 -0.756822
v 5.952982 3.748495 -0.779175
v 5.912039 3.761359 -0.808242
v 5.877218 3.773315 -0.842778
v 5.847704 3.78635 -0.883666
v 5.824962 3.8003 -0.929944
v 5.81031 3.814591 -0.979815
v 5.804405 3.8286 -1.031112
v 5.807143 3.841744 -1.081603
v 5.817795 3.853732 -1.129517
v 5.836479 3.866477 -1.17596
v 5.863322 3.880258 -1.219742
v 5.897601 3.894524 -1.258776
v 5.937906 3.908656 -1.291292
v 5.982331 3.922054 -1.316099
v 6.028777 3.934232 -1.332725
v 6.07763 3.946664 -1.341629
v 6.128733 3.960244 -1.342337
v 6.179976 3.974449 -1.334265
v 6.229109 3.98867 -1.317565
v 6.27406 4.002293 -1.293134
v 6.313217 4.014789 -1.262461
v 6.346538 4.026917 -1.226173
v 6.374283 4.040266 -1.183593
v 6.394823 4.054376 -1.136083
v 6.40701 4.068649 -1.085575
v 6.410402 4.082467 -1.034286
v 6.405314 4.095272 -0.984408
v 6.392442 4.107241 -0.937067
v 6.371396 4.120331 -0.891165
v 6.342322 4.134311 -0.848535
v 6.306152 4.148603 -0.811204
v 6.26446 4.162583 -0.780799
v 6.219245 4.175673 -0.758314
v 6.172335 4.187642 -0.743954
v 6.122643 4.200448 -0.737294
v 6.071272 4.214265 -0.739066
v 6.020404 4.228539 -0.749652
v 5.97227 4.242649 -0.768682
v 5.928835 4.255998 -0.795069
v 5.891513 4.268126 -0.827228
v 5.85962 4.280622 -0.865397
v 5.833781 4.294245 -0.909554
v 5.815539 4.308465 -0.958136
v 5.805854 4.32267 -1.009099
v 5.804948 4.33625 -1.060199
v 5.812305 4.348682 -1.109309
v 5.827456 4.36086 -1.156256
v 5.850849 4.374258 -1.201442
v 5.882076 4.38839 -1.242753
v 5.920008 4.402656 -1.278247
v 5.962922 4.416437 -1.306459
v 6.008751 4.429182 -1.3266
v 6.056305 4.44117 -1.338759
v 6.106685 4.454314 -1.34309
v 6.158143 4.468323 -1.338807
v 6.208451 4.482614 -1.325737
v 6.255424 4.496564 -1.304467
v 6.297224 4.509599 -1.276258
v 6.332842 4.521555 -1.242545
v 6.363186 4.53442 -1.20254
v 6.386991 4.548272 -1.156934
v 6.402856 4.562552 -1.107449
v 6.410022 4.576639 -1.056217
v 6.408484 4.589939 -1.005481
v 6.398929 4.602022 -0.95721
v 6.381427 4.614582 -0.910562
v 6.355722 4.628246 -0.866268
v 6.322434 4.642479 -0.826437
v 6.282883 4.656669 -0.792902
v 6.238918 4.670205 -0.766947
v 6.192647 4.682571 -0.749155
v 6.144263 4.694807 -0.739163
v 6.093358 4.708252 -0.737233
v 6.041997 4.722405 -0.744042
v 5.992428 4.736661 -0.759547
v 5.946768 4.750404 -0.782954
v 5.906707 4.763089 -0.812843
v 5.872651 4.775102 -0.848236
v 5.844004 4.788299 -0.889984
v 5.82235 4.802336 -0.936896
v 5.808925 4.816624 -0.987109
v 5.804278 4.830543 -1.038425
v 5.808201 4.843523 -1.088629
v 5.819957 4.855472 -1.136233
v 5.839824 4.868394 -1.182428
v 5.86779 4.882281 -1.225656
v 5.90303 4.896566 -1.263855
v 5.944048 4.910628 -1.295327
v 5.98889 4.923877 -1.318976
v 6.035547 4.935922 -1.334459
v 6.084838 4.948545 -1.342252
v 6.136097 4.962249 -1.341726
v 6.187176 4.976495 -1.332394
v 5.934691 6.754158 -0.790906
v 5.9789 6.740666 -0.765481
v 6.027554 6.726495 -0.747606
v 6.078633 6.712249 -0.738274
v 6.129892 6.698545 -0.737747
v 6.179183 6.685922 -0.745541
v 6.22584 6.673877 -0.761024
v 6.270681 6.660628 -0.784673
v 6.3117 6.646565 -0.816145
v 6.34694 6.63228 -0.854344
v 6.374907 6.618394 -0.897573
v 6.394773 6.605472 -0.943767
v 6.406529 6.593523 -0.991371
v 6.410451 6.580543 -1.041575
v 6.405805 6.566624 -1.092891
v 6.39238 6.552335 -1.143104
v 6.370727 6.5383 -1.190016
v 6.342079 6.525102 -1.231764
v 6.308023 6.513089 -1.267157
v 6.267962 6.500404 -1.297046
v 6.222301 6.486661 -1.320453
v 6.172733 6.472404 -1.335958
v 6.121372 6.458252 -1.342767
v 6.070467 6.444807 -1.340837
v 6.022083 6.432571 -1.330845
v 5.975812 6.420205 -1.313053
v 5.931848 6.406669 -1.287098
v 5.892296 6.39248 -1.253563
v 5.859008 6.378246 -1.213732
v 5.833303 6.364582 -1.169438
v 5.815801 6.352022 -1.12279
v 5.806246 6.339939 -1.074519
v 5.804708 6.326639 -1.023782
v 5.811875 6.312552 -0.972551
v 5.827739 6.298273 -0.923066
v 5.851543 6.28442 -0.87746
v 5.881888 6.271555 -0.837456
v 5.917506 6.2596 -0.803742
v 5.959306 6.246564 -0.775533
v 6.006279 6.232614 -0.754263
v 6.056588 6.218323 -0.741193
v 6.108046 6.204314 -0.73691
v 6.158424 6.19117 -0.741241
v 6.205979 6.179183 -0.7534
v 6.251808 6.166437 -0.773541
v 6.294722 6.152656 -0.801753
v 6.332654 6.13839 -0.837247
v 6.363881 6.124258 -0.878558
v 6.387273 6.11086 -0.923744
v 6.402425 6.098681 -0.970691
v 6.409782 6.08625 -1.019801
v 6.408877 6.07267 -1.070901
v 6.399191 6.058465 -1.121864
v 6.380949 6.044244 -1.170445
v 6.355111 6.030622 -1.214603
v 6.323216 6.018126 -1.252773
v 6.285895 6.005998 -1.284931
v 6.24246 5.992648 -1.311318
v 6.194326 5.978539 -1.330348
v 6.143458 5.964265 -1.340934
v 6.092087 5.950447 -1.342706
v 6.042396 5.937642 -1.336046
v 5.995484 5.925673 -1.321686
v 5.95027 5.912583 -1.299201
v 5.908578 5.898603 -1.268796
v 5.872407 5.884311 -1.231465
v 5.843334 5.870331 -1.188835
v 5.822288 5.85724 -1.142933
v 5.809416 5.845272 -1.095592
v 5.804328 5.832467 -1.045714
v 5.80772 5.818649 -0.994425
v 5.819907 5.804376 -0.943916
v 5.840447 5.790266 -0.896407
v 5.868192 5.776916 -0.853827
v 5.901513 5.764789 -0.817539
v 5.94067 5.752293 -0.786866
v 5.985621 5.73867 -0.762435
v 6.034754 5.72445 -0.745735
v 6.085997 5.710244 -0.737663
v 6.137101 5.696664 -0.738371
v 6.185954 5.684233 -0.747275
v 6.232399 5.672054 -0.763901
v 6.276824 5.658656 -0.788708
v 6.317129 5.644524 -0.821224
v 6.351408 5.630259 -0.860258
v 6.378251 5.616477 -0.90404
v 6.396935 5.603732 -0.950483
v 6.407588 5.591744 -0.998397
v 6.410326 5.5786 -1.048888
v 6.40442 5.564591 -1.100185
v 6.389769 5.5503 -1.150056
v 6.367026 5.53635 -1.196334
v 6.337512 5.523314 -1.237222
v 6.302691 5.511359 -1.271758
v 6.261749 5.498495 -1.300825
v 6.215414 5.484642 -1.323178
v 6.165453 5.470362 -1.337472
v 6.11402 5.456275 -1.343018
v 6.063358 5.442975 -1.339879
v 6.015411 5.430892 -1.328806
v 5.96934 5.418332 -1.309839
v 5.92588 5.404668 -1.282749
v 5.887119 5.390435 -1.24822
v 5.854849 5.376245 -1.20763
v 5.830296 5.362709 -1.162868
v 5.813972 5.350343 -1.116058
v 5.805514 5.338107 -1.067382
v 5.805191 5.324662 -1.016443
v 5.813618 5.31051 -0.965322
v 5.83068 5.296253 -0.916267
v 5.855517 5.28251 -0.871369
v 5.886655 5.269825 -0.832271
v 5.923106 5.257813 -0.799349
v 5.965737 5.244615 -0.772034
v 6.01331 5.230578 -0.751872
v 6.063921 5.21629 -0.740039
v 6.115358 5.202371 -0.737015
v 6.165414 5.189392 -0.74252
v 6.212623 5.177443 -0.755773
v 6.258167 5.16452 -0.777088
v 6.300491 5.150633 -0.806405
v 6.337559 5.136348 -0.842833
v 6.36772 5.122286 -0.884825
v 6.389943 5.109037 -0.930391
v 6.403945 5.096992 -0.977513
v 6.410178 5.08437 -1.027026
v 6.408033 5.070665 -1.078243
v 6.397094 5.056419 -1.129002
v 6.23583 4.990666 -1.314519
v 6.23564 5.011801 -1.323725
v 6.238283 5.03212 -1.338376
v 6.243253 5.04727 -1.355453
v 6.250395 5.058043 -1.375001
v 6.260332 5.064094 -1.398138
v 6.27001 5.064094 -1.417996
v 6.281393 5.058573 -1.438846
v 6.292542 5.047949 -1.456897
v 6.302841 5.033237 -1.47135
v 6.312565 5.013815 -1.482484
v 6.319707 4.994215 -1.488237
v 6.324992 4.973891 -1.489851
v 6.328855 4.948955 -1.486455
v 6.329771 4.927366 -1.478531
v 6.328175 4.90777 -1.466357
v 6.324095 4.891189 -1.450456
v 6.31773 4.87868 -1.431716
v 6.309421 4.87098 -1.41117
v 6.300143 4.868538 -1.391023
v 6.288867 4.871532 -1.369244
v 6.277523 4.880019 -1.349821
v 6.266783 4.893055 -1.333704
v 6.256462 4.911005 -1.320679
v 6.248521 4.92997 -1.312995
v 6.242367 4.950125 -1.309521
v 6.238794 4.966616 -1.309679
v 6.280039 5.004158 -1.289094
v 6.281394 5.025293 -1.298201
v 6.286456 5.045612 -1.312202
v 6.294219 5.060762 -1.328204
v 6.304538 5.071535 -1.346278
v 6.318213 5.077586 -1.367421
v 6.331084 5.077586 -1.385376
v 6.345801 5.072065 -1.404021
v 6.359819 5.06144 -1.419948
v 6.372396 5.046728 -1.43247
v 6.383849 5.027307 -1.441815
v 6.391854 5.007706 -1.44629
v 6.397335 4.987382 -1.446994
v 6.400575 4.962447 -1.442999
v 6.400149 4.940857 -1.435033
v 6.396534 4.921261 -1.423299
v 6.389846 4.90468 -1.408307
v 6.380429 4.892171 -1.3909
v 6.368793 4.884471 -1.372038
v 6.356268 4.88203 -1.353732
v 6.3415 4.885023 -1.334152
v 6.32706 4.893511 -1.316906
v 6.313769 4.906547 -1.302817
v 6.301412 4.924497 -1.291707
v 6.292294 4.94346 -1.285464
v 6.285645 4.963616 -1.283071
v 6.282149 4.980108 -1.283825
v 6.318273 5.016457 -1.257674
v 6.321092 5.037592 -1.26644
v 6.328365 5.057911 -1.27943
v 6.338628 5.073061 -1.293955
v 6.351751 5.083834 -1.310109
v 6.368685 5.089885 -1.328745
v 6.384305 5.089885 -1.344366
v 6.401861 5.084364 -1.360368
v 6.418283 5.07374 -1.373801
v 6.432731 5.059027 -1.384109
v 6.445552 5.039607 -1.391466
v 6.454179 5.020006 -1.394578
v 6.459701 4.999681 -1.394382
v 6.462247 4.974746 -1.389913
v 6.460531 4.953156 -1.382122
v 6.455054 4.93356 -1.371133
v 6.446015 4.91698 -1.357429
v 6.433892 4.904471 -1.341786
v 6.419342 4.896771 -1.325069
v 6.404005 4.894329 -1.309046
v 6.386247 4.897323 -1.29213
v 6.369193 4.90581 -1.277464
v 6.353786 4.918847 -1.265726
v 6.339786 4.936796 -1.256775
v 6.329774 4.95576 -1.252098
v 6.322824 4.975915 -1.250819
v 6.319497 4.992407 -1.252132
v 6.350884 5.028757 -1.220451
v 6.355092 5.049892 -1.228641
v 6.364382 5.070211 -1.240274
v 6.376873 5.085361 -1.252936
v 6.392449 5.096134 -1.266739
v 6.412189 5.102185 -1.282371
v 6.430144 5.102185 -1.295241
v 6.450069 5.096664 -1.308174
v 6.468459 5.086039 -1.318755
v 6.484391 5.071327 -1.326575
v 6.498239 5.051906 -1.331748
v 6.507257 5.032306 -1.333414
v 6.512673 5.011981 -1.332322
v 6.514459 4.987046 -1.327498
v 6.511497 4.965456 -1.320091
v 6.504306 4.94586 -1.310139
v 6.493158 4.92928 -1.298089
v 6.47865 4.91677 -1.284627
v 6.461573 4.90907 -1.270501
v 6.443833 4.906629 -1.257187
v 6.423559 4.909623 -1.243386
v 6.404346 4.918109 -1.23169
v 6.387235 4.931146 -1.222616
v 6.371964 4.949096 -1.216063
v 6.361324 4.96806 -1.213078
v 6.354259 4.988215 -1.212947
v 6.35119 5.004707 -1.214784
v 6.377692 5.042248 -1.177067
v 6.383214 5.063384 -1.184436
v 6.394322 5.083702 -1.194347
v 6.408759 5.098852 -1.204735
v 6.426429 5.109625 -1.215731
v 6.448512 5.115676 -1.227832
v 6.468369 5.115676 -1.23751
v 6.490181 5.110155 -1.246918
v 6.510085 5.099531 -1.254267
v 6.527102 5.084818 -1.259304
v 6.541621 5.065398 -1.262082
v 6.550791 5.045797 -1.262213
v 6.555947 5.025473 -1.260228
v 6.556899 5.000537 -1.255173
v 6.552738 4.978947 -1.248367
v 6.54398 4.959352 -1.239762
v 6.530969 4.942771 -1.229752
v 6.514409 4.930262 -1.218913
v 6.495205 4.922562 -1.20785
v 6.475484 4.92012 -1.197698
v 6.453184 4.923114 -1.187493
v 6.432281 4.931601 -1.179184
v 6.413891 4.944638 -1.173107
v 6.397738 4.962587 -1.169207
v 6.386748 4.981551 -1.168048
v 6.379761 5.001707 -1.169103
v 6.377044 5.018198 -1.171429
v 6.925 -6.875 -1.69
v 6.925 -7.025 -1.69
v 6.925 -6.875 -1.89
v 6.925 -7.025 -1.89
v 4.625 7.685 -0.21
v 4.625 7.485 -0.21
v 4.625 7.685 -1.68
v 4.625 7.485 -1.68
v 4.025 7.485 -0.21
v 4.025 7.685 -0.21
v 4.025 7.485 -1.68
v 4.025 7.685 -1.68
v 3.862944 2.269422 -0.2
v 3.862944 3.469422 -0.2
v 4.214834 5.369422 -0.2
v 6.715 -5.675 -0.2
v 6.715 -6.475 -0.2
v 6.17 -5.675 -0.2
v 5.515 -6.475 -0.2
v 6.17 -5.575 -0.2
v 5.77 -5.675 -0.2
v 5.77 -5.575 -0.2
v 5.76268 -3.275 -0.2
v 5.77 -3.275 -0.2
v 5.76268 -5.575 -0.2
v 5.525 -7.675 -0.2
v 5.525 -7.975 -0.2
v 5.515 -7.875 -0.2
v 5.515 -7.975 -0.2
v 5.415 -7.875 -0.2
v 5.415 -7.765 -0.2
v -5.725 -1.445 -0.2
v -4.963071 -0.3 -0.2
v -5.725 -3.945 -0.2
v -4.963071 -5.288384 -0.2
v -6.715 -3.945 -0.2
v 2.793236 -0.784211 -0.2
v 2.793236 -0.3 -0.2
v 3.216817 -0.3 -0.2
v 5.515 -6.675 -0.2
v 5.045711 -7.494289 -0.2
v 5.025 -7.478397 -0.2
v -6.399118 1.278407 -0.2
v -4.922878 -0.15 -0.2
v -4.952849 -0.222354 -0.2
v -6.325 1.375 -0.2
v -6.325 1.845516 -0.2
v -5.925 1.845516 -0.2
v 3.7543 3.421294 -0.2
v 3.7543 2.269422 -0.2
v -3.949712 -0.222354 -0.2
v 2.774848 -0.931612 -0.2
v 3.236913 -5.363384 -0.2
v 3.260751 -5.39445 -0.2
v 1.982689 -5.288384 -0.2
v 3.291817 -5.418288 -0.2
v -3.408846 -5.363384 -0.2
v -3.385008 -5.39445 -0.2
v -4.668182 -5.327207 -0.2
v -6.425 1.275 -0.2
v -6.715 -1.445 -0.2
v -6.715 1.275 -0.2
v -3.138136 -3.983608 -0.2
v -3.930295 -0.857911 -0.2
v 5.515 -7.675 -0.2
v 5.075 -7.765 -0.2
v 5.000882 -7.468408 -0.2
v 4.975 -7.465 -0.2
v -3.939489 -0.784211 -0.2
v -3.939489 -0.3 -0.2
v -4.089489 -0.040192 -0.2
v -4.027357 -0.087868 -0.2
v -3.979681 -0.15 -0.2
v 3.366817 -5.438384 -0.2
v 3.40564 -5.433273 -0.2
v 5.138398 -5.625 -0.2
v 3.441817 -5.418288 -0.2
v 5.128407 -5.600882 -0.2
v 3.472883 -5.39445 -0.2
v 5.125 -5.575 -0.2
v 3.327994 -5.433273 -0.2
v 5.075 -7.565 -0.2
v 5.071592 -7.539118 -0.2
v 5.061603 -7.515 -0.2
v -6.715 -7.975 -0.2
v -4.95796 -5.327207 -0.2
v -4.942975 -5.363384 -0.2
v -4.161844 -0.010222 -0.2
v -4.23949 0.0 -0.2
v -4.663071 0.0 -0.2
v -4.740716 -0.010222 -0.2
v -4.813071 -0.040192 -0.2
v -4.875203 -0.087868 -0.2
v -6.328407 1.349118 -0.2
v -6.375 1.288397 -0.2
v -6.354289 1.304289 -0.2
v -6.338398 1.325 -0.2
v 1.982689 -4.057308 -0.2
v 3.216817 -5.288384 -0.2
v 3.221928 -5.327207 -0.2
v 5.199118 -5.671592 -0.2
v 5.175 -5.661602 -0.2
v 5.154289 -5.64571 -0.2
v -4.919137 -5.39445 -0.2
v -4.888071 -5.418288 -0.2
v -5.925 -7.975 -0.2
v -4.851894 -5.433273 -0.2
v -4.398767 -7.676178 -0.2
v -4.813071 -5.438384 -0.2
v -4.774248 -5.433273 -0.2
v 6.125 6.975 -0.2
v 6.715 6.975 -0.2
v 5.496304 6.038053 -0.2
v 5.225 -5.675 -0.2
v -4.738071 -5.418288 -0.2
v -4.707005 -5.39445 -0.2
v -4.683167 -5.363384 -0.2
v -4.663071 -5.288384 -0.2
v -3.428942 -5.288384 -0.2
v -3.423831 -5.327207 -0.2
v 1.793866 -5.433273 -0.2
v 1.832689 -5.438384 -0.2
v 1.871511 -5.433273 -0.2
v -3.353942 -5.418288 -0.2
v -3.317765 -5.433273 -0.2
v -2.856734 -7.474136 -0.2
v 5.496304 0.364953 -0.2
v 6.715 -3.175 -0.2
v 4.462945 0.364953 -0.2
v 6.17 -3.175 -0.2
v 1.977578 -5.327207 -0.2
v 1.962592 -5.363384 -0.2
v 2.793236 -0.0 -0.2
v 2.71559 -0.010222 -0.2
v 2.503458 -0.222354 -0.2
v 2.493236 -0.3 -0.2
v 2.493236 -0.784211 -0.2
v 6.715 2.593775 -0.2
v 6.482306 2.593775 -0.2
v 6.482306 4.538898 -0.2
v 6.715 4.538898 -0.2
v 1.907689 -5.418288 -0.2
v 1.938755 -5.39445 -0.2
v 4.949118 -7.468408 -0.2
v 4.925 -7.478397 -0.2
v 1.757689 -5.418288 -0.2
v 4.904289 -7.494289 -0.2
v 4.888398 -7.515 -0.2
v 3.516817 -0.3 -0.2
v 3.506595 -0.222354 -0.2
v 3.476625 -0.15 -0.2
v 3.428949 -0.087868 -0.2
v 4.462945 4.369422 -0.2
v 5.214835 5.369422 -0.2
v 2.484042 -0.857911 -0.2
v 1.691882 -3.983608 -0.2
v 1.682689 -4.057308 -0.2
v 3.516817 -5.288384 -0.2
v 5.138398 -3.225 -0.2
v 3.825 6.975 -0.2
v 3.825 7.275 -0.2
v 4.025 7.275 -0.2
v 4.025 7.475 -0.2
v 4.625 7.475 -0.2
v -3.278942 -5.438384 -0.2
v -3.240119 -5.433273 -0.2
v -1.305035 -7.369676 -0.2
v 5.199118 -3.178407 -0.2
v 5.175 -3.188397 -0.2
v 5.154289 -3.204289 -0.2
v 5.125 -3.275 -0.2
v 3.496721 -5.363384 -0.2
v 5.128407 -3.249118 -0.2
v 3.511706 -5.327207 -0.2
v 4.625 7.275 -0.2
v 4.825 7.275 -0.2
v 4.825 6.975 -0.2
v -6.510882 7.471592 -0.2
v -6.535 7.461602 -0.2
v -6.715 7.975 -0.2
v -6.55571 7.445711 -0.2
v -6.571602 7.425 -0.2
v -4.23949 -0.3 -0.2
v -4.23949 -0.784211 -0.2
v -4.663071 -0.3 -0.2
v -4.221102 -0.931612 -0.2
v -3.428942 -4.057308 -0.2
v 1.6878 -5.327207 -0.2
v 1.702785 -5.363384 -0.2
v 0.250164 -7.363214 -0.2
v 4.878407 -7.539118 -0.2
v 4.875 -7.565 -0.2
v 3.366817 -0.040192 -0.2
v 3.294463 -0.010222 -0.2
v 3.216817 0.0 -0.2
v 6.17732 -5.575 -0.2
v 6.17732 -3.275 -0.2
v 6.17 -3.275 -0.2
v 5.77 -3.175 -0.2
v 5.225 -3.175 -0.2
v -5.928407 6.400882 -0.2
v -5.040029 5.294057 -0.2
v -5.925 6.375 -0.2
v -5.125 5.375 -0.2
v -5.925 5.975 -0.2
v -4.925 7.475 -0.2
v -4.925 6.975 -0.2
v -6.275 7.475 -0.2
v -6.275 7.275 -0.2
v -5.925 3.645516 -0.2
v -5.048914 4.645516 -0.2
v -4.982475 4.742252 -0.2
v -4.525 7.475 -0.2
v 3.425 7.475 -0.2
v -4.525 6.975 -0.2
v 3.425 6.975 -0.2
v 1.682689 -5.288384 -0.2
v -3.128942 -5.288384 -0.2
v 1.726623 -5.39445 -0.2
v 2.643235 -0.040192 -0.2
v 2.581104 -0.087868 -0.2
v 2.533428 -0.15 -0.2
v 5.225 6.975 -0.2
v 5.225 7.975 -0.2
v 6.125 7.975 -0.2
v -6.581593 7.349118 -0.2
v -6.715 6.475 -0.2
v -6.585 7.375 -0.2
v -6.581593 7.400882 -0.2
v -5.954289 6.445711 -0.2
v -5.975 6.461603 -0.2
v -4.925047 4.968151 -0.2
v -4.940414 4.851808 -0.2
v 4.027871 6.038053 -0.2
v 4.027871 4.898417 -0.2
v 4.875 -7.930125 -0.2
v 3.346336 -7.643997 -0.2
v 1.802678 -7.454776 -0.2
v -6.285 7.975 -0.2
v -6.285 7.475 -0.2
v -6.485 7.475 -0.2
v -6.571602 7.325 -0.2
v -6.55571 7.304289 -0.2
v -6.535 7.288397 -0.2
v -3.203943 -5.418288 -0.2
v -3.172876 -5.39445 -0.2
v -3.149039 -5.363384 -0.2
v -3.134053 -5.327207 -0.2
v -5.938397 6.425 -0.2
v -4.937221 5.084871 -0.2
v -4.976265 5.195539 -0.2
v -3.128942 -4.057308 -0.2
v -6.510882 7.278408 -0.2
v -6.485 7.275 -0.2
v -6.025 6.475 -0.2
v -5.999118 6.471592 -0.2
v 6.17 -3.175 0.0
v 6.715 -3.175 0.0
v 6.715 2.593775 0.0
v 6.17 -5.575 0.0
v 6.17732 -5.575 0.0
v 6.17732 -3.275 0.0
v 6.715 -6.475 0.0
v 6.715 -5.675 0.0
v 5.515 -6.475 -0.0
v 6.17 -5.675 0.0
v 4.825 7.275 0.0
v 4.625 7.275 0.0
v 3.825 6.975 0.0
v 3.516817 -0.3 0.0
v 5.496304 0.364953 0.0
v 4.462945 0.364953 0.0
v 6.482306 4.538898 0.0
v 6.715 4.538898 0.0
v 6.715 6.975 0.0
v 3.825 7.275 0.0
v 4.025 7.275 0.0
v 4.025 7.475 0.0
v 4.625 7.475 0.0
v 5.76268 -3.275 -0.0
v 5.76268 -5.575 0.0
v 5.77 -3.275 0.0
v 5.77 -5.575 0.0
v 5.415 -7.875 0.0
v 5.515 -7.875 0.0
v 5.415 -7.765 0.0
v 5.515 -6.675 -0.0
v 5.225 -5.675 0.0
v 5.77 -5.675 0.0
v 6.17 -3.275 0.0
v 5.214835 5.369422 0.0
v 4.462945 4.369422 0.0
v 4.214834 5.369422 0.0
v 5.77 -3.175 0.0
v 6.125 6.975 0.0
v 6.125 7.975 0.0
v 5.225 7.975 0.0
v 5.075 -7.565 0.0
v 5.075 -7.765 0.0
v 2.493236 -0.3 0.0
v 2.503458 -0.222354 0.0
v -3.128942 -4.057308 0.0
v 3.516817 -5.288384 0.0
v 6.482306 2.593775 0.0
v 5.496304 6.038053 0.0
v 1.726623 -5.39445 0.0
v 1.702785 -5.363384 0.0
v 1.6878 -5.327207 0.0
v 5.175 -3.188397 0.0
v 5.199118 -3.178407 0.0
v -3.138136 -3.983608 0.0
v 3.7543 2.269422 0.0
v 5.225 6.975 0.0
v 4.825 6.975 0.0
v 4.027871 6.038053 0.0
v 3.425 7.475 0.0
v -4.525 7.475 0.0
v -4.525 6.975 0.0
v 5.175 -5.661602 0.0
v 5.154289 -5.64571 0.0
v 4.975 -7.465 0.0
v 5.138398 -5.625 0.0
v 5.128407 -5.600882 0.0
v 3.862944 3.469422 0.0
v 3.862944 2.269422 0.0
v 3.366817 -0.040192 0.0
v 3.428949 -0.087868 0.0
v 3.476625 -0.15 0.0
v 3.506595 -0.222354 0.0
v -3.930295 -0.857911 0.0
v -3.949712 -0.222354 0.0
v -3.939489 -0.3 0.0
v 3.425 6.975 0.0
v 5.225 -3.175 0.0
v 5.000882 -7.468408 0.0
v 5.025 -7.478397 0.0
v 5.045711 -7.494289 0.0
v 5.061603 -7.515 0.0
v 5.071592 -7.539118 0.0
v 3.366817 -5.438384 0.0
v 3.327994 -5.433273 0.0
v 3.346336 -7.643997 0.0
v 5.125 -3.275 0.0
v 5.128407 -3.249118 0.0
v 5.138398 -3.225 0.0
v 5.154289 -3.204289 0.0
v -4.738071 -5.418288 0.0
v -4.774248 -5.433273 0.0
v -4.398767 -7.676178 0.0
v -4.813071 -5.438384 0.0
v -5.925 -7.975 0.0
v -4.851894 -5.433273 0.0
v -6.715 -7.975 0.0
v -4.888071 -5.418288 0.0
v -4.919137 -5.39445 0.0
v -4.942975 -5.363384 0.0
v -6.715 -3.945 0.0
v 1.682689 -5.288384 0.0
v 1.682689 -4.057308 0.0
v 1.691882 -3.983608 0.0
v 2.71559 -0.010222 0.0
v 2.793236 -0.0 0.0
v 3.216817 0.0 0.0
v 3.294463 -0.010222 0.0
v -3.939489 -0.784211 0.0
v 3.7543 3.421294 0.0
v 4.027871 4.898417 0.0
v -4.089489 -0.040192 0.0
v -4.027357 -0.087868 0.0
v -5.925 1.845516 0.0
v -4.925 7.475 0.0
v -6.275 7.475 0.0
v -6.275 7.275 0.0
v -3.385008 -5.39445 0.0
v -3.353942 -5.418288 0.0
v -3.317765 -5.433273 0.0
v 2.533428 -0.15 0.0
v 2.581104 -0.087868 0.0
v 2.643235 -0.040192 0.0
v -5.725 -3.945 0.0
v -4.95796 -5.327207 0.0
v -5.725 -1.445 0.0
v -4.925 6.975 0.0
v -6.571602 7.425 0.0
v -6.55571 7.445711 0.0
v -6.715 7.975 -0.0
v -6.535 7.461602 0.0
v 4.875 -7.565 0.0
v 4.878407 -7.539118 0.0
v 3.40564 -5.433273 0.0
v 4.888398 -7.515 0.0
v 4.904289 -7.494289 0.0
v 1.802678 -7.454776 0.0
v 3.291817 -5.418288 0.0
v 3.260751 -5.39445 0.0
v -3.278942 -5.438384 0.0
v -2.856734 -7.474136 0.0
v -3.240119 -5.433273 0.0
v -4.23949 -0.784211 0.0
v -4.23949 -0.3 0.0
v -4.663071 -0.3 0.0
v -3.408846 -5.363384 0.0
v -4.668182 -5.327207 0.0
v -4.683167 -5.363384 0.0
v -4.707005 -5.39445 0.0
v 5.199118 -5.671592 0.0
v 2.484042 -0.857911 0.0
v 2.493236 -0.784211 0.0
v -6.328407 1.349118 0.0
v -6.338398 1.325 0.0
v -6.354289 1.304289 0.0
v -6.571602 7.325 0.0
v -6.581593 7.349118 0.0
v -6.715 6.475 0.0
v -6.585 7.375 0.0
v -6.581593 7.400882 0.0
v 4.875 -7.930125 0.0
v 5.125 -5.575 0.0
v 4.949118 -7.468408 0.0
v 4.925 -7.478397 0.0
v 3.511706 -5.327207 0.0
v 3.496721 -5.363384 0.0
v 3.472883 -5.39445 0.0
v 3.441817 -5.418288 0.0
v -3.203943 -5.418288 0.0
v -1.305035 -7.369676 0.0
v -3.172876 -5.39445 0.0
v -6.375 1.288397 0.0
v -6.399118 1.278407 0.0
v -6.715 -1.445 0.0
v -6.425 1.275 0.0
v -6.715 1.275 0.0
v -4.922878 -0.15 0.0
v -4.875203 -0.087868 0.0
v -6.510882 7.278408 0.0
v -6.535 7.288397 0.0
v -6.55571 7.304289 0.0
v 1.962592 -5.363384 0.0
v 3.221928 -5.327207 0.0
v 1.977578 -5.327207 0.0
v 3.216817 -5.288384 0.0
v 1.982689 -5.288384 0.0
v 1.907689 -5.418288 0.0
v 1.938755 -5.39445 0.0
v 3.236913 -5.363384 0.0
v -5.925 5.975 0.0
v -5.125 5.375 0.0
v -5.040029 5.294057 0.0
v -4.976265 5.195539 0.0
v -4.937221 5.084871 0.0
v -6.325 1.375 0.0
v -6.325 1.845516 0.0
v -4.963071 -5.288384 0.0
v -4.963071 -0.3 0.0
v -4.952849 -0.222354 0.0
v -6.025 6.475 0.0
v -5.999118 6.471592 0.0
v -5.975 6.461603 0.0
v -5.954289 6.445711 0.0
v -5.938397 6.425 0.0
v -5.928407 6.400882 0.0
v -5.925 6.375 0.0
v -6.285 7.475 -0.0
v -6.285 7.975 -0.0
v -6.485 7.475 0.0
v -6.510882 7.471592 0.0
v 1.871511 -5.433273 0.0
v 1.832689 -5.438384 0.0
v 1.793866 -5.433273 0.0
v -4.925047 4.968151 0.0
v -3.979681 -0.15 0.0
v -5.925 3.645516 0.0
v -5.048914 4.645516 0.0
v -4.982475 4.742252 0.0
v -4.940414 4.851808 0.0
v -4.813071 -0.040192 0.0
v -4.740716 -0.010222 0.0
v -4.663071 0.0 0.0
v -3.423831 -5.327207 0.0
v -3.428942 -5.288384 0.0
v -4.663071 -5.288384 0.0
v -3.428942 -4.057308 0.0
v -4.221102 -0.931612 0.0
v -4.23949 0.0 0.0
v -4.161844 -0.010222 0.0
v -3.149039 -5.363384 0.0
v 0.250164 -7.363214 0.0
v -3.134053 -5.327207 0.0
v -3.128942 -5.288384 0.0
v 1.757689 -5.418288 0.0
v -6.485 7.275 0.0
v 2.793236 -0.3 0.0
v 2.793236 -0.784211 0.0
v 3.216817 -0.3 0.0
v 2.774848 -0.931612 0.0
v 1.982689 -4.057308 0.0
v -6.275 7.975 -0.21
v -6.075 7.975 -0.21
v -6.275 7.975 -1.68
v -6.075 7.975 -1.68
v -6.075 7.475 -0.21
v -6.275 7.475 -0.21
v -6.075 7.475 -1.68
v -6.275 7.475 -1.68
v 5.075 -7.775 -1.7
v 5.075 -7.975 -1.7
v 5.075 -7.775 -1.5
v 5.075 -7.975 -1.5
v 5.415 -7.975 -0.21
v 5.075 -7.975 -0.21
v 5.075 -7.975 -0.3
v 5.300882 -7.975 -1.303407
v 5.325 -7.975 -1.313397
v 5.345711 -7.975 -1.329289
v 5.361603 -7.975 -1.35
v 5.371593 -7.975 -1.374118
v 5.375 -7.975 -1.4
v 5.415 -7.975 -1.7
v 5.371593 -7.975 -1.425882
v 5.275 -7.975 -1.3
v 5.075 -7.975 -1.3
v 5.361603 -7.975 -1.45
v 5.345711 -7.975 -1.470711
v 5.325 -7.975 -1.486603
v 5.275 -7.975 -1.5
v 5.300882 -7.975 -1.496593
v 5.075 -7.775 -0.3
v 5.075 -7.775 -0.21
v 5.415 -7.775 -0.21
v 5.415 -7.775 -1.7
v 5.275 -7.775 -1.5
v 5.300882 -7.775 -1.496593
v 5.325 -7.775 -1.486603
v 5.345711 -7.775 -1.470711
v 5.361603 -7.775 -1.45
v 5.371593 -7.775 -1.374118
v 5.375 -7.775 -1.4
v 5.371593 -7.775 -1.425882
v 5.361603 -7.775 -1.35
v 5.345711 -7.775 -1.329289
v 5.325 -7.775 -1.313397
v 5.075 -7.775 -1.3
v 5.275 -7.775 -1.3
v 5.300882 -7.775 -1.303407
v 5.415 -7.819352 -0.007156
v 5.415 -7.87 -0.028135
v 5.415 -7.875 -0.031115
v -6.715 -7.975 -1.3
v -6.715 -7.775 -1.3
v -6.435 -7.975 -1.3
v -6.435 -7.775 -1.3
v -6.715 -7.775 -0.3
v -6.715 -7.975 -0.3
v -6.435 -7.775 -0.3
v -6.435 -7.975 -0.3
v -6.925 -7.216335 -1.252816
v -6.925 -7.765 -1.3
v -6.925 -7.216335 -0.602751
v -6.925 -7.765 -0.3
v -6.925 -6.419648 -0.602751
v -6.925 -7.138185 -1.828236
v -6.925 -7.145 -1.88
v -6.925 -7.975 -1.88
v -6.925 -5.518205 -1.78
v -6.925 -5.538185 -1.828236
v -6.925 -6.093236 -1.686815
v -6.925 -7.975 -1.4
v -6.925 -7.775 -1.4
v -6.924881 -7.774999 -1.3
v -6.925 -4.738185 -1.828236
v -6.925 -4.745 -1.88
v -6.925 -5.145 -1.88
v -6.925 -5.545 -1.88
v -6.925 -5.945 -1.88
v -6.925 -5.951815 -1.828236
v -6.925 -5.971795 -1.78
v -6.925 -6.003579 -1.738579
v -6.925 -6.045 -1.706795
v -6.925 -4.345 -1.88
v -6.925 -4.351815 -1.828236
v -6.925 -3.945 -1.88
v -6.925 -4.371795 -1.78
v -6.925 -3.945 -0.21
v -6.925 -4.403579 -1.738579
v -6.925 -6.145 -1.68
v -6.925 -6.419648 -1.252816
v -6.925 -6.196764 -1.686815
v -6.925 -4.686421 -1.738579
v -6.925 -4.718205 -1.78
v -6.925 -5.171795 -1.78
v -6.925 -5.151815 -1.828236
v -6.925 -5.682214 -0.602751
v -6.925 -4.800836 -0.602751
v -6.925 -4.800836 -1.252816
v -6.925 -4.445 -1.706795
v -6.925 -6.345 -1.88
v -6.925 -6.745 -1.88
v -6.925 -6.338185 -1.828236
v -6.925 -6.751815 -1.828236
v -6.925 -6.318205 -1.78
v -6.925 -6.803579 -1.738579
v -6.925 -6.845 -1.706795
v -6.925 -6.893236 -1.686815
v -6.925 -6.945 -1.68
v -6.925 -6.996764 -1.686815
v -6.925 -7.045 -1.706795
v -6.925 -7.086421 -1.738579
v -6.925 -7.118205 -1.78
v -6.925 -4.493236 -1.686815
v -6.925 -4.545 -1.68
v -6.925 -4.596764 -1.686815
v -6.925 -5.345 -1.68
v -6.925 -5.682214 -1.252816
v -6.925 -5.293236 -1.686815
v -6.925 -5.245 -1.706795
v -6.925 -6.771795 -1.78
v -6.925 -6.286421 -1.738579
v -6.925 -6.245 -1.706795
v -6.925 -5.203578 -1.738579
v -6.925 -4.645 -1.706795
v -6.925 -5.396764 -1.686815
v -6.925 -5.445 -1.706795
v -6.925 -5.486421 -1.738579
v -6.924881 -7.774999 -0.3
v -6.925 -7.775 -0.21
v -6.725 -3.945 -0.21
v -6.725 -7.775 -0.21
v -6.725 -7.765 -0.3
v -6.725 -7.775 -0.3
v -6.725 -7.765 -1.3
v -6.725 -7.775 -1.3
v -6.725 -7.775 -1.4
v -6.725 -7.975 -1.4
v -6.725 -7.975 -1.88
v -6.725 -7.216335 -1.252816
v -6.725 -6.845 -1.706795
v -6.725 -6.803579 -1.738579
v -6.725 -6.419648 -1.252816
v -6.725 -4.403579 -1.738579
v -6.725 -4.371795 -1.78
v -6.725 -3.945 -1.88
v -6.725 -4.351815 -1.828236
v -6.725 -4.345 -1.88
v -6.725 -6.751815 -1.828236
v -6.725 -6.745 -1.88
v -6.725 -6.345 -1.88
v -6.725 -6.245 -1.706795
v -6.725 -6.196764 -1.686815
v -6.725 -6.145 -1.68
v -6.725 -6.093236 -1.686815
v -6.725 -5.682214 -0.602751
v -6.725 -4.800836 -0.602751
v -6.725 -4.800836 -1.252816
v -6.725 -6.045 -1.706795
v -6.725 -5.538185 -1.828236
v -6.725 -6.003579 -1.738579
v -6.725 -5.945 -1.88
v -6.725 -5.545 -1.88
v -6.725 -5.951815 -1.828236
v -6.725 -5.971795 -1.78
v -6.725 -7.145 -1.88
v -6.725 -7.138185 -1.828236
v -6.725 -7.118205 -1.78
v -6.725 -7.086421 -1.738579
v -6.725 -7.045 -1.706795
v -6.725 -6.771795 -1.78
v -6.725 -6.318205 -1.78
v -6.725 -6.338185 -1.828236
v -6.725 -4.445 -1.706795
v -6.725 -4.493236 -1.686815
v -6.725 -6.996764 -1.686815
v -6.725 -6.945 -1.68
v -6.725 -6.893236 -1.686815
v -6.725 -6.286421 -1.738579
v -6.725 -5.518205 -1.78
v -6.725 -5.486421 -1.738579
v -6.725 -5.682214 -1.252816
v -6.725 -5.345 -1.68
v -6.725 -5.293236 -1.686815
v -6.725 -5.245 -1.706795
v -6.725 -5.203578 -1.738579
v -6.725 -5.171795 -1.78
v -6.725 -5.145 -1.88
v -6.725 -4.745 -1.88
v -6.725 -5.151815 -1.828236
v -6.725 -4.738185 -1.828236
v -6.725 -4.718205 -1.78
v -6.725 -4.686421 -1.738579
v -6.725 -5.445 -1.706795
v -6.725 -5.396764 -1.686815
v -6.725 -4.645 -1.706795
v -6.725 -4.596764 -1.686815
v -6.725 -4.545 -1.68
v -6.725 -6.419648 -0.602751
v -6.725 -7.216335 -0.602751
v 6.769352 4.538898 -0.007156
v 6.769352 6.975 -0.007156
v 6.82 4.538898 -0.028135
v 6.82 6.975 -0.028135
v 6.863492 4.538898 -0.061508
v 6.863492 6.975 -0.061508
v 6.896865 4.538898 -0.105
v 6.896865 6.975 -0.105
v 6.917844 4.538898 -0.155648
v 6.917844 6.975 -0.155648
v 6.925 4.538898 -0.21
v 6.925 6.975 -0.21
v 6.725 6.975 -0.21
v 6.725 4.538898 -0.21
v 6.724659 6.975 -0.207412
v 6.724659 4.538898 -0.207412
v 6.72366 6.975 -0.205
v 6.72366 4.538898 -0.205
v 6.722071 6.975 -0.202929
v 6.722071 4.538898 -0.202929
v 6.72 6.975 -0.20134
v 6.72 4.538898 -0.20134
v 6.717588 6.975 -0.200341
v 6.717588 4.538898 -0.200341
v -6.917844 4.055 -1.734352
v -6.925 4.055 -1.68
v -6.925 4.055 -1.88
v -6.896865 4.055 -1.785
v -6.779031 4.055 -1.88
v -6.82 4.055 -1.861865
v -6.863492 4.055 -1.828492
v -6.925 3.055 -1.68
v -6.917844 3.055 -1.734352
v -6.925 3.055 -1.88
v -6.896865 3.055 -1.785
v -6.863492 3.055 -1.828492
v -6.82 3.055 -1.861865
v -6.779031 3.055 -1.88
v -6.925 6.475 -0.21
v -6.925 7.975 -0.21
v -6.925 6.475 -1.5
v -6.925 7.975 -1.88
v -6.925 -1.445 -0.21
v -6.925 1.275 -0.21
v -6.925 -1.445 -1.88
v -6.925 1.275 -1.5
v -6.725 1.275 -0.21
v -6.725 -1.445 -0.21
v -6.725 1.275 -1.5
v -6.725 -1.445 -1.88
v -6.725 3.055 -1.88
v -6.725 7.975 -0.21
v -6.725 6.475 -0.21
v -6.725 7.975 -1.88
v -6.725 6.475 -1.5
v -6.725 3.055 -1.68
v -6.725 4.055 -1.68
v -6.725 4.055 -1.88
v 5.725 -7.975 -0.21
v 5.525 -7.975 -0.21
v 5.725 -7.975 -1.68
v 5.525 -7.975 -1.68
v 5.725 -6.675 -0.21
v 5.725 -6.675 -1.68
v 5.525 -7.675 -0.21
v 5.525 -6.675 -0.21
v 5.525 -6.675 -1.68
v 5.517588 -6.675 -0.200341
v 5.569352 -6.675 -0.007156
v 5.52 -6.675 -0.20134
v 5.62 -6.675 -0.028135
v 5.522071 -6.675 -0.202929
v 5.663492 -6.675 -0.061508
v 5.52366 -6.675 -0.205
v 5.696865 -6.675 -0.105
v 5.524659 -6.675 -0.207412
v 5.717844 -6.675 -0.155648
newmtl 3
Ka 0.0 0.5019607843137255 0.7529411764705882
Kd 0.0 0.5019607843137255 0.7529411764705882
Ks 0.0 0.44313725490196076 0.6627450980392157
d 0.0
endmtl
v 6.769352 -6.475 -0.007156
v 6.769352 -5.675 -0.007156
v 6.82 -6.475 -0.028135
v 6.82 -5.675 -0.028135
v 6.863492 -6.475 -0.061508
v 6.863492 -5.675 -0.061508
v 6.896865 -6.475 -0.105
v 6.896865 -5.675 -0.105
v 6.917844 -6.475 -0.155648
v 6.917844 -5.675 -0.155648
v 6.925 -6.475 -0.21
v 6.925 -5.675 -0.21
v 6.725 -5.675 -0.21
v 6.725 -6.475 -0.21
v 6.724659 -5.675 -0.207412
v 6.724659 -6.475 -0.207412
v 6.72366 -5.675 -0.205
v 6.72366 -6.475 -0.205
v 6.722071 -5.675 -0.202929
v 6.722071 -6.475 -0.202929
v 6.72 -5.675 -0.20134
v 6.72 -6.475 -0.20134
v 6.717588 -5.675 -0.200341
v 6.717588 -6.475 -0.200341
v -6.769352 1.275 -0.007156
v -6.769352 -1.445 -0.007156
v -6.82 1.275 -0.028135
v -6.82 -1.445 -0.028135
v -6.863492 1.275 -0.061508
v -6.863492 -1.445 -0.061508
v -6.896865 1.275 -0.105
v -6.896865 -1.445 -0.105
v -6.917844 1.275 -0.155648
v -6.917844 -1.445 -0.155648
v -6.724659 -1.445 -0.207412
v -6.724659 1.275 -0.207412
v -6.72366 -1.445 -0.205
v -6.72366 1.275 -0.205
v -6.722071 -1.445 -0.202929
v -6.722071 1.275 -0.202929
v -6.72 -1.445 -0.20134
v -6.72 1.275 -0.20134
v -6.717588 -1.445 -0.200341
v -6.717588 1.275 -0.200341
v -6.769352 7.975 -0.007156
v -6.769352 6.475 -0.007156
v -6.82 7.975 -0.028135
v -6.82 6.475 -0.028135
v -6.863492 7.975 -0.061508
v -6.863492 6.475 -0.061508
v -6.896865 7.975 -0.105
v -6.896865 6.475 -0.105
v -6.917844 7.975 -0.155648
v -6.917844 6.475 -0.155648
v -6.724659 6.475 -0.207412
v -6.724659 7.975 -0.207412
v -6.72366 6.475 -0.205
v -6.72366 7.975 -0.205
v -6.722071 6.475 -0.202929
v -6.722071 7.975 -0.202929
v -6.72 6.475 -0.20134
v -6.72 7.975 -0.20134
v -6.717588 6.475 -0.200341
v -6.717588 7.975 -0.200341
v 6.925 6.975 -1.88
v 6.725 6.975 -1.88
v -6.717588 -7.975 -0.200341
v -6.725 -7.975 -0.2
v -6.725 -7.975 -0.21
v -6.724659 -7.975 -0.207412
v -6.769352 -7.975 -0.007156
v -6.82 -7.975 -0.028135
v -6.863492 -7.975 -0.061508
v -6.896865 -7.975 -0.105
v -6.917844 -7.975 -0.155648
v -6.924762 -7.975 -0.2
v -6.72366 -7.975 -0.205
v -6.722071 -7.975 -0.202929
v -6.72 -7.975 -0.20134
v -6.924762 -7.775 -0.2
v -6.917844 -3.945 -0.155648
v -6.896865 -3.945 -0.105
v -6.863492 -3.945 -0.061508
v -6.82 -3.945 -0.028135
v -6.769352 -3.945 -0.007156
v -6.724659 -3.945 -0.207412
v -6.72366 -3.945 -0.205
v -6.722071 -3.945 -0.202929
v -6.72 -3.945 -0.20134
v -6.717588 -3.945 -0.200341
v 6.769352 -3.175 -0.007156
v 6.769352 2.593775 -0.007156
v 6.82 -3.175 -0.028135
v 6.82 2.593775 -0.028135
v 6.863492 -3.175 -0.061508
v 6.863492 2.593775 -0.061508
v 6.896865 -3.175 -0.105
v 6.896865 2.593775 -0.105
v 6.917844 -3.175 -0.155648
v 6.917844 2.593775 -0.155648
v 6.925 -3.175 -0.21
v 6.925 2.593775 -0.21
v 6.725 2.593775 -0.21
v 6.725 -3.175 -0.21
v 6.724659 2.593775 -0.207412
v 6.724659 -3.175 -0.207412
v 6.72366 2.593775 -0.205
v 6.72366 -3.175 -0.205
v 6.722071 2.593775 -0.202929
v 6.722071 -3.175 -0.202929
v 6.72 2.593775 -0.20134
v 6.72 -3.175 -0.20134
v 6.717588 2.593775 -0.200341
v 6.717588 -3.175 -0.200341
v 6.925 4.538898 -1.5
v 6.925 2.593775 -1.5
v 6.925 -6.475 -1.88
v 6.925 -5.675 -1.6
v 6.925 -3.175 -1.6
v 6.725 -6.475 -1.88
v 6.725 -5.675 -1.6
v 6.725 -3.175 -1.6
v 6.725 4.538898 -1.5
v 6.725 2.593775 -1.5
v 6.179909 -3.275 -0.200341
v 6.231673 -3.275 -0.007156
v 6.182321 -3.275 -0.20134
v 6.28232 -3.275 -0.028135
v 6.182321 -5.575 -0.20134
v 6.28232 -5.575 -0.028135
v 6.179909 -5.575 -0.200341
v 6.231673 -5.575 -0.007156
v 6.566603 -5.575 -0.423205
v 6.666603 -5.575 -0.25
v 6.666603 -3.275 -0.25
v 6.566603 -3.275 -0.423205
v 5.760091 -5.575 -0.200341
v 5.708327 -5.575 -0.007156
v 5.757679 -5.575 -0.20134
v 5.65768 -5.575 -0.028135
v 5.757679 -3.275 -0.20134
v 5.65768 -3.275 -0.028135
v 5.760091 -3.275 -0.200341
v 5.708327 -3.275 -0.007156
v 5.373397 -3.275 -0.423205
v 5.273397 -3.275 -0.25
v 5.273397 -5.575 -0.25
v 5.373397 -5.575 -0.423205
v 5.515 -7.975 0.0
v 5.569352 -7.975 -0.007156
v 5.62 -7.975 -0.028135
v 5.717844 -7.975 -0.155648
v 5.696865 -7.975 -0.105
v 5.663492 -7.975 -0.061508
v 5.524659 -7.675 -0.207412
v 5.52366 -7.675 -0.205
v 5.522071 -7.675 -0.202929
v 5.52 -7.675 -0.20134
v 5.517588 -7.675 -0.200341
v 5.725341 -7.975 -1.682588
v 5.532156 -7.975 -1.734352
v 5.72634 -7.975 -1.685
v 5.553135 -7.975 -1.785
v 5.727929 -7.975 -1.687071
v 5.586508 -7.975 -1.828492
v 5.73 -7.975 -1.68866
v 5.63 -7.975 -1.861865
v 5.732412 -7.975 -1.689659
v 5.680648 -7.975 -1.882844
v 5.735 -7.975 -1.69
v 5.735 -7.975 -1.89
v 5.735 -6.675 -1.69
v 5.735 -6.675 -1.89
v 5.732412 -6.675 -1.689659
v 5.680648 -6.675 -1.882844
v 5.73 -6.675 -1.68866
v 5.63 -6.675 -1.861865
v 5.727929 -6.675 -1.687071
v 5.586508 -6.675 -1.828492
v 5.72634 -6.675 -1.685
v 5.553135 -6.675 -1.785
v 5.725341 -6.675 -1.682588
v 5.532156 -6.675 -1.734352
v 6.725 -6.675 -1.89
v 6.725 -6.675 -1.69
v 6.725 -7.975 -1.69
v 6.725 -7.975 -1.89
v 6.847354 -7.035223 -1.89
v 6.625 -7.325 -1.89
v 6.635222 -7.402646 -1.89
v 6.825 -6.701795 -1.89
v 6.866422 -6.733579 -1.89
v 6.898205 -6.775 -1.89
v 6.635222 -7.247355 -1.89
v 6.665193 -7.175 -1.89
v 6.847354 -7.614778 -1.89
v 6.776763 -7.968185 -1.89
v 6.775 -7.584807 -1.89
v 6.712868 -7.537132 -1.89
v 6.665193 -7.475 -1.89
v 6.918185 -6.823236 -1.89
v 6.776763 -6.681815 -1.89
v 6.775 -7.065192 -1.89
v 6.712868 -7.112868 -1.89
v 6.866422 -7.916421 -1.89
v 6.925 -7.775 -1.89
v 6.898205 -7.875 -1.89
v 6.918185 -7.826764 -1.89
v 6.925 -7.625 -1.89
v 6.825 -7.948205 -1.89
v 6.925 -7.775 -1.69
v 6.925 -7.625 -1.69
v 6.847354 -7.614778 -1.69
v 6.825 -7.948205 -1.69
v 6.866422 -7.916421 -1.69
v 6.898205 -7.875 -1.69
v 6.918185 -7.826764 -1.69
v 6.776763 -7.968185 -1.69
v 6.775 -7.584807 -1.69
v 6.712868 -7.537132 -1.69
v 6.665193 -7.475 -1.69
v 6.635222 -7.402646 -1.69
v 6.625 -7.325 -1.69
v 6.635222 -7.247355 -1.69
v 6.665193 -7.175 -1.69
v 6.712868 -7.112868 -1.69
v 6.775 -7.065192 -1.69
v 6.776763 -6.681815 -1.69
v 6.847354 -7.035223 -1.69
v 6.918185 -6.823236 -1.69
v 6.898205 -6.775 -1.69
v 6.825 -6.701795 -1.69
v 6.866422 -6.733579 -1.69
v -6.769352 4.055 -1.882844
v -6.715 4.055 -1.89
v -6.715 4.055 -1.69
v -6.717588 4.055 -1.689659
v -6.72 4.055 -1.68866
v -6.722071 4.055 -1.687071
v -6.724659 4.055 -1.682588
v -6.72366 4.055 -1.685
v -6.715 3.055 -1.89
v -6.769352 3.055 -1.882844
v -6.72 3.055 -1.68866
v -6.722071 3.055 -1.687071
v -6.715 3.055 -1.69
v -6.717588 3.055 -1.689659
v -6.72366 3.055 -1.685
v -6.724659 3.055 -1.682588
v -6.125 4.055 -1.69
v -6.125 4.055 -1.89
v -6.125 3.055 -1.89
v -6.125 3.055 -1.69
v -6.725 -7.775 -0.2
v -6.73044 -7.974506 -0.3
v -6.722818 -7.771235 -0.3
v -6.72401 -7.769339 -0.3
v -6.724749 -7.767225 -0.3
v -6.717225 -7.774749 -0.3
v -6.719339 -7.77401 -0.3
v -6.721235 -7.772818 -0.3
v -6.920709 -7.799955 -0.3
v -6.916172 -7.827099 -0.3
v -6.90618 -7.849254 -0.3
v -6.895177 -7.873649 -0.3
v -6.879594 -7.893249 -0.3
v -6.86352 -7.913465 -0.3
v -6.843171 -7.929484 -0.3
v -6.820922 -7.947 -0.3
v -6.799437 -7.956579 -0.3
v -6.779058 -7.965666 -0.3
v -6.74998 -7.970953 -0.3
v -6.922593 -7.798517 -1.3
v -6.724749 -7.767225 -1.3
v -6.72401 -7.769339 -1.3
v -6.722818 -7.771235 -1.3
v -6.721235 -7.772818 -1.3
v -6.853187 -7.923164 -1.3
v -6.879898 -7.893414 -1.3
v -6.889074 -7.883193 -1.3
v -6.907399 -7.849826 -1.3
v -6.909623 -7.845776 -1.3
v -6.922131 -7.800203 -1.3
v -6.719339 -7.77401 -1.3
v -6.717225 -7.774749 -1.3
v -6.769279 -7.968357 -1.3
v -6.799495 -7.956644 -1.3
v -6.750015 -7.970715 -1.3
v -6.812329 -7.951669 -1.3
v -6.843554 -7.929885 -1.3
v -6.432775 -7.774749 -0.3
v -6.388271 -7.969735 -0.3
v -6.430661 -7.77401 -0.3
v -6.343884 -7.954204 -0.3
v -6.428765 -7.772818 -0.3
v -6.304067 -7.929184 -0.3
v -6.427182 -7.771235 -0.3
v -6.270816 -7.895933 -0.3
v -6.42599 -7.769339 -0.3
v -6.245797 -7.856116 -0.3
v -6.425251 -7.767225 -0.3
v -6.230265 -7.811729 -0.3
v -6.425 -7.765 -0.3
v -6.225 -7.765 -0.3
v -6.425 -7.765 -1.3
v -6.225 -7.765 -1.3
v -6.425251 -7.767225 -1.3
v -6.230265 -7.811729 -1.3
v -6.42599 -7.769339 -1.3
v -6.245797 -7.856116 -1.3
v -6.427182 -7.771235 -1.3
v -6.270816 -7.895933 -1.3
v -6.428765 -7.772818 -1.3
v -6.304067 -7.929184 -1.3
v -6.430661 -7.77401 -1.3
v -6.343884 -7.954204 -1.3
v -6.432775 -7.774749 -1.3
v -6.388271 -7.969735 -1.3
v -6.425 -7.475 -1.3
v -6.225 -7.475 -1.3
v -6.225 -7.475 -0.3
v -6.425 -7.475 -0.3
newmtl 4
Ka 0.5019607843137255 0.5019607843137255 0.5019607843137255
Kd 0.5019607843137255 0.5019607843137255 0.5019607843137255
Ks 0.25098039215686274 0.25098039215686274 0.25098039215686274
d 0.0
endmtl
v 5.415 -7.913493 -0.061508
v 5.415 -7.77466 -0.207412
v 5.415 -7.77366 -0.205
v 5.415 -7.772071 -0.202929
v 5.415 -7.946866 -0.105
v 5.415 -7.967844 -0.155648
v 5.415 -7.77 -0.20134
v 5.415 -7.767588 -0.200341
v 5.075 -7.77466 -0.207412
v 5.075 -7.967844 -0.155648
v 5.075 -7.77366 -0.205
v 5.075 -7.946866 -0.105
v 5.075 -7.772071 -0.202929
v 5.075 -7.913493 -0.061508
v 5.075 -7.77 -0.20134
v 5.075 -7.87 -0.028135
v 5.075 -7.767588 -0.200341
v 5.075 -7.819352 -0.007156
v 5.072412 -7.77466 -1.3
v 5.020648 -7.967844 -1.3
v 5.07 -7.77366 -1.3
v 4.97 -7.946866 -1.3
v 5.067929 -7.772071 -1.3
v 4.926507 -7.913493 -1.3
v 5.06634 -7.77 -1.3
v 4.893135 -7.87 -1.3
v 5.065341 -7.767588 -1.3
v 4.872155 -7.819352 -1.3
v 5.065 -7.765 -1.3
v 4.865 -7.765 -1.3
v 5.065 -7.765 -0.3
v 4.865 -7.765 -0.3
v 5.065341 -7.767588 -0.3
v 4.872155 -7.819352 -0.3
v 5.06634 -7.77 -0.3
v 4.893135 -7.87 -0.3
v 5.067929 -7.772071 -0.3
v 4.926507 -7.913493 -0.3
v 5.07 -7.77366 -0.3
v 4.97 -7.946866 -0.3
v 5.072412 -7.77466 -0.3
v 5.020648 -7.967844 -0.3
v 5.065 -7.565 -0.3
v 4.865 -7.565 -0.3
v 4.865 -7.565 -1.3
v 5.065 -7.565 -1.3
v -6.282412 7.975 -0.200341
v -6.230648 7.975 -0.007156
v -6.28 7.975 -0.20134
v -6.18 7.975 -0.028135
v -6.277929 7.975 -0.202929
v -6.136508 7.975 -0.061508
v -6.27634 7.975 -0.205
v -6.103135 7.975 -0.105
v -6.275341 7.975 -0.207412
v -6.082156 7.975 -0.155648
v -6.275341 7.475 -0.207412
v -6.082156 7.475 -0.155648
v -6.27634 7.475 -0.205
v -6.103135 7.475 -0.105
v -6.277929 7.475 -0.202929
v -6.136508 7.475 -0.061508
v -6.28 7.475 -0.20134
v -6.18 7.475 -0.028135
v -6.282412 7.475 -0.200341
v -6.230648 7.475 -0.007156
v -6.074659 7.475 -1.682588
v -6.267844 7.475 -1.734352
v -6.07366 7.475 -1.685
v -6.246865 7.475 -1.785
v -6.072071 7.475 -1.687071
v -6.213492 7.475 -1.828492
v -6.07 7.475 -1.68866
v -6.17 7.475 -1.861865
v -6.067588 7.475 -1.689659
v -6.119352 7.475 -1.882844
v -6.065 7.475 -1.69
v -6.065 7.475 -1.89
v -6.065 7.975 -1.69
v -6.065 7.975 -1.89
v -6.067588 7.975 -1.689659
v -6.119352 7.975 -1.882844
v -6.07 7.975 -1.68866
v -6.17 7.975 -1.861865
v -6.072071 7.975 -1.687071
v -6.213492 7.975 -1.828492
v -6.07366 7.975 -1.685
v -6.246865 7.975 -1.785
v -6.074659 7.975 -1.682588
v -6.267844 7.975 -1.734352
v -5.675 7.475 -1.89
v -5.675 7.475 -1.69
v -5.675 7.975 -1.69
v -5.675 7.975 -1.89
v 4.025 7.477588 -0.200341
v 4.025 7.529352 -0.007156
v 4.025 7.48 -0.20134
v 4.025 7.58 -0.028135
v 4.025 7.482071 -0.202929
v 4.025 7.623492 -0.061508
v 4.025 7.48366 -0.205
v 4.025 7.656865 -0.105
v 4.025 7.484659 -0.207412
v 4.025 7.677844 -0.155648
v 4.625 7.484659 -0.207412
v 4.625 7.677844 -0.155648
v 4.625 7.48366 -0.205
v 4.625 7.656865 -0.105
v 4.625 7.482071 -0.202929
v 4.625 7.623492 -0.061508
v 4.625 7.48 -0.20134
v 4.625 7.58 -0.028135
v 4.625 7.477588 -0.200341
v 4.625 7.529352 -0.007156
v 4.625 7.685341 -1.682588
v 4.625 7.492156 -1.734352
v 4.625 7.68634 -1.685
v 4.625 7.513135 -1.785
v 4.625 7.687929 -1.687071
v 4.625 7.546508 -1.828492
v 4.625 7.69 -1.68866
v 4.625 7.59 -1.861865
v 4.625 7.692412 -1.689659
v 4.625 7.640648 -1.882844
v 4.625 7.695 -1.69
v 4.625 7.695 -1.89
v 4.025 7.695 -1.69
v 4.025 7.695 -1.89
v 4.025 7.692412 -1.689659
v 4.025 7.640648 -1.882844
v 4.025 7.69 -1.68866
v 4.025 7.59 -1.861865
v 4.025 7.687929 -1.687071
v 4.025 7.546508 -1.828492
v 4.025 7.68634 -1.685
v 4.025 7.513135 -1.785
v 4.025 7.685341 -1.682588
v 4.025 7.492156 -1.734352
v 4.025 7.985 -1.69
v 4.025 7.985 -1.89
v 4.625 7.985 -1.89
v 4.625 7.985 -1.69
v 3.575 7.475 -1.88
v 3.575 7.975 -1.88
v 3.920085 7.975 -1.88
v 5.525 -6.475 -1.88
v 5.525 -7.675 -1.88
v 5.327627 -7.675 -1.88
v -4.225 -6.475 -1.88
v -4.225 -7.975 -1.88
v -4.375 -7.975 -1.88
v -5.925 -2.145 -1.88
v -6.725 -2.145 -1.88
v -6.725 -2.123571 -1.88
v 4.825 -7.675 -1.88
v 4.825 -7.975 -1.88
v 3.920085 -7.975 -1.88
v 0.415522 -5.975 -1.88
v 0.415522 -3.060621 -1.88
v 0.513083 -4.014889 -1.88
v 0.513083 -3.905133 -1.88
v 0.660044 -3.060621 -1.88
v 0.628699 -3.062783 -1.88
v 0.513083 -3.094157 -1.88
v 0.513083 -3.228303 -1.88
v 0.625723 -3.18007 -1.88
v 0.531005 -3.91506 -1.88
v 0.747267 -3.164279 -1.88
v 0.845736 -3.175337 -1.88
v 0.911471 -4.066135 -1.88
v 1.008395 -4.032773 -1.88
v 1.125 -5.975 -1.88
v 0.920585 -3.202349 -1.88
v 0.989799 -3.248653 -1.88
v 1.050187 -3.31532 -1.88
v 1.122839 -3.577389 -1.88
v 1.112714 -3.685644 -1.88
v 1.085546 -3.771659 -1.88
v 0.863025 -3.958695 -1.88
v 0.769752 -3.969157 -1.88
v 0.935889 -3.93187 -1.88
v 0.997261 -3.890505 -1.88
v 1.044187 -3.840999 -1.88
v 0.637011 -3.954424 -1.88
v 1.091414 -3.39253 -1.88
v 1.118069 -3.499583 -1.88
v 0.619678 -4.058656 -1.88
v 0.760892 -4.078444 -1.88
v 0.788235 -4.078913 -1.88
v 0.748411 -3.054523 -1.88
v 0.415522 -2.123571 -1.88
v 0.823101 -3.060621 -1.88
v 1.125 -2.123571 -1.88
v 1.055315 -3.149784 -1.88
v 0.960331 -3.095109 -1.88
v 1.125 -3.060621 -1.88
v 0.848851 -3.062722 -1.88
v 1.088834 -3.981407 -1.88
v 1.125 -3.943332 -1.88
v 1.299668 -5.975 -1.88
v 1.163947 -3.90233 -1.88
v 1.2426 -3.443412 -1.88
v 1.204209 -3.330105 -1.88
v 1.299668 -3.060621 -1.88
v 1.145597 -3.23661 -1.88
v 1.125 -3.216802 -1.88
v 1.217219 -3.807244 -1.88
v 1.247316 -3.701395 -1.88
v 1.256985 -3.585582 -1.88
v -0.218624 -4.066718 -1.88
v -0.413746 -4.066718 -1.88
v -0.218624 -3.956962 -1.88
v -0.413746 -3.066718 -1.88
v -0.194234 -3.176474 -1.88
v -0.844995 -5.975 -1.88
v -0.809392 -4.055918 -1.88
v -0.685659 -4.066718 -1.88
v -0.695949 -3.066718 -1.88
v -0.844995 -3.060621 -1.88
v -0.194234 -3.066718 -1.88
v 0.025 -3.060621 -1.88
v 0.183815 -3.176474 -1.88
v 0.183815 -3.505742 -1.88
v 0.025 -3.176474 -1.88
v 0.025 -3.505742 -1.88
v -0.169844 -3.505742 -1.88
v -0.169844 -3.615499 -1.88
v 0.025 -3.956962 -1.88
v 0.025 -3.615499 -1.88
v 0.183815 -3.956962 -1.88
v 0.183815 -3.615499 -1.88
v 0.025 -5.975 -1.88
v 0.025 -4.066718 -1.88
v 0.317961 -4.066718 -1.88
v 0.317961 -3.066718 -1.88
v 0.025 -3.066718 -1.88
v -1.075 -3.916882 -1.88
v -1.075 -5.975 -1.88
v -1.111343 -3.882084 -1.88
v -1.25521 -5.975 -1.88
v -1.16869 -3.79264 -1.88
v -1.184499 -3.361521 -1.88
v -1.211357 -3.460047 -1.88
v -1.25521 -3.060621 -1.88
v -1.218624 -3.554142 -1.88
v -1.204592 -3.687971 -1.88
v -0.840421 -3.082161 -1.88
v -0.844995 -3.083767 -1.88
v -1.075 -3.060621 -1.88
v -0.957423 -3.123246 -1.88
v -1.066264 -3.196188 -1.88
v -1.06731 -3.197107 -1.88
v -1.075 -3.205633 -1.88
v -1.138025 -3.275519 -1.88
v -1.029033 -3.960894 -1.88
v -0.924619 -4.021573 -1.88
v -0.844995 -4.045305 -1.88
v 6.725 1.439249 -1.88
v 6.725 -2.123571 -1.88
v 6.683469 0.452639 -1.88
v 6.215469 1.439249 -1.88
v 6.215469 0.452639 -1.88
v 5.327627 -2.123571 -1.88
v 5.116337 -7.433118 -1.88
v 5.123993 -7.433118 -1.88
v 5.123993 -6.691238 -1.88
v 4.555082 -2.870914 -1.88
v 4.555082 -3.060621 -1.88
v 3.920085 -3.060621 -1.88
v 4.555082 -3.455446 -1.88
v 5.108682 -5.239234 -1.88
v 5.116337 -3.455446 -1.88
v 5.108682 -6.262734 -1.88
v 5.116337 -6.691238 -1.88
v 4.555082 -6.262734 -1.88
v 3.920085 -6.691238 -1.88
v 4.555082 -5.239234 -1.88
v 3.920085 -2.123571 -1.88
v 5.116337 -2.123571 -1.88
v 5.116337 -2.870914 -1.88
v 5.123993 -3.455446 -1.88
v 5.123993 -3.060621 -1.88
v 5.327627 -3.060621 -1.88
v 5.123993 -2.870914 -1.88
v 2.519022 -3.060621 -1.88
v 5.116337 -7.675 -1.88
v 3.920085 -7.433118 -1.88
v 2.773133 -7.433118 -1.88
v 2.519022 -7.975 -1.88
v 2.773133 -6.691238 -1.88
v -5.725 4.455 -1.88
v -6.725 4.455 -1.88
v -6.275 7.475 -1.88
v -6.275 7.975 -1.88
v -5.435088 5.704353 -1.88
v -5.435088 2.874341 -1.88
v -6.725 1.439249 -1.88
v -6.725 2.655 -1.88
v -5.435088 2.223232 -1.88
v -5.725 2.655 -1.88
v -5.725 2.874341 -1.88
v -5.925 -3.060621 -1.88
v -5.264668 -2.123571 -1.88
v -5.264668 -7.975 -1.88
v -6.725 -3.145 -1.88
v -3.275 -5.975 -1.88
v -3.725 -5.975 -1.88
v -4.375 -3.060621 -1.88
v -2.194234 -4.066718 -1.88
v -3.275 -3.060621 -1.88
v -2.164661 -3.990937 -1.88
v -2.164661 -3.060621 -1.88
v -1.80399 -3.066718 -1.88
v -2.164661 -5.975 -1.88
v -2.164661 -4.066718 -1.88
v -2.047893 -4.066718 -1.88
v -1.669844 -3.066718 -1.88
v -1.291795 -4.066718 -1.88
v -1.438136 -4.066718 -1.88
v -1.946711 -3.78623 -1.88
v -1.533601 -3.78623 -1.88
v 1.7204 -3.066718 -1.88
v 1.7204 -3.956962 -1.88
v 1.342351 -3.956962 -1.88
v 1.854546 -4.066718 -1.88
v 1.854546 -3.066718 -1.88
v 2.225 -3.060621 -1.88
v 1.342351 -4.066718 -1.88
v 2.225 -7.975 -1.88
v 2.025 -7.975 -1.88
v 2.025 -6.475 -1.88
v 1.525 -5.975 -1.88
v 4.725 7.475 -1.88
v 4.725 7.975 -1.88
v 5.116337 7.975 -1.88
v 3.925 7.475 -1.88
v 5.116337 2.874341 -1.88
v 3.920085 2.874341 -1.88
v 3.285088 2.223232 -1.88
v 3.285088 2.874341 -1.88
v 3.285088 5.704353 -1.88
v 2.225 2.874341 -1.88
v 2.185088 2.874341 -1.88
v 2.185088 5.704353 -1.88
v 1.164912 5.704353 -1.88
v 1.125 7.475 -1.88
v 1.299668 5.704353 -1.88
v 1.299668 7.475 -1.88
v 2.225 7.475 -1.88
v 1.125 2.874341 -1.88
v 1.085088 2.874341 -1.88
v 1.085088 5.704353 -1.88
v 0.025 2.874341 -1.88
v -0.014912 2.874341 -1.88
v -0.014912 5.704353 -1.88
v -1.035088 5.704353 -1.88
v -1.075 7.475 -1.88
v -0.844995 5.704353 -1.88
v -0.844995 7.475 -1.88
v 0.025 7.475 -1.88
v -1.075 2.874341 -1.88
v -1.114912 2.874341 -1.88
v -1.114912 5.704353 -1.88
v -2.164661 7.475 -1.88
v -2.164661 2.874341 -1.88
v -2.214912 5.704353 -1.88
v -2.214912 2.874341 -1.88
v -2.175 7.475 -1.88
v -3.235088 5.704353 -1.88
v -3.275 7.475 -1.88
v -3.275 2.874341 -1.88
v -3.314912 2.874341 -1.88
v -3.314912 5.704353 -1.88
v -4.375 2.874341 -1.88
v -4.414912 2.874341 -1.88
v -4.414912 5.704353 -1.88
v -5.7 7.475 -1.88
v -5.264668 5.704353 -1.88
v -5.264668 7.475 -1.88
v -4.375 7.475 -1.88
v 3.920085 1.439249 -1.88
v 2.519022 1.439249 -1.88
v 2.519022 2.223232 -1.88
v 3.925 7.975 -1.88
v 2.519022 7.475 -1.88
v 2.519022 5.704353 -1.88
v 2.264912 5.704353 -1.88
v 2.264912 2.874341 -1.88
v 2.264912 2.223232 -1.88
v 2.225 1.439249 -1.88
v 1.164912 2.874341 -1.88
v 1.164912 2.223232 -1.88
v 2.185088 2.223232 -1.88
v 1.299668 2.223232 -1.88
v 1.299668 1.439249 -1.88
v 1.125 1.439249 -1.88
v 0.415522 7.475 -1.88
v 0.415522 5.704353 -1.88
v 0.064912 5.704353 -1.88
v 0.064912 2.874341 -1.88
v 0.064912 2.223232 -1.88
v 1.085088 2.223232 -1.88
v 0.415522 2.223232 -1.88
v 0.415522 1.439249 -1.88
v 0.025 1.439249 -1.88
v -1.035088 2.874341 -1.88
v -1.035088 2.223232 -1.88
v -0.014912 2.223232 -1.88
v -0.844995 2.223232 -1.88
v -0.844995 1.439249 -1.88
v -1.075 1.439249 -1.88
v -1.25521 7.475 -1.88
v -1.25521 5.704353 -1.88
v -2.135088 5.704353 -1.88
v -2.135088 2.874341 -1.88
v -2.135088 2.223232 -1.88
v -3.235088 2.874341 -1.88
v -3.235088 2.223232 -1.88
v -2.214912 2.223232 -1.88
v -2.164661 1.439249 -1.88
v -3.275 1.439249 -1.88
v -1.114912 2.223232 -1.88
v -1.25521 2.223232 -1.88
v -1.25521 1.439249 -1.88
v -4.335088 5.704353 -1.88
v -4.335088 2.874341 -1.88
v -4.335088 2.223232 -1.88
v -5.264668 1.439249 -1.88
v -5.264668 2.223232 -1.88
v -4.375 1.439249 -1.88
v -4.414912 2.223232 -1.88
v -3.314912 2.223232 -1.88
v 2.067426 -1.376227 -1.88
v 2.225 -2.123571 -1.88
v 1.299668 -1.376227 -1.88
v 1.299668 -2.123571 -1.88
v 1.125 -1.376227 -1.88
v 0.415522 -1.376227 -1.88
v 0.025 -1.376227 -1.88
v 0.025 -2.123571 -1.88
v -0.654902 -1.376227 -1.88
v -0.844995 -2.123571 -1.88
v -0.654902 0.655266 -1.88
v 2.067426 0.655266 -1.88
v 1.299668 0.655266 -1.88
v 1.125 0.655266 -1.88
v 0.415522 0.655266 -1.88
v 0.025 0.655266 -1.88
v 5.531261 3.221082 -1.88
v 6.683469 3.221082 -1.88
v 6.725 2.874341 -1.88
v 6.683469 6.742407 -1.88
v 6.725 7.975 -1.88
v 5.327627 7.975 -1.88
v 5.531261 6.742407 -1.88
v 5.327627 2.874341 -1.88
v 6.683469 2.527599 -1.88
v 6.683469 1.439249 -1.88
v 6.725 -3.060621 -1.88
v 6.215469 2.527599 -1.88
v 5.327627 1.439249 -1.88
v 5.116337 1.439249 -1.88
v 2.519022 -2.123571 -1.88
v -1.075 -2.123571 -1.88
v -1.25521 -2.123571 -1.88
v -2.164661 -2.123571 -1.88
v -2.223922 0.655266 -1.88
v -3.275 0.655266 -1.88
v -4.375 0.655266 -1.88
v -5.094248 0.655266 -1.88
v -5.094248 -1.376227 -1.88
v -4.375 -2.123571 -1.88
v -4.375 -1.376227 -1.88
v -3.275 -2.123571 -1.88
v -3.275 -1.376227 -1.88
v -2.223922 -1.376227 -1.88
v -5.264668 -3.060621 -1.88
v -5.925 -3.145 -1.88
v -4.414912 5.704353 -0.2
v -4.414912 4.025 -0.2
v -4.335088 4.025 -0.2
v -5.7 7.475 -0.2
v -4.335088 5.704353 -0.2
v -3.314912 5.704353 -0.2
v -2.175 7.475 -0.2
v -3.275 7.475 -0.2
v -3.314912 4.025 -0.2
v -3.235088 4.025 -0.2
v -3.235088 5.704353 -0.2
v -6.715 6.375 -0.2
v -6.025 6.375 -0.2
v -6.275 7.975 -0.2
v -4.375 7.475 -0.2
v -1.075 7.475 -0.2
v 0.025 7.475 -0.2
v -2.214912 4.025 -0.2
v -2.135088 4.025 -0.2
v -2.214912 5.704353 -0.2
v -2.135088 5.704353 -0.2
v -6.025 5.925 -0.2
v -5.435088 5.482566 -0.2
v -5.435088 5.704353 -0.2
v -1.114912 5.704353 -0.2
v 1.125 7.475 -0.2
v -1.114912 4.025 -0.2
v -1.035088 4.025 -0.2
v -1.035088 5.704353 -0.2
v 2.225 7.475 -0.2
v -0.014912 4.025 -0.2
v 0.064912 4.025 -0.2
v -0.014912 5.704353 -0.2
v 0.064912 5.704353 -0.2
v 1.085088 5.704353 -0.2
v 3.575 7.475 -0.2
v 1.164912 5.704353 -0.2
v 2.185088 5.704353 -0.2
v 3.925 7.475 -0.2
v 1.085088 4.025 -0.2
v 1.164912 4.025 -0.2
v 3.575 7.975 -0.2
v 3.925 7.725 -0.2
v 4.725 7.725 -0.2
v 6.715 7.975 -0.2
v 4.725 7.475 -0.2
v 2.185088 4.025 -0.2
v 2.264912 4.025 -0.2
v 2.264912 5.704353 -0.2
v 3.285088 4.025 -0.2
v 3.866109 4.025 -0.2
v 3.285088 5.704353 -0.2
v 5.531261 6.742407 -0.2
v 6.683469 6.742407 -0.2
v 6.683469 3.221082 -0.2
v 6.683469 2.527599 -0.2
v 6.683469 0.452639 -0.2
v 6.215469 0.452639 -0.2
v 5.075 0.364953 -0.2
v 5.075 -2.870914 -0.2
v 5.123993 -2.870914 -0.2
v 5.531261 3.221082 -0.2
v 6.215469 2.527599 -0.2
v 5.075 -3.455446 -0.2
v 5.075 -5.239234 -0.2
v 5.123993 -3.455446 -0.2
v 5.108682 -5.239234 -0.2
v 5.108682 -6.262734 -0.2
v 5.075 -7.433118 -0.2
v 5.075 -7.675 -0.2
v 5.123993 -7.433118 -0.2
v 5.123993 -6.691238 -0.2
v 5.525 -6.475 -0.2
v 5.075 -6.691238 -0.2
v 5.075 -6.262734 -0.2
v -4.335088 4.025 -1.4
v -4.414912 4.025 -1.4
v -5.725488 4.025 -0.2
v -5.725488 4.025 -1.4
v -5.435088 4.025 -0.2
v -5.435088 4.025 -1.4
v -3.235088 4.025 -1.4
v -3.314912 4.025 -1.4
v -2.135088 4.025 -1.4
v -2.214912 4.025 -1.4
v -1.035088 4.025 -1.4
v -1.114912 4.025 -1.4
v 0.064912 4.025 -1.4
v -0.014912 4.025 -1.4
v 1.164912 4.025 -1.4
v 1.085088 4.025 -1.4
v 2.264912 4.025 -1.4
v 2.185088 4.025 -1.4
v 5.075 -6.691238 -1.4
v 5.075 -6.262734 -1.4
v 5.075 -5.239234 -1.4
v 5.075 -3.455446 -1.4
v 5.075 4.025 -0.7
v 5.075 4.025 -1.4
v 5.075 0.364953 -0.7
v 5.075 -2.870914 -1.4
v 2.025 -7.975 -1.4
v 4.825 -7.975 -1.4
v 3.96584 4.025 -0.2
v 4.462945 4.025 -0.2
v -6.525 -3.845 -1.5
v -6.025 -3.845 -1.5
v -6.525 -3.145 -1.5
v -6.025 -3.145 -1.5
v -6.425 -3.845 -0.2
v -6.715 -3.845 -0.2
v -6.425 -7.775 -0.2
v -6.715 -7.775 -0.2
v -6.725 -2.945 -0.7
v -6.725 -2.945 -1.5
v -6.725 -3.845 -0.7
v -6.725 -3.145 -1.5
v -6.725 -3.845 -0.21
v -6.025 -3.145 -1.4
v -6.025 -3.845 -1.4
v -6.525 -2.945 -1.5
v -6.525 -2.945 -0.7
v -6.525 -3.845 -0.7
v -6.425 -3.845 -1.4
v -6.722071 -3.845 -0.202929
v -6.72 -3.845 -0.20134
v -6.717588 -3.845 -0.200341
v -6.72366 -3.845 -0.205
v -6.724659 -3.845 -0.207412
v -6.025 5.925 -1.5
v -6.025 6.375 -1.5
v -6.725 6.375 -1.5
v -6.525 -2.145 -1.5
v -6.025 -2.145 -1.5
v -6.525 1.275 -1.5
v -6.025 3.683125 -1.5
v -5.435088 4.356474 -1.5
v -5.435088 5.482566 -1.5
v -5.435088 4.356474 -0.2
v -6.724659 -7.775 -0.207412
v -6.72366 -7.775 -0.205
v -6.722071 -7.775 -0.202929
v -6.72 -7.775 -0.20134
v -6.717588 -7.775 -0.200341
v 6.717588 7.975 -0.200341
v 6.72 7.975 -0.20134
v 6.722071 7.975 -0.202929
v 6.72366 7.975 -0.205
v 6.724659 7.975 -0.207412
v 6.725 7.975 -0.21
v 3.925 7.975 -1.5
v 4.725 7.975 -1.5
v -4.225 -7.975 -1.4
v -6.725 6.375 -0.21
v -6.724659 6.375 -0.207412
v -6.72366 6.375 -0.205
v -6.722071 6.375 -0.202929
v -6.72 6.375 -0.20134
v -6.717588 6.375 -0.200341
v -6.725 -2.145 -1.5
v -6.725 -2.345 -1.5
v -6.725 -2.345 -0.7
v -6.725 1.275 -0.7
v -6.725 2.655 -1.58
v -6.725 4.455 -1.58
v 6.725 -5.675 -0.7
v 6.725 -3.175 -0.7
v 5.075 -7.433118 -1.4
v 5.075 -7.675 -1.4
v -5.094248 0.655266 -1.4
v -2.223922 0.655266 -1.4
v 0.064912 2.223232 -1.4
v 1.085088 2.223232 -1.4
v -5.925 -3.145 -1.4
v 4.825 -7.675 -1.4
v 2.773133 -7.433118 -1.4
v -1.035088 2.223232 -1.4
v 4.555082 -5.239234 -1.4
v 4.555082 -3.455446 -1.4
v -1.114912 2.223232 -1.4
v -2.135088 2.223232 -1.4
v 2.773133 -6.691238 -1.4
v 4.555082 -6.262734 -1.4
v -0.014912 2.223232 -1.4
v 3.285088 4.025 -1.4
v 3.285088 2.223232 -1.4
v 4.555082 -2.870914 -1.4
v 2.067426 0.655266 -1.4
v 2.067426 -1.376227 -1.4
v -0.654902 -1.376227 -1.4
v -2.223922 -1.376227 -1.4
v -5.925 -2.145 -1.4
v -5.094248 -1.376227 -1.4
v -6.425 -7.775 -1.4
v -4.225 -6.475 -1.4
v -3.725 -5.975 -1.4
v 1.525 -5.975 -1.4
v 2.025 -6.475 -1.4
v -3.235088 2.223232 -1.4
v 2.264912 2.223232 -1.4
v -3.314912 2.223232 -1.4
v -4.335088 2.223232 -1.4
v 2.185088 2.223232 -1.4
v 1.164912 2.223232 -1.4
v -0.654902 0.655266 -1.4
v -2.214912 2.223232 -1.4
v -6.025 -2.145 -1.4
v -5.435088 2.223232 -1.4
v -4.414912 2.223232 -1.4
v -6.025 3.683125 -1.4
v 4.462945 4.025 -0.7
v 3.866109 4.025 -0.7
v 3.96584 4.025 -0.7
v 5.225 -3.175 -0.7
v 5.199118 -3.178407 -0.7
v 5.175 -3.188397 -0.7
v 5.154289 -3.204289 -0.7
v 5.138398 -3.225 -0.7
v 5.128407 -3.249118 -0.7
v 5.125 -3.275 -0.7
v 5.225 -5.675 -0.7
v 5.125 -5.575 -0.7
v 5.128407 -5.600882 -0.7
v 5.138398 -5.625 -0.7
v 5.154289 -5.64571 -0.7
v 5.175 -5.661602 -0.7
v 5.199118 -5.671592 -0.7
v -6.525 1.275 -0.7
v -6.525 -2.345 -0.7
v -6.525 -2.345 -1.5
v -5.725 2.655 -1.58
v -5.725 4.455 -1.58
v 5.496304 0.364953 -0.7
v 4.462945 4.369422 -0.7
v 5.214835 4.369422 -0.7
v 4.027871 4.898417 -0.7
v 4.214834 5.369422 -0.7
v 4.027871 6.038053 -0.7
v 5.496304 6.038053 -0.7
v 5.214835 5.369422 -0.7
v 5.847558 6.742407 -0.89
v 6.107365 6.742407 -1.34
v 6.029719 6.742407 -1.329778
v 5.957365 6.742407 -1.299808
v 5.895233 6.742407 -1.252132
v 5.847558 6.742407 -1.19
v 6.367173 6.742407 -1.19
v 6.319497 6.742407 -1.252132
v 5.817587 6.742407 -1.117646
v 5.807365 6.742407 -1.04
v 5.817587 6.742407 -0.962354
v 6.257365 6.742407 -1.299808
v 6.185011 6.742407 -1.329778
v 5.957365 6.742407 -0.780192
v 6.029719 6.742407 -0.750222
v 6.107365 6.742407 -0.74
v 6.185011 6.742407 -0.750222
v 6.257365 6.742407 -0.780192
v 6.319497 6.742407 -0.827868
v 6.367173 6.742407 -0.89
v 6.397143 6.742407 -0.962354
v 6.407365 6.742407 -1.04
v 6.397143 6.742407 -1.117646
v 5.847558 3.221082 -1.19
v 5.895233 3.221082 -1.252132
v 6.367173 3.221082 -0.89
v 6.319497 3.221082 -0.827868
v 6.107365 3.221082 -0.74
v 6.029719 3.221082 -0.750222
v 5.957365 3.221082 -0.780192
v 5.895233 3.221082 -0.827868
v 5.847558 3.221082 -0.89
v 6.257365 3.221082 -0.780192
v 6.185011 3.221082 -0.750222
v 5.817587 3.221082 -0.962354
v 5.807365 3.221082 -1.04
v 5.817587 3.221082 -1.117646
v 6.185011 3.221082 -1.329778
v 6.257365 3.221082 -1.299808
v 6.319497 3.221082 -1.252132
v 6.367173 3.221082 -1.19
v 5.957365 3.221082 -1.299808
v 6.029719 3.221082 -1.329778
v 6.107365 3.221082 -1.34
v 6.397143 3.221082 -1.117646
v 6.407365 3.221082 -1.04
v 6.397143 3.221082 -0.962354
v 3.925 7.725 -1.5
v 4.725 7.725 -1.5
v -6.275 7.475 -0.82
v 3.575 7.475 -0.82
v -5.7 7.475 -0.82
v -5.125 7.475 -1.54
v -5.125 7.475 -1.44
v -4.725 7.475 -1.44
v -4.375 7.475 -0.82
v -4.725 7.475 -1.54
v -3.625 7.475 -1.54
v -4.025 7.475 -1.54
v -4.025 7.475 -1.44
v -3.625 7.475 -1.44
v -3.275 7.475 -0.82
v -2.175 7.475 -0.82
v -2.525 7.475 -1.44
v -2.925 7.475 -1.44
v -2.925 7.475 -1.54
v -2.525 7.475 -1.54
v -1.825 7.475 -1.44
v -1.425 7.475 -1.44
v -1.075 7.475 -0.82
v -1.425 7.475 -1.54
v -1.825 7.475 -1.54
v -0.725 7.475 -1.54
v -0.725 7.475 -1.44
v -0.325 7.475 -1.44
v 0.025 7.475 -0.82
v -0.325 7.475 -1.54
v 0.375 7.475 -1.54
v 0.375 7.475 -1.44
v 0.775 7.475 -1.44
v 1.125 7.475 -0.82
v 0.775 7.475 -1.54
v 1.475 7.475 -1.54
v 1.475 7.475 -1.44
v 1.875 7.475 -1.44
v 2.225 7.475 -0.82
v 1.875 7.475 -1.54
v 2.575 7.475 -1.54
v 2.575 7.475 -1.44
v 2.975 7.475 -1.44
v 2.975 7.475 -1.54
v 2.975 7.975 -1.89
v 2.975 7.725 -1.89
v 2.575 7.975 -1.89
v 2.575 7.725 -1.89
v 2.975 7.975 -1.79
v 2.575 7.975 -1.79
v 2.975 7.725 -1.79
v 2.575 7.725 -1.79
v 2.975 7.725 -1.64
v 2.575 7.725 -1.64
v 2.575 7.718185 -1.588236
v 2.975 7.718185 -1.588236
v 2.575 7.698205 -1.54
v 2.975 7.698205 -1.54
v 2.575 7.666421 -1.498579
v 2.975 7.666421 -1.498579
v 2.575 7.625 -1.466795
v 2.975 7.625 -1.466795
v 2.575 7.576764 -1.446815
v 2.975 7.576764 -1.446815
v 2.575 7.525 -1.44
v 2.975 7.525 -1.44
v 2.975 7.525 -1.54
v 2.575 7.525 -1.54
v 2.975 7.550882 -1.543407
v 2.575 7.550882 -1.543407
v 2.975 7.575 -1.553398
v 2.575 7.575 -1.553398
v 2.975 7.59571 -1.569289
v 2.575 7.59571 -1.569289
v 2.975 7.611603 -1.59
v 2.575 7.611603 -1.59
v 2.975 7.621593 -1.614118
v 2.575 7.621593 -1.614118
v 2.975 7.625 -1.64
v 2.575 7.625 -1.64
v 2.975 7.625 -1.79
v 2.575 7.625 -1.79
v 2.575 7.628407 -1.815882
v 2.975 7.628407 -1.815882
v 2.575 7.638398 -1.84
v 2.975 7.638398 -1.84
v 2.575 7.654289 -1.860711
v 2.975 7.654289 -1.860711
v 2.575 7.675 -1.876603
v 2.975 7.675 -1.876603
v 2.575 7.699118 -1.886593
v 2.975 7.699118 -1.886593
v 1.875 7.975 -1.89
v 1.875 7.725 -1.89
v 1.475 7.975 -1.89
v 1.475 7.725 -1.89
v 1.875 7.975 -1.79
v 1.475 7.975 -1.79
v 1.875 7.725 -1.79
v 1.475 7.725 -1.79
v 1.875 7.725 -1.64
v 1.475 7.725 -1.64
v 1.475 7.718185 -1.588236
v 1.875 7.718185 -1.588236
v 1.475 7.698205 -1.54
v 1.875 7.698205 -1.54
v 1.475 7.666421 -1.498579
v 1.875 7.666421 -1.498579
v 1.475 7.625 -1.466795
v 1.875 7.625 -1.466795
v 1.475 7.576764 -1.446815
v 1.875 7.576764 -1.446815
v 1.475 7.525 -1.44
v 1.875 7.525 -1.44
v 1.875 7.525 -1.54
v 1.475 7.525 -1.54
v 1.875 7.550882 -1.543407
v 1.475 7.550882 -1.543407
v 1.875 7.575 -1.553398
v 1.475 7.575 -1.553398
v 1.875 7.59571 -1.569289
v 1.475 7.59571 -1.569289
v 1.875 7.611603 -1.59
v 1.475 7.611603 -1.59
v 1.875 7.621593 -1.614118
v 1.475 7.621593 -1.614118
v 1.875 7.625 -1.64
v 1.475 7.625 -1.64
v 1.875 7.625 -1.79
v 1.475 7.625 -1.79
v 1.475 7.628407 -1.815882
v 1.875 7.628407 -1.815882
v 1.475 7.638398 -1.84
v 1.875 7.638398 -1.84
v 1.475 7.654289 -1.860711
v 1.875 7.654289 -1.860711
v 1.475 7.675 -1.876603
v 1.875 7.675 -1.876603
v 1.475 7.699118 -1.886593
v 1.875 7.699118 -1.886593
v 0.775 7.975 -1.89
v 0.775 7.725 -1.89
v 0.375 7.975 -1.89
v 0.375 7.725 -1.89
v 0.775 7.975 -1.79
v 0.375 7.975 -1.79
v 0.775 7.725 -1.79
v 0.375 7.725 -1.79
v 0.775 7.725 -1.64
v 0.375 7.725 -1.64
v 0.375 7.718185 -1.588236
v 0.775 7.718185 -1.588236
v 0.375 7.698205 -1.54
v 0.775 7.698205 -1.54
v 0.375 7.666421 -1.498579
v 0.775 7.666421 -1.498579
v 0.375 7.625 -1.466795
v 0.775 7.625 -1.466795
v 0.375 7.576764 -1.446815
v 0.775 7.576764 -1.446815
v 0.375 7.525 -1.44
v 0.775 7.525 -1.44
v 0.775 7.525 -1.54
v 0.375 7.525 -1.54
v 0.775 7.550882 -1.543407
v 0.375 7.550882 -1.543407
v 0.775 7.575 -1.553398
v 0.375 7.575 -1.553398
v 0.775 7.59571 -1.569289
v 0.375 7.59571 -1.569289
v 0.775 7.611603 -1.59
v 0.375 7.611603 -1.59
v 0.775 7.621593 -1.614118
v 0.375 7.621593 -1.614118
v 0.775 7.625 -1.64
v 0.375 7.625 -1.64
v 0.775 7.625 -1.79
v 0.375 7.625 -1.79
v 0.375 7.628407 -1.815882
v 0.775 7.628407 -1.815882
v 0.375 7.638398 -1.84
v 0.775 7.638398 -1.84
v 0.375 7.654289 -1.860711
v 0.775 7.654289 -1.860711
v 0.375 7.675 -1.876603
v 0.775 7.675 -1.876603
v 0.375 7.699118 -1.886593
v 0.775 7.699118 -1.886593
v -0.325 7.975 -1.89
v -0.325 7.725 -1.89
v -0.725 7.975 -1.89
v -0.725 7.725 -1.89
v -0.325 7.975 -1.79
v -0.725 7.975 -1.79
v -0.325 7.725 -1.79
v -0.725 7.725 -1.79
v -0.325 7.725 -1.64
v -0.725 7.725 -1.64
v -0.725 7.718185 -1.588236
v -0.325 7.718185 -1.588236
v -0.725 7.698205 -1.54
v -0.325 7.698205 -1.54
v -0.725 7.666421 -1.498579
v -0.325 7.666421 -1.498579
v -0.725 7.625 -1.466795
v -0.325 7.625 -1.466795
v -0.725 7.576764 -1.446815
v -0.325 7.576764 -1.446815
v -0.725 7.525 -1.44
v -0.325 7.525 -1.44
v -0.325 7.525 -1.54
v -0.725 7.525 -1.54
v -0.325 7.550882 -1.543407
v -0.725 7.550882 -1.543407
v -0.325 7.575 -1.553398
v -0.725 7.575 -1.553398
v -0.325 7.59571 -1.569289
v -0.725 7.59571 -1.569289
v -0.325 7.611603 -1.59
v -0.725 7.611603 -1.59
v -0.325 7.621593 -1.614118
v -0.725 7.621593 -1.614118
v -0.325 7.625 -1.64
v -0.725 7.625 -1.64
v -0.325 7.625 -1.79
v -0.725 7.625 -1.79
v -0.725 7.628407 -1.815882
v -0.325 7.628407 -1.815882
v -0.725 7.638398 -1.84
v -0.325 7.638398 -1.84
v -0.725 7.654289 -1.860711
v -0.325 7.654289 -1.860711
v -0.725 7.675 -1.876603
v -0.325 7.675 -1.876603
v -0.725 7.699118 -1.886593
v -0.325 7.699118 -1.886593
v -1.425 7.975 -1.89
v -1.425 7.725 -1.89
v -1.825 7.975 -1.89
v -1.825 7.725 -1.89
v -1.425 7.975 -1.79
v -1.825 7.975 -1.79
v -1.425 7.725 -1.79
v -1.825 7.725 -1.79
v -1.425 7.725 -1.64
v -1.825 7.725 -1.64
v -1.825 7.718185 -1.588236
v -1.425 7.718185 -1.588236
v -1.825 7.698205 -1.54
v -1.425 7.698205 -1.54
v -1.825 7.666421 -1.498579
v -1.425 7.666421 -1.498579
v -1.825 7.625 -1.466795
v -1.425 7.625 -1.466795
v -1.825 7.576764 -1.446815
v -1.425 7.576764 -1.446815
v -1.825 7.525 -1.44
v -1.425 7.525 -1.44
v -1.425 7.525 -1.54
v -1.825 7.525 -1.54
v -1.425 7.550882 -1.543407
v -1.825 7.550882 -1.543407
v -1.425 7.575 -1.553398
v -1.825 7.575 -1.553398
v -1.425 7.59571 -1.569289
v -1.825 7.59571 -1.569289
v -1.425 7.611603 -1.59
v -1.825 7.611603 -1.59
v -1.425 7.621593 -1.614118
v -1.825 7.621593 -1.614118
v -1.425 7.625 -1.64
v -1.825 7.625 -1.64
v -1.425 7.625 -1.79
v -1.825 7.625 -1.79
v -1.825 7.628407 -1.815882
v -1.425 7.628407 -1.815882
v -1.825 7.638398 -1.84
v -1.425 7.638398 -1.84
v -1.825 7.654289 -1.860711
v -1.425 7.654289 -1.860711
v -1.825 7.675 -1.876603
v -1.425 7.675 -1.876603
v -1.825 7.699118 -1.886593
v -1.425 7.699118 -1.886593
v -2.525 7.975 -1.89
v -2.525 7.725 -1.89
v -2.925 7.975 -1.89
v -2.925 7.725 -1.89
v -2.525 7.975 -1.79
v -2.925 7.975 -1.79
v -2.525 7.725 -1.79
v -2.925 7.725 -1.79
v -2.525 7.725 -1.64
v -2.925 7.725 -1.64
v -2.925 7.718185 -1.588236
v -2.525 7.718185 -1.588236
v -2.925 7.698205 -1.54
v -2.525 7.698205 -1.54
v -2.925 7.666421 -1.498579
v -2.525 7.666421 -1.498579
v -2.925 7.625 -1.466795
v -2.525 7.625 -1.466795
v -2.925 7.576764 -1.446815
v -2.525 7.576764 -1.446815
v -2.925 7.525 -1.44
v -2.525 7.525 -1.44
v -2.525 7.525 -1.54
v -2.925 7.525 -1.54
v -2.525 7.550882 -1.543407
v -2.925 7.550882 -1.543407
v -2.525 7.575 -1.553398
v -2.925 7.575 -1.553398
v -2.525 7.59571 -1.569289
v -2.925 7.59571 -1.569289
v -2.525 7.611603 -1.59
v -2.925 7.611603 -1.59
v -2.525 7.621593 -1.614118
v -2.925 7.621593 -1.614118
v -2.525 7.625 -1.64
v -2.925 7.625 -1.64
v -2.525 7.625 -1.79
v -2.925 7.625 -1.79
v -2.925 7.628407 -1.815882
v -2.525 7.628407 -1.815882
v -2.925 7.638398 -1.84
v -2.525 7.638398 -1.84
v -2.925 7.654289 -1.860711
v -2.525 7.654289 -1.860711
v -2.925 7.675 -1.876603
v -2.525 7.675 -1.876603
v -2.925 7.699118 -1.886593
v -2.525 7.699118 -1.886593
v -3.625 7.975 -1.89
v -3.625 7.725 -1.89
v -4.025 7.975 -1.89
v -4.025 7.725 -1.89
v -3.625 7.975 -1.79
v -4.025 7.975 -1.79
v -3.625 7.725 -1.79
v -4.025 7.725 -1.79
v -3.625 7.725 -1.64
v -4.025 7.725 -1.64
v -4.025 7.718185 -1.588236
v -3.625 7.718185 -1.588236
v -4.025 7.698205 -1.54
v -3.625 7.698205 -1.54
v -4.025 7.666421 -1.498579
v -3.625 7.666421 -1.498579
v -4.025 7.625 -1.466795
v -3.625 7.625 -1.466795
v -4.025 7.576764 -1.446815
v -3.625 7.576764 -1.446815
v -4.025 7.525 -1.44
v -3.625 7.525 -1.44
v -3.625 7.525 -1.54
v -4.025 7.525 -1.54
v -3.625 7.550882 -1.543407
v -4.025 7.550882 -1.543407
v -3.625 7.575 -1.553398
v -4.025 7.575 -1.553398
v -3.625 7.59571 -1.569289
v -4.025 7.59571 -1.569289
v -3.625 7.611603 -1.59
v -4.025 7.611603 -1.59
v -3.625 7.621593 -1.614118
v -4.025 7.621593 -1.614118
v -3.625 7.625 -1.64
v -4.025 7.625 -1.64
v -3.625 7.625 -1.79
v -4.025 7.625 -1.79
v -4.025 7.628407 -1.815882
v -3.625 7.628407 -1.815882
v -4.025 7.638398 -1.84
v -3.625 7.638398 -1.84
v -4.025 7.654289 -1.860711
v -3.625 7.654289 -1.860711
v -4.025 7.675 -1.876603
v -3.625 7.675 -1.876603
v -4.025 7.699118 -1.886593
v -3.625 7.699118 -1.886593
v -4.725 7.975 -1.89
v -4.725 7.725 -1.89
v -5.125 7.975 -1.89
v -5.125 7.725 -1.89
v -4.725 7.975 -1.79
v -5.125 7.975 -1.79
v -4.725 7.725 -1.79
v -5.125 7.725 -1.79
v -4.725 7.725 -1.64
v -5.125 7.725 -1.64
v -5.125 7.718185 -1.588236
v -4.725 7.718185 -1.588236
v -5.125 7.698205 -1.54
v -4.725 7.698205 -1.54
v -5.125 7.666421 -1.498579
v -4.725 7.666421 -1.498579
v -5.125 7.625 -1.466795
v -4.725 7.625 -1.466795
v -5.125 7.576764 -1.446815
v -4.725 7.576764 -1.446815
v -5.125 7.525 -1.44
v -4.725 7.525 -1.44
v -4.725 7.525 -1.54
v -5.125 7.525 -1.54
v -4.725 7.550882 -1.543407
v -5.125 7.550882 -1.543407
v -4.725 7.575 -1.553398
v -5.125 7.575 -1.553398
v -4.725 7.59571 -1.569289
v -5.125 7.59571 -1.569289
v -4.725 7.611603 -1.59
v -5.125 7.611603 -1.59
v -4.725 7.621593 -1.614118
v -5.125 7.621593 -1.614118
v -4.725 7.625 -1.64
v -5.125 7.625 -1.64
v -4.725 7.625 -1.79
v -5.125 7.625 -1.79
v -5.125 7.628407 -1.815882
v -4.725 7.628407 -1.815882
v -5.125 7.638398 -1.84
v -4.725 7.638398 -1.84
v -5.125 7.654289 -1.860711
v -4.725 7.654289 -1.860711
v -5.125 7.675 -1.876603
v -4.725 7.675 -1.876603
v -5.125 7.699118 -1.886593
v -4.725 7.699118 -1.886593
v -1.80399 -3.066718 -1.879
newmtl 5
Ka 0.0 0.0 0.0
Kd 0.0 0.0 0.0
Ks 0.0 0.0 0.0
d 0.0
endmtl
v -2.194234 -4.066718 -1.879
v -2.047893 -4.066718 -1.879
v -1.946711 -3.78623 -1.879
v -1.533601 -3.78623 -1.879
v -1.438136 -4.066718 -1.879
v -1.291795 -4.066718 -1.879
v -1.669844 -3.066718 -1.879
v -1.567329 -3.676474 -1.879
v -1.716528 -3.258791 -1.879
v -1.726152 -3.224109 -1.879
v -1.732534 -3.188669 -1.879
v -1.735774 -3.188669 -1.879
v -1.742299 -3.224002 -1.879
v -1.751208 -3.258791 -1.879
v -1.901742 -3.676474 -1.879
v -1.567329 -3.676474 -1.88
v -1.901742 -3.676474 -1.88
v -1.716528 -3.258791 -1.88
v -1.726152 -3.224109 -1.88
v -1.732534 -3.188669 -1.88
v -1.735774 -3.188669 -1.88
v -1.742299 -3.224002 -1.88
v -1.751208 -3.258791 -1.88
v -0.685659 -4.066718 -1.879
v -0.413746 -4.066718 -1.879
v -0.413746 -3.066718 -1.879
v -0.695949 -3.066718 -1.879
v -0.840421 -3.082161 -1.879
v -1.218624 -3.554142 -1.879
v -1.211357 -3.460047 -1.879
v -1.184499 -3.361521 -1.879
v -1.138025 -3.275519 -1.879
v -1.06731 -3.197107 -1.879
v -1.066264 -3.196188 -1.879
v -0.957423 -3.123246 -1.879
v -0.809392 -4.055918 -1.879
v -0.924619 -4.021573 -1.879
v -1.029033 -3.960894 -1.879
v -1.111343 -3.882084 -1.879
v -1.16869 -3.79264 -1.879
v -1.204592 -3.687971 -1.879
v -1.017898 -3.316705 -1.879
v -0.969325 -3.26513 -1.879
v -0.89628 -3.217941 -1.879
v -0.813737 -3.189056 -1.879
v -0.695377 -3.176474 -1.879
v -0.547893 -3.176474 -1.879
v -0.547893 -3.956962 -1.879
v -0.689851 -3.956962 -1.879
v -0.795352 -3.947143 -1.879
v -0.879504 -3.920876 -1.879
v -0.947702 -3.880378 -1.879
v -1.003789 -3.824979 -1.879
v -1.045967 -3.756032 -1.879
v -1.075297 -3.662033 -1.879
v -1.084478 -3.557 -1.879
v -1.075982 -3.457475 -1.879
v -1.052638 -3.378381 -1.879
v -0.695377 -3.176474 -1.88
v -0.547893 -3.176474 -1.88
v -0.813737 -3.189056 -1.88
v -0.89628 -3.217941 -1.88
v -0.969325 -3.26513 -1.88
v -1.017898 -3.316705 -1.88
v -1.052638 -3.378381 -1.88
v -1.075982 -3.457475 -1.88
v -1.084478 -3.557 -1.88
v -1.075297 -3.662033 -1.88
v -1.045967 -3.756032 -1.88
v -1.003789 -3.824979 -1.88
v -0.947702 -3.880378 -1.88
v -0.879504 -3.920876 -1.88
v -0.795352 -3.947143 -1.88
v -0.689851 -3.956962 -1.88
v -0.547893 -3.956962 -1.88
v -0.218624 -3.956962 -1.879
v -0.218624 -4.066718 -1.879
v 0.317961 -4.066718 -1.879
v 0.317961 -3.066718 -1.879
v -0.194234 -3.066718 -1.879
v -0.194234 -3.176474 -1.879
v 0.183815 -3.176474 -1.879
v 0.183815 -3.505742 -1.879
v -0.169844 -3.505742 -1.879
v -0.169844 -3.615499 -1.879
v 0.183815 -3.615499 -1.879
v 0.183815 -3.956962 -1.879
v 0.513083 -3.905133 -1.879
v 0.513083 -4.014889 -1.879
v 0.788235 -4.078913 -1.879
v 0.760892 -4.078444 -1.879
v 0.619678 -4.058656 -1.879
v 1.256985 -3.585582 -1.879
v 1.247316 -3.701395 -1.879
v 1.217219 -3.807244 -1.879
v 1.163947 -3.90233 -1.879
v 1.088834 -3.981407 -1.879
v 1.008395 -4.032773 -1.879
v 0.911471 -4.066135 -1.879
v 0.848851 -3.062722 -1.879
v 0.748411 -3.054523 -1.879
v 0.960331 -3.095109 -1.879
v 1.055315 -3.149784 -1.879
v 1.145597 -3.23661 -1.879
v 1.204209 -3.330105 -1.879
v 1.2426 -3.443412 -1.879
v 0.628699 -3.062783 -1.879
v 0.513083 -3.094157 -1.879
v 0.513083 -3.228303 -1.879
v 0.747267 -3.164279 -1.879
v 0.625723 -3.18007 -1.879
v 1.122839 -3.577389 -1.879
v 1.118069 -3.499583 -1.879
v 1.091414 -3.39253 -1.879
v 1.050187 -3.31532 -1.879
v 0.989799 -3.248653 -1.879
v 0.920585 -3.202349 -1.879
v 0.845736 -3.175337 -1.879
v 0.769752 -3.969157 -1.879
v 0.863025 -3.958695 -1.879
v 0.935889 -3.93187 -1.879
v 0.997261 -3.890505 -1.879
v 1.044187 -3.840999 -1.879
v 1.085546 -3.771659 -1.879
v 1.112714 -3.685644 -1.879
v 0.531005 -3.91506 -1.879
v 0.637011 -3.954424 -1.879
v 1.342351 -3.956962 -1.879
v 1.342351 -4.066718 -1.879
v 1.854546 -4.066718 -1.879
v 1.854546 -3.066718 -1.879
v 1.7204 -3.066718 -1.879
v 1.7204 -3.956962 -1.879
usemtl 1
f 1// 2// 3//
f 3// 2// 4//
f 5// 1// 6//
f 6// 1// 3//
f 7// 5// 8//
f 8// 5// 6//
f 9// 7// 10//
f 10// 7// 8//
f 11// 9// 12//
f 12// 9// 10//
f 13// 11// 14//
f 14// 11// 12//
f 15// 13// 16//
f 16// 13// 14//
f 2// 15// 4//
f 4// 15// 16//
f 2// 1// 15//
f 15// 1// 5//
f 15// 5// 13//
f 13// 5// 7//
f 13// 7// 11//
f 11// 7// 9//
f 3// 4// 6//
f 6// 4// 16//
f 6// 16// 8//
f 8// 16// 14//
f 8// 14// 10//
f 10// 14// 12//
f 17// 18// 19//
f 20// 21// 22//
f 23// 24// 22//
f 22// 24// 17//
f 22// 17// 20//
f 20// 17// 19//
f 25// 18// 26//
f 26// 18// 17//
f 27// 19// 25//
f 25// 19// 18//
f 28// 29// 30//
f 27// 25// 26//
f 31// 32// 26//
f 26// 32// 28//
f 26// 28// 27//
f 27// 28// 30//
f 33// 30// 34//
f 34// 30// 29//
f 33// 34// 35//
f 33// 35// 36//
f 36// 35// 37//
f 36// 37// 38//
f 38// 37// 39//
f 38// 39// 40//
f 40// 39// 41//
f 40// 41// 42//
f 42// 41// 43//
f 42// 43// 44//
f 44// 43// 45//
f 44// 45// 46//
f 46// 45// 47//
f 46// 47// 48//
f 49// 48// 50//
f 50// 48// 47//
f 51// 49// 52//
f 52// 49// 50//
f 53// 51// 54//
f 54// 51// 52//
f 53// 54// 55//
f 55// 54// 56//
f 55// 56// 57//
f 57// 56// 58//
f 57// 58// 59//
f 59// 58// 60//
f 59// 60// 61//
f 61// 60// 62//
f 61// 62// 63//
f 63// 62// 64//
f 63// 64// 65//
f 65// 64// 66//
f 65// 66// 67//
f 67// 66// 68//
f 20// 67// 21//
f 21// 67// 68//
f 19// 27// 20//
f 20// 27// 30//
f 20// 30// 67//
f 67// 30// 33//
f 67// 33// 65//
f 65// 33// 36//
f 65// 36// 63//
f 63// 36// 38//
f 63// 38// 61//
f 61// 38// 40//
f 61// 40// 59//
f 59// 40// 42//
f 59// 42// 57//
f 57// 42// 44//
f 57// 44// 55//
f 55// 44// 46//
f 55// 46// 53//
f 53// 46// 48//
f 53// 48// 51//
f 51// 48// 49//
f 52// 50// 54//
f 54// 50// 47//
f 54// 47// 56//
f 56// 47// 45//
f 56// 45// 58//
f 58// 45// 43//
f 58// 43// 60//
f 60// 43// 41//
f 60// 41// 62//
f 62// 41// 39//
f 62// 39// 64//
f 64// 39// 37//
f 64// 37// 66//
f 66// 37// 35//
f 66// 35// 68//
f 68// 35// 34//
f 68// 34// 21//
f 21// 34// 29//
f 21// 29// 22//
f 22// 29// 28//
f 69// 70// 71//
f 71// 70// 72//
f 71// 72// 73//
f 73// 72// 74//
f 73// 74// 75//
f 75// 74// 76//
f 75// 76// 77//
f 77// 76// 78//
f 77// 78// 79//
f 79// 78// 80//
f 79// 80// 81//
f 81// 80// 82//
f 81// 82// 24//
f 24// 82// 31//
f 24// 31// 17//
f 17// 31// 26//
f 72// 70// 83//
f 83// 70// 84//
f 22// 28// 23//
f 23// 28// 32//
f 23// 32// 85//
f 85// 32// 86//
f 85// 86// 87//
f 87// 86// 88//
f 87// 88// 89//
f 89// 88// 90//
f 89// 90// 91//
f 91// 90// 92//
f 91// 92// 93//
f 93// 92// 94//
f 93// 94// 95//
f 95// 94// 83//
f 95// 83// 96//
f 96// 83// 84//
f 95// 96// 71//
f 71// 96// 69//
f 96// 84// 69//
f 69// 84// 70//
f 72// 83// 94//
f 72// 94// 74//
f 74// 94// 92//
f 74// 92// 76//
f 76// 92// 90//
f 76// 90// 78//
f 78// 90// 88//
f 78// 88// 80//
f 80// 88// 86//
f 80// 86// 82//
f 82// 86// 32//
f 82// 32// 31//
f 95// 71// 93//
f 93// 71// 73//
f 93// 73// 91//
f 91// 73// 75//
f 91// 75// 89//
f 89// 75// 77//
f 89// 77// 87//
f 87// 77// 79//
f 87// 79// 85//
f 85// 79// 81//
f 85// 81// 23//
f 23// 81// 24//
usemtl 2
f 97// 98// 99//
f 100// 101// 102//
f 102// 101// 103//
f 102// 103// 104//
f 99// 105// 97//
f 97// 105// 106//
f 97// 106// 107//
f 107// 106// 108//
f 107// 108// 100//
f 100// 108// 109//
f 100// 109// 101//
f 110// 111// 112//
f 112// 111// 113//
f 112// 113// 114//
f 114// 113// 104//
f 114// 104// 115//
f 115// 104// 103//
f 110// 116// 111//
f 111// 116// 117//
f 118// 119// 120//
f 121// 122// 123//
f 123// 122// 124//
f 123// 124// 125//
f 125// 124// 126//
f 127// 128// 129//
f 129// 128// 130//
f 129// 130// 126//
f 126// 130// 131//
f 126// 131// 125//
f 120// 132// 118//
f 118// 132// 133//
f 118// 133// 134//
f 134// 133// 135//
f 134// 135// 127//
f 127// 135// 136//
f 127// 136// 128//
f 121// 137// 122//
f 122// 137// 138//
f 139// 140// 141//
f 142// 143// 144//
f 144// 143// 145//
f 144// 145// 146//
f 146// 145// 139//
f 146// 139// 147//
f 147// 139// 141//
f 140// 99// 141//
f 141// 99// 98//
f 148// 149// 150//
f 138// 137// 151//
f 151// 137// 152//
f 151// 152// 153//
f 153// 152// 148//
f 153// 148// 154//
f 154// 148// 150//
f 149// 155// 150//
f 150// 155// 156//
f 111// 117// 119//
f 119// 117// 157//
f 111// 119// 113//
f 113// 119// 118//
f 113// 118// 104//
f 104// 118// 134//
f 104// 134// 102//
f 102// 134// 127//
f 102// 127// 100//
f 100// 127// 129//
f 100// 129// 107//
f 107// 129// 126//
f 107// 126// 97//
f 97// 126// 124//
f 97// 124// 98//
f 98// 124// 122//
f 141// 98// 138//
f 138// 98// 122//
f 141// 138// 151//
f 141// 151// 147//
f 147// 151// 153//
f 147// 153// 146//
f 146// 153// 154//
f 146// 154// 144//
f 144// 154// 150//
f 144// 150// 142//
f 158// 142// 156//
f 156// 142// 150//
f 159// 158// 155//
f 155// 158// 156//
f 143// 159// 149//
f 149// 159// 155//
f 143// 149// 145//
f 145// 149// 148//
f 145// 148// 139//
f 139// 148// 152//
f 139// 152// 140//
f 140// 152// 137//
f 99// 140// 121//
f 121// 140// 137//
f 99// 121// 123//
f 99// 123// 105//
f 105// 123// 125//
f 105// 125// 106//
f 106// 125// 131//
f 106// 131// 108//
f 108// 131// 130//
f 108// 130// 109//
f 109// 130// 128//
f 109// 128// 101//
f 101// 128// 136//
f 101// 136// 103//
f 103// 136// 135//
f 103// 135// 115//
f 115// 135// 133//
f 115// 133// 114//
f 114// 133// 132//
f 114// 132// 112//
f 112// 132// 120//
f 112// 120// 110//
f 116// 110// 160//
f 160// 110// 120//
f 117// 116// 157//
f 157// 116// 160//
f 142// 158// 143//
f 143// 158// 159//
f 160// 120// 157//
f 157// 120// 119//
f 161// 162// 163//
f 163// 162// 164//
f 163// 164// 165//
f 166// 167// 168//
f 168// 167// 169//
f 168// 169// 170//
f 170// 169// 171//
f 170// 171// 172//
f 172// 171// 165//
f 172// 165// 173//
f 173// 165// 164//
f 161// 174// 162//
f 162// 174// 175//
f 176// 177// 178//
f 178// 177// 179//
f 178// 179// 180//
f 181// 182// 183//
f 183// 182// 184//
f 183// 184// 185//
f 185// 184// 186//
f 185// 186// 187//
f 187// 186// 180//
f 187// 180// 188//
f 188// 180// 179//
f 176// 189// 177//
f 177// 189// 190//
f 191// 192// 193//
f 193// 194// 191//
f 191// 194// 195//
f 191// 195// 196//
f 196// 195// 197//
f 196// 197// 198//
f 198// 197// 199//
f 198// 199// 200//
f 200// 199// 201//
f 200// 201// 202//
f 202// 201// 203//
f 202// 203// 204//
f 205// 206// 207//
f 207// 206// 208//
f 207// 208// 209//
f 209// 208// 204//
f 209// 204// 210//
f 210// 204// 203//
f 205// 167// 206//
f 206// 167// 166//
f 211// 190// 189//
f 212// 213// 214//
f 214// 213// 215//
f 214// 215// 216//
f 216// 215// 217//
f 189// 218// 211//
f 211// 218// 219//
f 211// 219// 220//
f 220// 219// 221//
f 220// 221// 222//
f 222// 221// 223//
f 222// 223// 224//
f 224// 223// 225//
f 224// 225// 226//
f 226// 225// 227//
f 226// 227// 217//
f 217// 227// 228//
f 217// 228// 216//
f 212// 229// 213//
f 213// 229// 230//
f 193// 231// 212//
f 212// 231// 229//
f 193// 212// 214//
f 193// 214// 194//
f 194// 214// 216//
f 194// 216// 195//
f 195// 216// 228//
f 195// 228// 197//
f 197// 228// 227//
f 197// 227// 199//
f 199// 227// 225//
f 199// 225// 201//
f 201// 225// 223//
f 201// 223// 203//
f 203// 223// 221//
f 203// 221// 210//
f 210// 221// 219//
f 210// 219// 209//
f 209// 219// 218//
f 209// 218// 207//
f 207// 218// 189//
f 207// 189// 205//
f 167// 205// 176//
f 176// 205// 189//
f 167// 176// 169//
f 169// 176// 178//
f 169// 178// 171//
f 171// 178// 180//
f 171// 180// 165//
f 165// 180// 186//
f 165// 186// 163//
f 163// 186// 184//
f 163// 184// 161//
f 161// 184// 182//
f 174// 161// 232//
f 232// 161// 182//
f 175// 174// 233//
f 233// 174// 232//
f 162// 175// 181//
f 181// 175// 233//
f 162// 181// 183//
f 162// 183// 164//
f 164// 183// 185//
f 164// 185// 173//
f 173// 185// 187//
f 173// 187// 172//
f 172// 187// 188//
f 172// 188// 170//
f 170// 188// 179//
f 170// 179// 168//
f 168// 179// 177//
f 168// 177// 166//
f 206// 166// 190//
f 190// 166// 177//
f 206// 190// 208//
f 208// 190// 211//
f 208// 211// 204//
f 204// 211// 220//
f 204// 220// 202//
f 202// 220// 222//
f 202// 222// 200//
f 200// 222// 224//
f 200// 224// 198//
f 198// 224// 226//
f 198// 226// 196//
f 196// 226// 217//
f 196// 217// 191//
f 191// 217// 215//
f 191// 215// 192//
f 192// 215// 213//
f 234// 192// 230//
f 230// 192// 213//
f 231// 234// 229//
f 229// 234// 230//
f 192// 234// 193//
f 193// 234// 231//
f 181// 233// 182//
f 182// 233// 232//
f 235// 236// 237//
f 237// 236// 238//
f 239// 240// 241//
f 241// 240// 242//
f 243// 244// 245//
f 245// 244// 246//
f 247// 248// 249//
f 249// 248// 250//
f 251// 252// 250//
f 250// 252// 245//
f 250// 245// 249//
f 251// 253// 252//
f 252// 253// 254//
f 252// 254// 255//
f 256// 257// 258//
f 258// 257// 259//
f 245// 246// 249//
f 249// 246// 257//
f 249// 257// 260//
f 260// 257// 256//
f 261// 262// 248//
f 248// 262// 250//
f 247// 249// 263//
f 263// 249// 264//
f 250// 262// 265//
f 250// 265// 251//
f 251// 265// 266//
f 251// 266// 253//
f 253// 266// 267//
f 253// 267// 254//
f 254// 267// 268//
f 254// 268// 255//
f 255// 268// 269//
f 255// 269// 252//
f 252// 269// 243//
f 252// 243// 245//
f 240// 270// 242//
f 242// 270// 271//
f 271// 270// 272//
f 272// 270// 273//
f 272// 273// 274//
f 274// 273// 275//
f 274// 275// 276//
f 276// 275// 277//
f 276// 277// 278//
f 278// 277// 279//
f 278// 279// 280//
f 280// 279// 281//
f 280// 281// 282//
f 282// 281// 283//
f 282// 283// 284//
f 284// 283// 285//
f 284// 285// 286//
f 286// 285// 287//
f 286// 287// 288//
f 288// 287// 289//
f 288// 289// 290//
f 289// 291// 290//
f 290// 291// 244//
f 290// 244// 243//
f 264// 249// 260//
f 264// 260// 292//
f 292// 260// 256//
f 292// 256// 293//
f 293// 256// 258//
f 293// 258// 294//
f 294// 258// 259//
f 294// 259// 295//
f 295// 259// 257//
f 295// 257// 296//
f 296// 257// 246//
f 296// 246// 244//
f 271// 272// 297//
f 274// 276// 298//
f 278// 280// 299//
f 282// 284// 300//
f 286// 288// 301//
f 290// 243// 269//
f 288// 290// 301//
f 301// 290// 269//
f 301// 269// 302//
f 302// 269// 268//
f 302// 268// 303//
f 303// 268// 267//
f 303// 267// 304//
f 304// 267// 266//
f 304// 266// 305//
f 305// 266// 265//
f 305// 265// 262//
f 284// 286// 300//
f 300// 286// 301//
f 300// 301// 306//
f 306// 301// 302//
f 306// 302// 307//
f 307// 302// 303//
f 307// 303// 308//
f 308// 303// 304//
f 308// 304// 309//
f 309// 304// 305//
f 309// 305// 262//
f 280// 282// 299//
f 299// 282// 300//
f 299// 300// 310//
f 310// 300// 306//
f 310// 306// 311//
f 311// 306// 307//
f 311// 307// 312//
f 312// 307// 308//
f 312// 308// 313//
f 313// 308// 309//
f 313// 309// 262//
f 276// 278// 298//
f 298// 278// 299//
f 298// 299// 314//
f 314// 299// 310//
f 314// 310// 315//
f 315// 310// 311//
f 315// 311// 316//
f 316// 311// 312//
f 316// 312// 317//
f 317// 312// 313//
f 317// 313// 262//
f 272// 274// 297//
f 297// 274// 298//
f 297// 298// 318//
f 318// 298// 314//
f 318// 314// 319//
f 319// 314// 315//
f 319// 315// 320//
f 320// 315// 316//
f 320// 316// 321//
f 321// 316// 317//
f 321// 317// 262//
f 242// 271// 322//
f 322// 271// 297//
f 322// 297// 323//
f 323// 297// 318//
f 323// 318// 324//
f 324// 318// 319//
f 324// 319// 325//
f 325// 319// 320//
f 325// 320// 326//
f 326// 320// 321//
f 326// 321// 262//
f 270// 240// 327//
f 275// 273// 328//
f 279// 277// 329//
f 283// 281// 330//
f 287// 285// 331//
f 291// 289// 332//
f 289// 287// 332//
f 332// 287// 331//
f 332// 331// 333//
f 333// 331// 334//
f 333// 334// 335//
f 335// 334// 336//
f 335// 336// 337//
f 337// 336// 338//
f 337// 338// 339//
f 339// 338// 340//
f 339// 340// 264//
f 285// 283// 331//
f 331// 283// 330//
f 331// 330// 334//
f 334// 330// 341//
f 334// 341// 336//
f 336// 341// 342//
f 336// 342// 338//
f 338// 342// 343//
f 338// 343// 340//
f 340// 343// 344//
f 340// 344// 264//
f 244// 291// 296//
f 296// 291// 332//
f 296// 332// 295//
f 295// 332// 333//
f 295// 333// 294//
f 294// 333// 335//
f 294// 335// 293//
f 293// 335// 337//
f 293// 337// 292//
f 292// 337// 339//
f 292// 339// 264//
f 277// 275// 329//
f 329// 275// 328//
f 329// 328// 345//
f 345// 328// 346//
f 345// 346// 347//
f 347// 346// 348//
f 347// 348// 349//
f 349// 348// 350//
f 349// 350// 351//
f 351// 350// 352//
f 351// 352// 264//
f 273// 270// 328//
f 328// 270// 327//
f 328// 327// 346//
f 346// 327// 353//
f 346// 353// 348//
f 348// 353// 354//
f 348// 354// 350//
f 350// 354// 355//
f 350// 355// 352//
f 352// 355// 356//
f 352// 356// 264//
f 281// 279// 330//
f 330// 279// 329//
f 330// 329// 341//
f 341// 329// 345//
f 341// 345// 342//
f 342// 345// 347//
f 342// 347// 343//
f 343// 347// 349//
f 343// 349// 344//
f 344// 349// 351//
f 344// 351// 264//
f 262// 261// 357//
f 262// 357// 326//
f 326// 357// 358//
f 326// 358// 325//
f 325// 358// 359//
f 325// 359// 324//
f 324// 359// 360//
f 324// 360// 323//
f 323// 360// 361//
f 323// 361// 322//
f 322// 361// 241//
f 322// 241// 242//
f 238// 236// 362//
f 238// 362// 363//
f 363// 362// 364//
f 363// 364// 365//
f 365// 364// 366//
f 365// 366// 367//
f 367// 366// 368//
f 367// 368// 369//
f 369// 368// 370//
f 369// 370// 371//
f 371// 370// 239//
f 371// 239// 241//
f 263// 264// 356//
f 263// 356// 372//
f 372// 356// 355//
f 372// 355// 373//
f 373// 355// 354//
f 373// 354// 374//
f 374// 354// 353//
f 374// 353// 375//
f 375// 353// 327//
f 375// 327// 376//
f 376// 327// 240//
f 376// 240// 239//
f 241// 361// 377//
f 378// 379// 380//
f 261// 381// 382//
f 380// 379// 261//
f 383// 261// 379//
f 383// 379// 384//
f 384// 379// 378//
f 384// 378// 385//
f 357// 261// 383//
f 386// 387// 388//
f 388// 387// 382//
f 388// 382// 389//
f 389// 382// 381//
f 389// 381// 390//
f 357// 383// 358//
f 358// 383// 384//
f 358// 384// 359//
f 359// 384// 385//
f 359// 385// 360//
f 391// 386// 392//
f 392// 386// 388//
f 392// 388// 393//
f 393// 388// 389//
f 393// 389// 394//
f 394// 389// 390//
f 394// 390// 395//
f 396// 391// 397//
f 397// 391// 392//
f 397// 392// 398//
f 398// 392// 393//
f 398// 393// 399//
f 399// 393// 394//
f 399// 394// 400//
f 400// 394// 395//
f 400// 395// 401//
f 361// 396// 377//
f 377// 396// 397//
f 377// 397// 402//
f 402// 397// 398//
f 402// 398// 403//
f 403// 398// 399//
f 403// 399// 404//
f 404// 399// 400//
f 404// 400// 405//
f 405// 400// 401//
f 405// 401// 406//
f 241// 377// 371//
f 371// 377// 402//
f 371// 402// 369//
f 369// 402// 403//
f 369// 403// 367//
f 367// 403// 404//
f 367// 404// 365//
f 365// 404// 405//
f 365// 405// 363//
f 363// 405// 406//
f 363// 406// 238//
f 387// 261// 382//
f 361// 360// 396//
f 396// 360// 385//
f 396// 385// 391//
f 391// 385// 378//
f 391// 378// 386//
f 386// 378// 380//
f 386// 380// 387//
f 387// 380// 261//
f 370// 368// 407//
f 407// 368// 408//
f 407// 408// 409//
f 409// 408// 410//
f 409// 410// 411//
f 411// 410// 412//
f 411// 412// 413//
f 413// 412// 414//
f 413// 414// 415//
f 415// 414// 416//
f 415// 416// 263//
f 368// 366// 408//
f 408// 366// 417//
f 408// 417// 410//
f 410// 417// 418//
f 410// 418// 412//
f 412// 418// 419//
f 412// 419// 414//
f 414// 419// 420//
f 414// 420// 416//
f 416// 420// 421//
f 416// 421// 263//
f 239// 370// 376//
f 376// 370// 407//
f 376// 407// 375//
f 375// 407// 409//
f 375// 409// 374//
f 374// 409// 411//
f 374// 411// 373//
f 373// 411// 413//
f 373// 413// 372//
f 372// 413// 415//
f 372// 415// 263//
f 364// 362// 422//
f 422// 362// 423//
f 422// 423// 424//
f 424// 423// 425//
f 424// 425// 426//
f 426// 425// 427//
f 426// 427// 428//
f 428// 427// 429//
f 428// 429// 430//
f 430// 429// 431//
f 430// 431// 263//
f 362// 236// 423//
f 423// 236// 432//
f 423// 432// 425//
f 425// 432// 433//
f 425// 433// 427//
f 427// 433// 434//
f 427// 434// 429//
f 429// 434// 435//
f 429// 435// 431//
f 431// 435// 436//
f 431// 436// 263//
f 366// 364// 417//
f 417// 364// 422//
f 417// 422// 418//
f 418// 422// 424//
f 418// 424// 419//
f 419// 424// 426//
f 419// 426// 420//
f 420// 426// 428//
f 420// 428// 421//
f 421// 428// 430//
f 421// 430// 263//
f 237// 238// 406//
f 237// 406// 437//
f 437// 406// 401//
f 437// 401// 438//
f 438// 401// 395//
f 438// 395// 439//
f 439// 395// 440//
f 440// 395// 390//
f 440// 390// 441//
f 441// 390// 442//
f 442// 390// 381//
f 442// 381// 443//
f 443// 381// 444//
f 444// 381// 261//
f 444// 261// 248//
f 247// 263// 445//
f 445// 263// 436//
f 435// 446// 436//
f 436// 446// 447//
f 436// 447// 445//
f 448// 449// 435//
f 435// 449// 450//
f 435// 450// 446//
f 435// 434// 448//
f 448// 434// 433//
f 448// 433// 451//
f 451// 433// 432//
f 451// 432// 452//
f 452// 432// 236//
f 452// 236// 235//
f 449// 448// 439//
f 439// 448// 451//
f 439// 451// 438//
f 438// 451// 452//
f 438// 452// 437//
f 437// 452// 235//
f 437// 235// 237//
f 443// 446// 442//
f 442// 446// 450//
f 442// 450// 441//
f 441// 450// 449//
f 441// 449// 440//
f 440// 449// 439//
f 248// 247// 444//
f 444// 247// 445//
f 444// 445// 443//
f 443// 445// 447//
f 443// 447// 446//
f 453// 454// 455//
f 455// 454// 456//
f 455// 456// 457//
f 458// 459// 455//
f 455// 459// 460//
f 455// 460// 453//
f 461// 462// 455//
f 455// 462// 463//
f 455// 463// 458//
f 464// 465// 455//
f 455// 465// 466//
f 455// 466// 461//
f 467// 468// 455//
f 455// 468// 469//
f 455// 469// 464//
f 470// 471// 455//
f 455// 471// 472//
f 455// 472// 467//
f 473// 474// 455//
f 455// 474// 475//
f 455// 475// 470//
f 476// 477// 455//
f 455// 477// 478//
f 455// 478// 473//
f 457// 479// 455//
f 455// 479// 480//
f 455// 480// 476//
f 481// 482// 483//
f 483// 482// 484//
f 483// 484// 485//
f 486// 487// 483//
f 483// 487// 488//
f 483// 488// 481//
f 489// 490// 483//
f 483// 490// 491//
f 483// 491// 486//
f 492// 493// 483//
f 483// 493// 494//
f 483// 494// 489//
f 495// 496// 483//
f 483// 496// 497//
f 483// 497// 492//
f 498// 499// 483//
f 483// 499// 500//
f 483// 500// 495//
f 501// 502// 483//
f 483// 502// 503//
f 483// 503// 498//
f 504// 505// 483//
f 483// 505// 506//
f 483// 506// 501//
f 485// 507// 483//
f 483// 507// 508//
f 483// 508// 504//
f 484// 482// 509//
f 509// 482// 510//
f 509// 510// 511//
f 511// 510// 512//
f 511// 512// 513//
f 513// 512// 514//
f 513// 514// 515//
f 515// 514// 516//
f 515// 516// 517//
f 517// 516// 518//
f 517// 518// 519//
f 519// 518// 520//
f 519// 520// 521//
f 521// 520// 522//
f 521// 522// 523//
f 523// 522// 524//
f 523// 524// 525//
f 525// 524// 526//
f 525// 526// 527//
f 527// 526// 528//
f 527// 528// 529//
f 529// 528// 530//
f 529// 530// 531//
f 531// 530// 532//
f 531// 532// 533//
f 533// 532// 534//
f 533// 534// 535//
f 535// 534// 536//
f 535// 536// 537//
f 537// 536// 538//
f 537// 538// 539//
f 539// 538// 540//
f 539// 540// 541//
f 541// 540// 542//
f 541// 542// 543//
f 543// 542// 544//
f 543// 544// 545//
f 545// 544// 546//
f 545// 546// 547//
f 547// 546// 548//
f 547// 548// 549//
f 549// 548// 550//
f 549// 550// 551//
f 551// 550// 552//
f 551// 552// 553//
f 553// 552// 554//
f 553// 554// 555//
f 555// 554// 556//
f 555// 556// 557//
f 557// 556// 558//
f 557// 558// 559//
f 559// 558// 560//
f 559// 560// 561//
f 561// 560// 562//
f 561// 562// 563//
f 563// 562// 564//
f 563// 564// 565//
f 565// 564// 566//
f 565// 566// 567//
f 567// 566// 568//
f 567// 568// 569//
f 569// 568// 570//
f 569// 570// 571//
f 571// 570// 572//
f 571// 572// 573//
f 573// 572// 574//
f 573// 574// 575//
f 575// 574// 576//
f 575// 576// 577//
f 577// 576// 578//
f 577// 578// 579//
f 579// 578// 580//
f 579// 580// 581//
f 581// 580// 582//
f 581// 582// 583//
f 583// 582// 584//
f 583// 584// 585//
f 585// 584// 586//
f 585// 586// 587//
f 587// 586// 588//
f 587// 588// 589//
f 589// 588// 590//
f 589// 590// 591//
f 591// 590// 592//
f 591// 592// 593//
f 593// 592// 594//
f 593// 594// 595//
f 595// 594// 596//
f 595// 596// 597//
f 597// 596// 598//
f 597// 598// 599//
f 599// 598// 600//
f 599// 600// 601//
f 601// 600// 602//
f 601// 602// 603//
f 603// 602// 604//
f 603// 604// 605//
f 605// 604// 606//
f 605// 606// 607//
f 607// 606// 608//
f 607// 608// 609//
f 609// 608// 610//
f 609// 610// 611//
f 611// 610// 612//
f 611// 612// 613//
f 613// 612// 614//
f 613// 614// 615//
f 615// 614// 616//
f 615// 616// 617//
f 617// 616// 618//
f 617// 618// 619//
f 619// 618// 620//
f 619// 620// 621//
f 621// 620// 622//
f 621// 622// 623//
f 623// 622// 624//
f 623// 624// 625//
f 625// 624// 626//
f 625// 626// 627//
f 627// 626// 628//
f 627// 628// 629//
f 629// 628// 630//
f 629// 630// 631//
f 631// 630// 632//
f 631// 632// 633//
f 633// 632// 634//
f 633// 634// 635//
f 635// 634// 636//
f 635// 636// 637//
f 637// 636// 638//
f 637// 638// 639//
f 639// 638// 640//
f 639// 640// 641//
f 641// 640// 642//
f 641// 642// 643//
f 643// 642// 644//
f 643// 644// 645//
f 645// 644// 646//
f 645// 646// 647//
f 647// 646// 648//
f 647// 648// 649//
f 649// 648// 650//
f 649// 650// 651//
f 651// 650// 652//
f 651// 652// 653//
f 653// 652// 654//
f 653// 654// 655//
f 655// 654// 656//
f 655// 656// 657//
f 657// 656// 658//
f 657// 658// 659//
f 659// 658// 660//
f 659// 660// 661//
f 661// 660// 662//
f 661// 662// 663//
f 663// 662// 664//
f 663// 664// 665//
f 665// 664// 666//
f 665// 666// 667//
f 667// 666// 668//
f 667// 668// 669//
f 669// 668// 670//
f 669// 670// 671//
f 671// 670// 672//
f 671// 672// 673//
f 673// 672// 674//
f 673// 674// 675//
f 675// 674// 676//
f 675// 676// 677//
f 677// 676// 678//
f 677// 678// 679//
f 679// 678// 680//
f 679// 680// 681//
f 681// 680// 682//
f 681// 682// 683//
f 683// 682// 684//
f 683// 684// 685//
f 685// 684// 686//
f 685// 686// 687//
f 687// 686// 688//
f 687// 688// 689//
f 689// 688// 690//
f 689// 690// 691//
f 691// 690// 692//
f 691// 692// 693//
f 693// 692// 694//
f 693// 694// 695//
f 695// 694// 696//
f 695// 696// 697//
f 697// 696// 698//
f 697// 698// 699//
f 699// 698// 700//
f 699// 700// 701//
f 701// 700// 702//
f 701// 702// 703//
f 703// 702// 704//
f 703// 704// 705//
f 705// 704// 706//
f 705// 706// 707//
f 707// 706// 708//
f 707// 708// 709//
f 709// 708// 710//
f 709// 710// 711//
f 711// 710// 712//
f 711// 712// 713//
f 713// 712// 714//
f 713// 714// 715//
f 715// 714// 716//
f 715// 716// 717//
f 717// 716// 718//
f 717// 718// 719//
f 719// 718// 720//
f 719// 720// 721//
f 721// 720// 722//
f 721// 722// 723//
f 723// 722// 724//
f 723// 724// 725//
f 725// 724// 726//
f 725// 726// 727//
f 727// 726// 728//
f 727// 728// 729//
f 729// 728// 730//
f 729// 730// 731//
f 731// 730// 732//
f 731// 732// 733//
f 733// 732// 734//
f 733// 734// 735//
f 735// 734// 736//
f 735// 736// 737//
f 737// 736// 738//
f 737// 738// 739//
f 739// 738// 740//
f 739// 740// 741//
f 741// 740// 742//
f 741// 742// 743//
f 743// 742// 744//
f 743// 744// 745//
f 745// 744// 746//
f 745// 746// 747//
f 747// 746// 748//
f 747// 748// 749//
f 749// 748// 750//
f 749// 750// 751//
f 751// 750// 752//
f 751// 752// 753//
f 753// 752// 754//
f 753// 754// 755//
f 755// 754// 756//
f 755// 756// 757//
f 757// 756// 758//
f 757// 758// 759//
f 759// 758// 760//
f 759// 760// 761//
f 761// 760// 762//
f 761// 762// 763//
f 763// 762// 764//
f 457// 456// 765//
f 765// 456// 766//
f 765// 766// 767//
f 767// 766// 768//
f 767// 768// 769//
f 769// 768// 770//
f 769// 770// 771//
f 771// 770// 772//
f 771// 772// 773//
f 773// 772// 774//
f 773// 774// 775//
f 775// 774// 776//
f 775// 776// 777//
f 777// 776// 778//
f 777// 778// 779//
f 779// 778// 780//
f 779// 780// 781//
f 781// 780// 782//
f 781// 782// 783//
f 783// 782// 784//
f 783// 784// 785//
f 785// 784// 786//
f 785// 786// 787//
f 787// 786// 788//
f 787// 788// 789//
f 789// 788// 790//
f 789// 790// 791//
f 791// 790// 792//
f 791// 792// 793//
f 793// 792// 794//
f 793// 794// 795//
f 795// 794// 796//
f 795// 796// 797//
f 797// 796// 798//
f 797// 798// 799//
f 799// 798// 800//
f 799// 800// 801//
f 801// 800// 802//
f 801// 802// 803//
f 803// 802// 804//
f 803// 804// 805//
f 805// 804// 806//
f 805// 806// 807//
f 807// 806// 808//
f 807// 808// 809//
f 809// 808// 810//
f 809// 810// 811//
f 811// 810// 812//
f 811// 812// 813//
f 813// 812// 814//
f 813// 814// 815//
f 815// 814// 816//
f 815// 816// 817//
f 817// 816// 818//
f 817// 818// 819//
f 819// 818// 820//
f 819// 820// 821//
f 821// 820// 822//
f 821// 822// 823//
f 823// 822// 824//
f 823// 824// 825//
f 825// 824// 826//
f 825// 826// 827//
f 827// 826// 828//
f 827// 828// 829//
f 829// 828// 830//
f 829// 830// 831//
f 831// 830// 832//
f 831// 832// 833//
f 833// 832// 834//
f 833// 834// 835//
f 835// 834// 836//
f 835// 836// 837//
f 837// 836// 838//
f 837// 838// 839//
f 839// 838// 840//
f 839// 840// 841//
f 841// 840// 842//
f 841// 842// 843//
f 843// 842// 844//
f 843// 844// 845//
f 845// 844// 846//
f 845// 846// 847//
f 847// 846// 848//
f 847// 848// 849//
f 849// 848// 850//
f 849// 850// 851//
f 851// 850// 852//
f 851// 852// 853//
f 853// 852// 854//
f 853// 854// 855//
f 855// 854// 856//
f 855// 856// 857//
f 857// 856// 858//
f 857// 858// 859//
f 859// 858// 860//
f 859// 860// 861//
f 861// 860// 862//
f 861// 862// 863//
f 863// 862// 864//
f 863// 864// 865//
f 865// 864// 866//
f 865// 866// 867//
f 867// 866// 868//
f 867// 868// 869//
f 869// 868// 870//
f 869// 870// 871//
f 871// 870// 872//
f 871// 872// 873//
f 873// 872// 874//
f 873// 874// 875//
f 875// 874// 876//
f 875// 876// 877//
f 877// 876// 878//
f 877// 878// 879//
f 879// 878// 880//
f 879// 880// 881//
f 881// 880// 882//
f 881// 882// 883//
f 883// 882// 884//
f 883// 884// 885//
f 885// 884// 886//
f 885// 886// 887//
f 887// 886// 888//
f 887// 888// 889//
f 889// 888// 890//
f 889// 890// 891//
f 891// 890// 892//
f 891// 892// 893//
f 893// 892// 894//
f 893// 894// 895//
f 895// 894// 896//
f 895// 896// 897//
f 897// 896// 898//
f 897// 898// 899//
f 899// 898// 900//
f 899// 900// 901//
f 901// 900// 902//
f 901// 902// 903//
f 903// 902// 904//
f 903// 904// 905//
f 905// 904// 906//
f 905// 906// 907//
f 907// 906// 908//
f 907// 908// 909//
f 909// 908// 910//
f 909// 910// 911//
f 911// 910// 912//
f 911// 912// 913//
f 913// 912// 914//
f 913// 914// 915//
f 915// 914// 916//
f 915// 916// 917//
f 917// 916// 918//
f 917// 918// 919//
f 919// 918// 920//
f 919// 920// 921//
f 921// 920// 922//
f 921// 922// 923//
f 923// 922// 924//
f 923// 924// 925//
f 925// 924// 926//
f 925// 926// 927//
f 927// 926// 928//
f 927// 928// 929//
f 929// 928// 930//
f 929// 930// 931//
f 931// 930// 932//
f 931// 932// 933//
f 933// 932// 934//
f 933// 934// 935//
f 935// 934// 936//
f 935// 936// 937//
f 937// 936// 938//
f 937// 938// 939//
f 939// 938// 940//
f 939// 940// 941//
f 941// 940// 942//
f 941// 942// 943//
f 943// 942// 944//
f 943// 944// 945//
f 945// 944// 946//
f 945// 946// 947//
f 947// 946// 948//
f 947// 948// 949//
f 949// 948// 950//
f 949// 950// 951//
f 951// 950// 952//
f 951// 952// 953//
f 953// 952// 954//
f 953// 954// 955//
f 955// 954// 956//
f 955// 956// 957//
f 957// 956// 958//
f 957// 958// 959//
f 959// 958// 960//
f 959// 960// 961//
f 961// 960// 962//
f 961// 962// 963//
f 963// 962// 964//
f 963// 964// 965//
f 965// 964// 966//
f 965// 966// 967//
f 967// 966// 968//
f 967// 968// 969//
f 969// 968// 970//
f 969// 970// 971//
f 971// 970// 972//
f 971// 972// 973//
f 973// 972// 974//
f 973// 974// 975//
f 975// 974// 976//
f 975// 976// 977//
f 977// 976// 978//
f 977// 978// 979//
f 979// 978// 980//
f 979// 980// 981//
f 981// 980// 982//
f 981// 982// 983//
f 983// 982// 984//
f 983// 984// 985//
f 985// 984// 986//
f 985// 986// 987//
f 987// 986// 988//
f 987// 988// 989//
f 989// 988// 990//
f 989// 990// 991//
f 991// 990// 992//
f 991// 992// 993//
f 993// 992// 994//
f 993// 994// 995//
f 995// 994// 996//
f 995// 996// 997//
f 997// 996// 998//
f 997// 998// 999//
f 999// 998// 1000//
f 999// 1000// 1001//
f 1001// 1000// 1002//
f 1001// 1002// 1003//
f 1003// 1002// 1004//
f 1003// 1004// 1005//
f 1005// 1004// 1006//
f 1005// 1006// 1007//
f 1007// 1006// 1008//
f 1007// 1008// 1009//
f 1009// 1008// 1010//
f 1009// 1010// 1011//
f 1011// 1010// 1012//
f 1011// 1012// 1013//
f 1013// 1012// 1014//
f 1013// 1014// 1015//
f 1015// 1014// 1016//
f 1015// 1016// 1017//
f 1017// 1016// 1018//
f 1017// 1018// 1019//
f 1019// 1018// 1020//
f 482// 481// 510//
f 510// 481// 1021//
f 510// 1021// 512//
f 512// 1021// 1022//
f 512// 1022// 514//
f 514// 1022// 1023//
f 514// 1023// 516//
f 516// 1023// 1024//
f 516// 1024// 518//
f 518// 1024// 1025//
f 518// 1025// 520//
f 520// 1025// 1026//
f 520// 1026// 522//
f 522// 1026// 1027//
f 522// 1027// 524//
f 524// 1027// 1028//
f 524// 1028// 526//
f 526// 1028// 1029//
f 526// 1029// 528//
f 528// 1029// 1030//
f 528// 1030// 530//
f 530// 1030// 1031//
f 530// 1031// 532//
f 532// 1031// 1032//
f 532// 1032// 534//
f 534// 1032// 1033//
f 534// 1033// 536//
f 536// 1033// 1034//
f 536// 1034// 538//
f 538// 1034// 1035//
f 538// 1035// 540//
f 540// 1035// 1036//
f 540// 1036// 542//
f 542// 1036// 1037//
f 542// 1037// 544//
f 544// 1037// 1038//
f 544// 1038// 546//
f 546// 1038// 1039//
f 546// 1039// 548//
f 548// 1039// 1040//
f 548// 1040// 550//
f 550// 1040// 1041//
f 550// 1041// 552//
f 552// 1041// 1042//
f 552// 1042// 554//
f 554// 1042// 1043//
f 554// 1043// 556//
f 556// 1043// 1044//
f 556// 1044// 558//
f 558// 1044// 1045//
f 558// 1045// 560//
f 560// 1045// 1046//
f 560// 1046// 562//
f 562// 1046// 1047//
f 562// 1047// 564//
f 564// 1047// 1048//
f 564// 1048// 566//
f 566// 1048// 1049//
f 566// 1049// 568//
f 568// 1049// 1050//
f 568// 1050// 570//
f 570// 1050// 1051//
f 570// 1051// 572//
f 572// 1051// 1052//
f 572// 1052// 574//
f 574// 1052// 1053//
f 574// 1053// 576//
f 576// 1053// 1054//
f 576// 1054// 578//
f 578// 1054// 1055//
f 578// 1055// 580//
f 580// 1055// 1056//
f 580// 1056// 582//
f 582// 1056// 1057//
f 582// 1057// 584//
f 584// 1057// 1058//
f 584// 1058// 586//
f 586// 1058// 1059//
f 586// 1059// 588//
f 588// 1059// 1060//
f 588// 1060// 590//
f 590// 1060// 1061//
f 590// 1061// 592//
f 592// 1061// 1062//
f 592// 1062// 594//
f 594// 1062// 1063//
f 594// 1063// 596//
f 596// 1063// 1064//
f 596// 1064// 598//
f 598// 1064// 1065//
f 598// 1065// 600//
f 600// 1065// 1066//
f 600// 1066// 602//
f 602// 1066// 1067//
f 602// 1067// 604//
f 604// 1067// 1068//
f 604// 1068// 606//
f 606// 1068// 1069//
f 606// 1069// 608//
f 608// 1069// 1070//
f 608// 1070// 610//
f 610// 1070// 1071//
f 610// 1071// 612//
f 612// 1071// 1072//
f 612// 1072// 614//
f 614// 1072// 1073//
f 614// 1073// 616//
f 616// 1073// 1074//
f 616// 1074// 618//
f 618// 1074// 1075//
f 618// 1075// 620//
f 620// 1075// 1076//
f 620// 1076// 622//
f 622// 1076// 1077//
f 622// 1077// 624//
f 624// 1077// 1078//
f 624// 1078// 626//
f 626// 1078// 1079//
f 626// 1079// 628//
f 628// 1079// 1080//
f 628// 1080// 630//
f 630// 1080// 1081//
f 630// 1081// 632//
f 632// 1081// 1082//
f 632// 1082// 634//
f 634// 1082// 1083//
f 634// 1083// 636//
f 636// 1083// 1084//
f 636// 1084// 638//
f 638// 1084// 1085//
f 638// 1085// 640//
f 640// 1085// 1086//
f 640// 1086// 642//
f 642// 1086// 1087//
f 642// 1087// 644//
f 644// 1087// 1088//
f 644// 1088// 646//
f 646// 1088// 1089//
f 646// 1089// 648//
f 648// 1089// 1090//
f 648// 1090// 650//
f 650// 1090// 1091//
f 650// 1091// 652//
f 652// 1091// 1092//
f 652// 1092// 654//
f 654// 1092// 1093//
f 654// 1093// 656//
f 656// 1093// 1094//
f 656// 1094// 658//
f 658// 1094// 1095//
f 658// 1095// 660//
f 660// 1095// 1096//
f 660// 1096// 662//
f 662// 1096// 1097//
f 662// 1097// 664//
f 664// 1097// 1098//
f 664// 1098// 666//
f 666// 1098// 1099//
f 666// 1099// 668//
f 668// 1099// 1100//
f 668// 1100// 670//
f 670// 1100// 1101//
f 670// 1101// 672//
f 672// 1101// 1102//
f 672// 1102// 674//
f 674// 1102// 1103//
f 674// 1103// 676//
f 676// 1103// 1104//
f 676// 1104// 678//
f 678// 1104// 1105//
f 678// 1105// 680//
f 680// 1105// 1106//
f 680// 1106// 682//
f 682// 1106// 1107//
f 682// 1107// 684//
f 684// 1107// 1108//
f 684// 1108// 686//
f 686// 1108// 1109//
f 686// 1109// 688//
f 688// 1109// 1110//
f 688// 1110// 690//
f 690// 1110// 1111//
f 690// 1111// 692//
f 692// 1111// 1112//
f 692// 1112// 694//
f 694// 1112// 1113//
f 694// 1113// 696//
f 696// 1113// 1114//
f 696// 1114// 698//
f 698// 1114// 1115//
f 698// 1115// 700//
f 700// 1115// 1116//
f 700// 1116// 702//
f 702// 1116// 1117//
f 702// 1117// 704//
f 704// 1117// 1118//
f 704// 1118// 706//
f 706// 1118// 1119//
f 706// 1119// 708//
f 708// 1119// 1120//
f 708// 1120// 710//
f 710// 1120// 1121//
f 710// 1121// 712//
f 712// 1121// 1122//
f 712// 1122// 714//
f 714// 1122// 1123//
f 714// 1123// 716//
f 716// 1123// 1124//
f 716// 1124// 718//
f 718// 1124// 1125//
f 718// 1125// 720//
f 720// 1125// 1126//
f 720// 1126// 722//
f 722// 1126// 1127//
f 722// 1127// 724//
f 724// 1127// 1128//
f 724// 1128// 726//
f 726// 1128// 1129//
f 726// 1129// 728//
f 728// 1129// 1130//
f 728// 1130// 730//
f 730// 1130// 1131//
f 730// 1131// 732//
f 732// 1131// 1132//
f 732// 1132// 734//
f 734// 1132// 1133//
f 734// 1133// 736//
f 736// 1133// 1134//
f 736// 1134// 738//
f 738// 1134// 1135//
f 738// 1135// 740//
f 740// 1135// 1136//
f 740// 1136// 742//
f 742// 1136// 1137//
f 742// 1137// 744//
f 744// 1137// 1138//
f 744// 1138// 746//
f 746// 1138// 1139//
f 746// 1139// 748//
f 748// 1139// 1140//
f 748// 1140// 750//
f 750// 1140// 1141//
f 750// 1141// 752//
f 752// 1141// 1142//
f 752// 1142// 754//
f 754// 1142// 1143//
f 754// 1143// 756//
f 756// 1143// 1144//
f 756// 1144// 758//
f 758// 1144// 1145//
f 758// 1145// 760//
f 760// 1145// 1146//
f 760// 1146// 762//
f 762// 1146// 1147//
f 762// 1147// 764//
f 764// 1147// 1148//
f 479// 457// 1149//
f 1149// 457// 765//
f 1149// 765// 1150//
f 1150// 765// 767//
f 1150// 767// 1151//
f 1151// 767// 769//
f 1151// 769// 1152//
f 1152// 769// 771//
f 1152// 771// 1153//
f 1153// 771// 773//
f 1153// 773// 1154//
f 1154// 773// 775//
f 1154// 775// 1155//
f 1155// 775// 777//
f 1155// 777// 1156//
f 1156// 777// 779//
f 1156// 779// 1157//
f 1157// 779// 781//
f 1157// 781// 1158//
f 1158// 781// 783//
f 1158// 783// 1159//
f 1159// 783// 785//
f 1159// 785// 1160//
f 1160// 785// 787//
f 1160// 787// 1161//
f 1161// 787// 789//
f 1161// 789// 1162//
f 1162// 789// 791//
f 1162// 791// 1163//
f 1163// 791// 793//
f 1163// 793// 1164//
f 1164// 793// 795//
f 1164// 795// 1165//
f 1165// 795// 797//
f 1165// 797// 1166//
f 1166// 797// 799//
f 1166// 799// 1167//
f 1167// 799// 801//
f 1167// 801// 1168//
f 1168// 801// 803//
f 1168// 803// 1169//
f 1169// 803// 805//
f 1169// 805// 1170//
f 1170// 805// 807//
f 1170// 807// 1171//
f 1171// 807// 809//
f 1171// 809// 1172//
f 1172// 809// 811//
f 1172// 811// 1173//
f 1173// 811// 813//
f 1173// 813// 1174//
f 1174// 813// 815//
f 1174// 815// 1175//
f 1175// 815// 817//
f 1175// 817// 1176//
f 1176// 817// 819//
f 1176// 819// 1177//
f 1177// 819// 821//
f 1177// 821// 1178//
f 1178// 821// 823//
f 1178// 823// 1179//
f 1179// 823// 825//
f 1179// 825// 1180//
f 1180// 825// 827//
f 1180// 827// 1181//
f 1181// 827// 829//
f 1181// 829// 1182//
f 1182// 829// 831//
f 1182// 831// 1183//
f 1183// 831// 833//
f 1183// 833// 1184//
f 1184// 833// 835//
f 1184// 835// 1185//
f 1185// 835// 837//
f 1185// 837// 1186//
f 1186// 837// 839//
f 1186// 839// 1187//
f 1187// 839// 841//
f 1187// 841// 1188//
f 1188// 841// 843//
f 1188// 843// 1189//
f 1189// 843// 845//
f 1189// 845// 1190//
f 1190// 845// 847//
f 1190// 847// 1191//
f 1191// 847// 849//
f 1191// 849// 1192//
f 1192// 849// 851//
f 1192// 851// 1193//
f 1193// 851// 853//
f 1193// 853// 1194//
f 1194// 853// 855//
f 1194// 855// 1195//
f 1195// 855// 857//
f 1195// 857// 1196//
f 1196// 857// 859//
f 1196// 859// 1197//
f 1197// 859// 861//
f 1197// 861// 1198//
f 1198// 861// 863//
f 1198// 863// 1199//
f 1199// 863// 865//
f 1199// 865// 1200//
f 1200// 865// 867//
f 1200// 867// 1201//
f 1201// 867// 869//
f 1201// 869// 1202//
f 1202// 869// 871//
f 1202// 871// 1203//
f 1203// 871// 873//
f 1203// 873// 1204//
f 1204// 873// 875//
f 1204// 875// 1205//
f 1205// 875// 877//
f 1205// 877// 1206//
f 1206// 877// 879//
f 1206// 879// 1207//
f 1207// 879// 881//
f 1207// 881// 1208//
f 1208// 881// 883//
f 1208// 883// 1209//
f 1209// 883// 885//
f 1209// 885// 1210//
f 1210// 885// 887//
f 1210// 887// 1211//
f 1211// 887// 889//
f 1211// 889// 1212//
f 1212// 889// 891//
f 1212// 891// 1213//
f 1213// 891// 893//
f 1213// 893// 1214//
f 1214// 893// 895//
f 1214// 895// 1215//
f 1215// 895// 897//
f 1215// 897// 1216//
f 1216// 897// 899//
f 1216// 899// 1217//
f 1217// 899// 901//
f 1217// 901// 1218//
f 1218// 901// 903//
f 1218// 903// 1219//
f 1219// 903// 905//
f 1219// 905// 1220//
f 1220// 905// 907//
f 1220// 907// 1221//
f 1221// 907// 909//
f 1221// 909// 1222//
f 1222// 909// 911//
f 1222// 911// 1223//
f 1223// 911// 913//
f 1223// 913// 1224//
f 1224// 913// 915//
f 1224// 915// 1225//
f 1225// 915// 917//
f 1225// 917// 1226//
f 1226// 917// 919//
f 1226// 919// 1227//
f 1227// 919// 921//
f 1227// 921// 1228//
f 1228// 921// 923//
f 1228// 923// 1229//
f 1229// 923// 925//
f 1229// 925// 1230//
f 1230// 925// 927//
f 1230// 927// 1231//
f 1231// 927// 929//
f 1231// 929// 1232//
f 1232// 929// 931//
f 1232// 931// 1233//
f 1233// 931// 933//
f 1233// 933// 1234//
f 1234// 933// 935//
f 1234// 935// 1235//
f 1235// 935// 937//
f 1235// 937// 1236//
f 1236// 937// 939//
f 1236// 939// 1237//
f 1237// 939// 941//
f 1237// 941// 1238//
f 1238// 941// 943//
f 1238// 943// 1239//
f 1239// 943// 945//
f 1239// 945// 1240//
f 1240// 945// 947//
f 1240// 947// 1241//
f 1241// 947// 949//
f 1241// 949// 1242//
f 1242// 949// 951//
f 1242// 951// 1243//
f 1243// 951// 953//
f 1243// 953// 1244//
f 1244// 953// 955//
f 1244// 955// 1245//
f 1245// 955// 957//
f 1245// 957// 1246//
f 1246// 957// 959//
f 1246// 959// 1247//
f 1247// 959// 961//
f 1247// 961// 1248//
f 1248// 961// 963//
f 1248// 963// 1249//
f 1249// 963// 965//
f 1249// 965// 1250//
f 1250// 965// 967//
f 1250// 967// 1251//
f 1251// 967// 969//
f 1251// 969// 1252//
f 1252// 969// 971//
f 1252// 971// 1253//
f 1253// 971// 973//
f 1253// 973// 1254//
f 1254// 973// 975//
f 1254// 975// 1255//
f 1255// 975// 977//
f 1255// 977// 1256//
f 1256// 977// 979//
f 1256// 979// 1257//
f 1257// 979// 981//
f 1257// 981// 1258//
f 1258// 981// 983//
f 1258// 983// 1259//
f 1259// 983// 985//
f 1259// 985// 1260//
f 1260// 985// 987//
f 1260// 987// 1261//
f 1261// 987// 989//
f 1261// 989// 1262//
f 1262// 989// 991//
f 1262// 991// 1263//
f 1263// 991// 993//
f 1263// 993// 1264//
f 1264// 993// 995//
f 1264// 995// 1265//
f 1265// 995// 997//
f 1265// 997// 1266//
f 1266// 997// 999//
f 1266// 999// 1267//
f 1267// 999// 1001//
f 1267// 1001// 1268//
f 1268// 1001// 1003//
f 1268// 1003// 1269//
f 1269// 1003// 1005//
f 1269// 1005// 1270//
f 1270// 1005// 1007//
f 1270// 1007// 1271//
f 1271// 1007// 1009//
f 1271// 1009// 1272//
f 1272// 1009// 1011//
f 1272// 1011// 1273//
f 1273// 1011// 1013//
f 1273// 1013// 1274//
f 1274// 1013// 1015//
f 1274// 1015// 1275//
f 1275// 1015// 1017//
f 1275// 1017// 1276//
f 1276// 1017// 1019//
f 481// 488// 1021//
f 1021// 488// 1277//
f 1021// 1277// 1022//
f 1022// 1277// 1278//
f 1022// 1278// 1023//
f 1023// 1278// 1279//
f 1023// 1279// 1024//
f 1024// 1279// 1280//
f 1024// 1280// 1025//
f 1025// 1280// 1281//
f 1025// 1281// 1026//
f 1026// 1281// 1282//
f 1026// 1282// 1027//
f 1027// 1282// 1283//
f 1027// 1283// 1028//
f 1028// 1283// 1284//
f 1028// 1284// 1029//
f 1029// 1284// 1285//
f 1029// 1285// 1030//
f 1030// 1285// 1286//
f 1030// 1286// 1031//
f 1031// 1286// 1287//
f 1031// 1287// 1032//
f 1032// 1287// 1288//
f 1032// 1288// 1033//
f 1033// 1288// 1289//
f 1033// 1289// 1034//
f 1034// 1289// 1290//
f 1034// 1290// 1035//
f 1035// 1290// 1291//
f 1035// 1291// 1036//
f 1036// 1291// 1292//
f 1036// 1292// 1037//
f 1037// 1292// 1293//
f 1037// 1293// 1038//
f 1038// 1293// 1294//
f 1038// 1294// 1039//
f 1039// 1294// 1295//
f 1039// 1295// 1040//
f 1040// 1295// 1296//
f 1040// 1296// 1041//
f 1041// 1296// 1297//
f 1041// 1297// 1042//
f 1042// 1297// 1298//
f 1042// 1298// 1043//
f 1043// 1298// 1299//
f 1043// 1299// 1044//
f 1044// 1299// 1300//
f 1044// 1300// 1045//
f 1045// 1300// 1301//
f 1045// 1301// 1046//
f 1046// 1301// 1302//
f 1046// 1302// 1047//
f 1047// 1302// 1303//
f 1047// 1303// 1048//
f 1048// 1303// 1304//
f 1048// 1304// 1049//
f 1049// 1304// 1305//
f 1049// 1305// 1050//
f 1050// 1305// 1306//
f 1050// 1306// 1051//
f 1051// 1306// 1307//
f 1051// 1307// 1052//
f 1052// 1307// 1308//
f 1052// 1308// 1053//
f 1053// 1308// 1309//
f 1053// 1309// 1054//
f 1054// 1309// 1310//
f 1054// 1310// 1055//
f 1055// 1310// 1311//
f 1055// 1311// 1056//
f 1056// 1311// 1312//
f 1056// 1312// 1057//
f 1057// 1312// 1313//
f 1057// 1313// 1058//
f 1058// 1313// 1314//
f 1058// 1314// 1059//
f 1059// 1314// 1315//
f 1059// 1315// 1060//
f 1060// 1315// 1316//
f 1060// 1316// 1061//
f 1061// 1316// 1317//
f 1061// 1317// 1062//
f 1062// 1317// 1318//
f 1062// 1318// 1063//
f 1063// 1318// 1319//
f 1063// 1319// 1064//
f 1064// 1319// 1320//
f 1064// 1320// 1065//
f 1065// 1320// 1321//
f 1065// 1321// 1066//
f 1066// 1321// 1322//
f 1066// 1322// 1067//
f 1067// 1322// 1323//
f 1067// 1323// 1068//
f 1068// 1323// 1324//
f 1068// 1324// 1069//
f 1069// 1324// 1325//
f 1069// 1325// 1070//
f 1070// 1325// 1326//
f 1070// 1326// 1071//
f 1071// 1326// 1327//
f 1071// 1327// 1072//
f 1072// 1327// 1328//
f 1072// 1328// 1073//
f 1073// 1328// 1329//
f 1073// 1329// 1074//
f 1074// 1329// 1330//
f 1074// 1330// 1075//
f 1075// 1330// 1331//
f 1075// 1331// 1076//
f 1076// 1331// 1332//
f 1076// 1332// 1077//
f 1077// 1332// 1333//
f 1077// 1333// 1078//
f 1078// 1333// 1334//
f 1078// 1334// 1079//
f 1079// 1334// 1335//
f 1079// 1335// 1080//
f 1080// 1335// 1336//
f 1080// 1336// 1081//
f 1081// 1336// 1337//
f 1081// 1337// 1082//
f 1082// 1337// 1338//
f 1082// 1338// 1083//
f 1083// 1338// 1339//
f 1083// 1339// 1084//
f 1084// 1339// 1340//
f 1084// 1340// 1085//
f 1085// 1340// 1341//
f 1085// 1341// 1086//
f 1086// 1341// 1342//
f 1086// 1342// 1087//
f 1087// 1342// 1343//
f 1087// 1343// 1088//
f 1088// 1343// 1344//
f 1088// 1344// 1089//
f 1089// 1344// 1345//
f 1089// 1345// 1090//
f 1090// 1345// 1346//
f 1090// 1346// 1091//
f 1091// 1346// 1347//
f 1091// 1347// 1092//
f 1092// 1347// 1348//
f 1092// 1348// 1093//
f 1093// 1348// 1349//
f 1093// 1349// 1094//
f 1094// 1349// 1350//
f 1094// 1350// 1095//
f 1095// 1350// 1351//
f 1095// 1351// 1096//
f 1096// 1351// 1352//
f 1096// 1352// 1097//
f 1097// 1352// 1353//
f 1097// 1353// 1098//
f 1098// 1353// 1354//
f 1098// 1354// 1099//
f 1099// 1354// 1355//
f 1099// 1355// 1100//
f 1100// 1355// 1356//
f 1100// 1356// 1101//
f 1101// 1356// 1357//
f 1101// 1357// 1102//
f 1102// 1357// 1358//
f 1102// 1358// 1103//
f 1103// 1358// 1359//
f 1103// 1359// 1104//
f 1104// 1359// 1360//
f 1104// 1360// 1105//
f 1105// 1360// 1361//
f 1105// 1361// 1106//
f 1106// 1361// 1362//
f 1106// 1362// 1107//
f 1107// 1362// 1363//
f 1107// 1363// 1108//
f 1108// 1363// 1364//
f 1108// 1364// 1109//
f 1109// 1364// 1365//
f 1109// 1365// 1110//
f 1110// 1365// 1366//
f 1110// 1366// 1111//
f 1111// 1366// 1367//
f 1111// 1367// 1112//
f 1112// 1367// 1368//
f 1112// 1368// 1113//
f 1113// 1368// 1369//
f 1113// 1369// 1114//
f 1114// 1369// 1370//
f 1114// 1370// 1115//
f 1115// 1370// 1371//
f 1115// 1371// 1116//
f 1116// 1371// 1372//
f 1116// 1372// 1117//
f 1117// 1372// 1373//
f 1117// 1373// 1118//
f 1118// 1373// 1374//
f 1118// 1374// 1119//
f 1119// 1374// 1375//
f 1119// 1375// 1120//
f 1120// 1375// 1376//
f 1120// 1376// 1121//
f 1121// 1376// 1377//
f 1121// 1377// 1122//
f 1122// 1377// 1378//
f 1122// 1378// 1123//
f 1123// 1378// 1379//
f 1123// 1379// 1124//
f 1124// 1379// 1380//
f 1124// 1380// 1125//
f 1125// 1380// 1381//
f 1125// 1381// 1126//
f 1126// 1381// 1382//
f 1126// 1382// 1127//
f 1127// 1382// 1383//
f 1127// 1383// 1128//
f 1128// 1383// 1384//
f 1128// 1384// 1129//
f 1129// 1384// 1385//
f 1129// 1385// 1130//
f 1130// 1385// 1386//
f 1130// 1386// 1131//
f 1131// 1386// 1387//
f 1131// 1387// 1132//
f 1132// 1387// 1388//
f 1132// 1388// 1133//
f 1133// 1388// 1389//
f 1133// 1389// 1134//
f 1134// 1389// 1390//
f 1134// 1390// 1135//
f 1135// 1390// 1391//
f 1135// 1391// 1136//
f 1136// 1391// 1392//
f 1136// 1392// 1137//
f 1137// 1392// 1393//
f 1137// 1393// 1138//
f 1138// 1393// 1394//
f 1138// 1394// 1139//
f 1139// 1394// 1395//
f 1139// 1395// 1140//
f 1140// 1395// 1396//
f 1140// 1396// 1141//
f 1141// 1396// 1397//
f 1141// 1397// 1142//
f 1142// 1397// 1398//
f 1142// 1398// 1143//
f 1143// 1398// 1399//
f 1143// 1399// 1144//
f 1144// 1399// 1400//
f 1144// 1400// 1145//
f 1145// 1400// 1401//
f 1145// 1401// 1146//
f 1146// 1401// 1402//
f 1146// 1402// 1147//
f 1147// 1402// 1403//
f 1147// 1403// 1148//
f 1148// 1403// 1404//
f 480// 479// 1405//
f 1405// 479// 1149//
f 1405// 1149// 1406//
f 1406// 1149// 1150//
f 1406// 1150// 1407//
f 1407// 1150// 1151//
f 1407// 1151// 1408//
f 1408// 1151// 1152//
f 1408// 1152// 1409//
f 1409// 1152// 1153//
f 1409// 1153// 1410//
f 1410// 1153// 1154//
f 1410// 1154// 1411//
f 1411// 1154// 1155//
f 1411// 1155// 1412//
f 1412// 1155// 1156//
f 1412// 1156// 1413//
f 1413// 1156// 1157//
f 1413// 1157// 1414//
f 1414// 1157// 1158//
f 1414// 1158// 1415//
f 1415// 1158// 1159//
f 1415// 1159// 1416//
f 1416// 1159// 1160//
f 1416// 1160// 1417//
f 1417// 1160// 1161//
f 1417// 1161// 1418//
f 1418// 1161// 1162//
f 1418// 1162// 1419//
f 1419// 1162// 1163//
f 1419// 1163// 1420//
f 1420// 1163// 1164//
f 1420// 1164// 1421//
f 1421// 1164// 1165//
f 1421// 1165// 1422//
f 1422// 1165// 1166//
f 1422// 1166// 1423//
f 1423// 1166// 1167//
f 1423// 1167// 1424//
f 1424// 1167// 1168//
f 1424// 1168// 1425//
f 1425// 1168// 1169//
f 1425// 1169// 1426//
f 1426// 1169// 1170//
f 1426// 1170// 1427//
f 1427// 1170// 1171//
f 1427// 1171// 1428//
f 1428// 1171// 1172//
f 1428// 1172// 1429//
f 1429// 1172// 1173//
f 1429// 1173// 1430//
f 1430// 1173// 1174//
f 1430// 1174// 1431//
f 1431// 1174// 1175//
f 1431// 1175// 1432//
f 1432// 1175// 1176//
f 1432// 1176// 1433//
f 1433// 1176// 1177//
f 1433// 1177// 1434//
f 1434// 1177// 1178//
f 1434// 1178// 1435//
f 1435// 1178// 1179//
f 1435// 1179// 1436//
f 1436// 1179// 1180//
f 1436// 1180// 1437//
f 1437// 1180// 1181//
f 1437// 1181// 1438//
f 1438// 1181// 1182//
f 1438// 1182// 1439//
f 1439// 1182// 1183//
f 1439// 1183// 1440//
f 1440// 1183// 1184//
f 1440// 1184// 1441//
f 1441// 1184// 1185//
f 1441// 1185// 1442//
f 1442// 1185// 1186//
f 1442// 1186// 1443//
f 1443// 1186// 1187//
f 1443// 1187// 1444//
f 1444// 1187// 1188//
f 1444// 1188// 1445//
f 1445// 1188// 1189//
f 1445// 1189// 1446//
f 1446// 1189// 1190//
f 1446// 1190// 1447//
f 1447// 1190// 1191//
f 1447// 1191// 1448//
f 1448// 1191// 1192//
f 1448// 1192// 1449//
f 1449// 1192// 1193//
f 1449// 1193// 1450//
f 1450// 1193// 1194//
f 1450// 1194// 1451//
f 1451// 1194// 1195//
f 1451// 1195// 1452//
f 1452// 1195// 1196//
f 1452// 1196// 1453//
f 1453// 1196// 1197//
f 1453// 1197// 1454//
f 1454// 1197// 1198//
f 1454// 1198// 1455//
f 1455// 1198// 1199//
f 1455// 1199// 1456//
f 1456// 1199// 1200//
f 1456// 1200// 1457//
f 1457// 1200// 1201//
f 1457// 1201// 1458//
f 1458// 1201// 1202//
f 1458// 1202// 1459//
f 1459// 1202// 1203//
f 1459// 1203// 1460//
f 1460// 1203// 1204//
f 1460// 1204// 1461//
f 1461// 1204// 1205//
f 1461// 1205// 1462//
f 1462// 1205// 1206//
f 1462// 1206// 1463//
f 1463// 1206// 1207//
f 1463// 1207// 1464//
f 1464// 1207// 1208//
f 1464// 1208// 1465//
f 1465// 1208// 1209//
f 1465// 1209// 1466//
f 1466// 1209// 1210//
f 1466// 1210// 1467//
f 1467// 1210// 1211//
f 1467// 1211// 1468//
f 1468// 1211// 1212//
f 1468// 1212// 1469//
f 1469// 1212// 1213//
f 1469// 1213// 1470//
f 1470// 1213// 1214//
f 1470// 1214// 1471//
f 1471// 1214// 1215//
f 1471// 1215// 1472//
f 1472// 1215// 1216//
f 1472// 1216// 1473//
f 1473// 1216// 1217//
f 1473// 1217// 1474//
f 1474// 1217// 1218//
f 1474// 1218// 1475//
f 1475// 1218// 1219//
f 1475// 1219// 1476//
f 1476// 1219// 1220//
f 1476// 1220// 1477//
f 1477// 1220// 1221//
f 1477// 1221// 1478//
f 1478// 1221// 1222//
f 1478// 1222// 1479//
f 1479// 1222// 1223//
f 1479// 1223// 1480//
f 1480// 1223// 1224//
f 1480// 1224// 1481//
f 1481// 1224// 1225//
f 1481// 1225// 1482//
f 1482// 1225// 1226//
f 1482// 1226// 1483//
f 1483// 1226// 1227//
f 1483// 1227// 1484//
f 1484// 1227// 1228//
f 1484// 1228// 1485//
f 1485// 1228// 1229//
f 1485// 1229// 1486//
f 1486// 1229// 1230//
f 1486// 1230// 1487//
f 1487// 1230// 1231//
f 1487// 1231// 1488//
f 1488// 1231// 1232//
f 1488// 1232// 1489//
f 1489// 1232// 1233//
f 1489// 1233// 1490//
f 1490// 1233// 1234//
f 1490// 1234// 1491//
f 1491// 1234// 1235//
f 1491// 1235// 1492//
f 1492// 1235// 1236//
f 1492// 1236// 1493//
f 1493// 1236// 1237//
f 1493// 1237// 1494//
f 1494// 1237// 1238//
f 1494// 1238// 1495//
f 1495// 1238// 1239//
f 1495// 1239// 1496//
f 1496// 1239// 1240//
f 1496// 1240// 1497//
f 1497// 1240// 1241//
f 1497// 1241// 1498//
f 1498// 1241// 1242//
f 1498// 1242// 1499//
f 1499// 1242// 1243//
f 1499// 1243// 1500//
f 1500// 1243// 1244//
f 1500// 1244// 1501//
f 1501// 1244// 1245//
f 1501// 1245// 1502//
f 1502// 1245// 1246//
f 1502// 1246// 1503//
f 1503// 1246// 1247//
f 1503// 1247// 1504//
f 1504// 1247// 1248//
f 1504// 1248// 1505//
f 1505// 1248// 1249//
f 1505// 1249// 1506//
f 1506// 1249// 1250//
f 1506// 1250// 1507//
f 1507// 1250// 1251//
f 1507// 1251// 1508//
f 1508// 1251// 1252//
f 1508// 1252// 1509//
f 1509// 1252// 1253//
f 1509// 1253// 1510//
f 1510// 1253// 1254//
f 1510// 1254// 1511//
f 1511// 1254// 1255//
f 1511// 1255// 1512//
f 1512// 1255// 1256//
f 1512// 1256// 1513//
f 1513// 1256// 1257//
f 1513// 1257// 1514//
f 1514// 1257// 1258//
f 1514// 1258// 1515//
f 1515// 1258// 1259//
f 1515// 1259// 1516//
f 1516// 1259// 1260//
f 1516// 1260// 1517//
f 1517// 1260// 1261//
f 1517// 1261// 1518//
f 1518// 1261// 1262//
f 1518// 1262// 1519//
f 1519// 1262// 1263//
f 1519// 1263// 1520//
f 1520// 1263// 1264//
f 1520// 1264// 1521//
f 1521// 1264// 1265//
f 1521// 1265// 1522//
f 1522// 1265// 1266//
f 1522// 1266// 1523//
f 1523// 1266// 1267//
f 1523// 1267// 1524//
f 1524// 1267// 1268//
f 1524// 1268// 1525//
f 1525// 1268// 1269//
f 1525// 1269// 1526//
f 1526// 1269// 1270//
f 1526// 1270// 1527//
f 1527// 1270// 1271//
f 1527// 1271// 1528//
f 1528// 1271// 1272//
f 1528// 1272// 1529//
f 1529// 1272// 1273//
f 1529// 1273// 1530//
f 1530// 1273// 1274//
f 1530// 1274// 1531//
f 1531// 1274// 1275//
f 1531// 1275// 1532//
f 1532// 1275// 1276//
f 488// 487// 1277//
f 1277// 487// 1533//
f 1277// 1533// 1278//
f 1278// 1533// 1534//
f 1278// 1534// 1279//
f 1279// 1534// 1535//
f 1279// 1535// 1280//
f 1280// 1535// 1536//
f 1280// 1536// 1281//
f 1281// 1536// 1537//
f 1281// 1537// 1282//
f 1282// 1537// 1538//
f 1282// 1538// 1283//
f 1283// 1538// 1539//
f 1283// 1539// 1284//
f 1284// 1539// 1540//
f 1284// 1540// 1285//
f 1285// 1540// 1541//
f 1285// 1541// 1286//
f 1286// 1541// 1542//
f 1286// 1542// 1287//
f 1287// 1542// 1543//
f 1287// 1543// 1288//
f 1288// 1543// 1544//
f 1288// 1544// 1289//
f 1289// 1544// 1545//
f 1289// 1545// 1290//
f 1290// 1545// 1546//
f 1290// 1546// 1291//
f 1291// 1546// 1547//
f 1291// 1547// 1292//
f 1292// 1547// 1548//
f 1292// 1548// 1293//
f 1293// 1548// 1549//
f 1293// 1549// 1294//
f 1294// 1549// 1550//
f 1294// 1550// 1295//
f 1295// 1550// 1551//
f 1295// 1551// 1296//
f 1296// 1551// 1552//
f 1296// 1552// 1297//
f 1297// 1552// 1553//
f 1297// 1553// 1298//
f 1298// 1553// 1554//
f 1298// 1554// 1299//
f 1299// 1554// 1555//
f 1299// 1555// 1300//
f 1300// 1555// 1556//
f 1300// 1556// 1301//
f 1301// 1556// 1557//
f 1301// 1557// 1302//
f 1302// 1557// 1558//
f 1302// 1558// 1303//
f 1303// 1558// 1559//
f 1303// 1559// 1304//
f 1304// 1559// 1560//
f 1304// 1560// 1305//
f 1305// 1560// 1561//
f 1305// 1561// 1306//
f 1306// 1561// 1562//
f 1306// 1562// 1307//
f 1307// 1562// 1563//
f 1307// 1563// 1308//
f 1308// 1563// 1564//
f 1308// 1564// 1309//
f 1309// 1564// 1565//
f 1309// 1565// 1310//
f 1310// 1565// 1566//
f 1310// 1566// 1311//
f 1311// 1566// 1567//
f 1311// 1567// 1312//
f 1312// 1567// 1568//
f 1312// 1568// 1313//
f 1313// 1568// 1569//
f 1313// 1569// 1314//
f 1314// 1569// 1570//
f 1314// 1570// 1315//
f 1315// 1570// 1571//
f 1315// 1571// 1316//
f 1316// 1571// 1572//
f 1316// 1572// 1317//
f 1317// 1572// 1573//
f 1317// 1573// 1318//
f 1318// 1573// 1574//
f 1318// 1574// 1319//
f 1319// 1574// 1575//
f 1319// 1575// 1320//
f 1320// 1575// 1576//
f 1320// 1576// 1321//
f 1321// 1576// 1577//
f 1321// 1577// 1322//
f 1322// 1577// 1578//
f 1322// 1578// 1323//
f 1323// 1578// 1579//
f 1323// 1579// 1324//
f 1324// 1579// 1580//
f 1324// 1580// 1325//
f 1325// 1580// 1581//
f 1325// 1581// 1326//
f 1326// 1581// 1582//
f 1326// 1582// 1327//
f 1327// 1582// 1583//
f 1327// 1583// 1328//
f 1328// 1583// 1584//
f 1328// 1584// 1329//
f 1329// 1584// 1585//
f 1329// 1585// 1330//
f 1330// 1585// 1586//
f 1330// 1586// 1331//
f 1331// 1586// 1587//
f 1331// 1587// 1332//
f 1332// 1587// 1588//
f 1332// 1588// 1333//
f 1333// 1588// 1589//
f 1333// 1589// 1334//
f 1334// 1589// 1590//
f 1334// 1590// 1335//
f 1335// 1590// 1591//
f 1335// 1591// 1336//
f 1336// 1591// 1592//
f 1336// 1592// 1337//
f 1337// 1592// 1593//
f 1337// 1593// 1338//
f 1338// 1593// 1594//
f 1338// 1594// 1339//
f 1339// 1594// 1595//
f 1339// 1595// 1340//
f 1340// 1595// 1596//
f 1340// 1596// 1341//
f 1341// 1596// 1597//
f 1341// 1597// 1342//
f 1342// 1597// 1598//
f 1342// 1598// 1343//
f 1343// 1598// 1599//
f 1343// 1599// 1344//
f 1344// 1599// 1600//
f 1344// 1600// 1345//
f 1345// 1600// 1601//
f 1345// 1601// 1346//
f 1346// 1601// 1602//
f 1346// 1602// 1347//
f 1347// 1602// 1603//
f 1347// 1603// 1348//
f 1348// 1603// 1604//
f 1348// 1604// 1349//
f 1349// 1604// 1605//
f 1349// 1605// 1350//
f 1350// 1605// 1606//
f 1350// 1606// 1351//
f 1351// 1606// 1607//
f 1351// 1607// 1352//
f 1352// 1607// 1608//
f 1352// 1608// 1353//
f 1353// 1608// 1609//
f 1353// 1609// 1354//
f 1354// 1609// 1610//
f 1354// 1610// 1355//
f 1355// 1610// 1611//
f 1355// 1611// 1356//
f 1356// 1611// 1612//
f 1356// 1612// 1357//
f 1357// 1612// 1613//
f 1357// 1613// 1358//
f 1358// 1613// 1614//
f 1358// 1614// 1359//
f 1359// 1614// 1615//
f 1359// 1615// 1360//
f 1360// 1615// 1616//
f 1360// 1616// 1361//
f 1361// 1616// 1617//
f 1361// 1617// 1362//
f 1362// 1617// 1618//
f 1362// 1618// 1363//
f 1363// 1618// 1619//
f 1363// 1619// 1364//
f 1364// 1619// 1620//
f 1364// 1620// 1365//
f 1365// 1620// 1621//
f 1365// 1621// 1366//
f 1366// 1621// 1622//
f 1366// 1622// 1367//
f 1367// 1622// 1623//
f 1367// 1623// 1368//
f 1368// 1623// 1624//
f 1368// 1624// 1369//
f 1369// 1624// 1625//
f 1369// 1625// 1370//
f 1370// 1625// 1626//
f 1370// 1626// 1371//
f 1371// 1626// 1627//
f 1371// 1627// 1372//
f 1372// 1627// 1628//
f 1372// 1628// 1373//
f 1373// 1628// 1629//
f 1373// 1629// 1374//
f 1374// 1629// 1630//
f 1374// 1630// 1375//
f 1375// 1630// 1631//
f 1375// 1631// 1376//
f 1376// 1631// 1632//
f 1376// 1632// 1377//
f 1377// 1632// 1633//
f 1377// 1633// 1378//
f 1378// 1633// 1634//
f 1378// 1634// 1379//
f 1379// 1634// 1635//
f 1379// 1635// 1380//
f 1380// 1635// 1636//
f 1380// 1636// 1381//
f 1381// 1636// 1637//
f 1381// 1637// 1382//
f 1382// 1637// 1638//
f 1382// 1638// 1383//
f 1383// 1638// 1639//
f 1383// 1639// 1384//
f 1384// 1639// 1640//
f 1384// 1640// 1385//
f 1385// 1640// 1641//
f 1385// 1641// 1386//
f 1386// 1641// 1642//
f 1386// 1642// 1387//
f 1387// 1642// 1643//
f 1387// 1643// 1388//
f 1388// 1643// 1644//
f 1388// 1644// 1389//
f 1389// 1644// 1645//
f 1389// 1645// 1390//
f 1390// 1645// 1646//
f 1390// 1646// 1391//
f 1391// 1646// 1647//
f 1391// 1647// 1392//
f 1392// 1647// 1648//
f 1392// 1648// 1393//
f 1393// 1648// 1649//
f 1393// 1649// 1394//
f 1394// 1649// 1650//
f 1394// 1650// 1395//
f 1395// 1650// 1651//
f 1395// 1651// 1396//
f 1396// 1651// 1652//
f 1396// 1652// 1397//
f 1397// 1652// 1653//
f 1397// 1653// 1398//
f 1398// 1653// 1654//
f 1398// 1654// 1399//
f 1399// 1654// 1655//
f 1399// 1655// 1400//
f 1400// 1655// 1656//
f 1400// 1656// 1401//
f 1401// 1656// 1657//
f 1401// 1657// 1402//
f 1402// 1657// 1658//
f 1402// 1658// 1403//
f 1403// 1658// 1659//
f 1403// 1659// 1404//
f 1404// 1659// 1660//
f 476// 480// 1661//
f 1661// 480// 1405//
f 1661// 1405// 1662//
f 1662// 1405// 1406//
f 1662// 1406// 1663//
f 1663// 1406// 1407//
f 1663// 1407// 1664//
f 1664// 1407// 1408//
f 1664// 1408// 1665//
f 1665// 1408// 1409//
f 1665// 1409// 1666//
f 1666// 1409// 1410//
f 1666// 1410// 1667//
f 1667// 1410// 1411//
f 1667// 1411// 1668//
f 1668// 1411// 1412//
f 1668// 1412// 1669//
f 1669// 1412// 1413//
f 1669// 1413// 1670//
f 1670// 1413// 1414//
f 1670// 1414// 1671//
f 1671// 1414// 1415//
f 1671// 1415// 1672//
f 1672// 1415// 1416//
f 1672// 1416// 1673//
f 1673// 1416// 1417//
f 1673// 1417// 1674//
f 1674// 1417// 1418//
f 1674// 1418// 1675//
f 1675// 1418// 1419//
f 1675// 1419// 1676//
f 1676// 1419// 1420//
f 1676// 1420// 1677//
f 1677// 1420// 1421//
f 1677// 1421// 1678//
f 1678// 1421// 1422//
f 1678// 1422// 1679//
f 1679// 1422// 1423//
f 1679// 1423// 1680//
f 1680// 1423// 1424//
f 1680// 1424// 1681//
f 1681// 1424// 1425//
f 1681// 1425// 1682//
f 1682// 1425// 1426//
f 1682// 1426// 1683//
f 1683// 1426// 1427//
f 1683// 1427// 1684//
f 1684// 1427// 1428//
f 1684// 1428// 1685//
f 1685// 1428// 1429//
f 1685// 1429// 1686//
f 1686// 1429// 1430//
f 1686// 1430// 1687//
f 1687// 1430// 1431//
f 1687// 1431// 1688//
f 1688// 1431// 1432//
f 1688// 1432// 1689//
f 1689// 1432// 1433//
f 1689// 1433// 1690//
f 1690// 1433// 1434//
f 1690// 1434// 1691//
f 1691// 1434// 1435//
f 1691// 1435// 1692//
f 1692// 1435// 1436//
f 1692// 1436// 1693//
f 1693// 1436// 1437//
f 1693// 1437// 1694//
f 1694// 1437// 1438//
f 1694// 1438// 1695//
f 1695// 1438// 1439//
f 1695// 1439// 1696//
f 1696// 1439// 1440//
f 1696// 1440// 1697//
f 1697// 1440// 1441//
f 1697// 1441// 1698//
f 1698// 1441// 1442//
f 1698// 1442// 1699//
f 1699// 1442// 1443//
f 1699// 1443// 1700//
f 1700// 1443// 1444//
f 1700// 1444// 1701//
f 1701// 1444// 1445//
f 1701// 1445// 1702//
f 1702// 1445// 1446//
f 1702// 1446// 1703//
f 1703// 1446// 1447//
f 1703// 1447// 1704//
f 1704// 1447// 1448//
f 1704// 1448// 1705//
f 1705// 1448// 1449//
f 1705// 1449// 1706//
f 1706// 1449// 1450//
f 1706// 1450// 1707//
f 1707// 1450// 1451//
f 1707// 1451// 1708//
f 1708// 1451// 1452//
f 1708// 1452// 1709//
f 1709// 1452// 1453//
f 1709// 1453// 1710//
f 1710// 1453// 1454//
f 1710// 1454// 1711//
f 1711// 1454// 1455//
f 1711// 1455// 1712//
f 1712// 1455// 1456//
f 1712// 1456// 1713//
f 1713// 1456// 1457//
f 1713// 1457// 1714//
f 1714// 1457// 1458//
f 1714// 1458// 1715//
f 1715// 1458// 1459//
f 1715// 1459// 1716//
f 1716// 1459// 1460//
f 1716// 1460// 1717//
f 1717// 1460// 1461//
f 1717// 1461// 1718//
f 1718// 1461// 1462//
f 1718// 1462// 1719//
f 1719// 1462// 1463//
f 1719// 1463// 1720//
f 1720// 1463// 1464//
f 1720// 1464// 1721//
f 1721// 1464// 1465//
f 1721// 1465// 1722//
f 1722// 1465// 1466//
f 1722// 1466// 1723//
f 1723// 1466// 1467//
f 1723// 1467// 1724//
f 1724// 1467// 1468//
f 1724// 1468// 1725//
f 1725// 1468// 1469//
f 1725// 1469// 1726//
f 1726// 1469// 1470//
f 1726// 1470// 1727//
f 1727// 1470// 1471//
f 1727// 1471// 1728//
f 1728// 1471// 1472//
f 1728// 1472// 1729//
f 1729// 1472// 1473//
f 1729// 1473// 1730//
f 1730// 1473// 1474//
f 1730// 1474// 1731//
f 1731// 1474// 1475//
f 1731// 1475// 1732//
f 1732// 1475// 1476//
f 1732// 1476// 1733//
f 1733// 1476// 1477//
f 1733// 1477// 1734//
f 1734// 1477// 1478//
f 1734// 1478// 1735//
f 1735// 1478// 1479//
f 1735// 1479// 1736//
f 1736// 1479// 1480//
f 1736// 1480// 1737//
f 1737// 1480// 1481//
f 1737// 1481// 1738//
f 1738// 1481// 1482//
f 1738// 1482// 1739//
f 1739// 1482// 1483//
f 1739// 1483// 1740//
f 1740// 1483// 1484//
f 1740// 1484// 1741//
f 1741// 1484// 1485//
f 1741// 1485// 1742//
f 1742// 1485// 1486//
f 1742// 1486// 1743//
f 1743// 1486// 1487//
f 1743// 1487// 1744//
f 1744// 1487// 1488//
f 1744// 1488// 1745//
f 1745// 1488// 1489//
f 1745// 1489// 1746//
f 1746// 1489// 1490//
f 1746// 1490// 1747//
f 1747// 1490// 1491//
f 1747// 1491// 1748//
f 1748// 1491// 1492//
f 1748// 1492// 1749//
f 1749// 1492// 1493//
f 1749// 1493// 1750//
f 1750// 1493// 1494//
f 1750// 1494// 1751//
f 1751// 1494// 1495//
f 1751// 1495// 1752//
f 1752// 1495// 1496//
f 1752// 1496// 1753//
f 1753// 1496// 1497//
f 1753// 1497// 1754//
f 1754// 1497// 1498//
f 1754// 1498// 1755//
f 1755// 1498// 1499//
f 1755// 1499// 1756//
f 1756// 1499// 1500//
f 1756// 1500// 1757//
f 1757// 1500// 1501//
f 1757// 1501// 1758//
f 1758// 1501// 1502//
f 1758// 1502// 1759//
f 1759// 1502// 1503//
f 1759// 1503// 1760//
f 1760// 1503// 1504//
f 1760// 1504// 1761//
f 1761// 1504// 1505//
f 1761// 1505// 1762//
f 1762// 1505// 1506//
f 1762// 1506// 1763//
f 1763// 1506// 1507//
f 1763// 1507// 1764//
f 1764// 1507// 1508//
f 1764// 1508// 1765//
f 1765// 1508// 1509//
f 1765// 1509// 1766//
f 1766// 1509// 1510//
f 1766// 1510// 1767//
f 1767// 1510// 1511//
f 1767// 1511// 1768//
f 1768// 1511// 1512//
f 1768// 1512// 1769//
f 1769// 1512// 1513//
f 1769// 1513// 1770//
f 1770// 1513// 1514//
f 1770// 1514// 1771//
f 1771// 1514// 1515//
f 1771// 1515// 1772//
f 1772// 1515// 1516//
f 1772// 1516// 1773//
f 1773// 1516// 1517//
f 1773// 1517// 1774//
f 1774// 1517// 1518//
f 1774// 1518// 1775//
f 1775// 1518// 1519//
f 1775// 1519// 1776//
f 1776// 1519// 1520//
f 1776// 1520// 1777//
f 1777// 1520// 1521//
f 1777// 1521// 1778//
f 1778// 1521// 1522//
f 1778// 1522// 1779//
f 1779// 1522// 1523//
f 1779// 1523// 1780//
f 1780// 1523// 1524//
f 1780// 1524// 1781//
f 1781// 1524// 1525//
f 1781// 1525// 1782//
f 1782// 1525// 1526//
f 1782// 1526// 1783//
f 1783// 1526// 1527//
f 1783// 1527// 1784//
f 1784// 1527// 1528//
f 1784// 1528// 1785//
f 1785// 1528// 1529//
f 1785// 1529// 1786//
f 1786// 1529// 1530//
f 1786// 1530// 1787//
f 1787// 1530// 1531//
f 1787// 1531// 1788//
f 1788// 1531// 1532//
f 487// 486// 1533//
f 1533// 486// 1789//
f 1533// 1789// 1534//
f 1534// 1789// 1790//
f 1534// 1790// 1535//
f 1535// 1790// 1791//
f 1535// 1791// 1536//
f 1536// 1791// 1792//
f 1536// 1792// 1537//
f 1537// 1792// 1793//
f 1537// 1793// 1538//
f 1538// 1793// 1794//
f 1538// 1794// 1539//
f 1539// 1794// 1795//
f 1539// 1795// 1540//
f 1540// 1795// 1796//
f 1540// 1796// 1541//
f 1541// 1796// 1797//
f 1541// 1797// 1542//
f 1542// 1797// 1798//
f 1542// 1798// 1543//
f 1543// 1798// 1799//
f 1543// 1799// 1544//
f 1544// 1799// 1800//
f 1544// 1800// 1545//
f 1545// 1800// 1801//
f 1545// 1801// 1546//
f 1546// 1801// 1802//
f 1546// 1802// 1547//
f 1547// 1802// 1803//
f 1547// 1803// 1548//
f 1548// 1803// 1804//
f 1548// 1804// 1549//
f 1549// 1804// 1805//
f 1549// 1805// 1550//
f 1550// 1805// 1806//
f 1550// 1806// 1551//
f 1551// 1806// 1807//
f 1551// 1807// 1552//
f 1552// 1807// 1808//
f 1552// 1808// 1553//
f 1553// 1808// 1809//
f 1553// 1809// 1554//
f 1554// 1809// 1810//
f 1554// 1810// 1555//
f 1555// 1810// 1811//
f 1555// 1811// 1556//
f 1556// 1811// 1812//
f 1556// 1812// 1557//
f 1557// 1812// 1813//
f 1557// 1813// 1558//
f 1558// 1813// 1814//
f 1558// 1814// 1559//
f 1559// 1814// 1815//
f 1559// 1815// 1560//
f 1560// 1815// 1816//
f 1560// 1816// 1561//
f 1561// 1816// 1817//
f 1561// 1817// 1562//
f 1562// 1817// 1818//
f 1562// 1818// 1563//
f 1563// 1818// 1819//
f 1563// 1819// 1564//
f 1564// 1819// 1820//
f 1564// 1820// 1565//
f 1565// 1820// 1821//
f 1565// 1821// 1566//
f 1566// 1821// 1822//
f 1566// 1822// 1567//
f 1567// 1822// 1823//
f 1567// 1823// 1568//
f 1568// 1823// 1824//
f 1568// 1824// 1569//
f 1569// 1824// 1825//
f 1569// 1825// 1570//
f 1570// 1825// 1826//
f 1570// 1826// 1571//
f 1571// 1826// 1827//
f 1571// 1827// 1572//
f 1572// 1827// 1828//
f 1572// 1828// 1573//
f 1573// 1828// 1829//
f 1573// 1829// 1574//
f 1574// 1829// 1830//
f 1574// 1830// 1575//
f 1575// 1830// 1831//
f 1575// 1831// 1576//
f 1576// 1831// 1832//
f 1576// 1832// 1577//
f 1577// 1832// 1833//
f 1577// 1833// 1578//
f 1578// 1833// 1834//
f 1578// 1834// 1579//
f 1579// 1834// 1835//
f 1579// 1835// 1580//
f 1580// 1835// 1836//
f 1580// 1836// 1581//
f 1581// 1836// 1837//
f 1581// 1837// 1582//
f 1582// 1837// 1838//
f 1582// 1838// 1583//
f 1583// 1838// 1839//
f 1583// 1839// 1584//
f 1584// 1839// 1840//
f 1584// 1840// 1585//
f 1585// 1840// 1841//
f 1585// 1841// 1586//
f 1586// 1841// 1842//
f 1586// 1842// 1587//
f 1587// 1842// 1843//
f 1587// 1843// 1588//
f 1588// 1843// 1844//
f 1588// 1844// 1589//
f 1589// 1844// 1845//
f 1589// 1845// 1590//
f 1590// 1845// 1846//
f 1590// 1846// 1591//
f 1591// 1846// 1847//
f 1591// 1847// 1592//
f 1592// 1847// 1848//
f 1592// 1848// 1593//
f 1593// 1848// 1849//
f 1593// 1849// 1594//
f 1594// 1849// 1850//
f 1594// 1850// 1595//
f 1595// 1850// 1851//
f 1595// 1851// 1596//
f 1596// 1851// 1852//
f 1596// 1852// 1597//
f 1597// 1852// 1853//
f 1597// 1853// 1598//
f 1598// 1853// 1854//
f 1598// 1854// 1599//
f 1599// 1854// 1855//
f 1599// 1855// 1600//
f 1600// 1855// 1856//
f 1600// 1856// 1601//
f 1601// 1856// 1857//
f 1601// 1857// 1602//
f 1602// 1857// 1858//
f 1602// 1858// 1603//
f 1603// 1858// 1859//
f 1603// 1859// 1604//
f 1604// 1859// 1860//
f 1604// 1860// 1605//
f 1605// 1860// 1861//
f 1605// 1861// 1606//
f 1606// 1861// 1862//
f 1606// 1862// 1607//
f 1607// 1862// 1863//
f 1607// 1863// 1608//
f 1608// 1863// 1864//
f 1608// 1864// 1609//
f 1609// 1864// 1865//
f 1609// 1865// 1610//
f 1610// 1865// 1866//
f 1610// 1866// 1611//
f 1611// 1866// 1867//
f 1611// 1867// 1612//
f 1612// 1867// 1868//
f 1612// 1868// 1613//
f 1613// 1868// 1869//
f 1613// 1869// 1614//
f 1614// 1869// 1870//
f 1614// 1870// 1615//
f 1615// 1870// 1871//
f 1615// 1871// 1616//
f 1616// 1871// 1872//
f 1616// 1872// 1617//
f 1617// 1872// 1873//
f 1617// 1873// 1618//
f 1618// 1873// 1874//
f 1618// 1874// 1619//
f 1619// 1874// 1875//
f 1619// 1875// 1620//
f 1620// 1875// 1876//
f 1620// 1876// 1621//
f 1621// 1876// 1877//
f 1621// 1877// 1622//
f 1622// 1877// 1878//
f 1622// 1878// 1623//
f 1623// 1878// 1879//
f 1623// 1879// 1624//
f 1624// 1879// 1880//
f 1624// 1880// 1625//
f 1625// 1880// 1881//
f 1625// 1881// 1626//
f 1626// 1881// 1882//
f 1626// 1882// 1627//
f 1627// 1882// 1883//
f 1627// 1883// 1628//
f 1628// 1883// 1884//
f 1628// 1884// 1629//
f 1629// 1884// 1885//
f 1629// 1885// 1630//
f 1630// 1885// 1886//
f 1630// 1886// 1631//
f 1631// 1886// 1887//
f 1631// 1887// 1632//
f 1632// 1887// 1888//
f 1632// 1888// 1633//
f 1633// 1888// 1889//
f 1633// 1889// 1634//
f 1634// 1889// 1890//
f 1634// 1890// 1635//
f 1635// 1890// 1891//
f 1635// 1891// 1636//
f 1636// 1891// 1892//
f 1636// 1892// 1637//
f 1637// 1892// 1893//
f 1637// 1893// 1638//
f 1638// 1893// 1894//
f 1638// 1894// 1639//
f 1639// 1894// 1895//
f 1639// 1895// 1640//
f 1640// 1895// 1896//
f 1640// 1896// 1641//
f 1641// 1896// 1897//
f 1641// 1897// 1642//
f 1642// 1897// 1898//
f 1642// 1898// 1643//
f 1643// 1898// 1899//
f 1643// 1899// 1644//
f 1644// 1899// 1900//
f 1644// 1900// 1645//
f 1645// 1900// 1901//
f 1645// 1901// 1646//
f 1646// 1901// 1902//
f 1646// 1902// 1647//
f 1647// 1902// 1903//
f 1647// 1903// 1648//
f 1648// 1903// 1904//
f 1648// 1904// 1649//
f 1649// 1904// 1905//
f 1649// 1905// 1650//
f 1650// 1905// 1906//
f 1650// 1906// 1651//
f 1651// 1906// 1907//
f 1651// 1907// 1652//
f 1652// 1907// 1908//
f 1652// 1908// 1653//
f 1653// 1908// 1909//
f 1653// 1909// 1654//
f 1654// 1909// 1910//
f 1654// 1910// 1655//
f 1655// 1910// 1911//
f 1655// 1911// 1656//
f 1656// 1911// 1912//
f 1656// 1912// 1657//
f 1657// 1912// 1913//
f 1657// 1913// 1658//
f 1658// 1913// 1914//
f 1658// 1914// 1659//
f 1659// 1914// 1915//
f 1659// 1915// 1660//
f 1660// 1915// 1916//
f 477// 476// 1917//
f 1917// 476// 1661//
f 1917// 1661// 1918//
f 1918// 1661// 1662//
f 1918// 1662// 1919//
f 1919// 1662// 1663//
f 1919// 1663// 1920//
f 1920// 1663// 1664//
f 1920// 1664// 1921//
f 1921// 1664// 1665//
f 1921// 1665// 1922//
f 1922// 1665// 1666//
f 1922// 1666// 1923//
f 1923// 1666// 1667//
f 1923// 1667// 1924//
f 1924// 1667// 1668//
f 1924// 1668// 1925//
f 1925// 1668// 1669//
f 1925// 1669// 1926//
f 1926// 1669// 1670//
f 1926// 1670// 1927//
f 1927// 1670// 1671//
f 1927// 1671// 1928//
f 1928// 1671// 1672//
f 1928// 1672// 1929//
f 1929// 1672// 1673//
f 1929// 1673// 1930//
f 1930// 1673// 1674//
f 1930// 1674// 1931//
f 1931// 1674// 1675//
f 1931// 1675// 1932//
f 1932// 1675// 1676//
f 1932// 1676// 1933//
f 1933// 1676// 1677//
f 1933// 1677// 1934//
f 1934// 1677// 1678//
f 1934// 1678// 1935//
f 1935// 1678// 1679//
f 1935// 1679// 1936//
f 1936// 1679// 1680//
f 1936// 1680// 1937//
f 1937// 1680// 1681//
f 1937// 1681// 1938//
f 1938// 1681// 1682//
f 1938// 1682// 1939//
f 1939// 1682// 1683//
f 1939// 1683// 1940//
f 1940// 1683// 1684//
f 1940// 1684// 1941//
f 1941// 1684// 1685//
f 1941// 1685// 1942//
f 1942// 1685// 1686//
f 1942// 1686// 1943//
f 1943// 1686// 1687//
f 1943// 1687// 1944//
f 1944// 1687// 1688//
f 1944// 1688// 1945//
f 1945// 1688// 1689//
f 1945// 1689// 1946//
f 1946// 1689// 1690//
f 1946// 1690// 1947//
f 1947// 1690// 1691//
f 1947// 1691// 1948//
f 1948// 1691// 1692//
f 1948// 1692// 1949//
f 1949// 1692// 1693//
f 1949// 1693// 1950//
f 1950// 1693// 1694//
f 1950// 1694// 1951//
f 1951// 1694// 1695//
f 1951// 1695// 1952//
f 1952// 1695// 1696//
f 1952// 1696// 1953//
f 1953// 1696// 1697//
f 1953// 1697// 1954//
f 1954// 1697// 1698//
f 1954// 1698// 1955//
f 1955// 1698// 1699//
f 1955// 1699// 1956//
f 1956// 1699// 1700//
f 1956// 1700// 1957//
f 1957// 1700// 1701//
f 1957// 1701// 1958//
f 1958// 1701// 1702//
f 1958// 1702// 1959//
f 1959// 1702// 1703//
f 1959// 1703// 1960//
f 1960// 1703// 1704//
f 1960// 1704// 1961//
f 1961// 1704// 1705//
f 1961// 1705// 1962//
f 1962// 1705// 1706//
f 1962// 1706// 1963//
f 1963// 1706// 1707//
f 1963// 1707// 1964//
f 1964// 1707// 1708//
f 1964// 1708// 1965//
f 1965// 1708// 1709//
f 1965// 1709// 1966//
f 1966// 1709// 1710//
f 1966// 1710// 1967//
f 1967// 1710// 1711//
f 1967// 1711// 1968//
f 1968// 1711// 1712//
f 1968// 1712// 1969//
f 1969// 1712// 1713//
f 1969// 1713// 1970//
f 1970// 1713// 1714//
f 1970// 1714// 1971//
f 1971// 1714// 1715//
f 1971// 1715// 1972//
f 1972// 1715// 1716//
f 1972// 1716// 1973//
f 1973// 1716// 1717//
f 1973// 1717// 1974//
f 1974// 1717// 1718//
f 1974// 1718// 1975//
f 1975// 1718// 1719//
f 1975// 1719// 1976//
f 1976// 1719// 1720//
f 1976// 1720// 1977//
f 1977// 1720// 1721//
f 1977// 1721// 1978//
f 1978// 1721// 1722//
f 1978// 1722// 1979//
f 1979// 1722// 1723//
f 1979// 1723// 1980//
f 1980// 1723// 1724//
f 1980// 1724// 1981//
f 1981// 1724// 1725//
f 1981// 1725// 1982//
f 1982// 1725// 1726//
f 1982// 1726// 1983//
f 1983// 1726// 1727//
f 1983// 1727// 1984//
f 1984// 1727// 1728//
f 1984// 1728// 1985//
f 1985// 1728// 1729//
f 1985// 1729// 1986//
f 1986// 1729// 1730//
f 1986// 1730// 1987//
f 1987// 1730// 1731//
f 1987// 1731// 1988//
f 1988// 1731// 1732//
f 1988// 1732// 1989//
f 1989// 1732// 1733//
f 1989// 1733// 1990//
f 1990// 1733// 1734//
f 1990// 1734// 1991//
f 1991// 1734// 1735//
f 1991// 1735// 1992//
f 1992// 1735// 1736//
f 1992// 1736// 1993//
f 1993// 1736// 1737//
f 1993// 1737// 1994//
f 1994// 1737// 1738//
f 1994// 1738// 1995//
f 1995// 1738// 1739//
f 1995// 1739// 1996//
f 1996// 1739// 1740//
f 1996// 1740// 1997//
f 1997// 1740// 1741//
f 1997// 1741// 1998//
f 1998// 1741// 1742//
f 1998// 1742// 1999//
f 1999// 1742// 1743//
f 1999// 1743// 2000//
f 2000// 1743// 1744//
f 2000// 1744// 2001//
f 2001// 1744// 1745//
f 2001// 1745// 2002//
f 2002// 1745// 1746//
f 2002// 1746// 2003//
f 2003// 1746// 1747//
f 2003// 1747// 2004//
f 2004// 1747// 1748//
f 2004// 1748// 2005//
f 2005// 1748// 1749//
f 2005// 1749// 2006//
f 2006// 1749// 1750//
f 2006// 1750// 2007//
f 2007// 1750// 1751//
f 2007// 1751// 2008//
f 2008// 1751// 1752//
f 2008// 1752// 2009//
f 2009// 1752// 1753//
f 2009// 1753// 2010//
f 2010// 1753// 1754//
f 2010// 1754// 2011//
f 2011// 1754// 1755//
f 2011// 1755// 2012//
f 2012// 1755// 1756//
f 2012// 1756// 2013//
f 2013// 1756// 1757//
f 2013// 1757// 2014//
f 2014// 1757// 1758//
f 2014// 1758// 2015//
f 2015// 1758// 1759//
f 2015// 1759// 2016//
f 2016// 1759// 1760//
f 2016// 1760// 2017//
f 2017// 1760// 1761//
f 2017// 1761// 2018//
f 2018// 1761// 1762//
f 2018// 1762// 2019//
f 2019// 1762// 1763//
f 2019// 1763// 2020//
f 2020// 1763// 1764//
f 2020// 1764// 2021//
f 2021// 1764// 1765//
f 2021// 1765// 2022//
f 2022// 1765// 1766//
f 2022// 1766// 2023//
f 2023// 1766// 1767//
f 2023// 1767// 2024//
f 2024// 1767// 1768//
f 2024// 1768// 2025//
f 2025// 1768// 1769//
f 2025// 1769// 2026//
f 2026// 1769// 1770//
f 2026// 1770// 2027//
f 2027// 1770// 1771//
f 2027// 1771// 2028//
f 2028// 1771// 1772//
f 2028// 1772// 2029//
f 2029// 1772// 1773//
f 2029// 1773// 2030//
f 2030// 1773// 1774//
f 2030// 1774// 2031//
f 2031// 1774// 1775//
f 2031// 1775// 2032//
f 2032// 1775// 1776//
f 2032// 1776// 2033//
f 2033// 1776// 1777//
f 2033// 1777// 2034//
f 2034// 1777// 1778//
f 2034// 1778// 2035//
f 2035// 1778// 1779//
f 2035// 1779// 2036//
f 2036// 1779// 1780//
f 2036// 1780// 2037//
f 2037// 1780// 1781//
f 2037// 1781// 2038//
f 2038// 1781// 1782//
f 2038// 1782// 2039//
f 2039// 1782// 1783//
f 2039// 1783// 2040//
f 2040// 1783// 1784//
f 2040// 1784// 2041//
f 2041// 1784// 1785//
f 2041// 1785// 2042//
f 2042// 1785// 1786//
f 2042// 1786// 2043//
f 2043// 1786// 1787//
f 2043// 1787// 2044//
f 2044// 1787// 1788//
f 486// 491// 1789//
f 1789// 491// 2045//
f 1789// 2045// 1790//
f 1790// 2045// 2046//
f 1790// 2046// 1791//
f 1791// 2046// 2047//
f 1791// 2047// 1792//
f 1792// 2047// 2048//
f 1792// 2048// 1793//
f 1793// 2048// 2049//
f 1793// 2049// 1794//
f 1794// 2049// 2050//
f 1794// 2050// 1795//
f 1795// 2050// 2051//
f 1795// 2051// 1796//
f 1796// 2051// 2052//
f 1796// 2052// 1797//
f 1797// 2052// 2053//
f 1797// 2053// 1798//
f 1798// 2053// 2054//
f 1798// 2054// 1799//
f 1799// 2054// 2055//
f 1799// 2055// 1800//
f 1800// 2055// 2056//
f 1800// 2056// 1801//
f 1801// 2056// 2057//
f 1801// 2057// 1802//
f 1802// 2057// 2058//
f 1802// 2058// 1803//
f 1803// 2058// 2059//
f 1803// 2059// 1804//
f 1804// 2059// 2060//
f 1804// 2060// 1805//
f 1805// 2060// 2061//
f 1805// 2061// 1806//
f 1806// 2061// 2062//
f 1806// 2062// 1807//
f 1807// 2062// 2063//
f 1807// 2063// 1808//
f 1808// 2063// 2064//
f 1808// 2064// 1809//
f 1809// 2064// 2065//
f 1809// 2065// 1810//
f 1810// 2065// 2066//
f 1810// 2066// 1811//
f 1811// 2066// 2067//
f 1811// 2067// 1812//
f 1812// 2067// 2068//
f 1812// 2068// 1813//
f 1813// 2068// 2069//
f 1813// 2069// 1814//
f 1814// 2069// 2070//
f 1814// 2070// 1815//
f 1815// 2070// 2071//
f 1815// 2071// 1816//
f 1816// 2071// 2072//
f 1816// 2072// 1817//
f 1817// 2072// 2073//
f 1817// 2073// 1818//
f 1818// 2073// 2074//
f 1818// 2074// 1819//
f 1819// 2074// 2075//
f 1819// 2075// 1820//
f 1820// 2075// 2076//
f 1820// 2076// 1821//
f 1821// 2076// 2077//
f 1821// 2077// 1822//
f 1822// 2077// 2078//
f 1822// 2078// 1823//
f 1823// 2078// 2079//
f 1823// 2079// 1824//
f 1824// 2079// 2080//
f 1824// 2080// 1825//
f 1825// 2080// 2081//
f 1825// 2081// 1826//
f 1826// 2081// 2082//
f 1826// 2082// 1827//
f 1827// 2082// 2083//
f 1827// 2083// 1828//
f 1828// 2083// 2084//
f 1828// 2084// 1829//
f 1829// 2084// 2085//
f 1829// 2085// 1830//
f 1830// 2085// 2086//
f 1830// 2086// 1831//
f 1831// 2086// 2087//
f 1831// 2087// 1832//
f 1832// 2087// 2088//
f 1832// 2088// 1833//
f 1833// 2088// 2089//
f 1833// 2089// 1834//
f 1834// 2089// 2090//
f 1834// 2090// 1835//
f 1835// 2090// 2091//
f 1835// 2091// 1836//
f 1836// 2091// 2092//
f 1836// 2092// 1837//
f 1837// 2092// 2093//
f 1837// 2093// 1838//
f 1838// 2093// 2094//
f 1838// 2094// 1839//
f 1839// 2094// 2095//
f 1839// 2095// 1840//
f 1840// 2095// 2096//
f 1840// 2096// 1841//
f 1841// 2096// 2097//
f 1841// 2097// 1842//
f 1842// 2097// 2098//
f 1842// 2098// 1843//
f 1843// 2098// 2099//
f 1843// 2099// 1844//
f 1844// 2099// 2100//
f 1844// 2100// 1845//
f 1845// 2100// 2101//
f 1845// 2101// 1846//
f 1846// 2101// 2102//
f 1846// 2102// 1847//
f 1847// 2102// 2103//
f 1847// 2103// 1848//
f 1848// 2103// 2104//
f 1848// 2104// 1849//
f 1849// 2104// 2105//
f 1849// 2105// 1850//
f 1850// 2105// 2106//
f 1850// 2106// 1851//
f 1851// 2106// 2107//
f 1851// 2107// 1852//
f 1852// 2107// 2108//
f 1852// 2108// 1853//
f 1853// 2108// 2109//
f 1853// 2109// 1854//
f 1854// 2109// 2110//
f 1854// 2110// 1855//
f 1855// 2110// 2111//
f 1855// 2111// 1856//
f 1856// 2111// 2112//
f 1856// 2112// 1857//
f 1857// 2112// 2113//
f 1857// 2113// 1858//
f 1858// 2113// 2114//
f 1858// 2114// 1859//
f 1859// 2114// 2115//
f 1859// 2115// 1860//
f 1860// 2115// 2116//
f 1860// 2116// 1861//
f 1861// 2116// 2117//
f 1861// 2117// 1862//
f 1862// 2117// 2118//
f 1862// 2118// 1863//
f 1863// 2118// 2119//
f 1863// 2119// 1864//
f 1864// 2119// 2120//
f 1864// 2120// 1865//
f 1865// 2120// 2121//
f 1865// 2121// 1866//
f 1866// 2121// 2122//
f 1866// 2122// 1867//
f 1867// 2122// 2123//
f 1867// 2123// 1868//
f 1868// 2123// 2124//
f 1868// 2124// 1869//
f 1869// 2124// 2125//
f 1869// 2125// 1870//
f 1870// 2125// 2126//
f 1870// 2126// 1871//
f 1871// 2126// 2127//
f 1871// 2127// 1872//
f 1872// 2127// 2128//
f 1872// 2128// 1873//
f 1873// 2128// 2129//
f 1873// 2129// 1874//
f 1874// 2129// 2130//
f 1874// 2130// 1875//
f 1875// 2130// 2131//
f 1875// 2131// 1876//
f 1876// 2131// 2132//
f 1876// 2132// 1877//
f 1877// 2132// 2133//
f 1877// 2133// 1878//
f 1878// 2133// 2134//
f 1878// 2134// 1879//
f 1879// 2134// 2135//
f 1879// 2135// 1880//
f 1880// 2135// 2136//
f 1880// 2136// 1881//
f 1881// 2136// 2137//
f 1881// 2137// 1882//
f 1882// 2137// 2138//
f 1882// 2138// 1883//
f 1883// 2138// 2139//
f 1883// 2139// 1884//
f 1884// 2139// 2140//
f 1884// 2140// 1885//
f 1885// 2140// 2141//
f 1885// 2141// 1886//
f 1886// 2141// 2142//
f 1886// 2142// 1887//
f 1887// 2142// 2143//
f 1887// 2143// 1888//
f 1888// 2143// 2144//
f 1888// 2144// 1889//
f 1889// 2144// 2145//
f 1889// 2145// 1890//
f 1890// 2145// 2146//
f 1890// 2146// 1891//
f 1891// 2146// 2147//
f 1891// 2147// 1892//
f 1892// 2147// 2148//
f 1892// 2148// 1893//
f 1893// 2148// 2149//
f 1893// 2149// 1894//
f 1894// 2149// 2150//
f 1894// 2150// 1895//
f 1895// 2150// 2151//
f 1895// 2151// 1896//
f 1896// 2151// 2152//
f 1896// 2152// 1897//
f 1897// 2152// 2153//
f 1897// 2153// 1898//
f 1898// 2153// 2154//
f 1898// 2154// 1899//
f 1899// 2154// 2155//
f 1899// 2155// 1900//
f 1900// 2155// 2156//
f 1900// 2156// 1901//
f 1901// 2156// 2157//
f 1901// 2157// 1902//
f 1902// 2157// 2158//
f 1902// 2158// 1903//
f 1903// 2158// 2159//
f 1903// 2159// 1904//
f 1904// 2159// 2160//
f 1904// 2160// 1905//
f 1905// 2160// 2161//
f 1905// 2161// 1906//
f 1906// 2161// 2162//
f 1906// 2162// 1907//
f 1907// 2162// 2163//
f 1907// 2163// 1908//
f 1908// 2163// 2164//
f 1908// 2164// 1909//
f 1909// 2164// 2165//
f 1909// 2165// 1910//
f 1910// 2165// 2166//
f 1910// 2166// 1911//
f 1911// 2166// 2167//
f 1911// 2167// 1912//
f 1912// 2167// 2168//
f 1912// 2168// 1913//
f 1913// 2168// 2169//
f 1913// 2169// 1914//
f 1914// 2169// 2170//
f 1914// 2170// 1915//
f 1915// 2170// 2171//
f 1915// 2171// 1916//
f 1916// 2171// 2172//
f 478// 477// 2173//
f 2173// 477// 1917//
f 2173// 1917// 2174//
f 2174// 1917// 1918//
f 2174// 1918// 2175//
f 2175// 1918// 1919//
f 2175// 1919// 2176//
f 2176// 1919// 1920//
f 2176// 1920// 2177//
f 2177// 1920// 1921//
f 2177// 1921// 2178//
f 2178// 1921// 1922//
f 2178// 1922// 2179//
f 2179// 1922// 1923//
f 2179// 1923// 2180//
f 2180// 1923// 1924//
f 2180// 1924// 2181//
f 2181// 1924// 1925//
f 2181// 1925// 2182//
f 2182// 1925// 1926//
f 2182// 1926// 2183//
f 2183// 1926// 1927//
f 2183// 1927// 2184//
f 2184// 1927// 1928//
f 2184// 1928// 2185//
f 2185// 1928// 1929//
f 2185// 1929// 2186//
f 2186// 1929// 1930//
f 2186// 1930// 2187//
f 2187// 1930// 1931//
f 2187// 1931// 2188//
f 2188// 1931// 1932//
f 2188// 1932// 2189//
f 2189// 1932// 1933//
f 2189// 1933// 2190//
f 2190// 1933// 1934//
f 2190// 1934// 2191//
f 2191// 1934// 1935//
f 2191// 1935// 2192//
f 2192// 1935// 1936//
f 2192// 1936// 2193//
f 2193// 1936// 1937//
f 2193// 1937// 2194//
f 2194// 1937// 1938//
f 2194// 1938// 2195//
f 2195// 1938// 1939//
f 2195// 1939// 2196//
f 2196// 1939// 1940//
f 2196// 1940// 2197//
f 2197// 1940// 1941//
f 2197// 1941// 2198//
f 2198// 1941// 1942//
f 2198// 1942// 2199//
f 2199// 1942// 1943//
f 2199// 1943// 2200//
f 2200// 1943// 1944//
f 2200// 1944// 2201//
f 2201// 1944// 1945//
f 2201// 1945// 2202//
f 2202// 1945// 1946//
f 2202// 1946// 2203//
f 2203// 1946// 1947//
f 2203// 1947// 2204//
f 2204// 1947// 1948//
f 2204// 1948// 2205//
f 2205// 1948// 1949//
f 2205// 1949// 2206//
f 2206// 1949// 1950//
f 2206// 1950// 2207//
f 2207// 1950// 1951//
f 2207// 1951// 2208//
f 2208// 1951// 1952//
f 2208// 1952// 2209//
f 2209// 1952// 1953//
f 2209// 1953// 2210//
f 2210// 1953// 1954//
f 2210// 1954// 2211//
f 2211// 1954// 1955//
f 2211// 1955// 2212//
f 2212// 1955// 1956//
f 2212// 1956// 2213//
f 2213// 1956// 1957//
f 2213// 1957// 2214//
f 2214// 1957// 1958//
f 2214// 1958// 2215//
f 2215// 1958// 1959//
f 2215// 1959// 2216//
f 2216// 1959// 1960//
f 2216// 1960// 2217//
f 2217// 1960// 1961//
f 2217// 1961// 2218//
f 2218// 1961// 1962//
f 2218// 1962// 2219//
f 2219// 1962// 1963//
f 2219// 1963// 2220//
f 2220// 1963// 1964//
f 2220// 1964// 2221//
f 2221// 1964// 1965//
f 2221// 1965// 2222//
f 2222// 1965// 1966//
f 2222// 1966// 2223//
f 2223// 1966// 1967//
f 2223// 1967// 2224//
f 2224// 1967// 1968//
f 2224// 1968// 2225//
f 2225// 1968// 1969//
f 2225// 1969// 2226//
f 2226// 1969// 1970//
f 2226// 1970// 2227//
f 2227// 1970// 1971//
f 2227// 1971// 2228//
f 2228// 1971// 1972//
f 2228// 1972// 2229//
f 2229// 1972// 1973//
f 2229// 1973// 2230//
f 2230// 1973// 1974//
f 2230// 1974// 2231//
f 2231// 1974// 1975//
f 2231// 1975// 2232//
f 2232// 1975// 1976//
f 2232// 1976// 2233//
f 2233// 1976// 1977//
f 2233// 1977// 2234//
f 2234// 1977// 1978//
f 2234// 1978// 2235//
f 2235// 1978// 1979//
f 2235// 1979// 2236//
f 2236// 1979// 1980//
f 2236// 1980// 2237//
f 2237// 1980// 1981//
f 2237// 1981// 2238//
f 2238// 1981// 1982//
f 2238// 1982// 2239//
f 2239// 1982// 1983//
f 2239// 1983// 2240//
f 2240// 1983// 1984//
f 2240// 1984// 2241//
f 2241// 1984// 1985//
f 2241// 1985// 2242//
f 2242// 1985// 1986//
f 2242// 1986// 2243//
f 2243// 1986// 1987//
f 2243// 1987// 2244//
f 2244// 1987// 1988//
f 2244// 1988// 2245//
f 2245// 1988// 1989//
f 2245// 1989// 2246//
f 2246// 1989// 1990//
f 2246// 1990// 2247//
f 2247// 1990// 1991//
f 2247// 1991// 2248//
f 2248// 1991// 1992//
f 2248// 1992// 2249//
f 2249// 1992// 1993//
f 2249// 1993// 2250//
f 2250// 1993// 1994//
f 2250// 1994// 2251//
f 2251// 1994// 1995//
f 2251// 1995// 2252//
f 2252// 1995// 1996//
f 2252// 1996// 2253//
f 2253// 1996// 1997//
f 2253// 1997// 2254//
f 2254// 1997// 1998//
f 2254// 1998// 2255//
f 2255// 1998// 1999//
f 2255// 1999// 2256//
f 2256// 1999// 2000//
f 2256// 2000// 2257//
f 2257// 2000// 2001//
f 2257// 2001// 2258//
f 2258// 2001// 2002//
f 2258// 2002// 2259//
f 2259// 2002// 2003//
f 2259// 2003// 2260//
f 2260// 2003// 2004//
f 2260// 2004// 2261//
f 2261// 2004// 2005//
f 2261// 2005// 2262//
f 2262// 2005// 2006//
f 2262// 2006// 2263//
f 2263// 2006// 2007//
f 2263// 2007// 2264//
f 2264// 2007// 2008//
f 2264// 2008// 2265//
f 2265// 2008// 2009//
f 2265// 2009// 2266//
f 2266// 2009// 2010//
f 2266// 2010// 2267//
f 2267// 2010// 2011//
f 2267// 2011// 2268//
f 2268// 2011// 2012//
f 2268// 2012// 2269//
f 2269// 2012// 2013//
f 2269// 2013// 2270//
f 2270// 2013// 2014//
f 2270// 2014// 2271//
f 2271// 2014// 2015//
f 2271// 2015// 2272//
f 2272// 2015// 2016//
f 2272// 2016// 2273//
f 2273// 2016// 2017//
f 2273// 2017// 2274//
f 2274// 2017// 2018//
f 2274// 2018// 2275//
f 2275// 2018// 2019//
f 2275// 2019// 2276//
f 2276// 2019// 2020//
f 2276// 2020// 2277//
f 2277// 2020// 2021//
f 2277// 2021// 2278//
f 2278// 2021// 2022//
f 2278// 2022// 2279//
f 2279// 2022// 2023//
f 2279// 2023// 2280//
f 2280// 2023// 2024//
f 2280// 2024// 2281//
f 2281// 2024// 2025//
f 2281// 2025// 2282//
f 2282// 2025// 2026//
f 2282// 2026// 2283//
f 2283// 2026// 2027//
f 2283// 2027// 2284//
f 2284// 2027// 2028//
f 2284// 2028// 2285//
f 2285// 2028// 2029//
f 2285// 2029// 2286//
f 2286// 2029// 2030//
f 2286// 2030// 2287//
f 2287// 2030// 2031//
f 2287// 2031// 2288//
f 2288// 2031// 2032//
f 2288// 2032// 2289//
f 2289// 2032// 2033//
f 2289// 2033// 2290//
f 2290// 2033// 2034//
f 2290// 2034// 2291//
f 2291// 2034// 2035//
f 2291// 2035// 2292//
f 2292// 2035// 2036//
f 2292// 2036// 2293//
f 2293// 2036// 2037//
f 2293// 2037// 2294//
f 2294// 2037// 2038//
f 2294// 2038// 2295//
f 2295// 2038// 2039//
f 2295// 2039// 2296//
f 2296// 2039// 2040//
f 2296// 2040// 2297//
f 2297// 2040// 2041//
f 2297// 2041// 2298//
f 2298// 2041// 2042//
f 2298// 2042// 2299//
f 2299// 2042// 2043//
f 2299// 2043// 2300//
f 2300// 2043// 2044//
f 491// 490// 2045//
f 2045// 490// 2301//
f 2045// 2301// 2046//
f 2046// 2301// 2302//
f 2046// 2302// 2047//
f 2047// 2302// 2303//
f 2047// 2303// 2048//
f 2048// 2303// 2304//
f 2048// 2304// 2049//
f 2049// 2304// 2305//
f 2049// 2305// 2050//
f 2050// 2305// 2306//
f 2050// 2306// 2051//
f 2051// 2306// 2307//
f 2051// 2307// 2052//
f 2052// 2307// 2308//
f 2052// 2308// 2053//
f 2053// 2308// 2309//
f 2053// 2309// 2054//
f 2054// 2309// 2310//
f 2054// 2310// 2055//
f 2055// 2310// 2311//
f 2055// 2311// 2056//
f 2056// 2311// 2312//
f 2056// 2312// 2057//
f 2057// 2312// 2313//
f 2057// 2313// 2058//
f 2058// 2313// 2314//
f 2058// 2314// 2059//
f 2059// 2314// 2315//
f 2059// 2315// 2060//
f 2060// 2315// 2316//
f 2060// 2316// 2061//
f 2061// 2316// 2317//
f 2061// 2317// 2062//
f 2062// 2317// 2318//
f 2062// 2318// 2063//
f 2063// 2318// 2319//
f 2063// 2319// 2064//
f 2064// 2319// 2320//
f 2064// 2320// 2065//
f 2065// 2320// 2321//
f 2065// 2321// 2066//
f 2066// 2321// 2322//
f 2066// 2322// 2067//
f 2067// 2322// 2323//
f 2067// 2323// 2068//
f 2068// 2323// 2324//
f 2068// 2324// 2069//
f 2069// 2324// 2325//
f 2069// 2325// 2070//
f 2070// 2325// 2326//
f 2070// 2326// 2071//
f 2071// 2326// 2327//
f 2071// 2327// 2072//
f 2072// 2327// 2328//
f 2072// 2328// 2073//
f 2073// 2328// 2329//
f 2073// 2329// 2074//
f 2074// 2329// 2330//
f 2074// 2330// 2075//
f 2075// 2330// 2331//
f 2075// 2331// 2076//
f 2076// 2331// 2332//
f 2076// 2332// 2077//
f 2077// 2332// 2333//
f 2077// 2333// 2078//
f 2078// 2333// 2334//
f 2078// 2334// 2079//
f 2079// 2334// 2335//
f 2079// 2335// 2080//
f 2080// 2335// 2336//
f 2080// 2336// 2081//
f 2081// 2336// 2337//
f 2081// 2337// 2082//
f 2082// 2337// 2338//
f 2082// 2338// 2083//
f 2083// 2338// 2339//
f 2083// 2339// 2084//
f 2084// 2339// 2340//
f 2084// 2340// 2085//
f 2085// 2340// 2341//
f 2085// 2341// 2086//
f 2086// 2341// 2342//
f 2086// 2342// 2087//
f 2087// 2342// 2343//
f 2087// 2343// 2088//
f 2088// 2343// 2344//
f 2088// 2344// 2089//
f 2089// 2344// 2345//
f 2089// 2345// 2090//
f 2090// 2345// 2346//
f 2090// 2346// 2091//
f 2091// 2346// 2347//
f 2091// 2347// 2092//
f 2092// 2347// 2348//
f 2092// 2348// 2093//
f 2093// 2348// 2349//
f 2093// 2349// 2094//
f 2094// 2349// 2350//
f 2094// 2350// 2095//
f 2095// 2350// 2351//
f 2095// 2351// 2096//
f 2096// 2351// 2352//
f 2096// 2352// 2097//
f 2097// 2352// 2353//
f 2097// 2353// 2098//
f 2098// 2353// 2354//
f 2098// 2354// 2099//
f 2099// 2354// 2355//
f 2099// 2355// 2100//
f 2100// 2355// 2356//
f 2100// 2356// 2101//
f 2101// 2356// 2357//
f 2101// 2357// 2102//
f 2102// 2357// 2358//
f 2102// 2358// 2103//
f 2103// 2358// 2359//
f 2103// 2359// 2104//
f 2104// 2359// 2360//
f 2104// 2360// 2105//
f 2105// 2360// 2361//
f 2105// 2361// 2106//
f 2106// 2361// 2362//
f 2106// 2362// 2107//
f 2107// 2362// 2363//
f 2107// 2363// 2108//
f 2108// 2363// 2364//
f 2108// 2364// 2109//
f 2109// 2364// 2365//
f 2109// 2365// 2110//
f 2110// 2365// 2366//
f 2110// 2366// 2111//
f 2111// 2366// 2367//
f 2111// 2367// 2112//
f 2112// 2367// 2368//
f 2112// 2368// 2113//
f 2113// 2368// 2369//
f 2113// 2369// 2114//
f 2114// 2369// 2370//
f 2114// 2370// 2115//
f 2115// 2370// 2371//
f 2115// 2371// 2116//
f 2116// 2371// 2372//
f 2116// 2372// 2117//
f 2117// 2372// 2373//
f 2117// 2373// 2118//
f 2118// 2373// 2374//
f 2118// 2374// 2119//
f 2119// 2374// 2375//
f 2119// 2375// 2120//
f 2120// 2375// 2376//
f 2120// 2376// 2121//
f 2121// 2376// 2377//
f 2121// 2377// 2122//
f 2122// 2377// 2378//
f 2122// 2378// 2123//
f 2123// 2378// 2379//
f 2123// 2379// 2124//
f 2124// 2379// 2380//
f 2124// 2380// 2125//
f 2125// 2380// 2381//
f 2125// 2381// 2126//
f 2126// 2381// 2382//
f 2126// 2382// 2127//
f 2127// 2382// 2383//
f 2127// 2383// 2128//
f 2128// 2383// 2384//
f 2128// 2384// 2129//
f 2129// 2384// 2385//
f 2129// 2385// 2130//
f 2130// 2385// 2386//
f 2130// 2386// 2131//
f 2131// 2386// 2387//
f 2131// 2387// 2132//
f 2132// 2387// 2388//
f 2132// 2388// 2133//
f 2133// 2388// 2389//
f 2133// 2389// 2134//
f 2134// 2389// 2390//
f 2134// 2390// 2135//
f 2135// 2390// 2391//
f 2135// 2391// 2136//
f 2136// 2391// 2392//
f 2136// 2392// 2137//
f 2137// 2392// 2393//
f 2137// 2393// 2138//
f 2138// 2393// 2394//
f 2138// 2394// 2139//
f 2139// 2394// 2395//
f 2139// 2395// 2140//
f 2140// 2395// 2396//
f 2140// 2396// 2141//
f 2141// 2396// 2397//
f 2141// 2397// 2142//
f 2142// 2397// 2398//
f 2142// 2398// 2143//
f 2143// 2398// 2399//
f 2143// 2399// 2144//
f 2144// 2399// 2400//
f 2144// 2400// 2145//
f 2145// 2400// 2401//
f 2145// 2401// 2146//
f 2146// 2401// 2402//
f 2146// 2402// 2147//
f 2147// 2402// 2403//
f 2147// 2403// 2148//
f 2148// 2403// 2404//
f 2148// 2404// 2149//
f 2149// 2404// 2405//
f 2149// 2405// 2150//
f 2150// 2405// 2406//
f 2150// 2406// 2151//
f 2151// 2406// 2407//
f 2151// 2407// 2152//
f 2152// 2407// 2408//
f 2152// 2408// 2153//
f 2153// 2408// 2409//
f 2153// 2409// 2154//
f 2154// 2409// 2410//
f 2154// 2410// 2155//
f 2155// 2410// 2411//
f 2155// 2411// 2156//
f 2156// 2411// 2412//
f 2156// 2412// 2157//
f 2157// 2412// 2413//
f 2157// 2413// 2158//
f 2158// 2413// 2414//
f 2158// 2414// 2159//
f 2159// 2414// 2415//
f 2159// 2415// 2160//
f 2160// 2415// 2416//
f 2160// 2416// 2161//
f 2161// 2416// 2417//
f 2161// 2417// 2162//
f 2162// 2417// 2418//
f 2162// 2418// 2163//
f 2163// 2418// 2419//
f 2163// 2419// 2164//
f 2164// 2419// 2420//
f 2164// 2420// 2165//
f 2165// 2420// 2421//
f 2165// 2421// 2166//
f 2166// 2421// 2422//
f 2166// 2422// 2167//
f 2167// 2422// 2423//
f 2167// 2423// 2168//
f 2168// 2423// 2424//
f 2168// 2424// 2169//
f 2169// 2424// 2425//
f 2169// 2425// 2170//
f 2170// 2425// 2426//
f 2170// 2426// 2171//
f 2171// 2426// 2427//
f 2171// 2427// 2172//
f 2172// 2427// 2428//
f 473// 478// 2429//
f 2429// 478// 2173//
f 2429// 2173// 2430//
f 2430// 2173// 2174//
f 2430// 2174// 2431//
f 2431// 2174// 2175//
f 2431// 2175// 2432//
f 2432// 2175// 2176//
f 2432// 2176// 2433//
f 2433// 2176// 2177//
f 2433// 2177// 2434//
f 2434// 2177// 2178//
f 2434// 2178// 2435//
f 2435// 2178// 2179//
f 2435// 2179// 2436//
f 2436// 2179// 2180//
f 2436// 2180// 2437//
f 2437// 2180// 2181//
f 2437// 2181// 2438//
f 2438// 2181// 2182//
f 2438// 2182// 2439//
f 2439// 2182// 2183//
f 2439// 2183// 2440//
f 2440// 2183// 2184//
f 2440// 2184// 2441//
f 2441// 2184// 2185//
f 2441// 2185// 2442//
f 2442// 2185// 2186//
f 2442// 2186// 2443//
f 2443// 2186// 2187//
f 2443// 2187// 2444//
f 2444// 2187// 2188//
f 2444// 2188// 2445//
f 2445// 2188// 2189//
f 2445// 2189// 2446//
f 2446// 2189// 2190//
f 2446// 2190// 2447//
f 2447// 2190// 2191//
f 2447// 2191// 2448//
f 2448// 2191// 2192//
f 2448// 2192// 2449//
f 2449// 2192// 2193//
f 2449// 2193// 2450//
f 2450// 2193// 2194//
f 2450// 2194// 2451//
f 2451// 2194// 2195//
f 2451// 2195// 2452//
f 2452// 2195// 2196//
f 2452// 2196// 2453//
f 2453// 2196// 2197//
f 2453// 2197// 2454//
f 2454// 2197// 2198//
f 2454// 2198// 2455//
f 2455// 2198// 2199//
f 2455// 2199// 2456//
f 2456// 2199// 2200//
f 2456// 2200// 2457//
f 2457// 2200// 2201//
f 2457// 2201// 2458//
f 2458// 2201// 2202//
f 2458// 2202// 2459//
f 2459// 2202// 2203//
f 2459// 2203// 2460//
f 2460// 2203// 2204//
f 2460// 2204// 2461//
f 2461// 2204// 2205//
f 2461// 2205// 2462//
f 2462// 2205// 2206//
f 2462// 2206// 2463//
f 2463// 2206// 2207//
f 2463// 2207// 2464//
f 2464// 2207// 2208//
f 2464// 2208// 2465//
f 2465// 2208// 2209//
f 2465// 2209// 2466//
f 2466// 2209// 2210//
f 2466// 2210// 2467//
f 2467// 2210// 2211//
f 2467// 2211// 2468//
f 2468// 2211// 2212//
f 2468// 2212// 2469//
f 2469// 2212// 2213//
f 2469// 2213// 2470//
f 2470// 2213// 2214//
f 2470// 2214// 2471//
f 2471// 2214// 2215//
f 2471// 2215// 2472//
f 2472// 2215// 2216//
f 2472// 2216// 2473//
f 2473// 2216// 2217//
f 2473// 2217// 2474//
f 2474// 2217// 2218//
f 2474// 2218// 2475//
f 2475// 2218// 2219//
f 2475// 2219// 2476//
f 2476// 2219// 2220//
f 2476// 2220// 2477//
f 2477// 2220// 2221//
f 2477// 2221// 2478//
f 2478// 2221// 2222//
f 2478// 2222// 2479//
f 2479// 2222// 2223//
f 2479// 2223// 2480//
f 2480// 2223// 2224//
f 2480// 2224// 2481//
f 2481// 2224// 2225//
f 2481// 2225// 2482//
f 2482// 2225// 2226//
f 2482// 2226// 2483//
f 2483// 2226// 2227//
f 2483// 2227// 2484//
f 2484// 2227// 2228//
f 2484// 2228// 2485//
f 2485// 2228// 2229//
f 2485// 2229// 2486//
f 2486// 2229// 2230//
f 2486// 2230// 2487//
f 2487// 2230// 2231//
f 2487// 2231// 2488//
f 2488// 2231// 2232//
f 2488// 2232// 2489//
f 2489// 2232// 2233//
f 2489// 2233// 2490//
f 2490// 2233// 2234//
f 2490// 2234// 2491//
f 2491// 2234// 2235//
f 2491// 2235// 2492//
f 2492// 2235// 2236//
f 2492// 2236// 2493//
f 2493// 2236// 2237//
f 2493// 2237// 2494//
f 2494// 2237// 2238//
f 2494// 2238// 2495//
f 2495// 2238// 2239//
f 2495// 2239// 2496//
f 2496// 2239// 2240//
f 2496// 2240// 2497//
f 2497// 2240// 2241//
f 2497// 2241// 2498//
f 2498// 2241// 2242//
f 2498// 2242// 2499//
f 2499// 2242// 2243//
f 2499// 2243// 2500//
f 2500// 2243// 2244//
f 2500// 2244// 2501//
f 2501// 2244// 2245//
f 2501// 2245// 2502//
f 2502// 2245// 2246//
f 2502// 2246// 2503//
f 2503// 2246// 2247//
f 2503// 2247// 2504//
f 2504// 2247// 2248//
f 2504// 2248// 2505//
f 2505// 2248// 2249//
f 2505// 2249// 2506//
f 2506// 2249// 2250//
f 2506// 2250// 2507//
f 2507// 2250// 2251//
f 2507// 2251// 2508//
f 2508// 2251// 2252//
f 2508// 2252// 2509//
f 2509// 2252// 2253//
f 2509// 2253// 2510//
f 2510// 2253// 2254//
f 2510// 2254// 2511//
f 2511// 2254// 2255//
f 2511// 2255// 2512//
f 2512// 2255// 2256//
f 2512// 2256// 2513//
f 2513// 2256// 2257//
f 2513// 2257// 2514//
f 2514// 2257// 2258//
f 2514// 2258// 2515//
f 2515// 2258// 2259//
f 2515// 2259// 2516//
f 2516// 2259// 2260//
f 2516// 2260// 2517//
f 2517// 2260// 2261//
f 2517// 2261// 2518//
f 2518// 2261// 2262//
f 2518// 2262// 2519//
f 2519// 2262// 2263//
f 2519// 2263// 2520//
f 2520// 2263// 2264//
f 2520// 2264// 2521//
f 2521// 2264// 2265//
f 2521// 2265// 2522//
f 2522// 2265// 2266//
f 2522// 2266// 2523//
f 2523// 2266// 2267//
f 2523// 2267// 2524//
f 2524// 2267// 2268//
f 2524// 2268// 2525//
f 2525// 2268// 2269//
f 2525// 2269// 2526//
f 2526// 2269// 2270//
f 2526// 2270// 2527//
f 2527// 2270// 2271//
f 2527// 2271// 2528//
f 2528// 2271// 2272//
f 2528// 2272// 2529//
f 2529// 2272// 2273//
f 2529// 2273// 2530//
f 2530// 2273// 2274//
f 2530// 2274// 2531//
f 2531// 2274// 2275//
f 2531// 2275// 2532//
f 2532// 2275// 2276//
f 2532// 2276// 2533//
f 2533// 2276// 2277//
f 2533// 2277// 2534//
f 2534// 2277// 2278//
f 2534// 2278// 2535//
f 2535// 2278// 2279//
f 2535// 2279// 2536//
f 2536// 2279// 2280//
f 2536// 2280// 2537//
f 2537// 2280// 2281//
f 2537// 2281// 2538//
f 2538// 2281// 2282//
f 2538// 2282// 2539//
f 2539// 2282// 2283//
f 2539// 2283// 2540//
f 2540// 2283// 2284//
f 2540// 2284// 2541//
f 2541// 2284// 2285//
f 2541// 2285// 2542//
f 2542// 2285// 2286//
f 2542// 2286// 2543//
f 2543// 2286// 2287//
f 2543// 2287// 2544//
f 2544// 2287// 2288//
f 2544// 2288// 2545//
f 2545// 2288// 2289//
f 2545// 2289// 2546//
f 2546// 2289// 2290//
f 2546// 2290// 2547//
f 2547// 2290// 2291//
f 2547// 2291// 2548//
f 2548// 2291// 2292//
f 2548// 2292// 2549//
f 2549// 2292// 2293//
f 2549// 2293// 2550//
f 2550// 2293// 2294//
f 2550// 2294// 2551//
f 2551// 2294// 2295//
f 2551// 2295// 2552//
f 2552// 2295// 2296//
f 2552// 2296// 2553//
f 2553// 2296// 2297//
f 2553// 2297// 2554//
f 2554// 2297// 2298//
f 2554// 2298// 2555//
f 2555// 2298// 2299//
f 2555// 2299// 2556//
f 2556// 2299// 2300//
f 490// 489// 2301//
f 2301// 489// 2557//
f 2301// 2557// 2302//
f 2302// 2557// 2558//
f 2302// 2558// 2303//
f 2303// 2558// 2559//
f 2303// 2559// 2304//
f 2304// 2559// 2560//
f 2304// 2560// 2305//
f 2305// 2560// 2561//
f 2305// 2561// 2306//
f 2306// 2561// 2562//
f 2306// 2562// 2307//
f 2307// 2562// 2563//
f 2307// 2563// 2308//
f 2308// 2563// 2564//
f 2308// 2564// 2309//
f 2309// 2564// 2565//
f 2309// 2565// 2310//
f 2310// 2565// 2566//
f 2310// 2566// 2311//
f 2311// 2566// 2567//
f 2311// 2567// 2312//
f 2312// 2567// 2568//
f 2312// 2568// 2313//
f 2313// 2568// 2569//
f 2313// 2569// 2314//
f 2314// 2569// 2570//
f 2314// 2570// 2315//
f 2315// 2570// 2571//
f 2315// 2571// 2316//
f 2316// 2571// 2572//
f 2316// 2572// 2317//
f 2317// 2572// 2573//
f 2317// 2573// 2318//
f 2318// 2573// 2574//
f 2318// 2574// 2319//
f 2319// 2574// 2575//
f 2319// 2575// 2320//
f 2320// 2575// 2576//
f 2320// 2576// 2321//
f 2321// 2576// 2577//
f 2321// 2577// 2322//
f 2322// 2577// 2578//
f 2322// 2578// 2323//
f 2323// 2578// 2579//
f 2323// 2579// 2324//
f 2324// 2579// 2580//
f 2324// 2580// 2325//
f 2325// 2580// 2581//
f 2325// 2581// 2326//
f 2326// 2581// 2582//
f 2326// 2582// 2327//
f 2327// 2582// 2583//
f 2327// 2583// 2328//
f 2328// 2583// 2584//
f 2328// 2584// 2329//
f 2329// 2584// 2585//
f 2329// 2585// 2330//
f 2330// 2585// 2586//
f 2330// 2586// 2331//
f 2331// 2586// 2587//
f 2331// 2587// 2332//
f 2332// 2587// 2588//
f 2332// 2588// 2333//
f 2333// 2588// 2589//
f 2333// 2589// 2334//
f 2334// 2589// 2590//
f 2334// 2590// 2335//
f 2335// 2590// 2591//
f 2335// 2591// 2336//
f 2336// 2591// 2592//
f 2336// 2592// 2337//
f 2337// 2592// 2593//
f 2337// 2593// 2338//
f 2338// 2593// 2594//
f 2338// 2594// 2339//
f 2339// 2594// 2595//
f 2339// 2595// 2340//
f 2340// 2595// 2596//
f 2340// 2596// 2341//
f 2341// 2596// 2597//
f 2341// 2597// 2342//
f 2342// 2597// 2598//
f 2342// 2598// 2343//
f 2343// 2598// 2599//
f 2343// 2599// 2344//
f 2344// 2599// 2600//
f 2344// 2600// 2345//
f 2345// 2600// 2601//
f 2345// 2601// 2346//
f 2346// 2601// 2602//
f 2346// 2602// 2347//
f 2347// 2602// 2603//
f 2347// 2603// 2348//
f 2348// 2603// 2604//
f 2348// 2604// 2349//
f 2349// 2604// 2605//
f 2349// 2605// 2350//
f 2350// 2605// 2606//
f 2350// 2606// 2351//
f 2351// 2606// 2607//
f 2351// 2607// 2352//
f 2352// 2607// 2608//
f 2352// 2608// 2353//
f 2353// 2608// 2609//
f 2353// 2609// 2354//
f 2354// 2609// 2610//
f 2354// 2610// 2355//
f 2355// 2610// 2611//
f 2355// 2611// 2356//
f 2356// 2611// 2612//
f 2356// 2612// 2357//
f 2357// 2612// 2613//
f 2357// 2613// 2358//
f 2358// 2613// 2614//
f 2358// 2614// 2359//
f 2359// 2614// 2615//
f 2359// 2615// 2360//
f 2360// 2615// 2616//
f 2360// 2616// 2361//
f 2361// 2616// 2617//
f 2361// 2617// 2362//
f 2362// 2617// 2618//
f 2362// 2618// 2363//
f 2363// 2618// 2619//
f 2363// 2619// 2364//
f 2364// 2619// 2620//
f 2364// 2620// 2365//
f 2365// 2620// 2621//
f 2365// 2621// 2366//
f 2366// 2621// 2622//
f 2366// 2622// 2367//
f 2367// 2622// 2623//
f 2367// 2623// 2368//
f 2368// 2623// 2624//
f 2368// 2624// 2369//
f 2369// 2624// 2625//
f 2369// 2625// 2370//
f 2370// 2625// 2626//
f 2370// 2626// 2371//
f 2371// 2626// 2627//
f 2371// 2627// 2372//
f 2372// 2627// 2628//
f 2372// 2628// 2373//
f 2373// 2628// 2629//
f 2373// 2629// 2374//
f 2374// 2629// 2630//
f 2374// 2630// 2375//
f 2375// 2630// 2631//
f 2375// 2631// 2376//
f 2376// 2631// 2632//
f 2376// 2632// 2377//
f 2377// 2632// 2633//
f 2377// 2633// 2378//
f 2378// 2633// 2634//
f 2378// 2634// 2379//
f 2379// 2634// 2635//
f 2379// 2635// 2380//
f 2380// 2635// 2636//
f 2380// 2636// 2381//
f 2381// 2636// 2637//
f 2381// 2637// 2382//
f 2382// 2637// 2638//
f 2382// 2638// 2383//
f 2383// 2638// 2639//
f 2383// 2639// 2384//
f 2384// 2639// 2640//
f 2384// 2640// 2385//
f 2385// 2640// 2641//
f 2385// 2641// 2386//
f 2386// 2641// 2642//
f 2386// 2642// 2387//
f 2387// 2642// 2643//
f 2387// 2643// 2388//
f 2388// 2643// 2644//
f 2388// 2644// 2389//
f 2389// 2644// 2645//
f 2389// 2645// 2390//
f 2390// 2645// 2646//
f 2390// 2646// 2391//
f 2391// 2646// 2647//
f 2391// 2647// 2392//
f 2392// 2647// 2648//
f 2392// 2648// 2393//
f 2393// 2648// 2649//
f 2393// 2649// 2394//
f 2394// 2649// 2650//
f 2394// 2650// 2395//
f 2395// 2650// 2651//
f 2395// 2651// 2396//
f 2396// 2651// 2652//
f 2396// 2652// 2397//
f 2397// 2652// 2653//
f 2397// 2653// 2398//
f 2398// 2653// 2654//
f 2398// 2654// 2399//
f 2399// 2654// 2655//
f 2399// 2655// 2400//
f 2400// 2655// 2656//
f 2400// 2656// 2401//
f 2401// 2656// 2657//
f 2401// 2657// 2402//
f 2402// 2657// 2658//
f 2402// 2658// 2403//
f 2403// 2658// 2659//
f 2403// 2659// 2404//
f 2404// 2659// 2660//
f 2404// 2660// 2405//
f 2405// 2660// 2661//
f 2405// 2661// 2406//
f 2406// 2661// 2662//
f 2406// 2662// 2407//
f 2407// 2662// 2663//
f 2407// 2663// 2408//
f 2408// 2663// 2664//
f 2408// 2664// 2409//
f 2409// 2664// 2665//
f 2409// 2665// 2410//
f 2410// 2665// 2666//
f 2410// 2666// 2411//
f 2411// 2666// 2667//
f 2411// 2667// 2412//
f 2412// 2667// 2668//
f 2412// 2668// 2413//
f 2413// 2668// 2669//
f 2413// 2669// 2414//
f 2414// 2669// 2670//
f 2414// 2670// 2415//
f 2415// 2670// 2671//
f 2415// 2671// 2416//
f 2416// 2671// 2672//
f 2416// 2672// 2417//
f 2417// 2672// 2673//
f 2417// 2673// 2418//
f 2418// 2673// 2674//
f 2418// 2674// 2419//
f 2419// 2674// 2675//
f 2419// 2675// 2420//
f 2420// 2675// 2676//
f 2420// 2676// 2421//
f 2421// 2676// 2677//
f 2421// 2677// 2422//
f 2422// 2677// 2678//
f 2422// 2678// 2423//
f 2423// 2678// 2679//
f 2423// 2679// 2424//
f 2424// 2679// 2680//
f 2424// 2680// 2425//
f 2425// 2680// 2681//
f 2425// 2681// 2426//
f 2426// 2681// 2682//
f 2426// 2682// 2427//
f 2427// 2682// 2683//
f 2427// 2683// 2428//
f 2428// 2683// 2684//
f 474// 473// 2685//
f 2685// 473// 2429//
f 2685// 2429// 2686//
f 2686// 2429// 2430//
f 2686// 2430// 2687//
f 2687// 2430// 2431//
f 2687// 2431// 2688//
f 2688// 2431// 2432//
f 2688// 2432// 2689//
f 2689// 2432// 2433//
f 2689// 2433// 2690//
f 2690// 2433// 2434//
f 2690// 2434// 2691//
f 2691// 2434// 2435//
f 2691// 2435// 2692//
f 2692// 2435// 2436//
f 2692// 2436// 2693//
f 2693// 2436// 2437//
f 2693// 2437// 2694//
f 2694// 2437// 2438//
f 2694// 2438// 2695//
f 2695// 2438// 2439//
f 2695// 2439// 2696//
f 2696// 2439// 2440//
f 2696// 2440// 2697//
f 2697// 2440// 2441//
f 2697// 2441// 2698//
f 2698// 2441// 2442//
f 2698// 2442// 2699//
f 2699// 2442// 2443//
f 2699// 2443// 2700//
f 2700// 2443// 2444//
f 2700// 2444// 2701//
f 2701// 2444// 2445//
f 2701// 2445// 2702//
f 2702// 2445// 2446//
f 2702// 2446// 2703//
f 2703// 2446// 2447//
f 2703// 2447// 2704//
f 2704// 2447// 2448//
f 2704// 2448// 2705//
f 2705// 2448// 2449//
f 2705// 2449// 2706//
f 2706// 2449// 2450//
f 2706// 2450// 2707//
f 2707// 2450// 2451//
f 2707// 2451// 2708//
f 2708// 2451// 2452//
f 2708// 2452// 2709//
f 2709// 2452// 2453//
f 2709// 2453// 2710//
f 2710// 2453// 2454//
f 2710// 2454// 2711//
f 2711// 2454// 2455//
f 2711// 2455// 2712//
f 2712// 2455// 2456//
f 2712// 2456// 2713//
f 2713// 2456// 2457//
f 2713// 2457// 2714//
f 2714// 2457// 2458//
f 2714// 2458// 2715//
f 2715// 2458// 2459//
f 2715// 2459// 2716//
f 2716// 2459// 2460//
f 2716// 2460// 2717//
f 2717// 2460// 2461//
f 2717// 2461// 2718//
f 2718// 2461// 2462//
f 2718// 2462// 2719//
f 2719// 2462// 2463//
f 2719// 2463// 2720//
f 2720// 2463// 2464//
f 2720// 2464// 2721//
f 2721// 2464// 2465//
f 2721// 2465// 2722//
f 2722// 2465// 2466//
f 2722// 2466// 2723//
f 2723// 2466// 2467//
f 2723// 2467// 2724//
f 2724// 2467// 2468//
f 2724// 2468// 2725//
f 2725// 2468// 2469//
f 2725// 2469// 2726//
f 2726// 2469// 2470//
f 2726// 2470// 2727//
f 2727// 2470// 2471//
f 2727// 2471// 2728//
f 2728// 2471// 2472//
f 2728// 2472// 2729//
f 2729// 2472// 2473//
f 2729// 2473// 2730//
f 2730// 2473// 2474//
f 2730// 2474// 2731//
f 2731// 2474// 2475//
f 2731// 2475// 2732//
f 2732// 2475// 2476//
f 2732// 2476// 2733//
f 2733// 2476// 2477//
f 2733// 2477// 2734//
f 2734// 2477// 2478//
f 2734// 2478// 2735//
f 2735// 2478// 2479//
f 2735// 2479// 2736//
f 2736// 2479// 2480//
f 2736// 2480// 2737//
f 2737// 2480// 2481//
f 2737// 2481// 2738//
f 2738// 2481// 2482//
f 2738// 2482// 2739//
f 2739// 2482// 2483//
f 2739// 2483// 2740//
f 2740// 2483// 2484//
f 2740// 2484// 2741//
f 2741// 2484// 2485//
f 2741// 2485// 2742//
f 2742// 2485// 2486//
f 2742// 2486// 2743//
f 2743// 2486// 2487//
f 2743// 2487// 2744//
f 2744// 2487// 2488//
f 2744// 2488// 2745//
f 2745// 2488// 2489//
f 2745// 2489// 2746//
f 2746// 2489// 2490//
f 2746// 2490// 2747//
f 2747// 2490// 2491//
f 2747// 2491// 2748//
f 2748// 2491// 2492//
f 2748// 2492// 2749//
f 2749// 2492// 2493//
f 2749// 2493// 2750//
f 2750// 2493// 2494//
f 2750// 2494// 2751//
f 2751// 2494// 2495//
f 2751// 2495// 2752//
f 2752// 2495// 2496//
f 2752// 2496// 2753//
f 2753// 2496// 2497//
f 2753// 2497// 2754//
f 2754// 2497// 2498//
f 2754// 2498// 2755//
f 2755// 2498// 2499//
f 2755// 2499// 2756//
f 2756// 2499// 2500//
f 2756// 2500// 2757//
f 2757// 2500// 2501//
f 2757// 2501// 2758//
f 2758// 2501// 2502//
f 2758// 2502// 2759//
f 2759// 2502// 2503//
f 2759// 2503// 2760//
f 2760// 2503// 2504//
f 2760// 2504// 2761//
f 2761// 2504// 2505//
f 2761// 2505// 2762//
f 2762// 2505// 2506//
f 2762// 2506// 2763//
f 2763// 2506// 2507//
f 2763// 2507// 2764//
f 2764// 2507// 2508//
f 2764// 2508// 2765//
f 2765// 2508// 2509//
f 2765// 2509// 2766//
f 2766// 2509// 2510//
f 2766// 2510// 2767//
f 2767// 2510// 2511//
f 2767// 2511// 2768//
f 2768// 2511// 2512//
f 2768// 2512// 2769//
f 2769// 2512// 2513//
f 2769// 2513// 2770//
f 2770// 2513// 2514//
f 2770// 2514// 2771//
f 2771// 2514// 2515//
f 2771// 2515// 2772//
f 2772// 2515// 2516//
f 2772// 2516// 2773//
f 2773// 2516// 2517//
f 2773// 2517// 2774//
f 2774// 2517// 2518//
f 2774// 2518// 2775//
f 2775// 2518// 2519//
f 2775// 2519// 2776//
f 2776// 2519// 2520//
f 2776// 2520// 2777//
f 2777// 2520// 2521//
f 2777// 2521// 2778//
f 2778// 2521// 2522//
f 2778// 2522// 2779//
f 2779// 2522// 2523//
f 2779// 2523// 2780//
f 2780// 2523// 2524//
f 2780// 2524// 2781//
f 2781// 2524// 2525//
f 2781// 2525// 2782//
f 2782// 2525// 2526//
f 2782// 2526// 2783//
f 2783// 2526// 2527//
f 2783// 2527// 2784//
f 2784// 2527// 2528//
f 2784// 2528// 2785//
f 2785// 2528// 2529//
f 2785// 2529// 2786//
f 2786// 2529// 2530//
f 2786// 2530// 2787//
f 2787// 2530// 2531//
f 2787// 2531// 2788//
f 2788// 2531// 2532//
f 2788// 2532// 2789//
f 2789// 2532// 2533//
f 2789// 2533// 2790//
f 2790// 2533// 2534//
f 2790// 2534// 2791//
f 2791// 2534// 2535//
f 2791// 2535// 2792//
f 2792// 2535// 2536//
f 2792// 2536// 2793//
f 2793// 2536// 2537//
f 2793// 2537// 2794//
f 2794// 2537// 2538//
f 2794// 2538// 2795//
f 2795// 2538// 2539//
f 2795// 2539// 2796//
f 2796// 2539// 2540//
f 2796// 2540// 2797//
f 2797// 2540// 2541//
f 2797// 2541// 2798//
f 2798// 2541// 2542//
f 2798// 2542// 2799//
f 2799// 2542// 2543//
f 2799// 2543// 2800//
f 2800// 2543// 2544//
f 2800// 2544// 2801//
f 2801// 2544// 2545//
f 2801// 2545// 2802//
f 2802// 2545// 2546//
f 2802// 2546// 2803//
f 2803// 2546// 2547//
f 2803// 2547// 2804//
f 2804// 2547// 2548//
f 2804// 2548// 2805//
f 2805// 2548// 2549//
f 2805// 2549// 2806//
f 2806// 2549// 2550//
f 2806// 2550// 2807//
f 2807// 2550// 2551//
f 2807// 2551// 2808//
f 2808// 2551// 2552//
f 2808// 2552// 2809//
f 2809// 2552// 2553//
f 2809// 2553// 2810//
f 2810// 2553// 2554//
f 2810// 2554// 2811//
f 2811// 2554// 2555//
f 2811// 2555// 2812//
f 2812// 2555// 2556//
f 489// 494// 2557//
f 2557// 494// 2813//
f 2557// 2813// 2558//
f 2558// 2813// 2814//
f 2558// 2814// 2559//
f 2559// 2814// 2815//
f 2559// 2815// 2560//
f 2560// 2815// 2816//
f 2560// 2816// 2561//
f 2561// 2816// 2817//
f 2561// 2817// 2562//
f 2562// 2817// 2818//
f 2562// 2818// 2563//
f 2563// 2818// 2819//
f 2563// 2819// 2564//
f 2564// 2819// 2820//
f 2564// 2820// 2565//
f 2565// 2820// 2821//
f 2565// 2821// 2566//
f 2566// 2821// 2822//
f 2566// 2822// 2567//
f 2567// 2822// 2823//
f 2567// 2823// 2568//
f 2568// 2823// 2824//
f 2568// 2824// 2569//
f 2569// 2824// 2825//
f 2569// 2825// 2570//
f 2570// 2825// 2826//
f 2570// 2826// 2571//
f 2571// 2826// 2827//
f 2571// 2827// 2572//
f 2572// 2827// 2828//
f 2572// 2828// 2573//
f 2573// 2828// 2829//
f 2573// 2829// 2574//
f 2574// 2829// 2830//
f 2574// 2830// 2575//
f 2575// 2830// 2831//
f 2575// 2831// 2576//
f 2576// 2831// 2832//
f 2576// 2832// 2577//
f 2577// 2832// 2833//
f 2577// 2833// 2578//
f 2578// 2833// 2834//
f 2578// 2834// 2579//
f 2579// 2834// 2835//
f 2579// 2835// 2580//
f 2580// 2835// 2836//
f 2580// 2836// 2581//
f 2581// 2836// 2837//
f 2581// 2837// 2582//
f 2582// 2837// 2838//
f 2582// 2838// 2583//
f 2583// 2838// 2839//
f 2583// 2839// 2584//
f 2584// 2839// 2840//
f 2584// 2840// 2585//
f 2585// 2840// 2841//
f 2585// 2841// 2586//
f 2586// 2841// 2842//
f 2586// 2842// 2587//
f 2587// 2842// 2843//
f 2587// 2843// 2588//
f 2588// 2843// 2844//
f 2588// 2844// 2589//
f 2589// 2844// 2845//
f 2589// 2845// 2590//
f 2590// 2845// 2846//
f 2590// 2846// 2591//
f 2591// 2846// 2847//
f 2591// 2847// 2592//
f 2592// 2847// 2848//
f 2592// 2848// 2593//
f 2593// 2848// 2849//
f 2593// 2849// 2594//
f 2594// 2849// 2850//
f 2594// 2850// 2595//
f 2595// 2850// 2851//
f 2595// 2851// 2596//
f 2596// 2851// 2852//
f 2596// 2852// 2597//
f 2597// 2852// 2853//
f 2597// 2853// 2598//
f 2598// 2853// 2854//
f 2598// 2854// 2599//
f 2599// 2854// 2855//
f 2599// 2855// 2600//
f 2600// 2855// 2856//
f 2600// 2856// 2601//
f 2601// 2856// 2857//
f 2601// 2857// 2602//
f 2602// 2857// 2858//
f 2602// 2858// 2603//
f 2603// 2858// 2859//
f 2603// 2859// 2604//
f 2604// 2859// 2860//
f 2604// 2860// 2605//
f 2605// 2860// 2861//
f 2605// 2861// 2606//
f 2606// 2861// 2862//
f 2606// 2862// 2607//
f 2607// 2862// 2863//
f 2607// 2863// 2608//
f 2608// 2863// 2864//
f 2608// 2864// 2609//
f 2609// 2864// 2865//
f 2609// 2865// 2610//
f 2610// 2865// 2866//
f 2610// 2866// 2611//
f 2611// 2866// 2867//
f 2611// 2867// 2612//
f 2612// 2867// 2868//
f 2612// 2868// 2613//
f 2613// 2868// 2869//
f 2613// 2869// 2614//
f 2614// 2869// 2870//
f 2614// 2870// 2615//
f 2615// 2870// 2871//
f 2615// 2871// 2616//
f 2616// 2871// 2872//
f 2616// 2872// 2617//
f 2617// 2872// 2873//
f 2617// 2873// 2618//
f 2618// 2873// 2874//
f 2618// 2874// 2619//
f 2619// 2874// 2875//
f 2619// 2875// 2620//
f 2620// 2875// 2876//
f 2620// 2876// 2621//
f 2621// 2876// 2877//
f 2621// 2877// 2622//
f 2622// 2877// 2878//
f 2622// 2878// 2623//
f 2623// 2878// 2879//
f 2623// 2879// 2624//
f 2624// 2879// 2880//
f 2624// 2880// 2625//
f 2625// 2880// 2881//
f 2625// 2881// 2626//
f 2626// 2881// 2882//
f 2626// 2882// 2627//
f 2627// 2882// 2883//
f 2627// 2883// 2628//
f 2628// 2883// 2884//
f 2628// 2884// 2629//
f 2629// 2884// 2885//
f 2629// 2885// 2630//
f 2630// 2885// 2886//
f 2630// 2886// 2631//
f 2631// 2886// 2887//
f 2631// 2887// 2632//
f 2632// 2887// 2888//
f 2632// 2888// 2633//
f 2633// 2888// 2889//
f 2633// 2889// 2634//
f 2634// 2889// 2890//
f 2634// 2890// 2635//
f 2635// 2890// 2891//
f 2635// 2891// 2636//
f 2636// 2891// 2892//
f 2636// 2892// 2637//
f 2637// 2892// 2893//
f 2637// 2893// 2638//
f 2638// 2893// 2894//
f 2638// 2894// 2639//
f 2639// 2894// 2895//
f 2639// 2895// 2640//
f 2640// 2895// 2896//
f 2640// 2896// 2641//
f 2641// 2896// 2897//
f 2641// 2897// 2642//
f 2642// 2897// 2898//
f 2642// 2898// 2643//
f 2643// 2898// 2899//
f 2643// 2899// 2644//
f 2644// 2899// 2900//
f 2644// 2900// 2645//
f 2645// 2900// 2901//
f 2645// 2901// 2646//
f 2646// 2901// 2902//
f 2646// 2902// 2647//
f 2647// 2902// 2903//
f 2647// 2903// 2648//
f 2648// 2903// 2904//
f 2648// 2904// 2649//
f 2649// 2904// 2905//
f 2649// 2905// 2650//
f 2650// 2905// 2906//
f 2650// 2906// 2651//
f 2651// 2906// 2907//
f 2651// 2907// 2652//
f 2652// 2907// 2908//
f 2652// 2908// 2653//
f 2653// 2908// 2909//
f 2653// 2909// 2654//
f 2654// 2909// 2910//
f 2654// 2910// 2655//
f 2655// 2910// 2911//
f 2655// 2911// 2656//
f 2656// 2911// 2912//
f 2656// 2912// 2657//
f 2657// 2912// 2913//
f 2657// 2913// 2658//
f 2658// 2913// 2914//
f 2658// 2914// 2659//
f 2659// 2914// 2915//
f 2659// 2915// 2660//
f 2660// 2915// 2916//
f 2660// 2916// 2661//
f 2661// 2916// 2917//
f 2661// 2917// 2662//
f 2662// 2917// 2918//
f 2662// 2918// 2663//
f 2663// 2918// 2919//
f 2663// 2919// 2664//
f 2664// 2919// 2920//
f 2664// 2920// 2665//
f 2665// 2920// 2921//
f 2665// 2921// 2666//
f 2666// 2921// 2922//
f 2666// 2922// 2667//
f 2667// 2922// 2923//
f 2667// 2923// 2668//
f 2668// 2923// 2924//
f 2668// 2924// 2669//
f 2669// 2924// 2925//
f 2669// 2925// 2670//
f 2670// 2925// 2926//
f 2670// 2926// 2671//
f 2671// 2926// 2927//
f 2671// 2927// 2672//
f 2672// 2927// 2928//
f 2672// 2928// 2673//
f 2673// 2928// 2929//
f 2673// 2929// 2674//
f 2674// 2929// 2930//
f 2674// 2930// 2675//
f 2675// 2930// 2931//
f 2675// 2931// 2676//
f 2676// 2931// 2932//
f 2676// 2932// 2677//
f 2677// 2932// 2933//
f 2677// 2933// 2678//
f 2678// 2933// 2934//
f 2678// 2934// 2679//
f 2679// 2934// 2935//
f 2679// 2935// 2680//
f 2680// 2935// 2936//
f 2680// 2936// 2681//
f 2681// 2936// 2937//
f 2681// 2937// 2682//
f 2682// 2937// 2938//
f 2682// 2938// 2683//
f 2683// 2938// 2939//
f 2683// 2939// 2684//
f 2684// 2939// 2940//
f 475// 474// 2941//
f 2941// 474// 2685//
f 2941// 2685// 2942//
f 2942// 2685// 2686//
f 2942// 2686// 2943//
f 2943// 2686// 2687//
f 2943// 2687// 2944//
f 2944// 2687// 2688//
f 2944// 2688// 2945//
f 2945// 2688// 2689//
f 2945// 2689// 2946//
f 2946// 2689// 2690//
f 2946// 2690// 2947//
f 2947// 2690// 2691//
f 2947// 2691// 2948//
f 2948// 2691// 2692//
f 2948// 2692// 2949//
f 2949// 2692// 2693//
f 2949// 2693// 2950//
f 2950// 2693// 2694//
f 2950// 2694// 2951//
f 2951// 2694// 2695//
f 2951// 2695// 2952//
f 2952// 2695// 2696//
f 2952// 2696// 2953//
f 2953// 2696// 2697//
f 2953// 2697// 2954//
f 2954// 2697// 2698//
f 2954// 2698// 2955//
f 2955// 2698// 2699//
f 2955// 2699// 2956//
f 2956// 2699// 2700//
f 2956// 2700// 2957//
f 2957// 2700// 2701//
f 2957// 2701// 2958//
f 2958// 2701// 2702//
f 2958// 2702// 2959//
f 2959// 2702// 2703//
f 2959// 2703// 2960//
f 2960// 2703// 2704//
f 2960// 2704// 2961//
f 2961// 2704// 2705//
f 2961// 2705// 2962//
f 2962// 2705// 2706//
f 2962// 2706// 2963//
f 2963// 2706// 2707//
f 2963// 2707// 2964//
f 2964// 2707// 2708//
f 2964// 2708// 2965//
f 2965// 2708// 2709//
f 2965// 2709// 2966//
f 2966// 2709// 2710//
f 2966// 2710// 2967//
f 2967// 2710// 2711//
f 2967// 2711// 2968//
f 2968// 2711// 2712//
f 2968// 2712// 2969//
f 2969// 2712// 2713//
f 2969// 2713// 2970//
f 2970// 2713// 2714//
f 2970// 2714// 2971//
f 2971// 2714// 2715//
f 2971// 2715// 2972//
f 2972// 2715// 2716//
f 2972// 2716// 2973//
f 2973// 2716// 2717//
f 2973// 2717// 2974//
f 2974// 2717// 2718//
f 2974// 2718// 2975//
f 2975// 2718// 2719//
f 2975// 2719// 2976//
f 2976// 2719// 2720//
f 2976// 2720// 2977//
f 2977// 2720// 2721//
f 2977// 2721// 2978//
f 2978// 2721// 2722//
f 2978// 2722// 2979//
f 2979// 2722// 2723//
f 2979// 2723// 2980//
f 2980// 2723// 2724//
f 2980// 2724// 2981//
f 2981// 2724// 2725//
f 2981// 2725// 2982//
f 2982// 2725// 2726//
f 2982// 2726// 2983//
f 2983// 2726// 2727//
f 2983// 2727// 2984//
f 2984// 2727// 2728//
f 2984// 2728// 2985//
f 2985// 2728// 2729//
f 2985// 2729// 2986//
f 2986// 2729// 2730//
f 2986// 2730// 2987//
f 2987// 2730// 2731//
f 2987// 2731// 2988//
f 2988// 2731// 2732//
f 2988// 2732// 2989//
f 2989// 2732// 2733//
f 2989// 2733// 2990//
f 2990// 2733// 2734//
f 2990// 2734// 2991//
f 2991// 2734// 2735//
f 2991// 2735// 2992//
f 2992// 2735// 2736//
f 2992// 2736// 2993//
f 2993// 2736// 2737//
f 2993// 2737// 2994//
f 2994// 2737// 2738//
f 2994// 2738// 2995//
f 2995// 2738// 2739//
f 2995// 2739// 2996//
f 2996// 2739// 2740//
f 2996// 2740// 2997//
f 2997// 2740// 2741//
f 2997// 2741// 2998//
f 2998// 2741// 2742//
f 2998// 2742// 2999//
f 2999// 2742// 2743//
f 2999// 2743// 3000//
f 3000// 2743// 2744//
f 3000// 2744// 3001//
f 3001// 2744// 2745//
f 3001// 2745// 3002//
f 3002// 2745// 2746//
f 3002// 2746// 3003//
f 3003// 2746// 2747//
f 3003// 2747// 3004//
f 3004// 2747// 2748//
f 3004// 2748// 3005//
f 3005// 2748// 2749//
f 3005// 2749// 3006//
f 3006// 2749// 2750//
f 3006// 2750// 3007//
f 3007// 2750// 2751//
f 3007// 2751// 3008//
f 3008// 2751// 2752//
f 3008// 2752// 3009//
f 3009// 2752// 2753//
f 3009// 2753// 3010//
f 3010// 2753// 2754//
f 3010// 2754// 3011//
f 3011// 2754// 2755//
f 3011// 2755// 3012//
f 3012// 2755// 2756//
f 3012// 2756// 3013//
f 3013// 2756// 2757//
f 3013// 2757// 3014//
f 3014// 2757// 2758//
f 3014// 2758// 3015//
f 3015// 2758// 2759//
f 3015// 2759// 3016//
f 3016// 2759// 2760//
f 3016// 2760// 3017//
f 3017// 2760// 2761//
f 3017// 2761// 3018//
f 3018// 2761// 2762//
f 3018// 2762// 3019//
f 3019// 2762// 2763//
f 3019// 2763// 3020//
f 3020// 2763// 2764//
f 3020// 2764// 3021//
f 3021// 2764// 2765//
f 3021// 2765// 3022//
f 3022// 2765// 2766//
f 3022// 2766// 3023//
f 3023// 2766// 2767//
f 3023// 2767// 3024//
f 3024// 2767// 2768//
f 3024// 2768// 3025//
f 3025// 2768// 2769//
f 3025// 2769// 3026//
f 3026// 2769// 2770//
f 3026// 2770// 3027//
f 3027// 2770// 2771//
f 3027// 2771// 3028//
f 3028// 2771// 2772//
f 3028// 2772// 3029//
f 3029// 2772// 2773//
f 3029// 2773// 3030//
f 3030// 2773// 2774//
f 3030// 2774// 3031//
f 3031// 2774// 2775//
f 3031// 2775// 3032//
f 3032// 2775// 2776//
f 3032// 2776// 3033//
f 3033// 2776// 2777//
f 3033// 2777// 3034//
f 3034// 2777// 2778//
f 3034// 2778// 3035//
f 3035// 2778// 2779//
f 3035// 2779// 3036//
f 3036// 2779// 2780//
f 3036// 2780// 3037//
f 3037// 2780// 2781//
f 3037// 2781// 3038//
f 3038// 2781// 2782//
f 3038// 2782// 3039//
f 3039// 2782// 2783//
f 3039// 2783// 3040//
f 3040// 2783// 2784//
f 3040// 2784// 3041//
f 3041// 2784// 2785//
f 3041// 2785// 3042//
f 3042// 2785// 2786//
f 3042// 2786// 3043//
f 3043// 2786// 2787//
f 3043// 2787// 3044//
f 3044// 2787// 2788//
f 3044// 2788// 3045//
f 3045// 2788// 2789//
f 3045// 2789// 3046//
f 3046// 2789// 2790//
f 3046// 2790// 3047//
f 3047// 2790// 2791//
f 3047// 2791// 3048//
f 3048// 2791// 2792//
f 3048// 2792// 3049//
f 3049// 2792// 2793//
f 3049// 2793// 3050//
f 3050// 2793// 2794//
f 3050// 2794// 3051//
f 3051// 2794// 2795//
f 3051// 2795// 3052//
f 3052// 2795// 2796//
f 3052// 2796// 3053//
f 3053// 2796// 2797//
f 3053// 2797// 3054//
f 3054// 2797// 2798//
f 3054// 2798// 3055//
f 3055// 2798// 2799//
f 3055// 2799// 3056//
f 3056// 2799// 2800//
f 3056// 2800// 3057//
f 3057// 2800// 2801//
f 3057// 2801// 3058//
f 3058// 2801// 2802//
f 3058// 2802// 3059//
f 3059// 2802// 2803//
f 3059// 2803// 3060//
f 3060// 2803// 2804//
f 3060// 2804// 3061//
f 3061// 2804// 2805//
f 3061// 2805// 3062//
f 3062// 2805// 2806//
f 3062// 2806// 3063//
f 3063// 2806// 2807//
f 3063// 2807// 3064//
f 3064// 2807// 2808//
f 3064// 2808// 3065//
f 3065// 2808// 2809//
f 3065// 2809// 3066//
f 3066// 2809// 2810//
f 3066// 2810// 3067//
f 3067// 2810// 2811//
f 3067// 2811// 3068//
f 3068// 2811// 2812//
f 494// 493// 2813//
f 2813// 493// 3069//
f 2813// 3069// 2814//
f 2814// 3069// 3070//
f 2814// 3070// 2815//
f 2815// 3070// 3071//
f 2815// 3071// 2816//
f 2816// 3071// 3072//
f 2816// 3072// 2817//
f 2817// 3072// 3073//
f 2817// 3073// 2818//
f 2818// 3073// 3074//
f 2818// 3074// 2819//
f 2819// 3074// 3075//
f 2819// 3075// 2820//
f 2820// 3075// 3076//
f 2820// 3076// 2821//
f 2821// 3076// 3077//
f 2821// 3077// 2822//
f 2822// 3077// 3078//
f 2822// 3078// 2823//
f 2823// 3078// 3079//
f 2823// 3079// 2824//
f 2824// 3079// 3080//
f 2824// 3080// 2825//
f 2825// 3080// 3081//
f 2825// 3081// 2826//
f 2826// 3081// 3082//
f 2826// 3082// 2827//
f 2827// 3082// 3083//
f 2827// 3083// 2828//
f 2828// 3083// 3084//
f 2828// 3084// 2829//
f 2829// 3084// 3085//
f 2829// 3085// 2830//
f 2830// 3085// 3086//
f 2830// 3086// 2831//
f 2831// 3086// 3087//
f 2831// 3087// 2832//
f 2832// 3087// 3088//
f 2832// 3088// 2833//
f 2833// 3088// 3089//
f 2833// 3089// 2834//
f 2834// 3089// 3090//
f 2834// 3090// 2835//
f 2835// 3090// 3091//
f 2835// 3091// 2836//
f 2836// 3091// 3092//
f 2836// 3092// 2837//
f 2837// 3092// 3093//
f 2837// 3093// 2838//
f 2838// 3093// 3094//
f 2838// 3094// 2839//
f 2839// 3094// 3095//
f 2839// 3095// 2840//
f 2840// 3095// 3096//
f 2840// 3096// 2841//
f 2841// 3096// 3097//
f 2841// 3097// 2842//
f 2842// 3097// 3098//
f 2842// 3098// 2843//
f 2843// 3098// 3099//
f 2843// 3099// 2844//
f 2844// 3099// 3100//
f 2844// 3100// 2845//
f 2845// 3100// 3101//
f 2845// 3101// 2846//
f 2846// 3101// 3102//
f 2846// 3102// 2847//
f 2847// 3102// 3103//
f 2847// 3103// 2848//
f 2848// 3103// 3104//
f 2848// 3104// 2849//
f 2849// 3104// 3105//
f 2849// 3105// 2850//
f 2850// 3105// 3106//
f 2850// 3106// 2851//
f 2851// 3106// 3107//
f 2851// 3107// 2852//
f 2852// 3107// 3108//
f 2852// 3108// 2853//
f 2853// 3108// 3109//
f 2853// 3109// 2854//
f 2854// 3109// 3110//
f 2854// 3110// 2855//
f 2855// 3110// 3111//
f 2855// 3111// 2856//
f 2856// 3111// 3112//
f 2856// 3112// 2857//
f 2857// 3112// 3113//
f 2857// 3113// 2858//
f 2858// 3113// 3114//
f 2858// 3114// 2859//
f 2859// 3114// 3115//
f 2859// 3115// 2860//
f 2860// 3115// 3116//
f 2860// 3116// 2861//
f 2861// 3116// 3117//
f 2861// 3117// 2862//
f 2862// 3117// 3118//
f 2862// 3118// 2863//
f 2863// 3118// 3119//
f 2863// 3119// 2864//
f 2864// 3119// 3120//
f 2864// 3120// 2865//
f 2865// 3120// 3121//
f 2865// 3121// 2866//
f 2866// 3121// 3122//
f 2866// 3122// 2867//
f 2867// 3122// 3123//
f 2867// 3123// 2868//
f 2868// 3123// 3124//
f 2868// 3124// 2869//
f 2869// 3124// 3125//
f 2869// 3125// 2870//
f 2870// 3125// 3126//
f 2870// 3126// 2871//
f 2871// 3126// 3127//
f 2871// 3127// 2872//
f 2872// 3127// 3128//
f 2872// 3128// 2873//
f 2873// 3128// 3129//
f 2873// 3129// 2874//
f 2874// 3129// 3130//
f 2874// 3130// 2875//
f 2875// 3130// 3131//
f 2875// 3131// 2876//
f 2876// 3131// 3132//
f 2876// 3132// 2877//
f 2877// 3132// 3133//
f 2877// 3133// 2878//
f 2878// 3133// 3134//
f 2878// 3134// 2879//
f 2879// 3134// 3135//
f 2879// 3135// 2880//
f 2880// 3135// 3136//
f 2880// 3136// 2881//
f 2881// 3136// 3137//
f 2881// 3137// 2882//
f 2882// 3137// 3138//
f 2882// 3138// 2883//
f 2883// 3138// 3139//
f 2883// 3139// 2884//
f 2884// 3139// 3140//
f 2884// 3140// 2885//
f 2885// 3140// 3141//
f 2885// 3141// 2886//
f 2886// 3141// 3142//
f 2886// 3142// 2887//
f 2887// 3142// 3143//
f 2887// 3143// 2888//
f 2888// 3143// 3144//
f 2888// 3144// 2889//
f 2889// 3144// 3145//
f 2889// 3145// 2890//
f 2890// 3145// 3146//
f 2890// 3146// 2891//
f 2891// 3146// 3147//
f 2891// 3147// 2892//
f 2892// 3147// 3148//
f 2892// 3148// 2893//
f 2893// 3148// 3149//
f 2893// 3149// 2894//
f 2894// 3149// 3150//
f 2894// 3150// 2895//
f 2895// 3150// 3151//
f 2895// 3151// 2896//
f 2896// 3151// 3152//
f 2896// 3152// 2897//
f 2897// 3152// 3153//
f 2897// 3153// 2898//
f 2898// 3153// 3154//
f 2898// 3154// 2899//
f 2899// 3154// 3155//
f 2899// 3155// 2900//
f 2900// 3155// 3156//
f 2900// 3156// 2901//
f 2901// 3156// 3157//
f 2901// 3157// 2902//
f 2902// 3157// 3158//
f 2902// 3158// 2903//
f 2903// 3158// 3159//
f 2903// 3159// 2904//
f 2904// 3159// 3160//
f 2904// 3160// 2905//
f 2905// 3160// 3161//
f 2905// 3161// 2906//
f 2906// 3161// 3162//
f 2906// 3162// 2907//
f 2907// 3162// 3163//
f 2907// 3163// 2908//
f 2908// 3163// 3164//
f 2908// 3164// 2909//
f 2909// 3164// 3165//
f 2909// 3165// 2910//
f 2910// 3165// 3166//
f 2910// 3166// 2911//
f 2911// 3166// 3167//
f 2911// 3167// 2912//
f 2912// 3167// 3168//
f 2912// 3168// 2913//
f 2913// 3168// 3169//
f 2913// 3169// 2914//
f 2914// 3169// 3170//
f 2914// 3170// 2915//
f 2915// 3170// 3171//
f 2915// 3171// 2916//
f 2916// 3171// 3172//
f 2916// 3172// 2917//
f 2917// 3172// 3173//
f 2917// 3173// 2918//
f 2918// 3173// 3174//
f 2918// 3174// 2919//
f 2919// 3174// 3175//
f 2919// 3175// 2920//
f 2920// 3175// 3176//
f 2920// 3176// 2921//
f 2921// 3176// 3177//
f 2921// 3177// 2922//
f 2922// 3177// 3178//
f 2922// 3178// 2923//
f 2923// 3178// 3179//
f 2923// 3179// 2924//
f 2924// 3179// 3180//
f 2924// 3180// 2925//
f 2925// 3180// 3181//
f 2925// 3181// 2926//
f 2926// 3181// 3182//
f 2926// 3182// 2927//
f 2927// 3182// 3183//
f 2927// 3183// 2928//
f 2928// 3183// 3184//
f 2928// 3184// 2929//
f 2929// 3184// 3185//
f 2929// 3185// 2930//
f 2930// 3185// 3186//
f 2930// 3186// 2931//
f 2931// 3186// 3187//
f 2931// 3187// 2932//
f 2932// 3187// 3188//
f 2932// 3188// 2933//
f 2933// 3188// 3189//
f 2933// 3189// 2934//
f 2934// 3189// 3190//
f 2934// 3190// 2935//
f 2935// 3190// 3191//
f 2935// 3191// 2936//
f 2936// 3191// 3192//
f 2936// 3192// 2937//
f 2937// 3192// 3193//
f 2937// 3193// 2938//
f 2938// 3193// 3194//
f 2938// 3194// 2939//
f 2939// 3194// 3195//
f 2939// 3195// 2940//
f 2940// 3195// 3196//
f 470// 475// 3197//
f 3197// 475// 2941//
f 3197// 2941// 3198//
f 3198// 2941// 2942//
f 3198// 2942// 3199//
f 3199// 2942// 2943//
f 3199// 2943// 3200//
f 3200// 2943// 2944//
f 3200// 2944// 3201//
f 3201// 2944// 2945//
f 3201// 2945// 3202//
f 3202// 2945// 2946//
f 3202// 2946// 3203//
f 3203// 2946// 2947//
f 3203// 2947// 3204//
f 3204// 2947// 2948//
f 3204// 2948// 3205//
f 3205// 2948// 2949//
f 3205// 2949// 3206//
f 3206// 2949// 2950//
f 3206// 2950// 3207//
f 3207// 2950// 2951//
f 3207// 2951// 3208//
f 3208// 2951// 2952//
f 3208// 2952// 3209//
f 3209// 2952// 2953//
f 3209// 2953// 3210//
f 3210// 2953// 2954//
f 3210// 2954// 3211//
f 3211// 2954// 2955//
f 3211// 2955// 3212//
f 3212// 2955// 2956//
f 3212// 2956// 3213//
f 3213// 2956// 2957//
f 3213// 2957// 3214//
f 3214// 2957// 2958//
f 3214// 2958// 3215//
f 3215// 2958// 2959//
f 3215// 2959// 3216//
f 3216// 2959// 2960//
f 3216// 2960// 3217//
f 3217// 2960// 2961//
f 3217// 2961// 3218//
f 3218// 2961// 2962//
f 3218// 2962// 3219//
f 3219// 2962// 2963//
f 3219// 2963// 3220//
f 3220// 2963// 2964//
f 3220// 2964// 3221//
f 3221// 2964// 2965//
f 3221// 2965// 3222//
f 3222// 2965// 2966//
f 3222// 2966// 3223//
f 3223// 2966// 2967//
f 3223// 2967// 3224//
f 3224// 2967// 2968//
f 3224// 2968// 3225//
f 3225// 2968// 2969//
f 3225// 2969// 3226//
f 3226// 2969// 2970//
f 3226// 2970// 3227//
f 3227// 2970// 2971//
f 3227// 2971// 3228//
f 3228// 2971// 2972//
f 3228// 2972// 3229//
f 3229// 2972// 2973//
f 3229// 2973// 3230//
f 3230// 2973// 2974//
f 3230// 2974// 3231//
f 3231// 2974// 2975//
f 3231// 2975// 3232//
f 3232// 2975// 2976//
f 3232// 2976// 3233//
f 3233// 2976// 2977//
f 3233// 2977// 3234//
f 3234// 2977// 2978//
f 3234// 2978// 3235//
f 3235// 2978// 2979//
f 3235// 2979// 3236//
f 3236// 2979// 2980//
f 3236// 2980// 3237//
f 3237// 2980// 2981//
f 3237// 2981// 3238//
f 3238// 2981// 2982//
f 3238// 2982// 3239//
f 3239// 2982// 2983//
f 3239// 2983// 3240//
f 3240// 2983// 2984//
f 3240// 2984// 3241//
f 3241// 2984// 2985//
f 3241// 2985// 3242//
f 3242// 2985// 2986//
f 3242// 2986// 3243//
f 3243// 2986// 2987//
f 3243// 2987// 3244//
f 3244// 2987// 2988//
f 3244// 2988// 3245//
f 3245// 2988// 2989//
f 3245// 2989// 3246//
f 3246// 2989// 2990//
f 3246// 2990// 3247//
f 3247// 2990// 2991//
f 3247// 2991// 3248//
f 3248// 2991// 2992//
f 3248// 2992// 3249//
f 3249// 2992// 2993//
f 3249// 2993// 3250//
f 3250// 2993// 2994//
f 3250// 2994// 3251//
f 3251// 2994// 2995//
f 3251// 2995// 3252//
f 3252// 2995// 2996//
f 3252// 2996// 3253//
f 3253// 2996// 2997//
f 3253// 2997// 3254//
f 3254// 2997// 2998//
f 3254// 2998// 3255//
f 3255// 2998// 2999//
f 3255// 2999// 3256//
f 3256// 2999// 3000//
f 3256// 3000// 3257//
f 3257// 3000// 3001//
f 3257// 3001// 3258//
f 3258// 3001// 3002//
f 3258// 3002// 3259//
f 3259// 3002// 3003//
f 3259// 3003// 3260//
f 3260// 3003// 3004//
f 3260// 3004// 3261//
f 3261// 3004// 3005//
f 3261// 3005// 3262//
f 3262// 3005// 3006//
f 3262// 3006// 3263//
f 3263// 3006// 3007//
f 3263// 3007// 3264//
f 3264// 3007// 3008//
f 3264// 3008// 3265//
f 3265// 3008// 3009//
f 3265// 3009// 3266//
f 3266// 3009// 3010//
f 3266// 3010// 3267//
f 3267// 3010// 3011//
f 3267// 3011// 3268//
f 3268// 3011// 3012//
f 3268// 3012// 3269//
f 3269// 3012// 3013//
f 3269// 3013// 3270//
f 3270// 3013// 3014//
f 3270// 3014// 3271//
f 3271// 3014// 3015//
f 3271// 3015// 3272//
f 3272// 3015// 3016//
f 3272// 3016// 3273//
f 3273// 3016// 3017//
f 3273// 3017// 3274//
f 3274// 3017// 3018//
f 3274// 3018// 3275//
f 3275// 3018// 3019//
f 3275// 3019// 3276//
f 3276// 3019// 3020//
f 3276// 3020// 3277//
f 3277// 3020// 3021//
f 3277// 3021// 3278//
f 3278// 3021// 3022//
f 3278// 3022// 3279//
f 3279// 3022// 3023//
f 3279// 3023// 3280//
f 3280// 3023// 3024//
f 3280// 3024// 3281//
f 3281// 3024// 3025//
f 3281// 3025// 3282//
f 3282// 3025// 3026//
f 3282// 3026// 3283//
f 3283// 3026// 3027//
f 3283// 3027// 3284//
f 3284// 3027// 3028//
f 3284// 3028// 3285//
f 3285// 3028// 3029//
f 3285// 3029// 3286//
f 3286// 3029// 3030//
f 3286// 3030// 3287//
f 3287// 3030// 3031//
f 3287// 3031// 3288//
f 3288// 3031// 3032//
f 3288// 3032// 3289//
f 3289// 3032// 3033//
f 3289// 3033// 3290//
f 3290// 3033// 3034//
f 3290// 3034// 3291//
f 3291// 3034// 3035//
f 3291// 3035// 3292//
f 3292// 3035// 3036//
f 3292// 3036// 3293//
f 3293// 3036// 3037//
f 3293// 3037// 3294//
f 3294// 3037// 3038//
f 3294// 3038// 3295//
f 3295// 3038// 3039//
f 3295// 3039// 3296//
f 3296// 3039// 3040//
f 3296// 3040// 3297//
f 3297// 3040// 3041//
f 3297// 3041// 3298//
f 3298// 3041// 3042//
f 3298// 3042// 3299//
f 3299// 3042// 3043//
f 3299// 3043// 3300//
f 3300// 3043// 3044//
f 3300// 3044// 3301//
f 3301// 3044// 3045//
f 3301// 3045// 3302//
f 3302// 3045// 3046//
f 3302// 3046// 3303//
f 3303// 3046// 3047//
f 3303// 3047// 3304//
f 3304// 3047// 3048//
f 3304// 3048// 3305//
f 3305// 3048// 3049//
f 3305// 3049// 3306//
f 3306// 3049// 3050//
f 3306// 3050// 3307//
f 3307// 3050// 3051//
f 3307// 3051// 3308//
f 3308// 3051// 3052//
f 3308// 3052// 3309//
f 3309// 3052// 3053//
f 3309// 3053// 3310//
f 3310// 3053// 3054//
f 3310// 3054// 3311//
f 3311// 3054// 3055//
f 3311// 3055// 3312//
f 3312// 3055// 3056//
f 3312// 3056// 3313//
f 3313// 3056// 3057//
f 3313// 3057// 3314//
f 3314// 3057// 3058//
f 3314// 3058// 3315//
f 3315// 3058// 3059//
f 3315// 3059// 3316//
f 3316// 3059// 3060//
f 3316// 3060// 3317//
f 3317// 3060// 3061//
f 3317// 3061// 3318//
f 3318// 3061// 3062//
f 3318// 3062// 3319//
f 3319// 3062// 3063//
f 3319// 3063// 3320//
f 3320// 3063// 3064//
f 3320// 3064// 3321//
f 3321// 3064// 3065//
f 3321// 3065// 3322//
f 3322// 3065// 3066//
f 3322// 3066// 3323//
f 3323// 3066// 3067//
f 3323// 3067// 3324//
f 3324// 3067// 3068//
f 493// 492// 3069//
f 3069// 492// 3325//
f 3069// 3325// 3070//
f 3070// 3325// 3326//
f 3070// 3326// 3071//
f 3071// 3326// 3327//
f 3071// 3327// 3072//
f 3072// 3327// 3328//
f 3072// 3328// 3073//
f 3073// 3328// 3329//
f 3073// 3329// 3074//
f 3074// 3329// 3330//
f 3074// 3330// 3075//
f 3075// 3330// 3331//
f 3075// 3331// 3076//
f 3076// 3331// 3332//
f 3076// 3332// 3077//
f 3077// 3332// 3333//
f 3077// 3333// 3078//
f 3078// 3333// 3334//
f 3078// 3334// 3079//
f 3079// 3334// 3335//
f 3079// 3335// 3080//
f 3080// 3335// 3336//
f 3080// 3336// 3081//
f 3081// 3336// 3337//
f 3081// 3337// 3082//
f 3082// 3337// 3338//
f 3082// 3338// 3083//
f 3083// 3338// 3339//
f 3083// 3339// 3084//
f 3084// 3339// 3340//
f 3084// 3340// 3085//
f 3085// 3340// 3341//
f 3085// 3341// 3086//
f 3086// 3341// 3342//
f 3086// 3342// 3087//
f 3087// 3342// 3343//
f 3087// 3343// 3088//
f 3088// 3343// 3344//
f 3088// 3344// 3089//
f 3089// 3344// 3345//
f 3089// 3345// 3090//
f 3090// 3345// 3346//
f 3090// 3346// 3091//
f 3091// 3346// 3347//
f 3091// 3347// 3092//
f 3092// 3347// 3348//
f 3092// 3348// 3093//
f 3093// 3348// 3349//
f 3093// 3349// 3094//
f 3094// 3349// 3350//
f 3094// 3350// 3095//
f 3095// 3350// 3351//
f 3095// 3351// 3096//
f 3096// 3351// 3352//
f 3096// 3352// 3097//
f 3097// 3352// 3353//
f 3097// 3353// 3098//
f 3098// 3353// 3354//
f 3098// 3354// 3099//
f 3099// 3354// 3355//
f 3099// 3355// 3100//
f 3100// 3355// 3356//
f 3100// 3356// 3101//
f 3101// 3356// 3357//
f 3101// 3357// 3102//
f 3102// 3357// 3358//
f 3102// 3358// 3103//
f 3103// 3358// 3359//
f 3103// 3359// 3104//
f 3104// 3359// 3360//
f 3104// 3360// 3105//
f 3105// 3360// 3361//
f 3105// 3361// 3106//
f 3106// 3361// 3362//
f 3106// 3362// 3107//
f 3107// 3362// 3363//
f 3107// 3363// 3108//
f 3108// 3363// 3364//
f 3108// 3364// 3109//
f 3109// 3364// 3365//
f 3109// 3365// 3110//
f 3110// 3365// 3366//
f 3110// 3366// 3111//
f 3111// 3366// 3367//
f 3111// 3367// 3112//
f 3112// 3367// 3368//
f 3112// 3368// 3113//
f 3113// 3368// 3369//
f 3113// 3369// 3114//
f 3114// 3369// 3370//
f 3114// 3370// 3115//
f 3115// 3370// 3371//
f 3115// 3371// 3116//
f 3116// 3371// 3372//
f 3116// 3372// 3117//
f 3117// 3372// 3373//
f 3117// 3373// 3118//
f 3118// 3373// 3374//
f 3118// 3374// 3119//
f 3119// 3374// 3375//
f 3119// 3375// 3120//
f 3120// 3375// 3376//
f 3120// 3376// 3121//
f 3121// 3376// 3377//
f 3121// 3377// 3122//
f 3122// 3377// 3378//
f 3122// 3378// 3123//
f 3123// 3378// 3379//
f 3123// 3379// 3124//
f 3124// 3379// 3380//
f 3124// 3380// 3125//
f 3125// 3380// 3381//
f 3125// 3381// 3126//
f 3126// 3381// 3382//
f 3126// 3382// 3127//
f 3127// 3382// 3383//
f 3127// 3383// 3128//
f 3128// 3383// 3384//
f 3128// 3384// 3129//
f 3129// 3384// 3385//
f 3129// 3385// 3130//
f 3130// 3385// 3386//
f 3130// 3386// 3131//
f 3131// 3386// 3387//
f 3131// 3387// 3132//
f 3132// 3387// 3388//
f 3132// 3388// 3133//
f 3133// 3388// 3389//
f 3133// 3389// 3134//
f 3134// 3389// 3390//
f 3134// 3390// 3135//
f 3135// 3390// 3391//
f 3135// 3391// 3136//
f 3136// 3391// 3392//
f 3136// 3392// 3137//
f 3137// 3392// 3393//
f 3137// 3393// 3138//
f 3138// 3393// 3394//
f 3138// 3394// 3139//
f 3139// 3394// 3395//
f 3139// 3395// 3140//
f 3140// 3395// 3396//
f 3140// 3396// 3141//
f 3141// 3396// 3397//
f 3141// 3397// 3142//
f 3142// 3397// 3398//
f 3142// 3398// 3143//
f 3143// 3398// 3399//
f 3143// 3399// 3144//
f 3144// 3399// 3400//
f 3144// 3400// 3145//
f 3145// 3400// 3401//
f 3145// 3401// 3146//
f 3146// 3401// 3402//
f 3146// 3402// 3147//
f 3147// 3402// 3403//
f 3147// 3403// 3148//
f 3148// 3403// 3404//
f 3148// 3404// 3149//
f 3149// 3404// 3405//
f 3149// 3405// 3150//
f 3150// 3405// 3406//
f 3150// 3406// 3151//
f 3151// 3406// 3407//
f 3151// 3407// 3152//
f 3152// 3407// 3408//
f 3152// 3408// 3153//
f 3153// 3408// 3409//
f 3153// 3409// 3154//
f 3154// 3409// 3410//
f 3154// 3410// 3155//
f 3155// 3410// 3411//
f 3155// 3411// 3156//
f 3156// 3411// 3412//
f 3156// 3412// 3157//
f 3157// 3412// 3413//
f 3157// 3413// 3158//
f 3158// 3413// 3414//
f 3158// 3414// 3159//
f 3159// 3414// 3415//
f 3159// 3415// 3160//
f 3160// 3415// 3416//
f 3160// 3416// 3161//
f 3161// 3416// 3417//
f 3161// 3417// 3162//
f 3162// 3417// 3418//
f 3162// 3418// 3163//
f 3163// 3418// 3419//
f 3163// 3419// 3164//
f 3164// 3419// 3420//
f 3164// 3420// 3165//
f 3165// 3420// 3421//
f 3165// 3421// 3166//
f 3166// 3421// 3422//
f 3166// 3422// 3167//
f 3167// 3422// 3423//
f 3167// 3423// 3168//
f 3168// 3423// 3424//
f 3168// 3424// 3169//
f 3169// 3424// 3425//
f 3169// 3425// 3170//
f 3170// 3425// 3426//
f 3170// 3426// 3171//
f 3171// 3426// 3427//
f 3171// 3427// 3172//
f 3172// 3427// 3428//
f 3172// 3428// 3173//
f 3173// 3428// 3429//
f 3173// 3429// 3174//
f 3174// 3429// 3430//
f 3174// 3430// 3175//
f 3175// 3430// 3431//
f 3175// 3431// 3176//
f 3176// 3431// 3432//
f 3176// 3432// 3177//
f 3177// 3432// 3433//
f 3177// 3433// 3178//
f 3178// 3433// 3434//
f 3178// 3434// 3179//
f 3179// 3434// 3435//
f 3179// 3435// 3180//
f 3180// 3435// 3436//
f 3180// 3436// 3181//
f 3181// 3436// 3437//
f 3181// 3437// 3182//
f 3182// 3437// 3438//
f 3182// 3438// 3183//
f 3183// 3438// 3439//
f 3183// 3439// 3184//
f 3184// 3439// 3440//
f 3184// 3440// 3185//
f 3185// 3440// 3441//
f 3185// 3441// 3186//
f 3186// 3441// 3442//
f 3186// 3442// 3187//
f 3187// 3442// 3443//
f 3187// 3443// 3188//
f 3188// 3443// 3444//
f 3188// 3444// 3189//
f 3189// 3444// 3445//
f 3189// 3445// 3190//
f 3190// 3445// 3446//
f 3190// 3446// 3191//
f 3191// 3446// 3447//
f 3191// 3447// 3192//
f 3192// 3447// 3448//
f 3192// 3448// 3193//
f 3193// 3448// 3449//
f 3193// 3449// 3194//
f 3194// 3449// 3450//
f 3194// 3450// 3195//
f 3195// 3450// 3451//
f 3195// 3451// 3196//
f 3196// 3451// 3452//
f 471// 470// 3453//
f 3453// 470// 3197//
f 3453// 3197// 3454//
f 3454// 3197// 3198//
f 3454// 3198// 3455//
f 3455// 3198// 3199//
f 3455// 3199// 3456//
f 3456// 3199// 3200//
f 3456// 3200// 3457//
f 3457// 3200// 3201//
f 3457// 3201// 3458//
f 3458// 3201// 3202//
f 3458// 3202// 3459//
f 3459// 3202// 3203//
f 3459// 3203// 3460//
f 3460// 3203// 3204//
f 3460// 3204// 3461//
f 3461// 3204// 3205//
f 3461// 3205// 3462//
f 3462// 3205// 3206//
f 3462// 3206// 3463//
f 3463// 3206// 3207//
f 3463// 3207// 3464//
f 3464// 3207// 3208//
f 3464// 3208// 3465//
f 3465// 3208// 3209//
f 3465// 3209// 3466//
f 3466// 3209// 3210//
f 3466// 3210// 3467//
f 3467// 3210// 3211//
f 3467// 3211// 3468//
f 3468// 3211// 3212//
f 3468// 3212// 3469//
f 3469// 3212// 3213//
f 3469// 3213// 3470//
f 3470// 3213// 3214//
f 3470// 3214// 3471//
f 3471// 3214// 3215//
f 3471// 3215// 3472//
f 3472// 3215// 3216//
f 3472// 3216// 3473//
f 3473// 3216// 3217//
f 3473// 3217// 3474//
f 3474// 3217// 3218//
f 3474// 3218// 3475//
f 3475// 3218// 3219//
f 3475// 3219// 3476//
f 3476// 3219// 3220//
f 3476// 3220// 3477//
f 3477// 3220// 3221//
f 3477// 3221// 3478//
f 3478// 3221// 3222//
f 3478// 3222// 3479//
f 3479// 3222// 3223//
f 3479// 3223// 3480//
f 3480// 3223// 3224//
f 3480// 3224// 3481//
f 3481// 3224// 3225//
f 3481// 3225// 3482//
f 3482// 3225// 3226//
f 3482// 3226// 3483//
f 3483// 3226// 3227//
f 3483// 3227// 3484//
f 3484// 3227// 3228//
f 3484// 3228// 3485//
f 3485// 3228// 3229//
f 3485// 3229// 3486//
f 3486// 3229// 3230//
f 3486// 3230// 3487//
f 3487// 3230// 3231//
f 3487// 3231// 3488//
f 3488// 3231// 3232//
f 3488// 3232// 3489//
f 3489// 3232// 3233//
f 3489// 3233// 3490//
f 3490// 3233// 3234//
f 3490// 3234// 3491//
f 3491// 3234// 3235//
f 3491// 3235// 3492//
f 3492// 3235// 3236//
f 3492// 3236// 3493//
f 3493// 3236// 3237//
f 3493// 3237// 3494//
f 3494// 3237// 3238//
f 3494// 3238// 3495//
f 3495// 3238// 3239//
f 3495// 3239// 3496//
f 3496// 3239// 3240//
f 3496// 3240// 3497//
f 3497// 3240// 3241//
f 3497// 3241// 3498//
f 3498// 3241// 3242//
f 3498// 3242// 3499//
f 3499// 3242// 3243//
f 3499// 3243// 3500//
f 3500// 3243// 3244//
f 3500// 3244// 3501//
f 3501// 3244// 3245//
f 3501// 3245// 3502//
f 3502// 3245// 3246//
f 3502// 3246// 3503//
f 3503// 3246// 3247//
f 3503// 3247// 3504//
f 3504// 3247// 3248//
f 3504// 3248// 3505//
f 3505// 3248// 3249//
f 3505// 3249// 3506//
f 3506// 3249// 3250//
f 3506// 3250// 3507//
f 3507// 3250// 3251//
f 3507// 3251// 3508//
f 3508// 3251// 3252//
f 3508// 3252// 3509//
f 3509// 3252// 3253//
f 3509// 3253// 3510//
f 3510// 3253// 3254//
f 3510// 3254// 3511//
f 3511// 3254// 3255//
f 3511// 3255// 3512//
f 3512// 3255// 3256//
f 3512// 3256// 3513//
f 3513// 3256// 3257//
f 3513// 3257// 3514//
f 3514// 3257// 3258//
f 3514// 3258// 3515//
f 3515// 3258// 3259//
f 3515// 3259// 3516//
f 3516// 3259// 3260//
f 3516// 3260// 3517//
f 3517// 3260// 3261//
f 3517// 3261// 3518//
f 3518// 3261// 3262//
f 3518// 3262// 3519//
f 3519// 3262// 3263//
f 3519// 3263// 3520//
f 3520// 3263// 3264//
f 3520// 3264// 3521//
f 3521// 3264// 3265//
f 3521// 3265// 3522//
f 3522// 3265// 3266//
f 3522// 3266// 3523//
f 3523// 3266// 3267//
f 3523// 3267// 3524//
f 3524// 3267// 3268//
f 3524// 3268// 3525//
f 3525// 3268// 3269//
f 3525// 3269// 3526//
f 3526// 3269// 3270//
f 3526// 3270// 3527//
f 3527// 3270// 3271//
f 3527// 3271// 3528//
f 3528// 3271// 3272//
f 3528// 3272// 3529//
f 3529// 3272// 3273//
f 3529// 3273// 3530//
f 3530// 3273// 3274//
f 3530// 3274// 3531//
f 3531// 3274// 3275//
f 3531// 3275// 3532//
f 3532// 3275// 3276//
f 3532// 3276// 3533//
f 3533// 3276// 3277//
f 3533// 3277// 3534//
f 3534// 3277// 3278//
f 3534// 3278// 3535//
f 3535// 3278// 3279//
f 3535// 3279// 3536//
f 3536// 3279// 3280//
f 3536// 3280// 3537//
f 3537// 3280// 3281//
f 3537// 3281// 3538//
f 3538// 3281// 3282//
f 3538// 3282// 3539//
f 3539// 3282// 3283//
f 3539// 3283// 3540//
f 3540// 3283// 3284//
f 3540// 3284// 3541//
f 3541// 3284// 3285//
f 3541// 3285// 3542//
f 3542// 3285// 3286//
f 3542// 3286// 3543//
f 3543// 3286// 3287//
f 3543// 3287// 3544//
f 3544// 3287// 3288//
f 3544// 3288// 3545//
f 3545// 3288// 3289//
f 3545// 3289// 3546//
f 3546// 3289// 3290//
f 3546// 3290// 3547//
f 3547// 3290// 3291//
f 3547// 3291// 3548//
f 3548// 3291// 3292//
f 3548// 3292// 3549//
f 3549// 3292// 3293//
f 3549// 3293// 3550//
f 3550// 3293// 3294//
f 3550// 3294// 3551//
f 3551// 3294// 3295//
f 3551// 3295// 3552//
f 3552// 3295// 3296//
f 3552// 3296// 3553//
f 3553// 3296// 3297//
f 3553// 3297// 3554//
f 3554// 3297// 3298//
f 3554// 3298// 3555//
f 3555// 3298// 3299//
f 3555// 3299// 3556//
f 3556// 3299// 3300//
f 3556// 3300// 3557//
f 3557// 3300// 3301//
f 3557// 3301// 3558//
f 3558// 3301// 3302//
f 3558// 3302// 3559//
f 3559// 3302// 3303//
f 3559// 3303// 3560//
f 3560// 3303// 3304//
f 3560// 3304// 3561//
f 3561// 3304// 3305//
f 3561// 3305// 3562//
f 3562// 3305// 3306//
f 3562// 3306// 3563//
f 3563// 3306// 3307//
f 3563// 3307// 3564//
f 3564// 3307// 3308//
f 3564// 3308// 3565//
f 3565// 3308// 3309//
f 3565// 3309// 3566//
f 3566// 3309// 3310//
f 3566// 3310// 3567//
f 3567// 3310// 3311//
f 3567// 3311// 3568//
f 3568// 3311// 3312//
f 3568// 3312// 3569//
f 3569// 3312// 3313//
f 3569// 3313// 3570//
f 3570// 3313// 3314//
f 3570// 3314// 3571//
f 3571// 3314// 3315//
f 3571// 3315// 3572//
f 3572// 3315// 3316//
f 3572// 3316// 3573//
f 3573// 3316// 3317//
f 3573// 3317// 3574//
f 3574// 3317// 3318//
f 3574// 3318// 3575//
f 3575// 3318// 3319//
f 3575// 3319// 3576//
f 3576// 3319// 3320//
f 3576// 3320// 3577//
f 3577// 3320// 3321//
f 3577// 3321// 3578//
f 3578// 3321// 3322//
f 3578// 3322// 3579//
f 3579// 3322// 3323//
f 3579// 3323// 3580//
f 3580// 3323// 3324//
f 492// 497// 3325//
f 3325// 497// 3581//
f 3325// 3581// 3326//
f 3326// 3581// 3582//
f 3326// 3582// 3327//
f 3327// 3582// 3583//
f 3327// 3583// 3328//
f 3328// 3583// 3584//
f 3328// 3584// 3329//
f 3329// 3584// 3585//
f 3329// 3585// 3330//
f 3330// 3585// 3586//
f 3330// 3586// 3331//
f 3331// 3586// 3587//
f 3331// 3587// 3332//
f 3332// 3587// 3588//
f 3332// 3588// 3333//
f 3333// 3588// 3589//
f 3333// 3589// 3334//
f 3334// 3589// 3590//
f 3334// 3590// 3335//
f 3335// 3590// 3591//
f 3335// 3591// 3336//
f 3336// 3591// 3592//
f 3336// 3592// 3337//
f 3337// 3592// 3593//
f 3337// 3593// 3338//
f 3338// 3593// 3594//
f 3338// 3594// 3339//
f 3339// 3594// 3595//
f 3339// 3595// 3340//
f 3340// 3595// 3596//
f 3340// 3596// 3341//
f 3341// 3596// 3597//
f 3341// 3597// 3342//
f 3342// 3597// 3598//
f 3342// 3598// 3343//
f 3343// 3598// 3599//
f 3343// 3599// 3344//
f 3344// 3599// 3600//
f 3344// 3600// 3345//
f 3345// 3600// 3601//
f 3345// 3601// 3346//
f 3346// 3601// 3602//
f 3346// 3602// 3347//
f 3347// 3602// 3603//
f 3347// 3603// 3348//
f 3348// 3603// 3604//
f 3348// 3604// 3349//
f 3349// 3604// 3605//
f 3349// 3605// 3350//
f 3350// 3605// 3606//
f 3350// 3606// 3351//
f 3351// 3606// 3607//
f 3351// 3607// 3352//
f 3352// 3607// 3608//
f 3352// 3608// 3353//
f 3353// 3608// 3609//
f 3353// 3609// 3354//
f 3354// 3609// 3610//
f 3354// 3610// 3355//
f 3355// 3610// 3611//
f 3355// 3611// 3356//
f 3356// 3611// 3612//
f 3356// 3612// 3357//
f 3357// 3612// 3613//
f 3357// 3613// 3358//
f 3358// 3613// 3614//
f 3358// 3614// 3359//
f 3359// 3614// 3615//
f 3359// 3615// 3360//
f 3360// 3615// 3616//
f 3360// 3616// 3361//
f 3361// 3616// 3617//
f 3361// 3617// 3362//
f 3362// 3617// 3618//
f 3362// 3618// 3363//
f 3363// 3618// 3619//
f 3363// 3619// 3364//
f 3364// 3619// 3620//
f 3364// 3620// 3365//
f 3365// 3620// 3621//
f 3365// 3621// 3366//
f 3366// 3621// 3622//
f 3366// 3622// 3367//
f 3367// 3622// 3623//
f 3367// 3623// 3368//
f 3368// 3623// 3624//
f 3368// 3624// 3369//
f 3369// 3624// 3625//
f 3369// 3625// 3370//
f 3370// 3625// 3626//
f 3370// 3626// 3371//
f 3371// 3626// 3627//
f 3371// 3627// 3372//
f 3372// 3627// 3628//
f 3372// 3628// 3373//
f 3373// 3628// 3629//
f 3373// 3629// 3374//
f 3374// 3629// 3630//
f 3374// 3630// 3375//
f 3375// 3630// 3631//
f 3375// 3631// 3376//
f 3376// 3631// 3632//
f 3376// 3632// 3377//
f 3377// 3632// 3633//
f 3377// 3633// 3378//
f 3378// 3633// 3634//
f 3378// 3634// 3379//
f 3379// 3634// 3635//
f 3379// 3635// 3380//
f 3380// 3635// 3636//
f 3380// 3636// 3381//
f 3381// 3636// 3637//
f 3381// 3637// 3382//
f 3382// 3637// 3638//
f 3382// 3638// 3383//
f 3383// 3638// 3639//
f 3383// 3639// 3384//
f 3384// 3639// 3640//
f 3384// 3640// 3385//
f 3385// 3640// 3641//
f 3385// 3641// 3386//
f 3386// 3641// 3642//
f 3386// 3642// 3387//
f 3387// 3642// 3643//
f 3387// 3643// 3388//
f 3388// 3643// 3644//
f 3388// 3644// 3389//
f 3389// 3644// 3645//
f 3389// 3645// 3390//
f 3390// 3645// 3646//
f 3390// 3646// 3391//
f 3391// 3646// 3647//
f 3391// 3647// 3392//
f 3392// 3647// 3648//
f 3392// 3648// 3393//
f 3393// 3648// 3649//
f 3393// 3649// 3394//
f 3394// 3649// 3650//
f 3394// 3650// 3395//
f 3395// 3650// 3651//
f 3395// 3651// 3396//
f 3396// 3651// 3652//
f 3396// 3652// 3397//
f 3397// 3652// 3653//
f 3397// 3653// 3398//
f 3398// 3653// 3654//
f 3398// 3654// 3399//
f 3399// 3654// 3655//
f 3399// 3655// 3400//
f 3400// 3655// 3656//
f 3400// 3656// 3401//
f 3401// 3656// 3657//
f 3401// 3657// 3402//
f 3402// 3657// 3658//
f 3402// 3658// 3403//
f 3403// 3658// 3659//
f 3403// 3659// 3404//
f 3404// 3659// 3660//
f 3404// 3660// 3405//
f 3405// 3660// 3661//
f 3405// 3661// 3406//
f 3406// 3661// 3662//
f 3406// 3662// 3407//
f 3407// 3662// 3663//
f 3407// 3663// 3408//
f 3408// 3663// 3664//
f 3408// 3664// 3409//
f 3409// 3664// 3665//
f 3409// 3665// 3410//
f 3410// 3665// 3666//
f 3410// 3666// 3411//
f 3411// 3666// 3667//
f 3411// 3667// 3412//
f 3412// 3667// 3668//
f 3412// 3668// 3413//
f 3413// 3668// 3669//
f 3413// 3669// 3414//
f 3414// 3669// 3670//
f 3414// 3670// 3415//
f 3415// 3670// 3671//
f 3415// 3671// 3416//
f 3416// 3671// 3672//
f 3416// 3672// 3417//
f 3417// 3672// 3673//
f 3417// 3673// 3418//
f 3418// 3673// 3674//
f 3418// 3674// 3419//
f 3419// 3674// 3675//
f 3419// 3675// 3420//
f 3420// 3675// 3676//
f 3420// 3676// 3421//
f 3421// 3676// 3677//
f 3421// 3677// 3422//
f 3422// 3677// 3678//
f 3422// 3678// 3423//
f 3423// 3678// 3679//
f 3423// 3679// 3424//
f 3424// 3679// 3680//
f 3424// 3680// 3425//
f 3425// 3680// 3681//
f 3425// 3681// 3426//
f 3426// 3681// 3682//
f 3426// 3682// 3427//
f 3427// 3682// 3683//
f 3427// 3683// 3428//
f 3428// 3683// 3684//
f 3428// 3684// 3429//
f 3429// 3684// 3685//
f 3429// 3685// 3430//
f 3430// 3685// 3686//
f 3430// 3686// 3431//
f 3431// 3686// 3687//
f 3431// 3687// 3432//
f 3432// 3687// 3688//
f 3432// 3688// 3433//
f 3433// 3688// 3689//
f 3433// 3689// 3434//
f 3434// 3689// 3690//
f 3434// 3690// 3435//
f 3435// 3690// 3691//
f 3435// 3691// 3436//
f 3436// 3691// 3692//
f 3436// 3692// 3437//
f 3437// 3692// 3693//
f 3437// 3693// 3438//
f 3438// 3693// 3694//
f 3438// 3694// 3439//
f 3439// 3694// 3695//
f 3439// 3695// 3440//
f 3440// 3695// 3696//
f 3440// 3696// 3441//
f 3441// 3696// 3697//
f 3441// 3697// 3442//
f 3442// 3697// 3698//
f 3442// 3698// 3443//
f 3443// 3698// 3699//
f 3443// 3699// 3444//
f 3444// 3699// 3700//
f 3444// 3700// 3445//
f 3445// 3700// 3701//
f 3445// 3701// 3446//
f 3446// 3701// 3702//
f 3446// 3702// 3447//
f 3447// 3702// 3703//
f 3447// 3703// 3448//
f 3448// 3703// 3704//
f 3448// 3704// 3449//
f 3449// 3704// 3705//
f 3449// 3705// 3450//
f 3450// 3705// 3706//
f 3450// 3706// 3451//
f 3451// 3706// 3707//
f 3451// 3707// 3452//
f 3452// 3707// 3708//
f 472// 471// 3709//
f 3709// 471// 3453//
f 3709// 3453// 3710//
f 3710// 3453// 3454//
f 3710// 3454// 3711//
f 3711// 3454// 3455//
f 3711// 3455// 3712//
f 3712// 3455// 3456//
f 3712// 3456// 3713//
f 3713// 3456// 3457//
f 3713// 3457// 3714//
f 3714// 3457// 3458//
f 3714// 3458// 3715//
f 3715// 3458// 3459//
f 3715// 3459// 3716//
f 3716// 3459// 3460//
f 3716// 3460// 3717//
f 3717// 3460// 3461//
f 3717// 3461// 3718//
f 3718// 3461// 3462//
f 3718// 3462// 3719//
f 3719// 3462// 3463//
f 3719// 3463// 3720//
f 3720// 3463// 3464//
f 3720// 3464// 3721//
f 3721// 3464// 3465//
f 3721// 3465// 3722//
f 3722// 3465// 3466//
f 3722// 3466// 3723//
f 3723// 3466// 3467//
f 3723// 3467// 3724//
f 3724// 3467// 3468//
f 3724// 3468// 3725//
f 3725// 3468// 3469//
f 3725// 3469// 3726//
f 3726// 3469// 3470//
f 3726// 3470// 3727//
f 3727// 3470// 3471//
f 3727// 3471// 3728//
f 3728// 3471// 3472//
f 3728// 3472// 3729//
f 3729// 3472// 3473//
f 3729// 3473// 3730//
f 3730// 3473// 3474//
f 3730// 3474// 3731//
f 3731// 3474// 3475//
f 3731// 3475// 3732//
f 3732// 3475// 3476//
f 3732// 3476// 3733//
f 3733// 3476// 3477//
f 3733// 3477// 3734//
f 3734// 3477// 3478//
f 3734// 3478// 3735//
f 3735// 3478// 3479//
f 3735// 3479// 3736//
f 3736// 3479// 3480//
f 3736// 3480// 3737//
f 3737// 3480// 3481//
f 3737// 3481// 3738//
f 3738// 3481// 3482//
f 3738// 3482// 3739//
f 3739// 3482// 3483//
f 3739// 3483// 3740//
f 3740// 3483// 3484//
f 3740// 3484// 3741//
f 3741// 3484// 3485//
f 3741// 3485// 3742//
f 3742// 3485// 3486//
f 3742// 3486// 3743//
f 3743// 3486// 3487//
f 3743// 3487// 3744//
f 3744// 3487// 3488//
f 3744// 3488// 3745//
f 3745// 3488// 3489//
f 3745// 3489// 3746//
f 3746// 3489// 3490//
f 3746// 3490// 3747//
f 3747// 3490// 3491//
f 3747// 3491// 3748//
f 3748// 3491// 3492//
f 3748// 3492// 3749//
f 3749// 3492// 3493//
f 3749// 3493// 3750//
f 3750// 3493// 3494//
f 3750// 3494// 3751//
f 3751// 3494// 3495//
f 3751// 3495// 3752//
f 3752// 3495// 3496//
f 3752// 3496// 3753//
f 3753// 3496// 3497//
f 3753// 3497// 3754//
f 3754// 3497// 3498//
f 3754// 3498// 3755//
f 3755// 3498// 3499//
f 3755// 3499// 3756//
f 3756// 3499// 3500//
f 3756// 3500// 3757//
f 3757// 3500// 3501//
f 3757// 3501// 3758//
f 3758// 3501// 3502//
f 3758// 3502// 3759//
f 3759// 3502// 3503//
f 3759// 3503// 3760//
f 3760// 3503// 3504//
f 3760// 3504// 3761//
f 3761// 3504// 3505//
f 3761// 3505// 3762//
f 3762// 3505// 3506//
f 3762// 3506// 3763//
f 3763// 3506// 3507//
f 3763// 3507// 3764//
f 3764// 3507// 3508//
f 3764// 3508// 3765//
f 3765// 3508// 3509//
f 3765// 3509// 3766//
f 3766// 3509// 3510//
f 3766// 3510// 3767//
f 3767// 3510// 3511//
f 3767// 3511// 3768//
f 3768// 3511// 3512//
f 3768// 3512// 3769//
f 3769// 3512// 3513//
f 3769// 3513// 3770//
f 3770// 3513// 3514//
f 3770// 3514// 3771//
f 3771// 3514// 3515//
f 3771// 3515// 3772//
f 3772// 3515// 3516//
f 3772// 3516// 3773//
f 3773// 3516// 3517//
f 3773// 3517// 3774//
f 3774// 3517// 3518//
f 3774// 3518// 3775//
f 3775// 3518// 3519//
f 3775// 3519// 3776//
f 3776// 3519// 3520//
f 3776// 3520// 3777//
f 3777// 3520// 3521//
f 3777// 3521// 3778//
f 3778// 3521// 3522//
f 3778// 3522// 3779//
f 3779// 3522// 3523//
f 3779// 3523// 3780//
f 3780// 3523// 3524//
f 3780// 3524// 3781//
f 3781// 3524// 3525//
f 3781// 3525// 3782//
f 3782// 3525// 3526//
f 3782// 3526// 3783//
f 3783// 3526// 3527//
f 3783// 3527// 3784//
f 3784// 3527// 3528//
f 3784// 3528// 3785//
f 3785// 3528// 3529//
f 3785// 3529// 3786//
f 3786// 3529// 3530//
f 3786// 3530// 3787//
f 3787// 3530// 3531//
f 3787// 3531// 3788//
f 3788// 3531// 3532//
f 3788// 3532// 3789//
f 3789// 3532// 3533//
f 3789// 3533// 3790//
f 3790// 3533// 3534//
f 3790// 3534// 3791//
f 3791// 3534// 3535//
f 3791// 3535// 3792//
f 3792// 3535// 3536//
f 3792// 3536// 3793//
f 3793// 3536// 3537//
f 3793// 3537// 3794//
f 3794// 3537// 3538//
f 3794// 3538// 3795//
f 3795// 3538// 3539//
f 3795// 3539// 3796//
f 3796// 3539// 3540//
f 3796// 3540// 3797//
f 3797// 3540// 3541//
f 3797// 3541// 3798//
f 3798// 3541// 3542//
f 3798// 3542// 3799//
f 3799// 3542// 3543//
f 3799// 3543// 3800//
f 3800// 3543// 3544//
f 3800// 3544// 3801//
f 3801// 3544// 3545//
f 3801// 3545// 3802//
f 3802// 3545// 3546//
f 3802// 3546// 3803//
f 3803// 3546// 3547//
f 3803// 3547// 3804//
f 3804// 3547// 3548//
f 3804// 3548// 3805//
f 3805// 3548// 3549//
f 3805// 3549// 3806//
f 3806// 3549// 3550//
f 3806// 3550// 3807//
f 3807// 3550// 3551//
f 3807// 3551// 3808//
f 3808// 3551// 3552//
f 3808// 3552// 3809//
f 3809// 3552// 3553//
f 3809// 3553// 3810//
f 3810// 3553// 3554//
f 3810// 3554// 3811//
f 3811// 3554// 3555//
f 3811// 3555// 3812//
f 3812// 3555// 3556//
f 3812// 3556// 3813//
f 3813// 3556// 3557//
f 3813// 3557// 3814//
f 3814// 3557// 3558//
f 3814// 3558// 3815//
f 3815// 3558// 3559//
f 3815// 3559// 3816//
f 3816// 3559// 3560//
f 3816// 3560// 3817//
f 3817// 3560// 3561//
f 3817// 3561// 3818//
f 3818// 3561// 3562//
f 3818// 3562// 3819//
f 3819// 3562// 3563//
f 3819// 3563// 3820//
f 3820// 3563// 3564//
f 3820// 3564// 3821//
f 3821// 3564// 3565//
f 3821// 3565// 3822//
f 3822// 3565// 3566//
f 3822// 3566// 3823//
f 3823// 3566// 3567//
f 3823// 3567// 3824//
f 3824// 3567// 3568//
f 3824// 3568// 3825//
f 3825// 3568// 3569//
f 3825// 3569// 3826//
f 3826// 3569// 3570//
f 3826// 3570// 3827//
f 3827// 3570// 3571//
f 3827// 3571// 3828//
f 3828// 3571// 3572//
f 3828// 3572// 3829//
f 3829// 3572// 3573//
f 3829// 3573// 3830//
f 3830// 3573// 3574//
f 3830// 3574// 3831//
f 3831// 3574// 3575//
f 3831// 3575// 3832//
f 3832// 3575// 3576//
f 3832// 3576// 3833//
f 3833// 3576// 3577//
f 3833// 3577// 3834//
f 3834// 3577// 3578//
f 3834// 3578// 3835//
f 3835// 3578// 3579//
f 3835// 3579// 3836//
f 3836// 3579// 3580//
f 497// 496// 3581//
f 3581// 496// 3837//
f 3581// 3837// 3582//
f 3582// 3837// 3838//
f 3582// 3838// 3583//
f 3583// 3838// 3839//
f 3583// 3839// 3584//
f 3584// 3839// 3840//
f 3584// 3840// 3585//
f 3585// 3840// 3841//
f 3585// 3841// 3586//
f 3586// 3841// 3842//
f 3586// 3842// 3587//
f 3587// 3842// 3843//
f 3587// 3843// 3588//
f 3588// 3843// 3844//
f 3588// 3844// 3589//
f 3589// 3844// 3845//
f 3589// 3845// 3590//
f 3590// 3845// 3846//
f 3590// 3846// 3591//
f 3591// 3846// 3847//
f 3591// 3847// 3592//
f 3592// 3847// 3848//
f 3592// 3848// 3593//
f 3593// 3848// 3849//
f 3593// 3849// 3594//
f 3594// 3849// 3850//
f 3594// 3850// 3595//
f 3595// 3850// 3851//
f 3595// 3851// 3596//
f 3596// 3851// 3852//
f 3596// 3852// 3597//
f 3597// 3852// 3853//
f 3597// 3853// 3598//
f 3598// 3853// 3854//
f 3598// 3854// 3599//
f 3599// 3854// 3855//
f 3599// 3855// 3600//
f 3600// 3855// 3856//
f 3600// 3856// 3601//
f 3601// 3856// 3857//
f 3601// 3857// 3602//
f 3602// 3857// 3858//
f 3602// 3858// 3603//
f 3603// 3858// 3859//
f 3603// 3859// 3604//
f 3604// 3859// 3860//
f 3604// 3860// 3605//
f 3605// 3860// 3861//
f 3605// 3861// 3606//
f 3606// 3861// 3862//
f 3606// 3862// 3607//
f 3607// 3862// 3863//
f 3607// 3863// 3608//
f 3608// 3863// 3864//
f 3608// 3864// 3609//
f 3609// 3864// 3865//
f 3609// 3865// 3610//
f 3610// 3865// 3866//
f 3610// 3866// 3611//
f 3611// 3866// 3867//
f 3611// 3867// 3612//
f 3612// 3867// 3868//
f 3612// 3868// 3613//
f 3613// 3868// 3869//
f 3613// 3869// 3614//
f 3614// 3869// 3870//
f 3614// 3870// 3615//
f 3615// 3870// 3871//
f 3615// 3871// 3616//
f 3616// 3871// 3872//
f 3616// 3872// 3617//
f 3617// 3872// 3873//
f 3617// 3873// 3618//
f 3618// 3873// 3874//
f 3618// 3874// 3619//
f 3619// 3874// 3875//
f 3619// 3875// 3620//
f 3620// 3875// 3876//
f 3620// 3876// 3621//
f 3621// 3876// 3877//
f 3621// 3877// 3622//
f 3622// 3877// 3878//
f 3622// 3878// 3623//
f 3623// 3878// 3879//
f 3623// 3879// 3624//
f 3624// 3879// 3880//
f 3624// 3880// 3625//
f 3625// 3880// 3881//
f 3625// 3881// 3626//
f 3626// 3881// 3882//
f 3626// 3882// 3627//
f 3627// 3882// 3883//
f 3627// 3883// 3628//
f 3628// 3883// 3884//
f 3628// 3884// 3629//
f 3629// 3884// 3885//
f 3629// 3885// 3630//
f 3630// 3885// 3886//
f 3630// 3886// 3631//
f 3631// 3886// 3887//
f 3631// 3887// 3632//
f 3632// 3887// 3888//
f 3632// 3888// 3633//
f 3633// 3888// 3889//
f 3633// 3889// 3634//
f 3634// 3889// 3890//
f 3634// 3890// 3635//
f 3635// 3890// 3891//
f 3635// 3891// 3636//
f 3636// 3891// 3892//
f 3636// 3892// 3637//
f 3637// 3892// 3893//
f 3637// 3893// 3638//
f 3638// 3893// 3894//
f 3638// 3894// 3639//
f 3639// 3894// 3895//
f 3639// 3895// 3640//
f 3640// 3895// 3896//
f 3640// 3896// 3641//
f 3641// 3896// 3897//
f 3641// 3897// 3642//
f 3642// 3897// 3898//
f 3642// 3898// 3643//
f 3643// 3898// 3899//
f 3643// 3899// 3644//
f 3644// 3899// 3900//
f 3644// 3900// 3645//
f 3645// 3900// 3901//
f 3645// 3901// 3646//
f 3646// 3901// 3902//
f 3646// 3902// 3647//
f 3647// 3902// 3903//
f 3647// 3903// 3648//
f 3648// 3903// 3904//
f 3648// 3904// 3649//
f 3649// 3904// 3905//
f 3649// 3905// 3650//
f 3650// 3905// 3906//
f 3650// 3906// 3651//
f 3651// 3906// 3907//
f 3651// 3907// 3652//
f 3652// 3907// 3908//
f 3652// 3908// 3653//
f 3653// 3908// 3909//
f 3653// 3909// 3654//
f 3654// 3909// 3910//
f 3654// 3910// 3655//
f 3655// 3910// 3911//
f 3655// 3911// 3656//
f 3656// 3911// 3912//
f 3656// 3912// 3657//
f 3657// 3912// 3913//
f 3657// 3913// 3658//
f 3658// 3913// 3914//
f 3658// 3914// 3659//
f 3659// 3914// 3915//
f 3659// 3915// 3660//
f 3660// 3915// 3916//
f 3660// 3916// 3661//
f 3661// 3916// 3917//
f 3661// 3917// 3662//
f 3662// 3917// 3918//
f 3662// 3918// 3663//
f 3663// 3918// 3919//
f 3663// 3919// 3664//
f 3664// 3919// 3920//
f 3664// 3920// 3665//
f 3665// 3920// 3921//
f 3665// 3921// 3666//
f 3666// 3921// 3922//
f 3666// 3922// 3667//
f 3667// 3922// 3923//
f 3667// 3923// 3668//
f 3668// 3923// 3924//
f 3668// 3924// 3669//
f 3669// 3924// 3925//
f 3669// 3925// 3670//
f 3670// 3925// 3926//
f 3670// 3926// 3671//
f 3671// 3926// 3927//
f 3671// 3927// 3672//
f 3672// 3927// 3928//
f 3672// 3928// 3673//
f 3673// 3928// 3929//
f 3673// 3929// 3674//
f 3674// 3929// 3930//
f 3674// 3930// 3675//
f 3675// 3930// 3931//
f 3675// 3931// 3676//
f 3676// 3931// 3932//
f 3676// 3932// 3677//
f 3677// 3932// 3933//
f 3677// 3933// 3678//
f 3678// 3933// 3934//
f 3678// 3934// 3679//
f 3679// 3934// 3935//
f 3679// 3935// 3680//
f 3680// 3935// 3936//
f 3680// 3936// 3681//
f 3681// 3936// 3937//
f 3681// 3937// 3682//
f 3682// 3937// 3938//
f 3682// 3938// 3683//
f 3683// 3938// 3939//
f 3683// 3939// 3684//
f 3684// 3939// 3940//
f 3684// 3940// 3685//
f 3685// 3940// 3941//
f 3685// 3941// 3686//
f 3686// 3941// 3942//
f 3686// 3942// 3687//
f 3687// 3942// 3943//
f 3687// 3943// 3688//
f 3688// 3943// 3944//
f 3688// 3944// 3689//
f 3689// 3944// 3945//
f 3689// 3945// 3690//
f 3690// 3945// 3946//
f 3690// 3946// 3691//
f 3691// 3946// 3947//
f 3691// 3947// 3692//
f 3692// 3947// 3948//
f 3692// 3948// 3693//
f 3693// 3948// 3949//
f 3693// 3949// 3694//
f 3694// 3949// 3950//
f 3694// 3950// 3695//
f 3695// 3950// 3951//
f 3695// 3951// 3696//
f 3696// 3951// 3952//
f 3696// 3952// 3697//
f 3697// 3952// 3953//
f 3697// 3953// 3698//
f 3698// 3953// 3954//
f 3698// 3954// 3699//
f 3699// 3954// 3955//
f 3699// 3955// 3700//
f 3700// 3955// 3956//
f 3700// 3956// 3701//
f 3701// 3956// 3957//
f 3701// 3957// 3702//
f 3702// 3957// 3958//
f 3702// 3958// 3703//
f 3703// 3958// 3959//
f 3703// 3959// 3704//
f 3704// 3959// 3960//
f 3704// 3960// 3705//
f 3705// 3960// 3961//
f 3705// 3961// 3706//
f 3706// 3961// 3962//
f 3706// 3962// 3707//
f 3707// 3962// 3963//
f 3707// 3963// 3708//
f 3708// 3963// 3964//
f 467// 472// 3965//
f 3965// 472// 3709//
f 3965// 3709// 3966//
f 3966// 3709// 3710//
f 3966// 3710// 3967//
f 3967// 3710// 3711//
f 3967// 3711// 3968//
f 3968// 3711// 3712//
f 3968// 3712// 3969//
f 3969// 3712// 3713//
f 3969// 3713// 3970//
f 3970// 3713// 3714//
f 3970// 3714// 3971//
f 3971// 3714// 3715//
f 3971// 3715// 3972//
f 3972// 3715// 3716//
f 3972// 3716// 3973//
f 3973// 3716// 3717//
f 3973// 3717// 3974//
f 3974// 3717// 3718//
f 3974// 3718// 3975//
f 3975// 3718// 3719//
f 3975// 3719// 3976//
f 3976// 3719// 3720//
f 3976// 3720// 3977//
f 3977// 3720// 3721//
f 3977// 3721// 3978//
f 3978// 3721// 3722//
f 3978// 3722// 3979//
f 3979// 3722// 3723//
f 3979// 3723// 3980//
f 3980// 3723// 3724//
f 3980// 3724// 3981//
f 3981// 3724// 3725//
f 3981// 3725// 3982//
f 3982// 3725// 3726//
f 3982// 3726// 3983//
f 3983// 3726// 3727//
f 3983// 3727// 3984//
f 3984// 3727// 3728//
f 3984// 3728// 3985//
f 3985// 3728// 3729//
f 3985// 3729// 3986//
f 3986// 3729// 3730//
f 3986// 3730// 3987//
f 3987// 3730// 3731//
f 3987// 3731// 3988//
f 3988// 3731// 3732//
f 3988// 3732// 3989//
f 3989// 3732// 3733//
f 3989// 3733// 3990//
f 3990// 3733// 3734//
f 3990// 3734// 3991//
f 3991// 3734// 3735//
f 3991// 3735// 3992//
f 3992// 3735// 3736//
f 3992// 3736// 3993//
f 3993// 3736// 3737//
f 3993// 3737// 3994//
f 3994// 3737// 3738//
f 3994// 3738// 3995//
f 3995// 3738// 3739//
f 3995// 3739// 3996//
f 3996// 3739// 3740//
f 3996// 3740// 3997//
f 3997// 3740// 3741//
f 3997// 3741// 3998//
f 3998// 3741// 3742//
f 3998// 3742// 3999//
f 3999// 3742// 3743//
f 3999// 3743// 4000//
f 4000// 3743// 3744//
f 4000// 3744// 4001//
f 4001// 3744// 3745//
f 4001// 3745// 4002//
f 4002// 3745// 3746//
f 4002// 3746// 4003//
f 4003// 3746// 3747//
f 4003// 3747// 4004//
f 4004// 3747// 3748//
f 4004// 3748// 4005//
f 4005// 3748// 3749//
f 4005// 3749// 4006//
f 4006// 3749// 3750//
f 4006// 3750// 4007//
f 4007// 3750// 3751//
f 4007// 3751// 4008//
f 4008// 3751// 3752//
f 4008// 3752// 4009//
f 4009// 3752// 3753//
f 4009// 3753// 4010//
f 4010// 3753// 3754//
f 4010// 3754// 4011//
f 4011// 3754// 3755//
f 4011// 3755// 4012//
f 4012// 3755// 3756//
f 4012// 3756// 4013//
f 4013// 3756// 3757//
f 4013// 3757// 4014//
f 4014// 3757// 3758//
f 4014// 3758// 4015//
f 4015// 3758// 3759//
f 4015// 3759// 4016//
f 4016// 3759// 3760//
f 4016// 3760// 4017//
f 4017// 3760// 3761//
f 4017// 3761// 4018//
f 4018// 3761// 3762//
f 4018// 3762// 4019//
f 4019// 3762// 3763//
f 4019// 3763// 4020//
f 4020// 3763// 3764//
f 4020// 3764// 4021//
f 4021// 3764// 3765//
f 4021// 3765// 4022//
f 4022// 3765// 3766//
f 4022// 3766// 4023//
f 4023// 3766// 3767//
f 4023// 3767// 4024//
f 4024// 3767// 3768//
f 4024// 3768// 4025//
f 4025// 3768// 3769//
f 4025// 3769// 4026//
f 4026// 3769// 3770//
f 4026// 3770// 4027//
f 4027// 3770// 3771//
f 4027// 3771// 4028//
f 4028// 3771// 3772//
f 4028// 3772// 4029//
f 4029// 3772// 3773//
f 4029// 3773// 4030//
f 4030// 3773// 3774//
f 4030// 3774// 4031//
f 4031// 3774// 3775//
f 4031// 3775// 4032//
f 4032// 3775// 3776//
f 4032// 3776// 4033//
f 4033// 3776// 3777//
f 4033// 3777// 4034//
f 4034// 3777// 3778//
f 4034// 3778// 4035//
f 4035// 3778// 3779//
f 4035// 3779// 4036//
f 4036// 3779// 3780//
f 4036// 3780// 4037//
f 4037// 3780// 3781//
f 4037// 3781// 4038//
f 4038// 3781// 3782//
f 4038// 3782// 4039//
f 4039// 3782// 3783//
f 4039// 3783// 4040//
f 4040// 3783// 3784//
f 4040// 3784// 4041//
f 4041// 3784// 3785//
f 4041// 3785// 4042//
f 4042// 3785// 3786//
f 4042// 3786// 4043//
f 4043// 3786// 3787//
f 4043// 3787// 4044//
f 4044// 3787// 3788//
f 4044// 3788// 4045//
f 4045// 3788// 3789//
f 4045// 3789// 4046//
f 4046// 3789// 3790//
f 4046// 3790// 4047//
f 4047// 3790// 3791//
f 4047// 3791// 4048//
f 4048// 3791// 3792//
f 4048// 3792// 4049//
f 4049// 3792// 3793//
f 4049// 3793// 4050//
f 4050// 3793// 3794//
f 4050// 3794// 4051//
f 4051// 3794// 3795//
f 4051// 3795// 4052//
f 4052// 3795// 3796//
f 4052// 3796// 4053//
f 4053// 3796// 3797//
f 4053// 3797// 4054//
f 4054// 3797// 3798//
f 4054// 3798// 4055//
f 4055// 3798// 3799//
f 4055// 3799// 4056//
f 4056// 3799// 3800//
f 4056// 3800// 4057//
f 4057// 3800// 3801//
f 4057// 3801// 4058//
f 4058// 3801// 3802//
f 4058// 3802// 4059//
f 4059// 3802// 3803//
f 4059// 3803// 4060//
f 4060// 3803// 3804//
f 4060// 3804// 4061//
f 4061// 3804// 3805//
f 4061// 3805// 4062//
f 4062// 3805// 3806//
f 4062// 3806// 4063//
f 4063// 3806// 3807//
f 4063// 3807// 4064//
f 4064// 3807// 3808//
f 4064// 3808// 4065//
f 4065// 3808// 3809//
f 4065// 3809// 4066//
f 4066// 3809// 3810//
f 4066// 3810// 4067//
f 4067// 3810// 3811//
f 4067// 3811// 4068//
f 4068// 3811// 3812//
f 4068// 3812// 4069//
f 4069// 3812// 3813//
f 4069// 3813// 4070//
f 4070// 3813// 3814//
f 4070// 3814// 4071//
f 4071// 3814// 3815//
f 4071// 3815// 4072//
f 4072// 3815// 3816//
f 4072// 3816// 4073//
f 4073// 3816// 3817//
f 4073// 3817// 4074//
f 4074// 3817// 3818//
f 4074// 3818// 4075//
f 4075// 3818// 3819//
f 4075// 3819// 4076//
f 4076// 3819// 3820//
f 4076// 3820// 4077//
f 4077// 3820// 3821//
f 4077// 3821// 4078//
f 4078// 3821// 3822//
f 4078// 3822// 4079//
f 4079// 3822// 3823//
f 4079// 3823// 4080//
f 4080// 3823// 3824//
f 4080// 3824// 4081//
f 4081// 3824// 3825//
f 4081// 3825// 4082//
f 4082// 3825// 3826//
f 4082// 3826// 4083//
f 4083// 3826// 3827//
f 4083// 3827// 4084//
f 4084// 3827// 3828//
f 4084// 3828// 4085//
f 4085// 3828// 3829//
f 4085// 3829// 4086//
f 4086// 3829// 3830//
f 4086// 3830// 4087//
f 4087// 3830// 3831//
f 4087// 3831// 4088//
f 4088// 3831// 3832//
f 4088// 3832// 4089//
f 4089// 3832// 3833//
f 4089// 3833// 4090//
f 4090// 3833// 3834//
f 4090// 3834// 4091//
f 4091// 3834// 3835//
f 4091// 3835// 4092//
f 4092// 3835// 3836//
f 496// 495// 3837//
f 3837// 495// 4093//
f 3837// 4093// 3838//
f 3838// 4093// 4094//
f 3838// 4094// 3839//
f 3839// 4094// 4095//
f 3839// 4095// 3840//
f 3840// 4095// 4096//
f 3840// 4096// 3841//
f 3841// 4096// 4097//
f 3841// 4097// 3842//
f 3842// 4097// 4098//
f 3842// 4098// 3843//
f 3843// 4098// 4099//
f 3843// 4099// 3844//
f 3844// 4099// 4100//
f 3844// 4100// 3845//
f 3845// 4100// 4101//
f 3845// 4101// 3846//
f 3846// 4101// 4102//
f 3846// 4102// 3847//
f 3847// 4102// 4103//
f 3847// 4103// 3848//
f 3848// 4103// 4104//
f 3848// 4104// 3849//
f 3849// 4104// 4105//
f 3849// 4105// 3850//
f 3850// 4105// 4106//
f 3850// 4106// 3851//
f 3851// 4106// 4107//
f 3851// 4107// 3852//
f 3852// 4107// 4108//
f 3852// 4108// 3853//
f 3853// 4108// 4109//
f 3853// 4109// 3854//
f 3854// 4109// 4110//
f 3854// 4110// 3855//
f 3855// 4110// 4111//
f 3855// 4111// 3856//
f 3856// 4111// 4112//
f 3856// 4112// 3857//
f 3857// 4112// 4113//
f 3857// 4113// 3858//
f 3858// 4113// 4114//
f 3858// 4114// 3859//
f 3859// 4114// 4115//
f 3859// 4115// 3860//
f 3860// 4115// 4116//
f 3860// 4116// 3861//
f 3861// 4116// 4117//
f 3861// 4117// 3862//
f 3862// 4117// 4118//
f 3862// 4118// 3863//
f 3863// 4118// 4119//
f 3863// 4119// 3864//
f 3864// 4119// 4120//
f 3864// 4120// 3865//
f 3865// 4120// 4121//
f 3865// 4121// 3866//
f 3866// 4121// 4122//
f 3866// 4122// 3867//
f 3867// 4122// 4123//
f 3867// 4123// 3868//
f 3868// 4123// 4124//
f 3868// 4124// 3869//
f 3869// 4124// 4125//
f 3869// 4125// 3870//
f 3870// 4125// 4126//
f 3870// 4126// 3871//
f 3871// 4126// 4127//
f 3871// 4127// 3872//
f 3872// 4127// 4128//
f 3872// 4128// 3873//
f 3873// 4128// 4129//
f 3873// 4129// 3874//
f 3874// 4129// 4130//
f 3874// 4130// 3875//
f 3875// 4130// 4131//
f 3875// 4131// 3876//
f 3876// 4131// 4132//
f 3876// 4132// 3877//
f 3877// 4132// 4133//
f 3877// 4133// 3878//
f 3878// 4133// 4134//
f 3878// 4134// 3879//
f 3879// 4134// 4135//
f 3879// 4135// 3880//
f 3880// 4135// 4136//
f 3880// 4136// 3881//
f 3881// 4136// 4137//
f 3881// 4137// 3882//
f 3882// 4137// 4138//
f 3882// 4138// 3883//
f 3883// 4138// 4139//
f 3883// 4139// 3884//
f 3884// 4139// 4140//
f 3884// 4140// 3885//
f 3885// 4140// 4141//
f 3885// 4141// 3886//
f 3886// 4141// 4142//
f 3886// 4142// 3887//
f 3887// 4142// 4143//
f 3887// 4143// 3888//
f 3888// 4143// 4144//
f 3888// 4144// 3889//
f 3889// 4144// 4145//
f 3889// 4145// 3890//
f 3890// 4145// 4146//
f 3890// 4146// 3891//
f 3891// 4146// 4147//
f 3891// 4147// 3892//
f 3892// 4147// 4148//
f 3892// 4148// 3893//
f 3893// 4148// 4149//
f 3893// 4149// 3894//
f 3894// 4149// 4150//
f 3894// 4150// 3895//
f 3895// 4150// 4151//
f 3895// 4151// 3896//
f 3896// 4151// 4152//
f 3896// 4152// 3897//
f 3897// 4152// 4153//
f 3897// 4153// 3898//
f 3898// 4153// 4154//
f 3898// 4154// 3899//
f 3899// 4154// 4155//
f 3899// 4155// 3900//
f 3900// 4155// 4156//
f 3900// 4156// 3901//
f 3901// 4156// 4157//
f 3901// 4157// 3902//
f 3902// 4157// 4158//
f 3902// 4158// 3903//
f 3903// 4158// 4159//
f 3903// 4159// 3904//
f 3904// 4159// 4160//
f 3904// 4160// 3905//
f 3905// 4160// 4161//
f 3905// 4161// 3906//
f 3906// 4161// 4162//
f 3906// 4162// 3907//
f 3907// 4162// 4163//
f 3907// 4163// 3908//
f 3908// 4163// 4164//
f 3908// 4164// 3909//
f 3909// 4164// 4165//
f 3909// 4165// 3910//
f 3910// 4165// 4166//
f 3910// 4166// 3911//
f 3911// 4166// 4167//
f 3911// 4167// 3912//
f 3912// 4167// 4168//
f 3912// 4168// 3913//
f 3913// 4168// 4169//
f 3913// 4169// 3914//
f 3914// 4169// 4170//
f 3914// 4170// 3915//
f 3915// 4170// 4171//
f 3915// 4171// 3916//
f 3916// 4171// 4172//
f 3916// 4172// 3917//
f 3917// 4172// 4173//
f 3917// 4173// 3918//
f 3918// 4173// 4174//
f 3918// 4174// 3919//
f 3919// 4174// 4175//
f 3919// 4175// 3920//
f 3920// 4175// 4176//
f 3920// 4176// 3921//
f 3921// 4176// 4177//
f 3921// 4177// 3922//
f 3922// 4177// 4178//
f 3922// 4178// 3923//
f 3923// 4178// 4179//
f 3923// 4179// 3924//
f 3924// 4179// 4180//
f 3924// 4180// 3925//
f 3925// 4180// 4181//
f 3925// 4181// 3926//
f 3926// 4181// 4182//
f 3926// 4182// 3927//
f 3927// 4182// 4183//
f 3927// 4183// 3928//
f 3928// 4183// 4184//
f 3928// 4184// 3929//
f 3929// 4184// 4185//
f 3929// 4185// 3930//
f 3930// 4185// 4186//
f 3930// 4186// 3931//
f 3931// 4186// 4187//
f 3931// 4187// 3932//
f 3932// 4187// 4188//
f 3932// 4188// 3933//
f 3933// 4188// 4189//
f 3933// 4189// 3934//
f 3934// 4189// 4190//
f 3934// 4190// 3935//
f 3935// 4190// 4191//
f 3935// 4191// 3936//
f 3936// 4191// 4192//
f 3936// 4192// 3937//
f 3937// 4192// 4193//
f 3937// 4193// 3938//
f 3938// 4193// 4194//
f 3938// 4194// 3939//
f 3939// 4194// 4195//
f 3939// 4195// 3940//
f 3940// 4195// 4196//
f 3940// 4196// 3941//
f 3941// 4196// 4197//
f 3941// 4197// 3942//
f 3942// 4197// 4198//
f 3942// 4198// 3943//
f 3943// 4198// 4199//
f 3943// 4199// 3944//
f 3944// 4199// 4200//
f 3944// 4200// 3945//
f 3945// 4200// 4201//
f 3945// 4201// 3946//
f 3946// 4201// 4202//
f 3946// 4202// 3947//
f 3947// 4202// 4203//
f 3947// 4203// 3948//
f 3948// 4203// 4204//
f 3948// 4204// 3949//
f 3949// 4204// 4205//
f 3949// 4205// 3950//
f 3950// 4205// 4206//
f 3950// 4206// 3951//
f 3951// 4206// 4207//
f 3951// 4207// 3952//
f 3952// 4207// 4208//
f 3952// 4208// 3953//
f 3953// 4208// 4209//
f 3953// 4209// 3954//
f 3954// 4209// 4210//
f 3954// 4210// 3955//
f 3955// 4210// 4211//
f 3955// 4211// 3956//
f 3956// 4211// 4212//
f 3956// 4212// 3957//
f 3957// 4212// 4213//
f 3957// 4213// 3958//
f 3958// 4213// 4214//
f 3958// 4214// 3959//
f 3959// 4214// 4215//
f 3959// 4215// 3960//
f 3960// 4215// 4216//
f 3960// 4216// 3961//
f 3961// 4216// 4217//
f 3961// 4217// 3962//
f 3962// 4217// 4218//
f 3962// 4218// 3963//
f 3963// 4218// 4219//
f 3963// 4219// 3964//
f 3964// 4219// 4220//
f 468// 467// 4221//
f 4221// 467// 3965//
f 4221// 3965// 4222//
f 4222// 3965// 3966//
f 4222// 3966// 4223//
f 4223// 3966// 3967//
f 4223// 3967// 4224//
f 4224// 3967// 3968//
f 4224// 3968// 4225//
f 4225// 3968// 3969//
f 4225// 3969// 4226//
f 4226// 3969// 3970//
f 4226// 3970// 4227//
f 4227// 3970// 3971//
f 4227// 3971// 4228//
f 4228// 3971// 3972//
f 4228// 3972// 4229//
f 4229// 3972// 3973//
f 4229// 3973// 4230//
f 4230// 3973// 3974//
f 4230// 3974// 4231//
f 4231// 3974// 3975//
f 4231// 3975// 4232//
f 4232// 3975// 3976//
f 4232// 3976// 4233//
f 4233// 3976// 3977//
f 4233// 3977// 4234//
f 4234// 3977// 3978//
f 4234// 3978// 4235//
f 4235// 3978// 3979//
f 4235// 3979// 4236//
f 4236// 3979// 3980//
f 4236// 3980// 4237//
f 4237// 3980// 3981//
f 4237// 3981// 4238//
f 4238// 3981// 3982//
f 4238// 3982// 4239//
f 4239// 3982// 3983//
f 4239// 3983// 4240//
f 4240// 3983// 3984//
f 4240// 3984// 4241//
f 4241// 3984// 3985//
f 4241// 3985// 4242//
f 4242// 3985// 3986//
f 4242// 3986// 4243//
f 4243// 3986// 3987//
f 4243// 3987// 4244//
f 4244// 3987// 3988//
f 4244// 3988// 4245//
f 4245// 3988// 3989//
f 4245// 3989// 4246//
f 4246// 3989// 3990//
f 4246// 3990// 4247//
f 4247// 3990// 3991//
f 4247// 3991// 4248//
f 4248// 3991// 3992//
f 4248// 3992// 4249//
f 4249// 3992// 3993//
f 4249// 3993// 4250//
f 4250// 3993// 3994//
f 4250// 3994// 4251//
f 4251// 3994// 3995//
f 4251// 3995// 4252//
f 4252// 3995// 3996//
f 4252// 3996// 4253//
f 4253// 3996// 3997//
f 4253// 3997// 4254//
f 4254// 3997// 3998//
f 4254// 3998// 4255//
f 4255// 3998// 3999//
f 4255// 3999// 4256//
f 4256// 3999// 4000//
f 4256// 4000// 4257//
f 4257// 4000// 4001//
f 4257// 4001// 4258//
f 4258// 4001// 4002//
f 4258// 4002// 4259//
f 4259// 4002// 4003//
f 4259// 4003// 4260//
f 4260// 4003// 4004//
f 4260// 4004// 4261//
f 4261// 4004// 4005//
f 4261// 4005// 4262//
f 4262// 4005// 4006//
f 4262// 4006// 4263//
f 4263// 4006// 4007//
f 4263// 4007// 4264//
f 4264// 4007// 4008//
f 4264// 4008// 4265//
f 4265// 4008// 4009//
f 4265// 4009// 4266//
f 4266// 4009// 4010//
f 4266// 4010// 4267//
f 4267// 4010// 4011//
f 4267// 4011// 4268//
f 4268// 4011// 4012//
f 4268// 4012// 4269//
f 4269// 4012// 4013//
f 4269// 4013// 4270//
f 4270// 4013// 4014//
f 4270// 4014// 4271//
f 4271// 4014// 4015//
f 4271// 4015// 4272//
f 4272// 4015// 4016//
f 4272// 4016// 4273//
f 4273// 4016// 4017//
f 4273// 4017// 4274//
f 4274// 4017// 4018//
f 4274// 4018// 4275//
f 4275// 4018// 4019//
f 4275// 4019// 4276//
f 4276// 4019// 4020//
f 4276// 4020// 4277//
f 4277// 4020// 4021//
f 4277// 4021// 4278//
f 4278// 4021// 4022//
f 4278// 4022// 4279//
f 4279// 4022// 4023//
f 4279// 4023// 4280//
f 4280// 4023// 4024//
f 4280// 4024// 4281//
f 4281// 4024// 4025//
f 4281// 4025// 4282//
f 4282// 4025// 4026//
f 4282// 4026// 4283//
f 4283// 4026// 4027//
f 4283// 4027// 4284//
f 4284// 4027// 4028//
f 4284// 4028// 4285//
f 4285// 4028// 4029//
f 4285// 4029// 4286//
f 4286// 4029// 4030//
f 4286// 4030// 4287//
f 4287// 4030// 4031//
f 4287// 4031// 4288//
f 4288// 4031// 4032//
f 4288// 4032// 4289//
f 4289// 4032// 4033//
f 4289// 4033// 4290//
f 4290// 4033// 4034//
f 4290// 4034// 4291//
f 4291// 4034// 4035//
f 4291// 4035// 4292//
f 4292// 4035// 4036//
f 4292// 4036// 4293//
f 4293// 4036// 4037//
f 4293// 4037// 4294//
f 4294// 4037// 4038//
f 4294// 4038// 4295//
f 4295// 4038// 4039//
f 4295// 4039// 4296//
f 4296// 4039// 4040//
f 4296// 4040// 4297//
f 4297// 4040// 4041//
f 4297// 4041// 4298//
f 4298// 4041// 4042//
f 4298// 4042// 4299//
f 4299// 4042// 4043//
f 4299// 4043// 4300//
f 4300// 4043// 4044//
f 4300// 4044// 4301//
f 4301// 4044// 4045//
f 4301// 4045// 4302//
f 4302// 4045// 4046//
f 4302// 4046// 4303//
f 4303// 4046// 4047//
f 4303// 4047// 4304//
f 4304// 4047// 4048//
f 4304// 4048// 4305//
f 4305// 4048// 4049//
f 4305// 4049// 4306//
f 4306// 4049// 4050//
f 4306// 4050// 4307//
f 4307// 4050// 4051//
f 4307// 4051// 4308//
f 4308// 4051// 4052//
f 4308// 4052// 4309//
f 4309// 4052// 4053//
f 4309// 4053// 4310//
f 4310// 4053// 4054//
f 4310// 4054// 4311//
f 4311// 4054// 4055//
f 4311// 4055// 4312//
f 4312// 4055// 4056//
f 4312// 4056// 4313//
f 4313// 4056// 4057//
f 4313// 4057// 4314//
f 4314// 4057// 4058//
f 4314// 4058// 4315//
f 4315// 4058// 4059//
f 4315// 4059// 4316//
f 4316// 4059// 4060//
f 4316// 4060// 4317//
f 4317// 4060// 4061//
f 4317// 4061// 4318//
f 4318// 4061// 4062//
f 4318// 4062// 4319//
f 4319// 4062// 4063//
f 4319// 4063// 4320//
f 4320// 4063// 4064//
f 4320// 4064// 4321//
f 4321// 4064// 4065//
f 4321// 4065// 4322//
f 4322// 4065// 4066//
f 4322// 4066// 4323//
f 4323// 4066// 4067//
f 4323// 4067// 4324//
f 4324// 4067// 4068//
f 4324// 4068// 4325//
f 4325// 4068// 4069//
f 4325// 4069// 4326//
f 4326// 4069// 4070//
f 4326// 4070// 4327//
f 4327// 4070// 4071//
f 4327// 4071// 4328//
f 4328// 4071// 4072//
f 4328// 4072// 4329//
f 4329// 4072// 4073//
f 4329// 4073// 4330//
f 4330// 4073// 4074//
f 4330// 4074// 4331//
f 4331// 4074// 4075//
f 4331// 4075// 4332//
f 4332// 4075// 4076//
f 4332// 4076// 4333//
f 4333// 4076// 4077//
f 4333// 4077// 4334//
f 4334// 4077// 4078//
f 4334// 4078// 4335//
f 4335// 4078// 4079//
f 4335// 4079// 4336//
f 4336// 4079// 4080//
f 4336// 4080// 4337//
f 4337// 4080// 4081//
f 4337// 4081// 4338//
f 4338// 4081// 4082//
f 4338// 4082// 4339//
f 4339// 4082// 4083//
f 4339// 4083// 4340//
f 4340// 4083// 4084//
f 4340// 4084// 4341//
f 4341// 4084// 4085//
f 4341// 4085// 4342//
f 4342// 4085// 4086//
f 4342// 4086// 4343//
f 4343// 4086// 4087//
f 4343// 4087// 4344//
f 4344// 4087// 4088//
f 4344// 4088// 4345//
f 4345// 4088// 4089//
f 4345// 4089// 4346//
f 4346// 4089// 4090//
f 4346// 4090// 4347//
f 4347// 4090// 4091//
f 4347// 4091// 4348//
f 4348// 4091// 4092//
f 495// 500// 4093//
f 4093// 500// 4349//
f 4093// 4349// 4094//
f 4094// 4349// 4350//
f 4094// 4350// 4095//
f 4095// 4350// 4351//
f 4095// 4351// 4096//
f 4096// 4351// 4352//
f 4096// 4352// 4097//
f 4097// 4352// 4353//
f 4097// 4353// 4098//
f 4098// 4353// 4354//
f 4098// 4354// 4099//
f 4099// 4354// 4355//
f 4099// 4355// 4100//
f 4100// 4355// 4356//
f 4100// 4356// 4101//
f 4101// 4356// 4357//
f 4101// 4357// 4102//
f 4102// 4357// 4358//
f 4102// 4358// 4103//
f 4103// 4358// 4359//
f 4103// 4359// 4104//
f 4104// 4359// 4360//
f 4104// 4360// 4105//
f 4105// 4360// 4361//
f 4105// 4361// 4106//
f 4106// 4361// 4362//
f 4106// 4362// 4107//
f 4107// 4362// 4363//
f 4107// 4363// 4108//
f 4108// 4363// 4364//
f 4108// 4364// 4109//
f 4109// 4364// 4365//
f 4109// 4365// 4110//
f 4110// 4365// 4366//
f 4110// 4366// 4111//
f 4111// 4366// 4367//
f 4111// 4367// 4112//
f 4112// 4367// 4368//
f 4112// 4368// 4113//
f 4113// 4368// 4369//
f 4113// 4369// 4114//
f 4114// 4369// 4370//
f 4114// 4370// 4115//
f 4115// 4370// 4371//
f 4115// 4371// 4116//
f 4116// 4371// 4372//
f 4116// 4372// 4117//
f 4117// 4372// 4373//
f 4117// 4373// 4118//
f 4118// 4373// 4374//
f 4118// 4374// 4119//
f 4119// 4374// 4375//
f 4119// 4375// 4120//
f 4120// 4375// 4376//
f 4120// 4376// 4121//
f 4121// 4376// 4377//
f 4121// 4377// 4122//
f 4122// 4377// 4378//
f 4122// 4378// 4123//
f 4123// 4378// 4379//
f 4123// 4379// 4124//
f 4124// 4379// 4380//
f 4124// 4380// 4125//
f 4125// 4380// 4381//
f 4125// 4381// 4126//
f 4126// 4381// 4382//
f 4126// 4382// 4127//
f 4127// 4382// 4383//
f 4127// 4383// 4128//
f 4128// 4383// 4384//
f 4128// 4384// 4129//
f 4129// 4384// 4385//
f 4129// 4385// 4130//
f 4130// 4385// 4386//
f 4130// 4386// 4131//
f 4131// 4386// 4387//
f 4131// 4387// 4132//
f 4132// 4387// 4388//
f 4132// 4388// 4133//
f 4133// 4388// 4389//
f 4133// 4389// 4134//
f 4134// 4389// 4390//
f 4134// 4390// 4135//
f 4135// 4390// 4391//
f 4135// 4391// 4136//
f 4136// 4391// 4392//
f 4136// 4392// 4137//
f 4137// 4392// 4393//
f 4137// 4393// 4138//
f 4138// 4393// 4394//
f 4138// 4394// 4139//
f 4139// 4394// 4395//
f 4139// 4395// 4140//
f 4140// 4395// 4396//
f 4140// 4396// 4141//
f 4141// 4396// 4397//
f 4141// 4397// 4142//
f 4142// 4397// 4398//
f 4142// 4398// 4143//
f 4143// 4398// 4399//
f 4143// 4399// 4144//
f 4144// 4399// 4400//
f 4144// 4400// 4145//
f 4145// 4400// 4401//
f 4145// 4401// 4146//
f 4146// 4401// 4402//
f 4146// 4402// 4147//
f 4147// 4402// 4403//
f 4147// 4403// 4148//
f 4148// 4403// 4404//
f 4148// 4404// 4149//
f 4149// 4404// 4405//
f 4149// 4405// 4150//
f 4150// 4405// 4406//
f 4150// 4406// 4151//
f 4151// 4406// 4407//
f 4151// 4407// 4152//
f 4152// 4407// 4408//
f 4152// 4408// 4153//
f 4153// 4408// 4409//
f 4153// 4409// 4154//
f 4154// 4409// 4410//
f 4154// 4410// 4155//
f 4155// 4410// 4411//
f 4155// 4411// 4156//
f 4156// 4411// 4412//
f 4156// 4412// 4157//
f 4157// 4412// 4413//
f 4157// 4413// 4158//
f 4158// 4413// 4414//
f 4158// 4414// 4159//
f 4159// 4414// 4415//
f 4159// 4415// 4160//
f 4160// 4415// 4416//
f 4160// 4416// 4161//
f 4161// 4416// 4417//
f 4161// 4417// 4162//
f 4162// 4417// 4418//
f 4162// 4418// 4163//
f 4163// 4418// 4419//
f 4163// 4419// 4164//
f 4164// 4419// 4420//
f 4164// 4420// 4165//
f 4165// 4420// 4421//
f 4165// 4421// 4166//
f 4166// 4421// 4422//
f 4166// 4422// 4167//
f 4167// 4422// 4423//
f 4167// 4423// 4168//
f 4168// 4423// 4424//
f 4168// 4424// 4169//
f 4169// 4424// 4425//
f 4169// 4425// 4170//
f 4170// 4425// 4426//
f 4170// 4426// 4171//
f 4171// 4426// 4427//
f 4171// 4427// 4172//
f 4172// 4427// 4428//
f 4172// 4428// 4173//
f 4173// 4428// 4429//
f 4173// 4429// 4174//
f 4174// 4429// 4430//
f 4174// 4430// 4175//
f 4175// 4430// 4431//
f 4175// 4431// 4176//
f 4176// 4431// 4432//
f 4176// 4432// 4177//
f 4177// 4432// 4433//
f 4177// 4433// 4178//
f 4178// 4433// 4434//
f 4178// 4434// 4179//
f 4179// 4434// 4435//
f 4179// 4435// 4180//
f 4180// 4435// 4436//
f 4180// 4436// 4181//
f 4181// 4436// 4437//
f 4181// 4437// 4182//
f 4182// 4437// 4438//
f 4182// 4438// 4183//
f 4183// 4438// 4439//
f 4183// 4439// 4184//
f 4184// 4439// 4440//
f 4184// 4440// 4185//
f 4185// 4440// 4441//
f 4185// 4441// 4186//
f 4186// 4441// 4442//
f 4186// 4442// 4187//
f 4187// 4442// 4443//
f 4187// 4443// 4188//
f 4188// 4443// 4444//
f 4188// 4444// 4189//
f 4189// 4444// 4445//
f 4189// 4445// 4190//
f 4190// 4445// 4446//
f 4190// 4446// 4191//
f 4191// 4446// 4447//
f 4191// 4447// 4192//
f 4192// 4447// 4448//
f 4192// 4448// 4193//
f 4193// 4448// 4449//
f 4193// 4449// 4194//
f 4194// 4449// 4450//
f 4194// 4450// 4195//
f 4195// 4450// 4451//
f 4195// 4451// 4196//
f 4196// 4451// 4452//
f 4196// 4452// 4197//
f 4197// 4452// 4453//
f 4197// 4453// 4198//
f 4198// 4453// 4454//
f 4198// 4454// 4199//
f 4199// 4454// 4455//
f 4199// 4455// 4200//
f 4200// 4455// 4456//
f 4200// 4456// 4201//
f 4201// 4456// 4457//
f 4201// 4457// 4202//
f 4202// 4457// 4458//
f 4202// 4458// 4203//
f 4203// 4458// 4459//
f 4203// 4459// 4204//
f 4204// 4459// 4460//
f 4204// 4460// 4205//
f 4205// 4460// 4461//
f 4205// 4461// 4206//
f 4206// 4461// 4462//
f 4206// 4462// 4207//
f 4207// 4462// 4463//
f 4207// 4463// 4208//
f 4208// 4463// 4464//
f 4208// 4464// 4209//
f 4209// 4464// 4465//
f 4209// 4465// 4210//
f 4210// 4465// 4466//
f 4210// 4466// 4211//
f 4211// 4466// 4467//
f 4211// 4467// 4212//
f 4212// 4467// 4468//
f 4212// 4468// 4213//
f 4213// 4468// 4469//
f 4213// 4469// 4214//
f 4214// 4469// 4470//
f 4214// 4470// 4215//
f 4215// 4470// 4471//
f 4215// 4471// 4216//
f 4216// 4471// 4472//
f 4216// 4472// 4217//
f 4217// 4472// 4473//
f 4217// 4473// 4218//
f 4218// 4473// 4474//
f 4218// 4474// 4219//
f 4219// 4474// 4475//
f 4219// 4475// 4220//
f 4220// 4475// 4476//
f 469// 468// 4477//
f 4477// 468// 4221//
f 4477// 4221// 4478//
f 4478// 4221// 4222//
f 4478// 4222// 4479//
f 4479// 4222// 4223//
f 4479// 4223// 4480//
f 4480// 4223// 4224//
f 4480// 4224// 4481//
f 4481// 4224// 4225//
f 4481// 4225// 4482//
f 4482// 4225// 4226//
f 4482// 4226// 4483//
f 4483// 4226// 4227//
f 4483// 4227// 4484//
f 4484// 4227// 4228//
f 4484// 4228// 4485//
f 4485// 4228// 4229//
f 4485// 4229// 4486//
f 4486// 4229// 4230//
f 4486// 4230// 4487//
f 4487// 4230// 4231//
f 4487// 4231// 4488//
f 4488// 4231// 4232//
f 4488// 4232// 4489//
f 4489// 4232// 4233//
f 4489// 4233// 4490//
f 4490// 4233// 4234//
f 4490// 4234// 4491//
f 4491// 4234// 4235//
f 4491// 4235// 4492//
f 4492// 4235// 4236//
f 4492// 4236// 4493//
f 4493// 4236// 4237//
f 4493// 4237// 4494//
f 4494// 4237// 4238//
f 4494// 4238// 4495//
f 4495// 4238// 4239//
f 4495// 4239// 4496//
f 4496// 4239// 4240//
f 4496// 4240// 4497//
f 4497// 4240// 4241//
f 4497// 4241// 4498//
f 4498// 4241// 4242//
f 4498// 4242// 4499//
f 4499// 4242// 4243//
f 4499// 4243// 4500//
f 4500// 4243// 4244//
f 4500// 4244// 4501//
f 4501// 4244// 4245//
f 4501// 4245// 4502//
f 4502// 4245// 4246//
f 4502// 4246// 4503//
f 4503// 4246// 4247//
f 4503// 4247// 4504//
f 4504// 4247// 4248//
f 4504// 4248// 4505//
f 4505// 4248// 4249//
f 4505// 4249// 4506//
f 4506// 4249// 4250//
f 4506// 4250// 4507//
f 4507// 4250// 4251//
f 4507// 4251// 4508//
f 4508// 4251// 4252//
f 4508// 4252// 4509//
f 4509// 4252// 4253//
f 4509// 4253// 4510//
f 4510// 4253// 4254//
f 4510// 4254// 4511//
f 4511// 4254// 4255//
f 4511// 4255// 4512//
f 4512// 4255// 4256//
f 4512// 4256// 4513//
f 4513// 4256// 4257//
f 4513// 4257// 4514//
f 4514// 4257// 4258//
f 4514// 4258// 4515//
f 4515// 4258// 4259//
f 4515// 4259// 4516//
f 4516// 4259// 4260//
f 4516// 4260// 4517//
f 4517// 4260// 4261//
f 4517// 4261// 4518//
f 4518// 4261// 4262//
f 4518// 4262// 4519//
f 4519// 4262// 4263//
f 4519// 4263// 4520//
f 4520// 4263// 4264//
f 4520// 4264// 4521//
f 4521// 4264// 4265//
f 4521// 4265// 4522//
f 4522// 4265// 4266//
f 4522// 4266// 4523//
f 4523// 4266// 4267//
f 4523// 4267// 4524//
f 4524// 4267// 4268//
f 4524// 4268// 4525//
f 4525// 4268// 4269//
f 4525// 4269// 4526//
f 4526// 4269// 4270//
f 4526// 4270// 4527//
f 4527// 4270// 4271//
f 4527// 4271// 4528//
f 4528// 4271// 4272//
f 4528// 4272// 4529//
f 4529// 4272// 4273//
f 4529// 4273// 4530//
f 4530// 4273// 4274//
f 4530// 4274// 4531//
f 4531// 4274// 4275//
f 4531// 4275// 4532//
f 4532// 4275// 4276//
f 4532// 4276// 4533//
f 4533// 4276// 4277//
f 4533// 4277// 4534//
f 4534// 4277// 4278//
f 4534// 4278// 4535//
f 4535// 4278// 4279//
f 4535// 4279// 4536//
f 4536// 4279// 4280//
f 4536// 4280// 4537//
f 4537// 4280// 4281//
f 4537// 4281// 4538//
f 4538// 4281// 4282//
f 4538// 4282// 4539//
f 4539// 4282// 4283//
f 4539// 4283// 4540//
f 4540// 4283// 4284//
f 4540// 4284// 4541//
f 4541// 4284// 4285//
f 4541// 4285// 4542//
f 4542// 4285// 4286//
f 4542// 4286// 4543//
f 4543// 4286// 4287//
f 4543// 4287// 4544//
f 4544// 4287// 4288//
f 4544// 4288// 4545//
f 4545// 4288// 4289//
f 4545// 4289// 4546//
f 4546// 4289// 4290//
f 4546// 4290// 4547//
f 4547// 4290// 4291//
f 4547// 4291// 4548//
f 4548// 4291// 4292//
f 4548// 4292// 4549//
f 4549// 4292// 4293//
f 4549// 4293// 4550//
f 4550// 4293// 4294//
f 4550// 4294// 4551//
f 4551// 4294// 4295//
f 4551// 4295// 4552//
f 4552// 4295// 4296//
f 4552// 4296// 4553//
f 4553// 4296// 4297//
f 4553// 4297// 4554//
f 4554// 4297// 4298//
f 4554// 4298// 4555//
f 4555// 4298// 4299//
f 4555// 4299// 4556//
f 4556// 4299// 4300//
f 4556// 4300// 4557//
f 4557// 4300// 4301//
f 4557// 4301// 4558//
f 4558// 4301// 4302//
f 4558// 4302// 4559//
f 4559// 4302// 4303//
f 4559// 4303// 4560//
f 4560// 4303// 4304//
f 4560// 4304// 4561//
f 4561// 4304// 4305//
f 4561// 4305// 4562//
f 4562// 4305// 4306//
f 4562// 4306// 4563//
f 4563// 4306// 4307//
f 4563// 4307// 4564//
f 4564// 4307// 4308//
f 4564// 4308// 4565//
f 4565// 4308// 4309//
f 4565// 4309// 4566//
f 4566// 4309// 4310//
f 4566// 4310// 4567//
f 4567// 4310// 4311//
f 4567// 4311// 4568//
f 4568// 4311// 4312//
f 4568// 4312// 4569//
f 4569// 4312// 4313//
f 4569// 4313// 4570//
f 4570// 4313// 4314//
f 4570// 4314// 4571//
f 4571// 4314// 4315//
f 4571// 4315// 4572//
f 4572// 4315// 4316//
f 4572// 4316// 4573//
f 4573// 4316// 4317//
f 4573// 4317// 4574//
f 4574// 4317// 4318//
f 4574// 4318// 4575//
f 4575// 4318// 4319//
f 4575// 4319// 4576//
f 4576// 4319// 4320//
f 4576// 4320// 4577//
f 4577// 4320// 4321//
f 4577// 4321// 4578//
f 4578// 4321// 4322//
f 4578// 4322// 4579//
f 4579// 4322// 4323//
f 4579// 4323// 4580//
f 4580// 4323// 4324//
f 4580// 4324// 4581//
f 4581// 4324// 4325//
f 4581// 4325// 4582//
f 4582// 4325// 4326//
f 4582// 4326// 4583//
f 4583// 4326// 4327//
f 4583// 4327// 4584//
f 4584// 4327// 4328//
f 4584// 4328// 4585//
f 4585// 4328// 4329//
f 4585// 4329// 4586//
f 4586// 4329// 4330//
f 4586// 4330// 4587//
f 4587// 4330// 4331//
f 4587// 4331// 4588//
f 4588// 4331// 4332//
f 4588// 4332// 4589//
f 4589// 4332// 4333//
f 4589// 4333// 4590//
f 4590// 4333// 4334//
f 4590// 4334// 4591//
f 4591// 4334// 4335//
f 4591// 4335// 4592//
f 4592// 4335// 4336//
f 4592// 4336// 4593//
f 4593// 4336// 4337//
f 4593// 4337// 4594//
f 4594// 4337// 4338//
f 4594// 4338// 4595//
f 4595// 4338// 4339//
f 4595// 4339// 4596//
f 4596// 4339// 4340//
f 4596// 4340// 4597//
f 4597// 4340// 4341//
f 4597// 4341// 4598//
f 4598// 4341// 4342//
f 4598// 4342// 4599//
f 4599// 4342// 4343//
f 4599// 4343// 4600//
f 4600// 4343// 4344//
f 4600// 4344// 4601//
f 4601// 4344// 4345//
f 4601// 4345// 4602//
f 4602// 4345// 4346//
f 4602// 4346// 4603//
f 4603// 4346// 4347//
f 4603// 4347// 4604//
f 4604// 4347// 4348//
f 500// 499// 4349//
f 4349// 499// 4605//
f 4349// 4605// 4350//
f 4350// 4605// 4606//
f 4350// 4606// 4351//
f 4351// 4606// 4607//
f 4351// 4607// 4352//
f 4352// 4607// 4608//
f 4352// 4608// 4353//
f 4353// 4608// 4609//
f 4353// 4609// 4354//
f 4354// 4609// 4610//
f 4354// 4610// 4355//
f 4355// 4610// 4611//
f 4355// 4611// 4356//
f 4356// 4611// 4612//
f 4356// 4612// 4357//
f 4357// 4612// 4613//
f 4357// 4613// 4358//
f 4358// 4613// 4614//
f 4358// 4614// 4359//
f 4359// 4614// 4615//
f 4359// 4615// 4360//
f 4360// 4615// 4616//
f 4360// 4616// 4361//
f 4361// 4616// 4617//
f 4361// 4617// 4362//
f 4362// 4617// 4618//
f 4362// 4618// 4363//
f 4363// 4618// 4619//
f 4363// 4619// 4364//
f 4364// 4619// 4620//
f 4364// 4620// 4365//
f 4365// 4620// 4621//
f 4365// 4621// 4366//
f 4366// 4621// 4622//
f 4366// 4622// 4367//
f 4367// 4622// 4623//
f 4367// 4623// 4368//
f 4368// 4623// 4624//
f 4368// 4624// 4369//
f 4369// 4624// 4625//
f 4369// 4625// 4370//
f 4370// 4625// 4626//
f 4370// 4626// 4371//
f 4371// 4626// 4627//
f 4371// 4627// 4372//
f 4372// 4627// 4628//
f 4372// 4628// 4373//
f 4373// 4628// 4629//
f 4373// 4629// 4374//
f 4374// 4629// 4630//
f 4374// 4630// 4375//
f 4375// 4630// 4631//
f 4375// 4631// 4376//
f 4376// 4631// 4632//
f 4376// 4632// 4377//
f 4377// 4632// 4633//
f 4377// 4633// 4378//
f 4378// 4633// 4634//
f 4378// 4634// 4379//
f 4379// 4634// 4635//
f 4379// 4635// 4380//
f 4380// 4635// 4636//
f 4380// 4636// 4381//
f 4381// 4636// 4637//
f 4381// 4637// 4382//
f 4382// 4637// 4638//
f 4382// 4638// 4383//
f 4383// 4638// 4639//
f 4383// 4639// 4384//
f 4384// 4639// 4640//
f 4384// 4640// 4385//
f 4385// 4640// 4641//
f 4385// 4641// 4386//
f 4386// 4641// 4642//
f 4386// 4642// 4387//
f 4387// 4642// 4643//
f 4387// 4643// 4388//
f 4388// 4643// 4644//
f 4388// 4644// 4389//
f 4389// 4644// 4645//
f 4389// 4645// 4390//
f 4390// 4645// 4646//
f 4390// 4646// 4391//
f 4391// 4646// 4647//
f 4391// 4647// 4392//
f 4392// 4647// 4648//
f 4392// 4648// 4393//
f 4393// 4648// 4649//
f 4393// 4649// 4394//
f 4394// 4649// 4650//
f 4394// 4650// 4395//
f 4395// 4650// 4651//
f 4395// 4651// 4396//
f 4396// 4651// 4652//
f 4396// 4652// 4397//
f 4397// 4652// 4653//
f 4397// 4653// 4398//
f 4398// 4653// 4654//
f 4398// 4654// 4399//
f 4399// 4654// 4655//
f 4399// 4655// 4400//
f 4400// 4655// 4656//
f 4400// 4656// 4401//
f 4401// 4656// 4657//
f 4401// 4657// 4402//
f 4402// 4657// 4658//
f 4402// 4658// 4403//
f 4403// 4658// 4659//
f 4403// 4659// 4404//
f 4404// 4659// 4660//
f 4404// 4660// 4405//
f 4405// 4660// 4661//
f 4405// 4661// 4406//
f 4406// 4661// 4662//
f 4406// 4662// 4407//
f 4407// 4662// 4663//
f 4407// 4663// 4408//
f 4408// 4663// 4664//
f 4408// 4664// 4409//
f 4409// 4664// 4665//
f 4409// 4665// 4410//
f 4410// 4665// 4666//
f 4410// 4666// 4411//
f 4411// 4666// 4667//
f 4411// 4667// 4412//
f 4412// 4667// 4668//
f 4412// 4668// 4413//
f 4413// 4668// 4669//
f 4413// 4669// 4414//
f 4414// 4669// 4670//
f 4414// 4670// 4415//
f 4415// 4670// 4671//
f 4415// 4671// 4416//
f 4416// 4671// 4672//
f 4416// 4672// 4417//
f 4417// 4672// 4673//
f 4417// 4673// 4418//
f 4418// 4673// 4674//
f 4418// 4674// 4419//
f 4419// 4674// 4675//
f 4419// 4675// 4420//
f 4420// 4675// 4676//
f 4420// 4676// 4421//
f 4421// 4676// 4677//
f 4421// 4677// 4422//
f 4422// 4677// 4678//
f 4422// 4678// 4423//
f 4423// 4678// 4679//
f 4423// 4679// 4424//
f 4424// 4679// 4680//
f 4424// 4680// 4425//
f 4425// 4680// 4681//
f 4425// 4681// 4426//
f 4426// 4681// 4682//
f 4426// 4682// 4427//
f 4427// 4682// 4683//
f 4427// 4683// 4428//
f 4428// 4683// 4684//
f 4428// 4684// 4429//
f 4429// 4684// 4685//
f 4429// 4685// 4430//
f 4430// 4685// 4686//
f 4430// 4686// 4431//
f 4431// 4686// 4687//
f 4431// 4687// 4432//
f 4432// 4687// 4688//
f 4432// 4688// 4433//
f 4433// 4688// 4689//
f 4433// 4689// 4434//
f 4434// 4689// 4690//
f 4434// 4690// 4435//
f 4435// 4690// 4691//
f 4435// 4691// 4436//
f 4436// 4691// 4692//
f 4436// 4692// 4437//
f 4437// 4692// 4693//
f 4437// 4693// 4438//
f 4438// 4693// 4694//
f 4438// 4694// 4439//
f 4439// 4694// 4695//
f 4439// 4695// 4440//
f 4440// 4695// 4696//
f 4440// 4696// 4441//
f 4441// 4696// 4697//
f 4441// 4697// 4442//
f 4442// 4697// 4698//
f 4442// 4698// 4443//
f 4443// 4698// 4699//
f 4443// 4699// 4444//
f 4444// 4699// 4700//
f 4444// 4700// 4445//
f 4445// 4700// 4701//
f 4445// 4701// 4446//
f 4446// 4701// 4702//
f 4446// 4702// 4447//
f 4447// 4702// 4703//
f 4447// 4703// 4448//
f 4448// 4703// 4704//
f 4448// 4704// 4449//
f 4449// 4704// 4705//
f 4449// 4705// 4450//
f 4450// 4705// 4706//
f 4450// 4706// 4451//
f 4451// 4706// 4707//
f 4451// 4707// 4452//
f 4452// 4707// 4708//
f 4452// 4708// 4453//
f 4453// 4708// 4709//
f 4453// 4709// 4454//
f 4454// 4709// 4710//
f 4454// 4710// 4455//
f 4455// 4710// 4711//
f 4455// 4711// 4456//
f 4456// 4711// 4712//
f 4456// 4712// 4457//
f 4457// 4712// 4713//
f 4457// 4713// 4458//
f 4458// 4713// 4714//
f 4458// 4714// 4459//
f 4459// 4714// 4715//
f 4459// 4715// 4460//
f 4460// 4715// 4716//
f 4460// 4716// 4461//
f 4461// 4716// 4717//
f 4461// 4717// 4462//
f 4462// 4717// 4718//
f 4462// 4718// 4463//
f 4463// 4718// 4719//
f 4463// 4719// 4464//
f 4464// 4719// 4720//
f 4464// 4720// 4465//
f 4465// 4720// 4721//
f 4465// 4721// 4466//
f 4466// 4721// 4722//
f 4466// 4722// 4467//
f 4467// 4722// 4723//
f 4467// 4723// 4468//
f 4468// 4723// 4724//
f 4468// 4724// 4469//
f 4469// 4724// 4725//
f 4469// 4725// 4470//
f 4470// 4725// 4726//
f 4470// 4726// 4471//
f 4471// 4726// 4727//
f 4471// 4727// 4472//
f 4472// 4727// 4728//
f 4472// 4728// 4473//
f 4473// 4728// 4729//
f 4473// 4729// 4474//
f 4474// 4729// 4730//
f 4474// 4730// 4475//
f 4475// 4730// 4731//
f 4475// 4731// 4476//
f 4476// 4731// 4732//
f 464// 469// 4733//
f 4733// 469// 4477//
f 4733// 4477// 4734//
f 4734// 4477// 4478//
f 4734// 4478// 4735//
f 4735// 4478// 4479//
f 4735// 4479// 4736//
f 4736// 4479// 4480//
f 4736// 4480// 4737//
f 4737// 4480// 4481//
f 4737// 4481// 4738//
f 4738// 4481// 4482//
f 4738// 4482// 4739//
f 4739// 4482// 4483//
f 4739// 4483// 4740//
f 4740// 4483// 4484//
f 4740// 4484// 4741//
f 4741// 4484// 4485//
f 4741// 4485// 4742//
f 4742// 4485// 4486//
f 4742// 4486// 4743//
f 4743// 4486// 4487//
f 4743// 4487// 4744//
f 4744// 4487// 4488//
f 4744// 4488// 4745//
f 4745// 4488// 4489//
f 4745// 4489// 4746//
f 4746// 4489// 4490//
f 4746// 4490// 4747//
f 4747// 4490// 4491//
f 4747// 4491// 4748//
f 4748// 4491// 4492//
f 4748// 4492// 4749//
f 4749// 4492// 4493//
f 4749// 4493// 4750//
f 4750// 4493// 4494//
f 4750// 4494// 4751//
f 4751// 4494// 4495//
f 4751// 4495// 4752//
f 4752// 4495// 4496//
f 4752// 4496// 4753//
f 4753// 4496// 4497//
f 4753// 4497// 4754//
f 4754// 4497// 4498//
f 4754// 4498// 4755//
f 4755// 4498// 4499//
f 4755// 4499// 4756//
f 4756// 4499// 4500//
f 4756// 4500// 4757//
f 4757// 4500// 4501//
f 4757// 4501// 4758//
f 4758// 4501// 4502//
f 4758// 4502// 4759//
f 4759// 4502// 4503//
f 4759// 4503// 4760//
f 4760// 4503// 4504//
f 4760// 4504// 4761//
f 4761// 4504// 4505//
f 4761// 4505// 4762//
f 4762// 4505// 4506//
f 4762// 4506// 4763//
f 4763// 4506// 4507//
f 4763// 4507// 4764//
f 4764// 4507// 4508//
f 4764// 4508// 4765//
f 4765// 4508// 4509//
f 4765// 4509// 4766//
f 4766// 4509// 4510//
f 4766// 4510// 4767//
f 4767// 4510// 4511//
f 4767// 4511// 4768//
f 4768// 4511// 4512//
f 4768// 4512// 4769//
f 4769// 4512// 4513//
f 4769// 4513// 4770//
f 4770// 4513// 4514//
f 4770// 4514// 4771//
f 4771// 4514// 4515//
f 4771// 4515// 4772//
f 4772// 4515// 4516//
f 4772// 4516// 4773//
f 4773// 4516// 4517//
f 4773// 4517// 4774//
f 4774// 4517// 4518//
f 4774// 4518// 4775//
f 4775// 4518// 4519//
f 4775// 4519// 4776//
f 4776// 4519// 4520//
f 4776// 4520// 4777//
f 4777// 4520// 4521//
f 4777// 4521// 4778//
f 4778// 4521// 4522//
f 4778// 4522// 4779//
f 4779// 4522// 4523//
f 4779// 4523// 4780//
f 4780// 4523// 4524//
f 4780// 4524// 4781//
f 4781// 4524// 4525//
f 4781// 4525// 4782//
f 4782// 4525// 4526//
f 4782// 4526// 4783//
f 4783// 4526// 4527//
f 4783// 4527// 4784//
f 4784// 4527// 4528//
f 4784// 4528// 4785//
f 4785// 4528// 4529//
f 4785// 4529// 4786//
f 4786// 4529// 4530//
f 4786// 4530// 4787//
f 4787// 4530// 4531//
f 4787// 4531// 4788//
f 4788// 4531// 4532//
f 4788// 4532// 4789//
f 4789// 4532// 4533//
f 4789// 4533// 4790//
f 4790// 4533// 4534//
f 4790// 4534// 4791//
f 4791// 4534// 4535//
f 4791// 4535// 4792//
f 4792// 4535// 4536//
f 4792// 4536// 4793//
f 4793// 4536// 4537//
f 4793// 4537// 4794//
f 4794// 4537// 4538//
f 4794// 4538// 4795//
f 4795// 4538// 4539//
f 4795// 4539// 4796//
f 4796// 4539// 4540//
f 4796// 4540// 4797//
f 4797// 4540// 4541//
f 4797// 4541// 4798//
f 4798// 4541// 4542//
f 4798// 4542// 4799//
f 4799// 4542// 4543//
f 4799// 4543// 4800//
f 4800// 4543// 4544//
f 4800// 4544// 4801//
f 4801// 4544// 4545//
f 4801// 4545// 4802//
f 4802// 4545// 4546//
f 4802// 4546// 4803//
f 4803// 4546// 4547//
f 4803// 4547// 4804//
f 4804// 4547// 4548//
f 4804// 4548// 4805//
f 4805// 4548// 4549//
f 4805// 4549// 4806//
f 4806// 4549// 4550//
f 4806// 4550// 4807//
f 4807// 4550// 4551//
f 4807// 4551// 4808//
f 4808// 4551// 4552//
f 4808// 4552// 4809//
f 4809// 4552// 4553//
f 4809// 4553// 4810//
f 4810// 4553// 4554//
f 4810// 4554// 4811//
f 4811// 4554// 4555//
f 4811// 4555// 4812//
f 4812// 4555// 4556//
f 4812// 4556// 4813//
f 4813// 4556// 4557//
f 4813// 4557// 4814//
f 4814// 4557// 4558//
f 4814// 4558// 4815//
f 4815// 4558// 4559//
f 4815// 4559// 4816//
f 4816// 4559// 4560//
f 4816// 4560// 4817//
f 4817// 4560// 4561//
f 4817// 4561// 4818//
f 4818// 4561// 4562//
f 4818// 4562// 4819//
f 4819// 4562// 4563//
f 4819// 4563// 4820//
f 4820// 4563// 4564//
f 4820// 4564// 4821//
f 4821// 4564// 4565//
f 4821// 4565// 4822//
f 4822// 4565// 4566//
f 4822// 4566// 4823//
f 4823// 4566// 4567//
f 4823// 4567// 4824//
f 4824// 4567// 4568//
f 4824// 4568// 4825//
f 4825// 4568// 4569//
f 4825// 4569// 4826//
f 4826// 4569// 4570//
f 4826// 4570// 4827//
f 4827// 4570// 4571//
f 4827// 4571// 4828//
f 4828// 4571// 4572//
f 4828// 4572// 4829//
f 4829// 4572// 4573//
f 4829// 4573// 4830//
f 4830// 4573// 4574//
f 4830// 4574// 4831//
f 4831// 4574// 4575//
f 4831// 4575// 4832//
f 4832// 4575// 4576//
f 4832// 4576// 4833//
f 4833// 4576// 4577//
f 4833// 4577// 4834//
f 4834// 4577// 4578//
f 4834// 4578// 4835//
f 4835// 4578// 4579//
f 4835// 4579// 4836//
f 4836// 4579// 4580//
f 4836// 4580// 4837//
f 4837// 4580// 4581//
f 4837// 4581// 4838//
f 4838// 4581// 4582//
f 4838// 4582// 4839//
f 4839// 4582// 4583//
f 4839// 4583// 4840//
f 4840// 4583// 4584//
f 4840// 4584// 4841//
f 4841// 4584// 4585//
f 4841// 4585// 4842//
f 4842// 4585// 4586//
f 4842// 4586// 4843//
f 4843// 4586// 4587//
f 4843// 4587// 4844//
f 4844// 4587// 4588//
f 4844// 4588// 4845//
f 4845// 4588// 4589//
f 4845// 4589// 4846//
f 4846// 4589// 4590//
f 4846// 4590// 4847//
f 4847// 4590// 4591//
f 4847// 4591// 4848//
f 4848// 4591// 4592//
f 4848// 4592// 4849//
f 4849// 4592// 4593//
f 4849// 4593// 4850//
f 4850// 4593// 4594//
f 4850// 4594// 4851//
f 4851// 4594// 4595//
f 4851// 4595// 4852//
f 4852// 4595// 4596//
f 4852// 4596// 4853//
f 4853// 4596// 4597//
f 4853// 4597// 4854//
f 4854// 4597// 4598//
f 4854// 4598// 4855//
f 4855// 4598// 4599//
f 4855// 4599// 4856//
f 4856// 4599// 4600//
f 4856// 4600// 4857//
f 4857// 4600// 4601//
f 4857// 4601// 4858//
f 4858// 4601// 4602//
f 4858// 4602// 4859//
f 4859// 4602// 4603//
f 4859// 4603// 4860//
f 4860// 4603// 4604//
f 499// 498// 4605//
f 4605// 498// 4861//
f 4605// 4861// 4606//
f 4606// 4861// 4862//
f 4606// 4862// 4607//
f 4607// 4862// 4863//
f 4607// 4863// 4608//
f 4608// 4863// 4864//
f 4608// 4864// 4609//
f 4609// 4864// 4865//
f 4609// 4865// 4610//
f 4610// 4865// 4866//
f 4610// 4866// 4611//
f 4611// 4866// 4867//
f 4611// 4867// 4612//
f 4612// 4867// 4868//
f 4612// 4868// 4613//
f 4613// 4868// 4869//
f 4613// 4869// 4614//
f 4614// 4869// 4870//
f 4614// 4870// 4615//
f 4615// 4870// 4871//
f 4615// 4871// 4616//
f 4616// 4871// 4872//
f 4616// 4872// 4617//
f 4617// 4872// 4873//
f 4617// 4873// 4618//
f 4618// 4873// 4874//
f 4618// 4874// 4619//
f 4619// 4874// 4875//
f 4619// 4875// 4620//
f 4620// 4875// 4876//
f 4620// 4876// 4621//
f 4621// 4876// 4877//
f 4621// 4877// 4622//
f 4622// 4877// 4878//
f 4622// 4878// 4623//
f 4623// 4878// 4879//
f 4623// 4879// 4624//
f 4624// 4879// 4880//
f 4624// 4880// 4625//
f 4625// 4880// 4881//
f 4625// 4881// 4626//
f 4626// 4881// 4882//
f 4626// 4882// 4627//
f 4627// 4882// 4883//
f 4627// 4883// 4628//
f 4628// 4883// 4884//
f 4628// 4884// 4629//
f 4629// 4884// 4885//
f 4629// 4885// 4630//
f 4630// 4885// 4886//
f 4630// 4886// 4631//
f 4631// 4886// 4887//
f 4631// 4887// 4632//
f 4632// 4887// 4888//
f 4632// 4888// 4633//
f 4633// 4888// 4889//
f 4633// 4889// 4634//
f 4634// 4889// 4890//
f 4634// 4890// 4635//
f 4635// 4890// 4891//
f 4635// 4891// 4636//
f 4636// 4891// 4892//
f 4636// 4892// 4637//
f 4637// 4892// 4893//
f 4637// 4893// 4638//
f 4638// 4893// 4894//
f 4638// 4894// 4639//
f 4639// 4894// 4895//
f 4639// 4895// 4640//
f 4640// 4895// 4896//
f 4640// 4896// 4641//
f 4641// 4896// 4897//
f 4641// 4897// 4642//
f 4642// 4897// 4898//
f 4642// 4898// 4643//
f 4643// 4898// 4899//
f 4643// 4899// 4644//
f 4644// 4899// 4900//
f 4644// 4900// 4645//
f 4645// 4900// 4901//
f 4645// 4901// 4646//
f 4646// 4901// 4902//
f 4646// 4902// 4647//
f 4647// 4902// 4903//
f 4647// 4903// 4648//
f 4648// 4903// 4904//
f 4648// 4904// 4649//
f 4649// 4904// 4905//
f 4649// 4905// 4650//
f 4650// 4905// 4906//
f 4650// 4906// 4651//
f 4651// 4906// 4907//
f 4651// 4907// 4652//
f 4652// 4907// 4908//
f 4652// 4908// 4653//
f 4653// 4908// 4909//
f 4653// 4909// 4654//
f 4654// 4909// 4910//
f 4654// 4910// 4655//
f 4655// 4910// 4911//
f 4655// 4911// 4656//
f 4656// 4911// 4912//
f 4656// 4912// 4657//
f 4657// 4912// 4913//
f 4657// 4913// 4658//
f 4658// 4913// 4914//
f 4658// 4914// 4659//
f 4659// 4914// 4915//
f 4659// 4915// 4660//
f 4660// 4915// 4916//
f 4660// 4916// 4661//
f 4661// 4916// 4917//
f 4661// 4917// 4662//
f 4662// 4917// 4918//
f 4662// 4918// 4663//
f 4663// 4918// 4919//
f 4663// 4919// 4664//
f 4664// 4919// 4920//
f 4664// 4920// 4665//
f 4665// 4920// 4921//
f 4665// 4921// 4666//
f 4666// 4921// 4922//
f 4666// 4922// 4667//
f 4667// 4922// 4923//
f 4667// 4923// 4668//
f 4668// 4923// 4924//
f 4668// 4924// 4669//
f 4669// 4924// 4925//
f 4669// 4925// 4670//
f 4670// 4925// 4926//
f 4670// 4926// 4671//
f 4671// 4926// 4927//
f 4671// 4927// 4672//
f 4672// 4927// 4928//
f 4672// 4928// 4673//
f 4673// 4928// 4929//
f 4673// 4929// 4674//
f 4674// 4929// 4930//
f 4674// 4930// 4675//
f 4675// 4930// 4931//
f 4675// 4931// 4676//
f 4676// 4931// 4932//
f 4676// 4932// 4677//
f 4677// 4932// 4933//
f 4677// 4933// 4678//
f 4678// 4933// 4934//
f 4678// 4934// 4679//
f 4679// 4934// 4935//
f 4679// 4935// 4680//
f 4680// 4935// 4936//
f 4680// 4936// 4681//
f 4681// 4936// 4937//
f 4681// 4937// 4682//
f 4682// 4937// 4938//
f 4682// 4938// 4683//
f 4683// 4938// 4939//
f 4683// 4939// 4684//
f 4684// 4939// 4940//
f 4684// 4940// 4685//
f 4685// 4940// 4941//
f 4685// 4941// 4686//
f 4686// 4941// 4942//
f 4686// 4942// 4687//
f 4687// 4942// 4943//
f 4687// 4943// 4688//
f 4688// 4943// 4944//
f 4688// 4944// 4689//
f 4689// 4944// 4945//
f 4689// 4945// 4690//
f 4690// 4945// 4946//
f 4690// 4946// 4691//
f 4691// 4946// 4947//
f 4691// 4947// 4692//
f 4692// 4947// 4948//
f 4692// 4948// 4693//
f 4693// 4948// 4949//
f 4693// 4949// 4694//
f 4694// 4949// 4950//
f 4694// 4950// 4695//
f 4695// 4950// 4951//
f 4695// 4951// 4696//
f 4696// 4951// 4952//
f 4696// 4952// 4697//
f 4697// 4952// 4953//
f 4697// 4953// 4698//
f 4698// 4953// 4954//
f 4698// 4954// 4699//
f 4699// 4954// 4955//
f 4699// 4955// 4700//
f 4700// 4955// 4956//
f 4700// 4956// 4701//
f 4701// 4956// 4957//
f 4701// 4957// 4702//
f 4702// 4957// 4958//
f 4702// 4958// 4703//
f 4703// 4958// 4959//
f 4703// 4959// 4704//
f 4704// 4959// 4960//
f 4704// 4960// 4705//
f 4705// 4960// 4961//
f 4705// 4961// 4706//
f 4706// 4961// 4962//
f 4706// 4962// 4707//
f 4707// 4962// 4963//
f 4707// 4963// 4708//
f 4708// 4963// 4964//
f 4708// 4964// 4709//
f 4709// 4964// 4965//
f 4709// 4965// 4710//
f 4710// 4965// 4966//
f 4710// 4966// 4711//
f 4711// 4966// 4967//
f 4711// 4967// 4712//
f 4712// 4967// 4968//
f 4712// 4968// 4713//
f 4713// 4968// 4969//
f 4713// 4969// 4714//
f 4714// 4969// 4970//
f 4714// 4970// 4715//
f 4715// 4970// 4971//
f 4715// 4971// 4716//
f 4716// 4971// 4972//
f 4716// 4972// 4717//
f 4717// 4972// 4973//
f 4717// 4973// 4718//
f 4718// 4973// 4974//
f 4718// 4974// 4719//
f 4719// 4974// 4975//
f 4719// 4975// 4720//
f 4720// 4975// 4976//
f 4720// 4976// 4721//
f 4721// 4976// 4977//
f 4721// 4977// 4722//
f 4722// 4977// 4978//
f 4722// 4978// 4723//
f 4723// 4978// 4979//
f 4723// 4979// 4724//
f 4724// 4979// 4980//
f 4724// 4980// 4725//
f 4725// 4980// 4981//
f 4725// 4981// 4726//
f 4726// 4981// 4982//
f 4726// 4982// 4727//
f 4727// 4982// 4983//
f 4727// 4983// 4728//
f 4728// 4983// 4984//
f 4728// 4984// 4729//
f 4729// 4984// 4985//
f 4729// 4985// 4730//
f 4730// 4985// 4986//
f 4730// 4986// 4731//
f 4731// 4986// 4987//
f 4731// 4987// 4732//
f 4732// 4987// 4988//
f 465// 464// 4989//
f 4989// 464// 4733//
f 4989// 4733// 4990//
f 4990// 4733// 4734//
f 4990// 4734// 4991//
f 4991// 4734// 4735//
f 4991// 4735// 4992//
f 4992// 4735// 4736//
f 4992// 4736// 4993//
f 4993// 4736// 4737//
f 4993// 4737// 4994//
f 4994// 4737// 4738//
f 4994// 4738// 4995//
f 4995// 4738// 4739//
f 4995// 4739// 4996//
f 4996// 4739// 4740//
f 4996// 4740// 4997//
f 4997// 4740// 4741//
f 4997// 4741// 4998//
f 4998// 4741// 4742//
f 4998// 4742// 4999//
f 4999// 4742// 4743//
f 4999// 4743// 5000//
f 5000// 4743// 4744//
f 5000// 4744// 5001//
f 5001// 4744// 4745//
f 5001// 4745// 5002//
f 5002// 4745// 4746//
f 5002// 4746// 5003//
f 5003// 4746// 4747//
f 5003// 4747// 5004//
f 5004// 4747// 4748//
f 5004// 4748// 5005//
f 5005// 4748// 4749//
f 5005// 4749// 5006//
f 5006// 4749// 4750//
f 5006// 4750// 5007//
f 5007// 4750// 4751//
f 5007// 4751// 5008//
f 5008// 4751// 4752//
f 5008// 4752// 5009//
f 5009// 4752// 4753//
f 5009// 4753// 5010//
f 5010// 4753// 4754//
f 5010// 4754// 5011//
f 5011// 4754// 4755//
f 5011// 4755// 5012//
f 5012// 4755// 4756//
f 5012// 4756// 5013//
f 5013// 4756// 4757//
f 5013// 4757// 5014//
f 5014// 4757// 4758//
f 5014// 4758// 5015//
f 5015// 4758// 4759//
f 5015// 4759// 5016//
f 5016// 4759// 4760//
f 5016// 4760// 5017//
f 5017// 4760// 4761//
f 5017// 4761// 5018//
f 5018// 4761// 4762//
f 5018// 4762// 5019//
f 5019// 4762// 4763//
f 5019// 4763// 5020//
f 5020// 4763// 4764//
f 5020// 4764// 5021//
f 5021// 4764// 4765//
f 5021// 4765// 5022//
f 5022// 4765// 4766//
f 5022// 4766// 5023//
f 5023// 4766// 4767//
f 5023// 4767// 5024//
f 5024// 4767// 4768//
f 5024// 4768// 5025//
f 5025// 4768// 4769//
f 5025// 4769// 5026//
f 5026// 4769// 4770//
f 5026// 4770// 5027//
f 5027// 4770// 4771//
f 5027// 4771// 5028//
f 5028// 4771// 4772//
f 5028// 4772// 5029//
f 5029// 4772// 4773//
f 5029// 4773// 5030//
f 5030// 4773// 4774//
f 5030// 4774// 5031//
f 5031// 4774// 4775//
f 5031// 4775// 5032//
f 5032// 4775// 4776//
f 5032// 4776// 5033//
f 5033// 4776// 4777//
f 5033// 4777// 5034//
f 5034// 4777// 4778//
f 5034// 4778// 5035//
f 5035// 4778// 4779//
f 5035// 4779// 5036//
f 5036// 4779// 4780//
f 5036// 4780// 5037//
f 5037// 4780// 4781//
f 5037// 4781// 5038//
f 5038// 4781// 4782//
f 5038// 4782// 5039//
f 5039// 4782// 4783//
f 5039// 4783// 5040//
f 5040// 4783// 4784//
f 5040// 4784// 5041//
f 5041// 4784// 4785//
f 5041// 4785// 5042//
f 5042// 4785// 4786//
f 5042// 4786// 5043//
f 5043// 4786// 4787//
f 5043// 4787// 5044//
f 5044// 4787// 4788//
f 5044// 4788// 5045//
f 5045// 4788// 4789//
f 5045// 4789// 5046//
f 5046// 4789// 4790//
f 5046// 4790// 5047//
f 5047// 4790// 4791//
f 5047// 4791// 5048//
f 5048// 4791// 4792//
f 5048// 4792// 5049//
f 5049// 4792// 4793//
f 5049// 4793// 5050//
f 5050// 4793// 4794//
f 5050// 4794// 5051//
f 5051// 4794// 4795//
f 5051// 4795// 5052//
f 5052// 4795// 4796//
f 5052// 4796// 5053//
f 5053// 4796// 4797//
f 5053// 4797// 5054//
f 5054// 4797// 4798//
f 5054// 4798// 5055//
f 5055// 4798// 4799//
f 5055// 4799// 5056//
f 5056// 4799// 4800//
f 5056// 4800// 5057//
f 5057// 4800// 4801//
f 5057// 4801// 5058//
f 5058// 4801// 4802//
f 5058// 4802// 5059//
f 5059// 4802// 4803//
f 5059// 4803// 5060//
f 5060// 4803// 4804//
f 5060// 4804// 5061//
f 5061// 4804// 4805//
f 5061// 4805// 5062//
f 5062// 4805// 4806//
f 5062// 4806// 5063//
f 5063// 4806// 4807//
f 5063// 4807// 5064//
f 5064// 4807// 4808//
f 5064// 4808// 5065//
f 5065// 4808// 4809//
f 5065// 4809// 5066//
f 5066// 4809// 4810//
f 5066// 4810// 5067//
f 5067// 4810// 4811//
f 5067// 4811// 5068//
f 5068// 4811// 4812//
f 5068// 4812// 5069//
f 5069// 4812// 4813//
f 5069// 4813// 5070//
f 5070// 4813// 4814//
f 5070// 4814// 5071//
f 5071// 4814// 4815//
f 5071// 4815// 5072//
f 5072// 4815// 4816//
f 5072// 4816// 5073//
f 5073// 4816// 4817//
f 5073// 4817// 5074//
f 5074// 4817// 4818//
f 5074// 4818// 5075//
f 5075// 4818// 4819//
f 5075// 4819// 5076//
f 5076// 4819// 4820//
f 5076// 4820// 5077//
f 5077// 4820// 4821//
f 5077// 4821// 5078//
f 5078// 4821// 4822//
f 5078// 4822// 5079//
f 5079// 4822// 4823//
f 5079// 4823// 5080//
f 5080// 4823// 4824//
f 5080// 4824// 5081//
f 5081// 4824// 4825//
f 5081// 4825// 5082//
f 5082// 4825// 4826//
f 5082// 4826// 5083//
f 5083// 4826// 4827//
f 5083// 4827// 5084//
f 5084// 4827// 4828//
f 5084// 4828// 5085//
f 5085// 4828// 4829//
f 5085// 4829// 5086//
f 5086// 4829// 4830//
f 5086// 4830// 5087//
f 5087// 4830// 4831//
f 5087// 4831// 5088//
f 5088// 4831// 4832//
f 5088// 4832// 5089//
f 5089// 4832// 4833//
f 5089// 4833// 5090//
f 5090// 4833// 4834//
f 5090// 4834// 5091//
f 5091// 4834// 4835//
f 5091// 4835// 5092//
f 5092// 4835// 4836//
f 5092// 4836// 5093//
f 5093// 4836// 4837//
f 5093// 4837// 5094//
f 5094// 4837// 4838//
f 5094// 4838// 5095//
f 5095// 4838// 4839//
f 5095// 4839// 5096//
f 5096// 4839// 4840//
f 5096// 4840// 5097//
f 5097// 4840// 4841//
f 5097// 4841// 5098//
f 5098// 4841// 4842//
f 5098// 4842// 5099//
f 5099// 4842// 4843//
f 5099// 4843// 5100//
f 5100// 4843// 4844//
f 5100// 4844// 5101//
f 5101// 4844// 4845//
f 5101// 4845// 5102//
f 5102// 4845// 4846//
f 5102// 4846// 5103//
f 5103// 4846// 4847//
f 5103// 4847// 5104//
f 5104// 4847// 4848//
f 5104// 4848// 5105//
f 5105// 4848// 4849//
f 5105// 4849// 5106//
f 5106// 4849// 4850//
f 5106// 4850// 5107//
f 5107// 4850// 4851//
f 5107// 4851// 5108//
f 5108// 4851// 4852//
f 5108// 4852// 5109//
f 5109// 4852// 4853//
f 5109// 4853// 5110//
f 5110// 4853// 4854//
f 5110// 4854// 5111//
f 5111// 4854// 4855//
f 5111// 4855// 5112//
f 5112// 4855// 4856//
f 5112// 4856// 5113//
f 5113// 4856// 4857//
f 5113// 4857// 5114//
f 5114// 4857// 4858//
f 5114// 4858// 5115//
f 5115// 4858// 4859//
f 5115// 4859// 5116//
f 5116// 4859// 4860//
f 498// 503// 4861//
f 4861// 503// 5117//
f 4861// 5117// 4862//
f 4862// 5117// 5118//
f 4862// 5118// 4863//
f 4863// 5118// 5119//
f 4863// 5119// 4864//
f 4864// 5119// 5120//
f 4864// 5120// 4865//
f 4865// 5120// 5121//
f 4865// 5121// 4866//
f 4866// 5121// 5122//
f 4866// 5122// 4867//
f 4867// 5122// 5123//
f 4867// 5123// 4868//
f 4868// 5123// 5124//
f 4868// 5124// 4869//
f 4869// 5124// 5125//
f 4869// 5125// 4870//
f 4870// 5125// 5126//
f 4870// 5126// 4871//
f 4871// 5126// 5127//
f 4871// 5127// 4872//
f 4872// 5127// 5128//
f 4872// 5128// 4873//
f 4873// 5128// 5129//
f 4873// 5129// 4874//
f 4874// 5129// 5130//
f 4874// 5130// 4875//
f 4875// 5130// 5131//
f 4875// 5131// 4876//
f 4876// 5131// 5132//
f 4876// 5132// 4877//
f 4877// 5132// 5133//
f 4877// 5133// 4878//
f 4878// 5133// 5134//
f 4878// 5134// 4879//
f 4879// 5134// 5135//
f 4879// 5135// 4880//
f 4880// 5135// 5136//
f 4880// 5136// 4881//
f 4881// 5136// 5137//
f 4881// 5137// 4882//
f 4882// 5137// 5138//
f 4882// 5138// 4883//
f 4883// 5138// 5139//
f 4883// 5139// 4884//
f 4884// 5139// 5140//
f 4884// 5140// 4885//
f 4885// 5140// 5141//
f 4885// 5141// 4886//
f 4886// 5141// 5142//
f 4886// 5142// 4887//
f 4887// 5142// 5143//
f 4887// 5143// 4888//
f 4888// 5143// 5144//
f 4888// 5144// 4889//
f 4889// 5144// 5145//
f 4889// 5145// 4890//
f 4890// 5145// 5146//
f 4890// 5146// 4891//
f 4891// 5146// 5147//
f 4891// 5147// 4892//
f 4892// 5147// 5148//
f 4892// 5148// 4893//
f 4893// 5148// 5149//
f 4893// 5149// 4894//
f 4894// 5149// 5150//
f 4894// 5150// 4895//
f 4895// 5150// 5151//
f 4895// 5151// 4896//
f 4896// 5151// 5152//
f 4896// 5152// 4897//
f 4897// 5152// 5153//
f 4897// 5153// 4898//
f 4898// 5153// 5154//
f 4898// 5154// 4899//
f 4899// 5154// 5155//
f 4899// 5155// 4900//
f 4900// 5155// 5156//
f 4900// 5156// 4901//
f 4901// 5156// 5157//
f 4901// 5157// 4902//
f 4902// 5157// 5158//
f 4902// 5158// 4903//
f 4903// 5158// 5159//
f 4903// 5159// 4904//
f 4904// 5159// 5160//
f 4904// 5160// 4905//
f 4905// 5160// 5161//
f 4905// 5161// 4906//
f 4906// 5161// 5162//
f 4906// 5162// 4907//
f 4907// 5162// 5163//
f 4907// 5163// 4908//
f 4908// 5163// 5164//
f 4908// 5164// 4909//
f 4909// 5164// 5165//
f 4909// 5165// 4910//
f 4910// 5165// 5166//
f 4910// 5166// 4911//
f 4911// 5166// 5167//
f 4911// 5167// 4912//
f 4912// 5167// 5168//
f 4912// 5168// 4913//
f 4913// 5168// 5169//
f 4913// 5169// 4914//
f 4914// 5169// 5170//
f 4914// 5170// 4915//
f 4915// 5170// 5171//
f 4915// 5171// 4916//
f 4916// 5171// 5172//
f 4916// 5172// 4917//
f 4917// 5172// 5173//
f 4917// 5173// 4918//
f 4918// 5173// 5174//
f 4918// 5174// 4919//
f 4919// 5174// 5175//
f 4919// 5175// 4920//
f 4920// 5175// 5176//
f 4920// 5176// 4921//
f 4921// 5176// 5177//
f 4921// 5177// 4922//
f 4922// 5177// 5178//
f 4922// 5178// 4923//
f 4923// 5178// 5179//
f 4923// 5179// 4924//
f 4924// 5179// 5180//
f 4924// 5180// 4925//
f 4925// 5180// 5181//
f 4925// 5181// 4926//
f 4926// 5181// 5182//
f 4926// 5182// 4927//
f 4927// 5182// 5183//
f 4927// 5183// 4928//
f 4928// 5183// 5184//
f 4928// 5184// 4929//
f 4929// 5184// 5185//
f 4929// 5185// 4930//
f 4930// 5185// 5186//
f 4930// 5186// 4931//
f 4931// 5186// 5187//
f 4931// 5187// 4932//
f 4932// 5187// 5188//
f 4932// 5188// 4933//
f 4933// 5188// 5189//
f 4933// 5189// 4934//
f 4934// 5189// 5190//
f 4934// 5190// 4935//
f 4935// 5190// 5191//
f 4935// 5191// 4936//
f 4936// 5191// 5192//
f 4936// 5192// 4937//
f 4937// 5192// 5193//
f 4937// 5193// 4938//
f 4938// 5193// 5194//
f 4938// 5194// 4939//
f 4939// 5194// 5195//
f 4939// 5195// 4940//
f 4940// 5195// 5196//
f 4940// 5196// 4941//
f 4941// 5196// 5197//
f 4941// 5197// 4942//
f 4942// 5197// 5198//
f 4942// 5198// 4943//
f 4943// 5198// 5199//
f 4943// 5199// 4944//
f 4944// 5199// 5200//
f 4944// 5200// 4945//
f 4945// 5200// 5201//
f 4945// 5201// 4946//
f 4946// 5201// 5202//
f 4946// 5202// 4947//
f 4947// 5202// 5203//
f 4947// 5203// 4948//
f 4948// 5203// 5204//
f 4948// 5204// 4949//
f 4949// 5204// 5205//
f 4949// 5205// 4950//
f 4950// 5205// 5206//
f 4950// 5206// 4951//
f 4951// 5206// 5207//
f 4951// 5207// 4952//
f 4952// 5207// 5208//
f 4952// 5208// 4953//
f 4953// 5208// 5209//
f 4953// 5209// 4954//
f 4954// 5209// 5210//
f 4954// 5210// 4955//
f 4955// 5210// 5211//
f 4955// 5211// 4956//
f 4956// 5211// 5212//
f 4956// 5212// 4957//
f 4957// 5212// 5213//
f 4957// 5213// 4958//
f 4958// 5213// 5214//
f 4958// 5214// 4959//
f 4959// 5214// 5215//
f 4959// 5215// 4960//
f 4960// 5215// 5216//
f 4960// 5216// 4961//
f 4961// 5216// 5217//
f 4961// 5217// 4962//
f 4962// 5217// 5218//
f 4962// 5218// 4963//
f 4963// 5218// 5219//
f 4963// 5219// 4964//
f 4964// 5219// 5220//
f 4964// 5220// 4965//
f 4965// 5220// 5221//
f 4965// 5221// 4966//
f 4966// 5221// 5222//
f 4966// 5222// 4967//
f 4967// 5222// 5223//
f 4967// 5223// 4968//
f 4968// 5223// 5224//
f 4968// 5224// 4969//
f 4969// 5224// 5225//
f 4969// 5225// 4970//
f 4970// 5225// 5226//
f 4970// 5226// 4971//
f 4971// 5226// 5227//
f 4971// 5227// 4972//
f 4972// 5227// 5228//
f 4972// 5228// 4973//
f 4973// 5228// 5229//
f 4973// 5229// 4974//
f 4974// 5229// 5230//
f 4974// 5230// 4975//
f 4975// 5230// 5231//
f 4975// 5231// 4976//
f 4976// 5231// 5232//
f 4976// 5232// 4977//
f 4977// 5232// 5233//
f 4977// 5233// 4978//
f 4978// 5233// 5234//
f 4978// 5234// 4979//
f 4979// 5234// 5235//
f 4979// 5235// 4980//
f 4980// 5235// 5236//
f 4980// 5236// 4981//
f 4981// 5236// 5237//
f 4981// 5237// 4982//
f 4982// 5237// 5238//
f 4982// 5238// 4983//
f 4983// 5238// 5239//
f 4983// 5239// 4984//
f 4984// 5239// 5240//
f 4984// 5240// 4985//
f 4985// 5240// 5241//
f 4985// 5241// 4986//
f 4986// 5241// 5242//
f 4986// 5242// 4987//
f 4987// 5242// 5243//
f 4987// 5243// 4988//
f 4988// 5243// 5244//
f 466// 465// 5245//
f 5245// 465// 4989//
f 5245// 4989// 5246//
f 5246// 4989// 4990//
f 5246// 4990// 5247//
f 5247// 4990// 4991//
f 5247// 4991// 5248//
f 5248// 4991// 4992//
f 5248// 4992// 5249//
f 5249// 4992// 4993//
f 5249// 4993// 5250//
f 5250// 4993// 4994//
f 5250// 4994// 5251//
f 5251// 4994// 4995//
f 5251// 4995// 5252//
f 5252// 4995// 4996//
f 5252// 4996// 5253//
f 5253// 4996// 4997//
f 5253// 4997// 5254//
f 5254// 4997// 4998//
f 5254// 4998// 5255//
f 5255// 4998// 4999//
f 5255// 4999// 5256//
f 5256// 4999// 5000//
f 5256// 5000// 5257//
f 5257// 5000// 5001//
f 5257// 5001// 5258//
f 5258// 5001// 5002//
f 5258// 5002// 5259//
f 5259// 5002// 5003//
f 5259// 5003// 5260//
f 5260// 5003// 5004//
f 5260// 5004// 5261//
f 5261// 5004// 5005//
f 5261// 5005// 5262//
f 5262// 5005// 5006//
f 5262// 5006// 5263//
f 5263// 5006// 5007//
f 5263// 5007// 5264//
f 5264// 5007// 5008//
f 5264// 5008// 5265//
f 5265// 5008// 5009//
f 5265// 5009// 5266//
f 5266// 5009// 5010//
f 5266// 5010// 5267//
f 5267// 5010// 5011//
f 5267// 5011// 5268//
f 5268// 5011// 5012//
f 5268// 5012// 5269//
f 5269// 5012// 5013//
f 5269// 5013// 5270//
f 5270// 5013// 5014//
f 5270// 5014// 5271//
f 5271// 5014// 5015//
f 5271// 5015// 5272//
f 5272// 5015// 5016//
f 5272// 5016// 5273//
f 5273// 5016// 5017//
f 5273// 5017// 5274//
f 5274// 5017// 5018//
f 5274// 5018// 5275//
f 5275// 5018// 5019//
f 5275// 5019// 5276//
f 5276// 5019// 5020//
f 5276// 5020// 5277//
f 5277// 5020// 5021//
f 5277// 5021// 5278//
f 5278// 5021// 5022//
f 5278// 5022// 5279//
f 5279// 5022// 5023//
f 5279// 5023// 5280//
f 5280// 5023// 5024//
f 5280// 5024// 5281//
f 5281// 5024// 5025//
f 5281// 5025// 5282//
f 5282// 5025// 5026//
f 5282// 5026// 5283//
f 5283// 5026// 5027//
f 5283// 5027// 5284//
f 5284// 5027// 5028//
f 5284// 5028// 5285//
f 5285// 5028// 5029//
f 5285// 5029// 5286//
f 5286// 5029// 5030//
f 5286// 5030// 5287//
f 5287// 5030// 5031//
f 5287// 5031// 5288//
f 5288// 5031// 5032//
f 5288// 5032// 5289//
f 5289// 5032// 5033//
f 5289// 5033// 5290//
f 5290// 5033// 5034//
f 5290// 5034// 5291//
f 5291// 5034// 5035//
f 5291// 5035// 5292//
f 5292// 5035// 5036//
f 5292// 5036// 5293//
f 5293// 5036// 5037//
f 5293// 5037// 5294//
f 5294// 5037// 5038//
f 5294// 5038// 5295//
f 5295// 5038// 5039//
f 5295// 5039// 5296//
f 5296// 5039// 5040//
f 5296// 5040// 5297//
f 5297// 5040// 5041//
f 5297// 5041// 5298//
f 5298// 5041// 5042//
f 5298// 5042// 5299//
f 5299// 5042// 5043//
f 5299// 5043// 5300//
f 5300// 5043// 5044//
f 5300// 5044// 5301//
f 5301// 5044// 5045//
f 5301// 5045// 5302//
f 5302// 5045// 5046//
f 5302// 5046// 5303//
f 5303// 5046// 5047//
f 5303// 5047// 5304//
f 5304// 5047// 5048//
f 5304// 5048// 5305//
f 5305// 5048// 5049//
f 5305// 5049// 5306//
f 5306// 5049// 5050//
f 5306// 5050// 5307//
f 5307// 5050// 5051//
f 5307// 5051// 5308//
f 5308// 5051// 5052//
f 5308// 5052// 5309//
f 5309// 5052// 5053//
f 5309// 5053// 5310//
f 5310// 5053// 5054//
f 5310// 5054// 5311//
f 5311// 5054// 5055//
f 5311// 5055// 5312//
f 5312// 5055// 5056//
f 5312// 5056// 5313//
f 5313// 5056// 5057//
f 5313// 5057// 5314//
f 5314// 5057// 5058//
f 5314// 5058// 5315//
f 5315// 5058// 5059//
f 5315// 5059// 5316//
f 5316// 5059// 5060//
f 5316// 5060// 5317//
f 5317// 5060// 5061//
f 5317// 5061// 5318//
f 5318// 5061// 5062//
f 5318// 5062// 5319//
f 5319// 5062// 5063//
f 5319// 5063// 5320//
f 5320// 5063// 5064//
f 5320// 5064// 5321//
f 5321// 5064// 5065//
f 5321// 5065// 5322//
f 5322// 5065// 5066//
f 5322// 5066// 5323//
f 5323// 5066// 5067//
f 5323// 5067// 5324//
f 5324// 5067// 5068//
f 5324// 5068// 5325//
f 5325// 5068// 5069//
f 5325// 5069// 5326//
f 5326// 5069// 5070//
f 5326// 5070// 5327//
f 5327// 5070// 5071//
f 5327// 5071// 5328//
f 5328// 5071// 5072//
f 5328// 5072// 5329//
f 5329// 5072// 5073//
f 5329// 5073// 5330//
f 5330// 5073// 5074//
f 5330// 5074// 5331//
f 5331// 5074// 5075//
f 5331// 5075// 5332//
f 5332// 5075// 5076//
f 5332// 5076// 5333//
f 5333// 5076// 5077//
f 5333// 5077// 5334//
f 5334// 5077// 5078//
f 5334// 5078// 5335//
f 5335// 5078// 5079//
f 5335// 5079// 5336//
f 5336// 5079// 5080//
f 5336// 5080// 5337//
f 5337// 5080// 5081//
f 5337// 5081// 5338//
f 5338// 5081// 5082//
f 5338// 5082// 5339//
f 5339// 5082// 5083//
f 5339// 5083// 5340//
f 5340// 5083// 5084//
f 5340// 5084// 5341//
f 5341// 5084// 5085//
f 5341// 5085// 5342//
f 5342// 5085// 5086//
f 5342// 5086// 5343//
f 5343// 5086// 5087//
f 5343// 5087// 5344//
f 5344// 5087// 5088//
f 5344// 5088// 5345//
f 5345// 5088// 5089//
f 5345// 5089// 5346//
f 5346// 5089// 5090//
f 5346// 5090// 5347//
f 5347// 5090// 5091//
f 5347// 5091// 5348//
f 5348// 5091// 5092//
f 5348// 5092// 5349//
f 5349// 5092// 5093//
f 5349// 5093// 5350//
f 5350// 5093// 5094//
f 5350// 5094// 5351//
f 5351// 5094// 5095//
f 5351// 5095// 5352//
f 5352// 5095// 5096//
f 5352// 5096// 5353//
f 5353// 5096// 5097//
f 5353// 5097// 5354//
f 5354// 5097// 5098//
f 5354// 5098// 5355//
f 5355// 5098// 5099//
f 5355// 5099// 5356//
f 5356// 5099// 5100//
f 5356// 5100// 5357//
f 5357// 5100// 5101//
f 5357// 5101// 5358//
f 5358// 5101// 5102//
f 5358// 5102// 5359//
f 5359// 5102// 5103//
f 5359// 5103// 5360//
f 5360// 5103// 5104//
f 5360// 5104// 5361//
f 5361// 5104// 5105//
f 5361// 5105// 5362//
f 5362// 5105// 5106//
f 5362// 5106// 5363//
f 5363// 5106// 5107//
f 5363// 5107// 5364//
f 5364// 5107// 5108//
f 5364// 5108// 5365//
f 5365// 5108// 5109//
f 5365// 5109// 5366//
f 5366// 5109// 5110//
f 5366// 5110// 5367//
f 5367// 5110// 5111//
f 5367// 5111// 5368//
f 5368// 5111// 5112//
f 5368// 5112// 5369//
f 5369// 5112// 5113//
f 5369// 5113// 5370//
f 5370// 5113// 5114//
f 5370// 5114// 5371//
f 5371// 5114// 5115//
f 5371// 5115// 5372//
f 5372// 5115// 5116//
f 503// 502// 5117//
f 5117// 502// 5373//
f 5117// 5373// 5118//
f 5118// 5373// 5374//
f 5118// 5374// 5119//
f 5119// 5374// 5375//
f 5119// 5375// 5120//
f 5120// 5375// 5376//
f 5120// 5376// 5121//
f 5121// 5376// 5377//
f 5121// 5377// 5122//
f 5122// 5377// 5378//
f 5122// 5378// 5123//
f 5123// 5378// 5379//
f 5123// 5379// 5124//
f 5124// 5379// 5380//
f 5124// 5380// 5125//
f 5125// 5380// 5381//
f 5125// 5381// 5126//
f 5126// 5381// 5382//
f 5126// 5382// 5127//
f 5127// 5382// 5383//
f 5127// 5383// 5128//
f 5128// 5383// 5384//
f 5128// 5384// 5129//
f 5129// 5384// 5385//
f 5129// 5385// 5130//
f 5130// 5385// 5386//
f 5130// 5386// 5131//
f 5131// 5386// 5387//
f 5131// 5387// 5132//
f 5132// 5387// 5388//
f 5132// 5388// 5133//
f 5133// 5388// 5389//
f 5133// 5389// 5134//
f 5134// 5389// 5390//
f 5134// 5390// 5135//
f 5135// 5390// 5391//
f 5135// 5391// 5136//
f 5136// 5391// 5392//
f 5136// 5392// 5137//
f 5137// 5392// 5393//
f 5137// 5393// 5138//
f 5138// 5393// 5394//
f 5138// 5394// 5139//
f 5139// 5394// 5395//
f 5139// 5395// 5140//
f 5140// 5395// 5396//
f 5140// 5396// 5141//
f 5141// 5396// 5397//
f 5141// 5397// 5142//
f 5142// 5397// 5398//
f 5142// 5398// 5143//
f 5143// 5398// 5399//
f 5143// 5399// 5144//
f 5144// 5399// 5400//
f 5144// 5400// 5145//
f 5145// 5400// 5401//
f 5145// 5401// 5146//
f 5146// 5401// 5402//
f 5146// 5402// 5147//
f 5147// 5402// 5403//
f 5147// 5403// 5148//
f 5148// 5403// 5404//
f 5148// 5404// 5149//
f 5149// 5404// 5405//
f 5149// 5405// 5150//
f 5150// 5405// 5406//
f 5150// 5406// 5151//
f 5151// 5406// 5407//
f 5151// 5407// 5152//
f 5152// 5407// 5408//
f 5152// 5408// 5153//
f 5153// 5408// 5409//
f 5153// 5409// 5154//
f 5154// 5409// 5410//
f 5154// 5410// 5155//
f 5155// 5410// 5411//
f 5155// 5411// 5156//
f 5156// 5411// 5412//
f 5156// 5412// 5157//
f 5157// 5412// 5413//
f 5157// 5413// 5158//
f 5158// 5413// 5414//
f 5158// 5414// 5159//
f 5159// 5414// 5415//
f 5159// 5415// 5160//
f 5160// 5415// 5416//
f 5160// 5416// 5161//
f 5161// 5416// 5417//
f 5161// 5417// 5162//
f 5162// 5417// 5418//
f 5162// 5418// 5163//
f 5163// 5418// 5419//
f 5163// 5419// 5164//
f 5164// 5419// 5420//
f 5164// 5420// 5165//
f 5165// 5420// 5421//
f 5165// 5421// 5166//
f 5166// 5421// 5422//
f 5166// 5422// 5167//
f 5167// 5422// 5423//
f 5167// 5423// 5168//
f 5168// 5423// 5424//
f 5168// 5424// 5169//
f 5169// 5424// 5425//
f 5169// 5425// 5170//
f 5170// 5425// 5426//
f 5170// 5426// 5171//
f 5171// 5426// 5427//
f 5171// 5427// 5172//
f 5172// 5427// 5428//
f 5172// 5428// 5173//
f 5173// 5428// 5429//
f 5173// 5429// 5174//
f 5174// 5429// 5430//
f 5174// 5430// 5175//
f 5175// 5430// 5431//
f 5175// 5431// 5176//
f 5176// 5431// 5432//
f 5176// 5432// 5177//
f 5177// 5432// 5433//
f 5177// 5433// 5178//
f 5178// 5433// 5434//
f 5178// 5434// 5179//
f 5179// 5434// 5435//
f 5179// 5435// 5180//
f 5180// 5435// 5436//
f 5180// 5436// 5181//
f 5181// 5436// 5437//
f 5181// 5437// 5182//
f 5182// 5437// 5438//
f 5182// 5438// 5183//
f 5183// 5438// 5439//
f 5183// 5439// 5184//
f 5184// 5439// 5440//
f 5184// 5440// 5185//
f 5185// 5440// 5441//
f 5185// 5441// 5186//
f 5186// 5441// 5442//
f 5186// 5442// 5187//
f 5187// 5442// 5443//
f 5187// 5443// 5188//
f 5188// 5443// 5444//
f 5188// 5444// 5189//
f 5189// 5444// 5445//
f 5189// 5445// 5190//
f 5190// 5445// 5446//
f 5190// 5446// 5191//
f 5191// 5446// 5447//
f 5191// 5447// 5192//
f 5192// 5447// 5448//
f 5192// 5448// 5193//
f 5193// 5448// 5449//
f 5193// 5449// 5194//
f 5194// 5449// 5450//
f 5194// 5450// 5195//
f 5195// 5450// 5451//
f 5195// 5451// 5196//
f 5196// 5451// 5452//
f 5196// 5452// 5197//
f 5197// 5452// 5453//
f 5197// 5453// 5198//
f 5198// 5453// 5454//
f 5198// 5454// 5199//
f 5199// 5454// 5455//
f 5199// 5455// 5200//
f 5200// 5455// 5456//
f 5200// 5456// 5201//
f 5201// 5456// 5457//
f 5201// 5457// 5202//
f 5202// 5457// 5458//
f 5202// 5458// 5203//
f 5203// 5458// 5459//
f 5203// 5459// 5204//
f 5204// 5459// 5460//
f 5204// 5460// 5205//
f 5205// 5460// 5461//
f 5205// 5461// 5206//
f 5206// 5461// 5462//
f 5206// 5462// 5207//
f 5207// 5462// 5463//
f 5207// 5463// 5208//
f 5208// 5463// 5464//
f 5208// 5464// 5209//
f 5209// 5464// 5465//
f 5209// 5465// 5210//
f 5210// 5465// 5466//
f 5210// 5466// 5211//
f 5211// 5466// 5467//
f 5211// 5467// 5212//
f 5212// 5467// 5468//
f 5212// 5468// 5213//
f 5213// 5468// 5469//
f 5213// 5469// 5214//
f 5214// 5469// 5470//
f 5214// 5470// 5215//
f 5215// 5470// 5471//
f 5215// 5471// 5216//
f 5216// 5471// 5472//
f 5216// 5472// 5217//
f 5217// 5472// 5473//
f 5217// 5473// 5218//
f 5218// 5473// 5474//
f 5218// 5474// 5219//
f 5219// 5474// 5475//
f 5219// 5475// 5220//
f 5220// 5475// 5476//
f 5220// 5476// 5221//
f 5221// 5476// 5477//
f 5221// 5477// 5222//
f 5222// 5477// 5478//
f 5222// 5478// 5223//
f 5223// 5478// 5479//
f 5223// 5479// 5224//
f 5224// 5479// 5480//
f 5224// 5480// 5225//
f 5225// 5480// 5481//
f 5225// 5481// 5226//
f 5226// 5481// 5482//
f 5226// 5482// 5227//
f 5227// 5482// 5483//
f 5227// 5483// 5228//
f 5228// 5483// 5484//
f 5228// 5484// 5229//
f 5229// 5484// 5485//
f 5229// 5485// 5230//
f 5230// 5485// 5486//
f 5230// 5486// 5231//
f 5231// 5486// 5487//
f 5231// 5487// 5232//
f 5232// 5487// 5488//
f 5232// 5488// 5233//
f 5233// 5488// 5489//
f 5233// 5489// 5234//
f 5234// 5489// 5490//
f 5234// 5490// 5235//
f 5235// 5490// 5491//
f 5235// 5491// 5236//
f 5236// 5491// 5492//
f 5236// 5492// 5237//
f 5237// 5492// 5493//
f 5237// 5493// 5238//
f 5238// 5493// 5494//
f 5238// 5494// 5239//
f 5239// 5494// 5495//
f 5239// 5495// 5240//
f 5240// 5495// 5496//
f 5240// 5496// 5241//
f 5241// 5496// 5497//
f 5241// 5497// 5242//
f 5242// 5497// 5498//
f 5242// 5498// 5243//
f 5243// 5498// 5499//
f 5243// 5499// 5244//
f 5244// 5499// 5500//
f 461// 466// 5501//
f 5501// 466// 5245//
f 5501// 5245// 5502//
f 5502// 5245// 5246//
f 5502// 5246// 5503//
f 5503// 5246// 5247//
f 5503// 5247// 5504//
f 5504// 5247// 5248//
f 5504// 5248// 5505//
f 5505// 5248// 5249//
f 5505// 5249// 5506//
f 5506// 5249// 5250//
f 5506// 5250// 5507//
f 5507// 5250// 5251//
f 5507// 5251// 5508//
f 5508// 5251// 5252//
f 5508// 5252// 5509//
f 5509// 5252// 5253//
f 5509// 5253// 5510//
f 5510// 5253// 5254//
f 5510// 5254// 5511//
f 5511// 5254// 5255//
f 5511// 5255// 5512//
f 5512// 5255// 5256//
f 5512// 5256// 5513//
f 5513// 5256// 5257//
f 5513// 5257// 5514//
f 5514// 5257// 5258//
f 5514// 5258// 5515//
f 5515// 5258// 5259//
f 5515// 5259// 5516//
f 5516// 5259// 5260//
f 5516// 5260// 5517//
f 5517// 5260// 5261//
f 5517// 5261// 5518//
f 5518// 5261// 5262//
f 5518// 5262// 5519//
f 5519// 5262// 5263//
f 5519// 5263// 5520//
f 5520// 5263// 5264//
f 5520// 5264// 5521//
f 5521// 5264// 5265//
f 5521// 5265// 5522//
f 5522// 5265// 5266//
f 5522// 5266// 5523//
f 5523// 5266// 5267//
f 5523// 5267// 5524//
f 5524// 5267// 5268//
f 5524// 5268// 5525//
f 5525// 5268// 5269//
f 5525// 5269// 5526//
f 5526// 5269// 5270//
f 5526// 5270// 5527//
f 5527// 5270// 5271//
f 5527// 5271// 5528//
f 5528// 5271// 5272//
f 5528// 5272// 5529//
f 5529// 5272// 5273//
f 5529// 5273// 5530//
f 5530// 5273// 5274//
f 5530// 5274// 5531//
f 5531// 5274// 5275//
f 5531// 5275// 5532//
f 5532// 5275// 5276//
f 5532// 5276// 5533//
f 5533// 5276// 5277//
f 5533// 5277// 5534//
f 5534// 5277// 5278//
f 5534// 5278// 5535//
f 5535// 5278// 5279//
f 5535// 5279// 5536//
f 5536// 5279// 5280//
f 5536// 5280// 5537//
f 5537// 5280// 5281//
f 5537// 5281// 5538//
f 5538// 5281// 5282//
f 5538// 5282// 5539//
f 5539// 5282// 5283//
f 5539// 5283// 5540//
f 5540// 5283// 5284//
f 5540// 5284// 5541//
f 5541// 5284// 5285//
f 5541// 5285// 5542//
f 5542// 5285// 5286//
f 5542// 5286// 5543//
f 5543// 5286// 5287//
f 5543// 5287// 5544//
f 5544// 5287// 5288//
f 5544// 5288// 5545//
f 5545// 5288// 5289//
f 5545// 5289// 5546//
f 5546// 5289// 5290//
f 5546// 5290// 5547//
f 5547// 5290// 5291//
f 5547// 5291// 5548//
f 5548// 5291// 5292//
f 5548// 5292// 5549//
f 5549// 5292// 5293//
f 5549// 5293// 5550//
f 5550// 5293// 5294//
f 5550// 5294// 5551//
f 5551// 5294// 5295//
f 5551// 5295// 5552//
f 5552// 5295// 5296//
f 5552// 5296// 5553//
f 5553// 5296// 5297//
f 5553// 5297// 5554//
f 5554// 5297// 5298//
f 5554// 5298// 5555//
f 5555// 5298// 5299//
f 5555// 5299// 5556//
f 5556// 5299// 5300//
f 5556// 5300// 5557//
f 5557// 5300// 5301//
f 5557// 5301// 5558//
f 5558// 5301// 5302//
f 5558// 5302// 5559//
f 5559// 5302// 5303//
f 5559// 5303// 5560//
f 5560// 5303// 5304//
f 5560// 5304// 5561//
f 5561// 5304// 5305//
f 5561// 5305// 5562//
f 5562// 5305// 5306//
f 5562// 5306// 5563//
f 5563// 5306// 5307//
f 5563// 5307// 5564//
f 5564// 5307// 5308//
f 5564// 5308// 5565//
f 5565// 5308// 5309//
f 5565// 5309// 5566//
f 5566// 5309// 5310//
f 5566// 5310// 5567//
f 5567// 5310// 5311//
f 5567// 5311// 5568//
f 5568// 5311// 5312//
f 5568// 5312// 5569//
f 5569// 5312// 5313//
f 5569// 5313// 5570//
f 5570// 5313// 5314//
f 5570// 5314// 5571//
f 5571// 5314// 5315//
f 5571// 5315// 5572//
f 5572// 5315// 5316//
f 5572// 5316// 5573//
f 5573// 5316// 5317//
f 5573// 5317// 5574//
f 5574// 5317// 5318//
f 5574// 5318// 5575//
f 5575// 5318// 5319//
f 5575// 5319// 5576//
f 5576// 5319// 5320//
f 5576// 5320// 5577//
f 5577// 5320// 5321//
f 5577// 5321// 5578//
f 5578// 5321// 5322//
f 5578// 5322// 5579//
f 5579// 5322// 5323//
f 5579// 5323// 5580//
f 5580// 5323// 5324//
f 5580// 5324// 5581//
f 5581// 5324// 5325//
f 5581// 5325// 5582//
f 5582// 5325// 5326//
f 5582// 5326// 5583//
f 5583// 5326// 5327//
f 5583// 5327// 5584//
f 5584// 5327// 5328//
f 5584// 5328// 5585//
f 5585// 5328// 5329//
f 5585// 5329// 5586//
f 5586// 5329// 5330//
f 5586// 5330// 5587//
f 5587// 5330// 5331//
f 5587// 5331// 5588//
f 5588// 5331// 5332//
f 5588// 5332// 5589//
f 5589// 5332// 5333//
f 5589// 5333// 5590//
f 5590// 5333// 5334//
f 5590// 5334// 5591//
f 5591// 5334// 5335//
f 5591// 5335// 5592//
f 5592// 5335// 5336//
f 5592// 5336// 5593//
f 5593// 5336// 5337//
f 5593// 5337// 5594//
f 5594// 5337// 5338//
f 5594// 5338// 5595//
f 5595// 5338// 5339//
f 5595// 5339// 5596//
f 5596// 5339// 5340//
f 5596// 5340// 5597//
f 5597// 5340// 5341//
f 5597// 5341// 5598//
f 5598// 5341// 5342//
f 5598// 5342// 5599//
f 5599// 5342// 5343//
f 5599// 5343// 5600//
f 5600// 5343// 5344//
f 5600// 5344// 5601//
f 5601// 5344// 5345//
f 5601// 5345// 5602//
f 5602// 5345// 5346//
f 5602// 5346// 5603//
f 5603// 5346// 5347//
f 5603// 5347// 5604//
f 5604// 5347// 5348//
f 5604// 5348// 5605//
f 5605// 5348// 5349//
f 5605// 5349// 5606//
f 5606// 5349// 5350//
f 5606// 5350// 5607//
f 5607// 5350// 5351//
f 5607// 5351// 5608//
f 5608// 5351// 5352//
f 5608// 5352// 5609//
f 5609// 5352// 5353//
f 5609// 5353// 5610//
f 5610// 5353// 5354//
f 5610// 5354// 5611//
f 5611// 5354// 5355//
f 5611// 5355// 5612//
f 5612// 5355// 5356//
f 5612// 5356// 5613//
f 5613// 5356// 5357//
f 5613// 5357// 5614//
f 5614// 5357// 5358//
f 5614// 5358// 5615//
f 5615// 5358// 5359//
f 5615// 5359// 5616//
f 5616// 5359// 5360//
f 5616// 5360// 5617//
f 5617// 5360// 5361//
f 5617// 5361// 5618//
f 5618// 5361// 5362//
f 5618// 5362// 5619//
f 5619// 5362// 5363//
f 5619// 5363// 5620//
f 5620// 5363// 5364//
f 5620// 5364// 5621//
f 5621// 5364// 5365//
f 5621// 5365// 5622//
f 5622// 5365// 5366//
f 5622// 5366// 5623//
f 5623// 5366// 5367//
f 5623// 5367// 5624//
f 5624// 5367// 5368//
f 5624// 5368// 5625//
f 5625// 5368// 5369//
f 5625// 5369// 5626//
f 5626// 5369// 5370//
f 5626// 5370// 5627//
f 5627// 5370// 5371//
f 5627// 5371// 5628//
f 5628// 5371// 5372//
f 502// 501// 5373//
f 5373// 501// 5629//
f 5373// 5629// 5374//
f 5374// 5629// 5630//
f 5374// 5630// 5375//
f 5375// 5630// 5631//
f 5375// 5631// 5376//
f 5376// 5631// 5632//
f 5376// 5632// 5377//
f 5377// 5632// 5633//
f 5377// 5633// 5378//
f 5378// 5633// 5634//
f 5378// 5634// 5379//
f 5379// 5634// 5635//
f 5379// 5635// 5380//
f 5380// 5635// 5636//
f 5380// 5636// 5381//
f 5381// 5636// 5637//
f 5381// 5637// 5382//
f 5382// 5637// 5638//
f 5382// 5638// 5383//
f 5383// 5638// 5639//
f 5383// 5639// 5384//
f 5384// 5639// 5640//
f 5384// 5640// 5385//
f 5385// 5640// 5641//
f 5385// 5641// 5386//
f 5386// 5641// 5642//
f 5386// 5642// 5387//
f 5387// 5642// 5643//
f 5387// 5643// 5388//
f 5388// 5643// 5644//
f 5388// 5644// 5389//
f 5389// 5644// 5645//
f 5389// 5645// 5390//
f 5390// 5645// 5646//
f 5390// 5646// 5391//
f 5391// 5646// 5647//
f 5391// 5647// 5392//
f 5392// 5647// 5648//
f 5392// 5648// 5393//
f 5393// 5648// 5649//
f 5393// 5649// 5394//
f 5394// 5649// 5650//
f 5394// 5650// 5395//
f 5395// 5650// 5651//
f 5395// 5651// 5396//
f 5396// 5651// 5652//
f 5396// 5652// 5397//
f 5397// 5652// 5653//
f 5397// 5653// 5398//
f 5398// 5653// 5654//
f 5398// 5654// 5399//
f 5399// 5654// 5655//
f 5399// 5655// 5400//
f 5400// 5655// 5656//
f 5400// 5656// 5401//
f 5401// 5656// 5657//
f 5401// 5657// 5402//
f 5402// 5657// 5658//
f 5402// 5658// 5403//
f 5403// 5658// 5659//
f 5403// 5659// 5404//
f 5404// 5659// 5660//
f 5404// 5660// 5405//
f 5405// 5660// 5661//
f 5405// 5661// 5406//
f 5406// 5661// 5662//
f 5406// 5662// 5407//
f 5407// 5662// 5663//
f 5407// 5663// 5408//
f 5408// 5663// 5664//
f 5408// 5664// 5409//
f 5409// 5664// 5665//
f 5409// 5665// 5410//
f 5410// 5665// 5666//
f 5410// 5666// 5411//
f 5411// 5666// 5667//
f 5411// 5667// 5412//
f 5412// 5667// 5668//
f 5412// 5668// 5413//
f 5413// 5668// 5669//
f 5413// 5669// 5414//
f 5414// 5669// 5670//
f 5414// 5670// 5415//
f 5415// 5670// 5671//
f 5415// 5671// 5416//
f 5416// 5671// 5672//
f 5416// 5672// 5417//
f 5417// 5672// 5673//
f 5417// 5673// 5418//
f 5418// 5673// 5674//
f 5418// 5674// 5419//
f 5419// 5674// 5675//
f 5419// 5675// 5420//
f 5420// 5675// 5676//
f 5420// 5676// 5421//
f 5421// 5676// 5677//
f 5421// 5677// 5422//
f 5422// 5677// 5678//
f 5422// 5678// 5423//
f 5423// 5678// 5679//
f 5423// 5679// 5424//
f 5424// 5679// 5680//
f 5424// 5680// 5425//
f 5425// 5680// 5681//
f 5425// 5681// 5426//
f 5426// 5681// 5682//
f 5426// 5682// 5427//
f 5427// 5682// 5683//
f 5427// 5683// 5428//
f 5428// 5683// 5684//
f 5428// 5684// 5429//
f 5429// 5684// 5685//
f 5429// 5685// 5430//
f 5430// 5685// 5686//
f 5430// 5686// 5431//
f 5431// 5686// 5687//
f 5431// 5687// 5432//
f 5432// 5687// 5688//
f 5432// 5688// 5433//
f 5433// 5688// 5689//
f 5433// 5689// 5434//
f 5434// 5689// 5690//
f 5434// 5690// 5435//
f 5435// 5690// 5691//
f 5435// 5691// 5436//
f 5436// 5691// 5692//
f 5436// 5692// 5437//
f 5437// 5692// 5693//
f 5437// 5693// 5438//
f 5438// 5693// 5694//
f 5438// 5694// 5439//
f 5439// 5694// 5695//
f 5439// 5695// 5440//
f 5440// 5695// 5696//
f 5440// 5696// 5441//
f 5441// 5696// 5697//
f 5441// 5697// 5442//
f 5442// 5697// 5698//
f 5442// 5698// 5443//
f 5443// 5698// 5699//
f 5443// 5699// 5444//
f 5444// 5699// 5700//
f 5444// 5700// 5445//
f 5445// 5700// 5701//
f 5445// 5701// 5446//
f 5446// 5701// 5702//
f 5446// 5702// 5447//
f 5447// 5702// 5703//
f 5447// 5703// 5448//
f 5448// 5703// 5704//
f 5448// 5704// 5449//
f 5449// 5704// 5705//
f 5449// 5705// 5450//
f 5450// 5705// 5706//
f 5450// 5706// 5451//
f 5451// 5706// 5707//
f 5451// 5707// 5452//
f 5452// 5707// 5708//
f 5452// 5708// 5453//
f 5453// 5708// 5709//
f 5453// 5709// 5454//
f 5454// 5709// 5710//
f 5454// 5710// 5455//
f 5455// 5710// 5711//
f 5455// 5711// 5456//
f 5456// 5711// 5712//
f 5456// 5712// 5457//
f 5457// 5712// 5713//
f 5457// 5713// 5458//
f 5458// 5713// 5714//
f 5458// 5714// 5459//
f 5459// 5714// 5715//
f 5459// 5715// 5460//
f 5460// 5715// 5716//
f 5460// 5716// 5461//
f 5461// 5716// 5717//
f 5461// 5717// 5462//
f 5462// 5717// 5718//
f 5462// 5718// 5463//
f 5463// 5718// 5719//
f 5463// 5719// 5464//
f 5464// 5719// 5720//
f 5464// 5720// 5465//
f 5465// 5720// 5721//
f 5465// 5721// 5466//
f 5466// 5721// 5722//
f 5466// 5722// 5467//
f 5467// 5722// 5723//
f 5467// 5723// 5468//
f 5468// 5723// 5724//
f 5468// 5724// 5469//
f 5469// 5724// 5725//
f 5469// 5725// 5470//
f 5470// 5725// 5726//
f 5470// 5726// 5471//
f 5471// 5726// 5727//
f 5471// 5727// 5472//
f 5472// 5727// 5728//
f 5472// 5728// 5473//
f 5473// 5728// 5729//
f 5473// 5729// 5474//
f 5474// 5729// 5730//
f 5474// 5730// 5475//
f 5475// 5730// 5731//
f 5475// 5731// 5476//
f 5476// 5731// 5732//
f 5476// 5732// 5477//
f 5477// 5732// 5733//
f 5477// 5733// 5478//
f 5478// 5733// 5734//
f 5478// 5734// 5479//
f 5479// 5734// 5735//
f 5479// 5735// 5480//
f 5480// 5735// 5736//
f 5480// 5736// 5481//
f 5481// 5736// 5737//
f 5481// 5737// 5482//
f 5482// 5737// 5738//
f 5482// 5738// 5483//
f 5483// 5738// 5739//
f 5483// 5739// 5484//
f 5484// 5739// 5740//
f 5484// 5740// 5485//
f 5485// 5740// 5741//
f 5485// 5741// 5486//
f 5486// 5741// 5742//
f 5486// 5742// 5487//
f 5487// 5742// 5743//
f 5487// 5743// 5488//
f 5488// 5743// 5744//
f 5488// 5744// 5489//
f 5489// 5744// 5745//
f 5489// 5745// 5490//
f 5490// 5745// 5746//
f 5490// 5746// 5491//
f 5491// 5746// 5747//
f 5491// 5747// 5492//
f 5492// 5747// 5748//
f 5492// 5748// 5493//
f 5493// 5748// 5749//
f 5493// 5749// 5494//
f 5494// 5749// 5750//
f 5494// 5750// 5495//
f 5495// 5750// 5751//
f 5495// 5751// 5496//
f 5496// 5751// 5752//
f 5496// 5752// 5497//
f 5497// 5752// 5753//
f 5497// 5753// 5498//
f 5498// 5753// 5754//
f 5498// 5754// 5499//
f 5499// 5754// 5755//
f 5499// 5755// 5500//
f 5500// 5755// 5756//
f 462// 461// 5757//
f 5757// 461// 5501//
f 5757// 5501// 5758//
f 5758// 5501// 5502//
f 5758// 5502// 5759//
f 5759// 5502// 5503//
f 5759// 5503// 5760//
f 5760// 5503// 5504//
f 5760// 5504// 5761//
f 5761// 5504// 5505//
f 5761// 5505// 5762//
f 5762// 5505// 5506//
f 5762// 5506// 5763//
f 5763// 5506// 5507//
f 5763// 5507// 5764//
f 5764// 5507// 5508//
f 5764// 5508// 5765//
f 5765// 5508// 5509//
f 5765// 5509// 5766//
f 5766// 5509// 5510//
f 5766// 5510// 5767//
f 5767// 5510// 5511//
f 5767// 5511// 5768//
f 5768// 5511// 5512//
f 5768// 5512// 5769//
f 5769// 5512// 5513//
f 5769// 5513// 5770//
f 5770// 5513// 5514//
f 5770// 5514// 5771//
f 5771// 5514// 5515//
f 5771// 5515// 5772//
f 5772// 5515// 5516//
f 5772// 5516// 5773//
f 5773// 5516// 5517//
f 5773// 5517// 5774//
f 5774// 5517// 5518//
f 5774// 5518// 5775//
f 5775// 5518// 5519//
f 5775// 5519// 5776//
f 5776// 5519// 5520//
f 5776// 5520// 5777//
f 5777// 5520// 5521//
f 5777// 5521// 5778//
f 5778// 5521// 5522//
f 5778// 5522// 5779//
f 5779// 5522// 5523//
f 5779// 5523// 5780//
f 5780// 5523// 5524//
f 5780// 5524// 5781//
f 5781// 5524// 5525//
f 5781// 5525// 5782//
f 5782// 5525// 5526//
f 5782// 5526// 5783//
f 5783// 5526// 5527//
f 5783// 5527// 5784//
f 5784// 5527// 5528//
f 5784// 5528// 5785//
f 5785// 5528// 5529//
f 5785// 5529// 5786//
f 5786// 5529// 5530//
f 5786// 5530// 5787//
f 5787// 5530// 5531//
f 5787// 5531// 5788//
f 5788// 5531// 5532//
f 5788// 5532// 5789//
f 5789// 5532// 5533//
f 5789// 5533// 5790//
f 5790// 5533// 5534//
f 5790// 5534// 5791//
f 5791// 5534// 5535//
f 5791// 5535// 5792//
f 5792// 5535// 5536//
f 5792// 5536// 5793//
f 5793// 5536// 5537//
f 5793// 5537// 5794//
f 5794// 5537// 5538//
f 5794// 5538// 5795//
f 5795// 5538// 5539//
f 5795// 5539// 5796//
f 5796// 5539// 5540//
f 5796// 5540// 5797//
f 5797// 5540// 5541//
f 5797// 5541// 5798//
f 5798// 5541// 5542//
f 5798// 5542// 5799//
f 5799// 5542// 5543//
f 5799// 5543// 5800//
f 5800// 5543// 5544//
f 5800// 5544// 5801//
f 5801// 5544// 5545//
f 5801// 5545// 5802//
f 5802// 5545// 5546//
f 5802// 5546// 5803//
f 5803// 5546// 5547//
f 5803// 5547// 5804//
f 5804// 5547// 5548//
f 5804// 5548// 5805//
f 5805// 5548// 5549//
f 5805// 5549// 5806//
f 5806// 5549// 5550//
f 5806// 5550// 5807//
f 5807// 5550// 5551//
f 5807// 5551// 5808//
f 5808// 5551// 5552//
f 5808// 5552// 5809//
f 5809// 5552// 5553//
f 5809// 5553// 5810//
f 5810// 5553// 5554//
f 5810// 5554// 5811//
f 5811// 5554// 5555//
f 5811// 5555// 5812//
f 5812// 5555// 5556//
f 5812// 5556// 5813//
f 5813// 5556// 5557//
f 5813// 5557// 5814//
f 5814// 5557// 5558//
f 5814// 5558// 5815//
f 5815// 5558// 5559//
f 5815// 5559// 5816//
f 5816// 5559// 5560//
f 5816// 5560// 5817//
f 5817// 5560// 5561//
f 5817// 5561// 5818//
f 5818// 5561// 5562//
f 5818// 5562// 5819//
f 5819// 5562// 5563//
f 5819// 5563// 5820//
f 5820// 5563// 5564//
f 5820// 5564// 5821//
f 5821// 5564// 5565//
f 5821// 5565// 5822//
f 5822// 5565// 5566//
f 5822// 5566// 5823//
f 5823// 5566// 5567//
f 5823// 5567// 5824//
f 5824// 5567// 5568//
f 5824// 5568// 5825//
f 5825// 5568// 5569//
f 5825// 5569// 5826//
f 5826// 5569// 5570//
f 5826// 5570// 5827//
f 5827// 5570// 5571//
f 5827// 5571// 5828//
f 5828// 5571// 5572//
f 5828// 5572// 5829//
f 5829// 5572// 5573//
f 5829// 5573// 5830//
f 5830// 5573// 5574//
f 5830// 5574// 5831//
f 5831// 5574// 5575//
f 5831// 5575// 5832//
f 5832// 5575// 5576//
f 5832// 5576// 5833//
f 5833// 5576// 5577//
f 5833// 5577// 5834//
f 5834// 5577// 5578//
f 5834// 5578// 5835//
f 5835// 5578// 5579//
f 5835// 5579// 5836//
f 5836// 5579// 5580//
f 5836// 5580// 5837//
f 5837// 5580// 5581//
f 5837// 5581// 5838//
f 5838// 5581// 5582//
f 5838// 5582// 5839//
f 5839// 5582// 5583//
f 5839// 5583// 5840//
f 5840// 5583// 5584//
f 5840// 5584// 5841//
f 5841// 5584// 5585//
f 5841// 5585// 5842//
f 5842// 5585// 5586//
f 5842// 5586// 5843//
f 5843// 5586// 5587//
f 5843// 5587// 5844//
f 5844// 5587// 5588//
f 5844// 5588// 5845//
f 5845// 5588// 5589//
f 5845// 5589// 5846//
f 5846// 5589// 5590//
f 5846// 5590// 5847//
f 5847// 5590// 5591//
f 5847// 5591// 5848//
f 5848// 5591// 5592//
f 5848// 5592// 5849//
f 5849// 5592// 5593//
f 5849// 5593// 5850//
f 5850// 5593// 5594//
f 5850// 5594// 5851//
f 5851// 5594// 5595//
f 5851// 5595// 5852//
f 5852// 5595// 5596//
f 5852// 5596// 5853//
f 5853// 5596// 5597//
f 5853// 5597// 5854//
f 5854// 5597// 5598//
f 5854// 5598// 5855//
f 5855// 5598// 5599//
f 5855// 5599// 5856//
f 5856// 5599// 5600//
f 5856// 5600// 5857//
f 5857// 5600// 5601//
f 5857// 5601// 5858//
f 5858// 5601// 5602//
f 5858// 5602// 5859//
f 5859// 5602// 5603//
f 5859// 5603// 5860//
f 5860// 5603// 5604//
f 5860// 5604// 5861//
f 5861// 5604// 5605//
f 5861// 5605// 5862//
f 5862// 5605// 5606//
f 5862// 5606// 5863//
f 5863// 5606// 5607//
f 5863// 5607// 5864//
f 5864// 5607// 5608//
f 5864// 5608// 5865//
f 5865// 5608// 5609//
f 5865// 5609// 5866//
f 5866// 5609// 5610//
f 5866// 5610// 5867//
f 5867// 5610// 5611//
f 5867// 5611// 5868//
f 5868// 5611// 5612//
f 5868// 5612// 5869//
f 5869// 5612// 5613//
f 5869// 5613// 5870//
f 5870// 5613// 5614//
f 5870// 5614// 5871//
f 5871// 5614// 5615//
f 5871// 5615// 5872//
f 5872// 5615// 5616//
f 5872// 5616// 5873//
f 5873// 5616// 5617//
f 5873// 5617// 5874//
f 5874// 5617// 5618//
f 5874// 5618// 5875//
f 5875// 5618// 5619//
f 5875// 5619// 5876//
f 5876// 5619// 5620//
f 5876// 5620// 5877//
f 5877// 5620// 5621//
f 5877// 5621// 5878//
f 5878// 5621// 5622//
f 5878// 5622// 5879//
f 5879// 5622// 5623//
f 5879// 5623// 5880//
f 5880// 5623// 5624//
f 5880// 5624// 5881//
f 5881// 5624// 5625//
f 5881// 5625// 5882//
f 5882// 5625// 5626//
f 5882// 5626// 5883//
f 5883// 5626// 5627//
f 5883// 5627// 5884//
f 5884// 5627// 5628//
f 501// 506// 5629//
f 5629// 506// 5885//
f 5629// 5885// 5630//
f 5630// 5885// 5886//
f 5630// 5886// 5631//
f 5631// 5886// 5887//
f 5631// 5887// 5632//
f 5632// 5887// 5888//
f 5632// 5888// 5633//
f 5633// 5888// 5889//
f 5633// 5889// 5634//
f 5634// 5889// 5890//
f 5634// 5890// 5635//
f 5635// 5890// 5891//
f 5635// 5891// 5636//
f 5636// 5891// 5892//
f 5636// 5892// 5637//
f 5637// 5892// 5893//
f 5637// 5893// 5638//
f 5638// 5893// 5894//
f 5638// 5894// 5639//
f 5639// 5894// 5895//
f 5639// 5895// 5640//
f 5640// 5895// 5896//
f 5640// 5896// 5641//
f 5641// 5896// 5897//
f 5641// 5897// 5642//
f 5642// 5897// 5898//
f 5642// 5898// 5643//
f 5643// 5898// 5899//
f 5643// 5899// 5644//
f 5644// 5899// 5900//
f 5644// 5900// 5645//
f 5645// 5900// 5901//
f 5645// 5901// 5646//
f 5646// 5901// 5902//
f 5646// 5902// 5647//
f 5647// 5902// 5903//
f 5647// 5903// 5648//
f 5648// 5903// 5904//
f 5648// 5904// 5649//
f 5649// 5904// 5905//
f 5649// 5905// 5650//
f 5650// 5905// 5906//
f 5650// 5906// 5651//
f 5651// 5906// 5907//
f 5651// 5907// 5652//
f 5652// 5907// 5908//
f 5652// 5908// 5653//
f 5653// 5908// 5909//
f 5653// 5909// 5654//
f 5654// 5909// 5910//
f 5654// 5910// 5655//
f 5655// 5910// 5911//
f 5655// 5911// 5656//
f 5656// 5911// 5912//
f 5656// 5912// 5657//
f 5657// 5912// 5913//
f 5657// 5913// 5658//
f 5658// 5913// 5914//
f 5658// 5914// 5659//
f 5659// 5914// 5915//
f 5659// 5915// 5660//
f 5660// 5915// 5916//
f 5660// 5916// 5661//
f 5661// 5916// 5917//
f 5661// 5917// 5662//
f 5662// 5917// 5918//
f 5662// 5918// 5663//
f 5663// 5918// 5919//
f 5663// 5919// 5664//
f 5664// 5919// 5920//
f 5664// 5920// 5665//
f 5665// 5920// 5921//
f 5665// 5921// 5666//
f 5666// 5921// 5922//
f 5666// 5922// 5667//
f 5667// 5922// 5923//
f 5667// 5923// 5668//
f 5668// 5923// 5924//
f 5668// 5924// 5669//
f 5669// 5924// 5925//
f 5669// 5925// 5670//
f 5670// 5925// 5926//
f 5670// 5926// 5671//
f 5671// 5926// 5927//
f 5671// 5927// 5672//
f 5672// 5927// 5928//
f 5672// 5928// 5673//
f 5673// 5928// 5929//
f 5673// 5929// 5674//
f 5674// 5929// 5930//
f 5674// 5930// 5675//
f 5675// 5930// 5931//
f 5675// 5931// 5676//
f 5676// 5931// 5932//
f 5676// 5932// 5677//
f 5677// 5932// 5933//
f 5677// 5933// 5678//
f 5678// 5933// 5934//
f 5678// 5934// 5679//
f 5679// 5934// 5935//
f 5679// 5935// 5680//
f 5680// 5935// 5936//
f 5680// 5936// 5681//
f 5681// 5936// 5937//
f 5681// 5937// 5682//
f 5682// 5937// 5938//
f 5682// 5938// 5683//
f 5683// 5938// 5939//
f 5683// 5939// 5684//
f 5684// 5939// 5940//
f 5684// 5940// 5685//
f 5685// 5940// 5941//
f 5685// 5941// 5686//
f 5686// 5941// 5942//
f 5686// 5942// 5687//
f 5687// 5942// 5943//
f 5687// 5943// 5688//
f 5688// 5943// 5944//
f 5688// 5944// 5689//
f 5689// 5944// 5945//
f 5689// 5945// 5690//
f 5690// 5945// 5946//
f 5690// 5946// 5691//
f 5691// 5946// 5947//
f 5691// 5947// 5692//
f 5692// 5947// 5948//
f 5692// 5948// 5693//
f 5693// 5948// 5949//
f 5693// 5949// 5694//
f 5694// 5949// 5950//
f 5694// 5950// 5695//
f 5695// 5950// 5951//
f 5695// 5951// 5696//
f 5696// 5951// 5952//
f 5696// 5952// 5697//
f 5697// 5952// 5953//
f 5697// 5953// 5698//
f 5698// 5953// 5954//
f 5698// 5954// 5699//
f 5699// 5954// 5955//
f 5699// 5955// 5700//
f 5700// 5955// 5956//
f 5700// 5956// 5701//
f 5701// 5956// 5957//
f 5701// 5957// 5702//
f 5702// 5957// 5958//
f 5702// 5958// 5703//
f 5703// 5958// 5959//
f 5703// 5959// 5704//
f 5704// 5959// 5960//
f 5704// 5960// 5705//
f 5705// 5960// 5961//
f 5705// 5961// 5706//
f 5706// 5961// 5962//
f 5706// 5962// 5707//
f 5707// 5962// 5963//
f 5707// 5963// 5708//
f 5708// 5963// 5964//
f 5708// 5964// 5709//
f 5709// 5964// 5965//
f 5709// 5965// 5710//
f 5710// 5965// 5966//
f 5710// 5966// 5711//
f 5711// 5966// 5967//
f 5711// 5967// 5712//
f 5712// 5967// 5968//
f 5712// 5968// 5713//
f 5713// 5968// 5969//
f 5713// 5969// 5714//
f 5714// 5969// 5970//
f 5714// 5970// 5715//
f 5715// 5970// 5971//
f 5715// 5971// 5716//
f 5716// 5971// 5972//
f 5716// 5972// 5717//
f 5717// 5972// 5973//
f 5717// 5973// 5718//
f 5718// 5973// 5974//
f 5718// 5974// 5719//
f 5719// 5974// 5975//
f 5719// 5975// 5720//
f 5720// 5975// 5976//
f 5720// 5976// 5721//
f 5721// 5976// 5977//
f 5721// 5977// 5722//
f 5722// 5977// 5978//
f 5722// 5978// 5723//
f 5723// 5978// 5979//
f 5723// 5979// 5724//
f 5724// 5979// 5980//
f 5724// 5980// 5725//
f 5725// 5980// 5981//
f 5725// 5981// 5726//
f 5726// 5981// 5982//
f 5726// 5982// 5727//
f 5727// 5982// 5983//
f 5727// 5983// 5728//
f 5728// 5983// 5984//
f 5728// 5984// 5729//
f 5729// 5984// 5985//
f 5729// 5985// 5730//
f 5730// 5985// 5986//
f 5730// 5986// 5731//
f 5731// 5986// 5987//
f 5731// 5987// 5732//
f 5732// 5987// 5988//
f 5732// 5988// 5733//
f 5733// 5988// 5989//
f 5733// 5989// 5734//
f 5734// 5989// 5990//
f 5734// 5990// 5735//
f 5735// 5990// 5991//
f 5735// 5991// 5736//
f 5736// 5991// 5992//
f 5736// 5992// 5737//
f 5737// 5992// 5993//
f 5737// 5993// 5738//
f 5738// 5993// 5994//
f 5738// 5994// 5739//
f 5739// 5994// 5995//
f 5739// 5995// 5740//
f 5740// 5995// 5996//
f 5740// 5996// 5741//
f 5741// 5996// 5997//
f 5741// 5997// 5742//
f 5742// 5997// 5998//
f 5742// 5998// 5743//
f 5743// 5998// 5999//
f 5743// 5999// 5744//
f 5744// 5999// 6000//
f 5744// 6000// 5745//
f 5745// 6000// 6001//
f 5745// 6001// 5746//
f 5746// 6001// 6002//
f 5746// 6002// 5747//
f 5747// 6002// 6003//
f 5747// 6003// 5748//
f 5748// 6003// 6004//
f 5748// 6004// 5749//
f 5749// 6004// 6005//
f 5749// 6005// 5750//
f 5750// 6005// 6006//
f 5750// 6006// 5751//
f 5751// 6006// 6007//
f 5751// 6007// 5752//
f 5752// 6007// 6008//
f 5752// 6008// 5753//
f 5753// 6008// 6009//
f 5753// 6009// 5754//
f 5754// 6009// 6010//
f 5754// 6010// 5755//
f 5755// 6010// 6011//
f 5755// 6011// 5756//
f 5756// 6011// 6012//
f 463// 462// 6013//
f 6013// 462// 5757//
f 6013// 5757// 6014//
f 6014// 5757// 5758//
f 6014// 5758// 6015//
f 6015// 5758// 5759//
f 6015// 5759// 6016//
f 6016// 5759// 5760//
f 6016// 5760// 6017//
f 6017// 5760// 5761//
f 6017// 5761// 6018//
f 6018// 5761// 5762//
f 6018// 5762// 6019//
f 6019// 5762// 5763//
f 6019// 5763// 6020//
f 6020// 5763// 5764//
f 6020// 5764// 6021//
f 6021// 5764// 5765//
f 6021// 5765// 6022//
f 6022// 5765// 5766//
f 6022// 5766// 6023//
f 6023// 5766// 5767//
f 6023// 5767// 6024//
f 6024// 5767// 5768//
f 6024// 5768// 6025//
f 6025// 5768// 5769//
f 6025// 5769// 6026//
f 6026// 5769// 5770//
f 6026// 5770// 6027//
f 6027// 5770// 5771//
f 6027// 5771// 6028//
f 6028// 5771// 5772//
f 6028// 5772// 6029//
f 6029// 5772// 5773//
f 6029// 5773// 6030//
f 6030// 5773// 5774//
f 6030// 5774// 6031//
f 6031// 5774// 5775//
f 6031// 5775// 6032//
f 6032// 5775// 5776//
f 6032// 5776// 6033//
f 6033// 5776// 5777//
f 6033// 5777// 6034//
f 6034// 5777// 5778//
f 6034// 5778// 6035//
f 6035// 5778// 5779//
f 6035// 5779// 6036//
f 6036// 5779// 5780//
f 6036// 5780// 6037//
f 6037// 5780// 5781//
f 6037// 5781// 6038//
f 6038// 5781// 5782//
f 6038// 5782// 6039//
f 6039// 5782// 5783//
f 6039// 5783// 6040//
f 6040// 5783// 5784//
f 6040// 5784// 6041//
f 6041// 5784// 5785//
f 6041// 5785// 6042//
f 6042// 5785// 5786//
f 6042// 5786// 6043//
f 6043// 5786// 5787//
f 6043// 5787// 6044//
f 6044// 5787// 5788//
f 6044// 5788// 6045//
f 6045// 5788// 5789//
f 6045// 5789// 6046//
f 6046// 5789// 5790//
f 6046// 5790// 6047//
f 6047// 5790// 5791//
f 6047// 5791// 6048//
f 6048// 5791// 5792//
f 6048// 5792// 6049//
f 6049// 5792// 5793//
f 6049// 5793// 6050//
f 6050// 5793// 5794//
f 6050// 5794// 6051//
f 6051// 5794// 5795//
f 6051// 5795// 6052//
f 6052// 5795// 5796//
f 6052// 5796// 6053//
f 6053// 5796// 5797//
f 6053// 5797// 6054//
f 6054// 5797// 5798//
f 6054// 5798// 6055//
f 6055// 5798// 5799//
f 6055// 5799// 6056//
f 6056// 5799// 5800//
f 6056// 5800// 6057//
f 6057// 5800// 5801//
f 6057// 5801// 6058//
f 6058// 5801// 5802//
f 6058// 5802// 6059//
f 6059// 5802// 5803//
f 6059// 5803// 6060//
f 6060// 5803// 5804//
f 6060// 5804// 6061//
f 6061// 5804// 5805//
f 6061// 5805// 6062//
f 6062// 5805// 5806//
f 6062// 5806// 6063//
f 6063// 5806// 5807//
f 6063// 5807// 6064//
f 6064// 5807// 5808//
f 6064// 5808// 6065//
f 6065// 5808// 5809//
f 6065// 5809// 6066//
f 6066// 5809// 5810//
f 6066// 5810// 6067//
f 6067// 5810// 5811//
f 6067// 5811// 6068//
f 6068// 5811// 5812//
f 6068// 5812// 6069//
f 6069// 5812// 5813//
f 6069// 5813// 6070//
f 6070// 5813// 5814//
f 6070// 5814// 6071//
f 6071// 5814// 5815//
f 6071// 5815// 6072//
f 6072// 5815// 5816//
f 6072// 5816// 6073//
f 6073// 5816// 5817//
f 6073// 5817// 6074//
f 6074// 5817// 5818//
f 6074// 5818// 6075//
f 6075// 5818// 5819//
f 6075// 5819// 6076//
f 6076// 5819// 5820//
f 6076// 5820// 6077//
f 6077// 5820// 5821//
f 6077// 5821// 6078//
f 6078// 5821// 5822//
f 6078// 5822// 6079//
f 6079// 5822// 5823//
f 6079// 5823// 6080//
f 6080// 5823// 5824//
f 6080// 5824// 6081//
f 6081// 5824// 5825//
f 6081// 5825// 6082//
f 6082// 5825// 5826//
f 6082// 5826// 6083//
f 6083// 5826// 5827//
f 6083// 5827// 6084//
f 6084// 5827// 5828//
f 6084// 5828// 6085//
f 6085// 5828// 5829//
f 6085// 5829// 6086//
f 6086// 5829// 5830//
f 6086// 5830// 6087//
f 6087// 5830// 5831//
f 6087// 5831// 6088//
f 6088// 5831// 5832//
f 6088// 5832// 6089//
f 6089// 5832// 5833//
f 6089// 5833// 6090//
f 6090// 5833// 5834//
f 6090// 5834// 6091//
f 6091// 5834// 5835//
f 6091// 5835// 6092//
f 6092// 5835// 5836//
f 6092// 5836// 6093//
f 6093// 5836// 5837//
f 6093// 5837// 6094//
f 6094// 5837// 5838//
f 6094// 5838// 6095//
f 6095// 5838// 5839//
f 6095// 5839// 6096//
f 6096// 5839// 5840//
f 6096// 5840// 6097//
f 6097// 5840// 5841//
f 6097// 5841// 6098//
f 6098// 5841// 5842//
f 6098// 5842// 6099//
f 6099// 5842// 5843//
f 6099// 5843// 6100//
f 6100// 5843// 5844//
f 6100// 5844// 6101//
f 6101// 5844// 5845//
f 6101// 5845// 6102//
f 6102// 5845// 5846//
f 6102// 5846// 6103//
f 6103// 5846// 5847//
f 6103// 5847// 6104//
f 6104// 5847// 5848//
f 6104// 5848// 6105//
f 6105// 5848// 5849//
f 6105// 5849// 6106//
f 6106// 5849// 5850//
f 6106// 5850// 6107//
f 6107// 5850// 5851//
f 6107// 5851// 6108//
f 6108// 5851// 5852//
f 6108// 5852// 6109//
f 6109// 5852// 5853//
f 6109// 5853// 6110//
f 6110// 5853// 5854//
f 6110// 5854// 6111//
f 6111// 5854// 5855//
f 6111// 5855// 6112//
f 6112// 5855// 5856//
f 6112// 5856// 6113//
f 6113// 5856// 5857//
f 6113// 5857// 6114//
f 6114// 5857// 5858//
f 6114// 5858// 6115//
f 6115// 5858// 5859//
f 6115// 5859// 6116//
f 6116// 5859// 5860//
f 6116// 5860// 6117//
f 6117// 5860// 5861//
f 6117// 5861// 6118//
f 6118// 5861// 5862//
f 6118// 5862// 6119//
f 6119// 5862// 5863//
f 6119// 5863// 6120//
f 6120// 5863// 5864//
f 6120// 5864// 6121//
f 6121// 5864// 5865//
f 6121// 5865// 6122//
f 6122// 5865// 5866//
f 6122// 5866// 6123//
f 6123// 5866// 5867//
f 6123// 5867// 6124//
f 6124// 5867// 5868//
f 6124// 5868// 6125//
f 6125// 5868// 5869//
f 6125// 5869// 6126//
f 6126// 5869// 5870//
f 6126// 5870// 6127//
f 6127// 5870// 5871//
f 6127// 5871// 6128//
f 6128// 5871// 5872//
f 6128// 5872// 6129//
f 6129// 5872// 5873//
f 6129// 5873// 6130//
f 6130// 5873// 5874//
f 6130// 5874// 6131//
f 6131// 5874// 5875//
f 6131// 5875// 6132//
f 6132// 5875// 5876//
f 6132// 5876// 6133//
f 6133// 5876// 5877//
f 6133// 5877// 6134//
f 6134// 5877// 5878//
f 6134// 5878// 6135//
f 6135// 5878// 5879//
f 6135// 5879// 6136//
f 6136// 5879// 5880//
f 6136// 5880// 6137//
f 6137// 5880// 5881//
f 6137// 5881// 6138//
f 6138// 5881// 5882//
f 6138// 5882// 6139//
f 6139// 5882// 5883//
f 6139// 5883// 6140//
f 6140// 5883// 5884//
f 506// 505// 5885//
f 5885// 505// 6141//
f 5885// 6141// 5886//
f 5886// 6141// 6142//
f 5886// 6142// 5887//
f 5887// 6142// 6143//
f 5887// 6143// 5888//
f 5888// 6143// 6144//
f 5888// 6144// 5889//
f 5889// 6144// 6145//
f 5889// 6145// 5890//
f 5890// 6145// 6146//
f 5890// 6146// 5891//
f 5891// 6146// 6147//
f 5891// 6147// 5892//
f 5892// 6147// 6148//
f 5892// 6148// 5893//
f 5893// 6148// 6149//
f 5893// 6149// 5894//
f 5894// 6149// 6150//
f 5894// 6150// 5895//
f 5895// 6150// 6151//
f 5895// 6151// 5896//
f 5896// 6151// 6152//
f 5896// 6152// 5897//
f 5897// 6152// 6153//
f 5897// 6153// 5898//
f 5898// 6153// 6154//
f 5898// 6154// 5899//
f 5899// 6154// 6155//
f 5899// 6155// 5900//
f 5900// 6155// 6156//
f 5900// 6156// 5901//
f 5901// 6156// 6157//
f 5901// 6157// 5902//
f 5902// 6157// 6158//
f 5902// 6158// 5903//
f 5903// 6158// 6159//
f 5903// 6159// 5904//
f 5904// 6159// 6160//
f 5904// 6160// 5905//
f 5905// 6160// 6161//
f 5905// 6161// 5906//
f 5906// 6161// 6162//
f 5906// 6162// 5907//
f 5907// 6162// 6163//
f 5907// 6163// 5908//
f 5908// 6163// 6164//
f 5908// 6164// 5909//
f 5909// 6164// 6165//
f 5909// 6165// 5910//
f 5910// 6165// 6166//
f 5910// 6166// 5911//
f 5911// 6166// 6167//
f 5911// 6167// 5912//
f 5912// 6167// 6168//
f 5912// 6168// 5913//
f 5913// 6168// 6169//
f 5913// 6169// 5914//
f 5914// 6169// 6170//
f 5914// 6170// 5915//
f 5915// 6170// 6171//
f 5915// 6171// 5916//
f 5916// 6171// 6172//
f 5916// 6172// 5917//
f 5917// 6172// 6173//
f 5917// 6173// 5918//
f 5918// 6173// 6174//
f 5918// 6174// 5919//
f 5919// 6174// 6175//
f 5919// 6175// 5920//
f 5920// 6175// 6176//
f 5920// 6176// 5921//
f 5921// 6176// 6177//
f 5921// 6177// 5922//
f 5922// 6177// 6178//
f 5922// 6178// 5923//
f 5923// 6178// 6179//
f 5923// 6179// 5924//
f 5924// 6179// 6180//
f 5924// 6180// 5925//
f 5925// 6180// 6181//
f 5925// 6181// 5926//
f 5926// 6181// 6182//
f 5926// 6182// 5927//
f 5927// 6182// 6183//
f 5927// 6183// 5928//
f 5928// 6183// 6184//
f 5928// 6184// 5929//
f 5929// 6184// 6185//
f 5929// 6185// 5930//
f 5930// 6185// 6186//
f 5930// 6186// 5931//
f 5931// 6186// 6187//
f 5931// 6187// 5932//
f 5932// 6187// 6188//
f 5932// 6188// 5933//
f 5933// 6188// 6189//
f 5933// 6189// 5934//
f 5934// 6189// 6190//
f 5934// 6190// 5935//
f 5935// 6190// 6191//
f 5935// 6191// 5936//
f 5936// 6191// 6192//
f 5936// 6192// 5937//
f 5937// 6192// 6193//
f 5937// 6193// 5938//
f 5938// 6193// 6194//
f 5938// 6194// 5939//
f 5939// 6194// 6195//
f 5939// 6195// 5940//
f 5940// 6195// 6196//
f 5940// 6196// 5941//
f 5941// 6196// 6197//
f 5941// 6197// 5942//
f 5942// 6197// 6198//
f 5942// 6198// 5943//
f 5943// 6198// 6199//
f 5943// 6199// 5944//
f 5944// 6199// 6200//
f 5944// 6200// 5945//
f 5945// 6200// 6201//
f 5945// 6201// 5946//
f 5946// 6201// 6202//
f 5946// 6202// 5947//
f 5947// 6202// 6203//
f 5947// 6203// 5948//
f 5948// 6203// 6204//
f 5948// 6204// 5949//
f 5949// 6204// 6205//
f 5949// 6205// 5950//
f 5950// 6205// 6206//
f 5950// 6206// 5951//
f 5951// 6206// 6207//
f 5951// 6207// 5952//
f 5952// 6207// 6208//
f 5952// 6208// 5953//
f 5953// 6208// 6209//
f 5953// 6209// 5954//
f 5954// 6209// 6210//
f 5954// 6210// 5955//
f 5955// 6210// 6211//
f 5955// 6211// 5956//
f 5956// 6211// 6212//
f 5956// 6212// 5957//
f 5957// 6212// 6213//
f 5957// 6213// 5958//
f 5958// 6213// 6214//
f 5958// 6214// 5959//
f 5959// 6214// 6215//
f 5959// 6215// 5960//
f 5960// 6215// 6216//
f 5960// 6216// 5961//
f 5961// 6216// 6217//
f 5961// 6217// 5962//
f 5962// 6217// 6218//
f 5962// 6218// 5963//
f 5963// 6218// 6219//
f 5963// 6219// 5964//
f 5964// 6219// 6220//
f 5964// 6220// 5965//
f 5965// 6220// 6221//
f 5965// 6221// 5966//
f 5966// 6221// 6222//
f 5966// 6222// 5967//
f 5967// 6222// 6223//
f 5967// 6223// 5968//
f 5968// 6223// 6224//
f 5968// 6224// 5969//
f 5969// 6224// 6225//
f 5969// 6225// 5970//
f 5970// 6225// 6226//
f 5970// 6226// 5971//
f 5971// 6226// 6227//
f 5971// 6227// 5972//
f 5972// 6227// 6228//
f 5972// 6228// 5973//
f 5973// 6228// 6229//
f 5973// 6229// 5974//
f 5974// 6229// 6230//
f 5974// 6230// 5975//
f 5975// 6230// 6231//
f 5975// 6231// 5976//
f 5976// 6231// 6232//
f 5976// 6232// 5977//
f 5977// 6232// 6233//
f 5977// 6233// 5978//
f 5978// 6233// 6234//
f 5978// 6234// 5979//
f 5979// 6234// 6235//
f 5979// 6235// 5980//
f 5980// 6235// 6236//
f 5980// 6236// 5981//
f 5981// 6236// 6237//
f 5981// 6237// 5982//
f 5982// 6237// 6238//
f 5982// 6238// 5983//
f 5983// 6238// 6239//
f 5983// 6239// 5984//
f 5984// 6239// 6240//
f 5984// 6240// 5985//
f 5985// 6240// 6241//
f 5985// 6241// 5986//
f 5986// 6241// 6242//
f 5986// 6242// 5987//
f 5987// 6242// 6243//
f 5987// 6243// 5988//
f 5988// 6243// 6244//
f 5988// 6244// 5989//
f 5989// 6244// 6245//
f 5989// 6245// 5990//
f 5990// 6245// 6246//
f 5990// 6246// 5991//
f 5991// 6246// 6247//
f 5991// 6247// 5992//
f 5992// 6247// 6248//
f 5992// 6248// 5993//
f 5993// 6248// 6249//
f 5993// 6249// 5994//
f 5994// 6249// 6250//
f 5994// 6250// 5995//
f 5995// 6250// 6251//
f 5995// 6251// 5996//
f 5996// 6251// 6252//
f 5996// 6252// 5997//
f 5997// 6252// 6253//
f 5997// 6253// 5998//
f 5998// 6253// 6254//
f 5998// 6254// 5999//
f 5999// 6254// 6255//
f 5999// 6255// 6000//
f 6000// 6255// 6256//
f 6000// 6256// 6001//
f 6001// 6256// 6257//
f 6001// 6257// 6002//
f 6002// 6257// 6258//
f 6002// 6258// 6003//
f 6003// 6258// 6259//
f 6003// 6259// 6004//
f 6004// 6259// 6260//
f 6004// 6260// 6005//
f 6005// 6260// 6261//
f 6005// 6261// 6006//
f 6006// 6261// 6262//
f 6006// 6262// 6007//
f 6007// 6262// 6263//
f 6007// 6263// 6008//
f 6008// 6263// 6264//
f 6008// 6264// 6009//
f 6009// 6264// 6265//
f 6009// 6265// 6010//
f 6010// 6265// 6266//
f 6010// 6266// 6011//
f 6011// 6266// 6267//
f 6011// 6267// 6012//
f 6012// 6267// 6268//
f 458// 463// 6269//
f 6269// 463// 6013//
f 6269// 6013// 6270//
f 6270// 6013// 6014//
f 6270// 6014// 6271//
f 6271// 6014// 6015//
f 6271// 6015// 6272//
f 6272// 6015// 6016//
f 6272// 6016// 6273//
f 6273// 6016// 6017//
f 6273// 6017// 6274//
f 6274// 6017// 6018//
f 6274// 6018// 6275//
f 6275// 6018// 6019//
f 6275// 6019// 6276//
f 6276// 6019// 6020//
f 6276// 6020// 6277//
f 6277// 6020// 6021//
f 6277// 6021// 6278//
f 6278// 6021// 6022//
f 6278// 6022// 6279//
f 6279// 6022// 6023//
f 6279// 6023// 6280//
f 6280// 6023// 6024//
f 6280// 6024// 6281//
f 6281// 6024// 6025//
f 6281// 6025// 6282//
f 6282// 6025// 6026//
f 6282// 6026// 6283//
f 6283// 6026// 6027//
f 6283// 6027// 6284//
f 6284// 6027// 6028//
f 6284// 6028// 6285//
f 6285// 6028// 6029//
f 6285// 6029// 6286//
f 6286// 6029// 6030//
f 6286// 6030// 6287//
f 6287// 6030// 6031//
f 6287// 6031// 6288//
f 6288// 6031// 6032//
f 6288// 6032// 6289//
f 6289// 6032// 6033//
f 6289// 6033// 6290//
f 6290// 6033// 6034//
f 6290// 6034// 6291//
f 6291// 6034// 6035//
f 6291// 6035// 6292//
f 6292// 6035// 6036//
f 6292// 6036// 6293//
f 6293// 6036// 6037//
f 6293// 6037// 6294//
f 6294// 6037// 6038//
f 6294// 6038// 6295//
f 6295// 6038// 6039//
f 6295// 6039// 6296//
f 6296// 6039// 6040//
f 6296// 6040// 6297//
f 6297// 6040// 6041//
f 6297// 6041// 6298//
f 6298// 6041// 6042//
f 6298// 6042// 6299//
f 6299// 6042// 6043//
f 6299// 6043// 6300//
f 6300// 6043// 6044//
f 6300// 6044// 6301//
f 6301// 6044// 6045//
f 6301// 6045// 6302//
f 6302// 6045// 6046//
f 6302// 6046// 6303//
f 6303// 6046// 6047//
f 6303// 6047// 6304//
f 6304// 6047// 6048//
f 6304// 6048// 6305//
f 6305// 6048// 6049//
f 6305// 6049// 6306//
f 6306// 6049// 6050//
f 6306// 6050// 6307//
f 6307// 6050// 6051//
f 6307// 6051// 6308//
f 6308// 6051// 6052//
f 6308// 6052// 6309//
f 6309// 6052// 6053//
f 6309// 6053// 6310//
f 6310// 6053// 6054//
f 6310// 6054// 6311//
f 6311// 6054// 6055//
f 6311// 6055// 6312//
f 6312// 6055// 6056//
f 6312// 6056// 6313//
f 6313// 6056// 6057//
f 6313// 6057// 6314//
f 6314// 6057// 6058//
f 6314// 6058// 6315//
f 6315// 6058// 6059//
f 6315// 6059// 6316//
f 6316// 6059// 6060//
f 6316// 6060// 6317//
f 6317// 6060// 6061//
f 6317// 6061// 6318//
f 6318// 6061// 6062//
f 6318// 6062// 6319//
f 6319// 6062// 6063//
f 6319// 6063// 6320//
f 6320// 6063// 6064//
f 6320// 6064// 6321//
f 6321// 6064// 6065//
f 6321// 6065// 6322//
f 6322// 6065// 6066//
f 6322// 6066// 6323//
f 6323// 6066// 6067//
f 6323// 6067// 6324//
f 6324// 6067// 6068//
f 6324// 6068// 6325//
f 6325// 6068// 6069//
f 6325// 6069// 6326//
f 6326// 6069// 6070//
f 6326// 6070// 6327//
f 6327// 6070// 6071//
f 6327// 6071// 6328//
f 6328// 6071// 6072//
f 6328// 6072// 6329//
f 6329// 6072// 6073//
f 6329// 6073// 6330//
f 6330// 6073// 6074//
f 6330// 6074// 6331//
f 6331// 6074// 6075//
f 6331// 6075// 6332//
f 6332// 6075// 6076//
f 6332// 6076// 6333//
f 6333// 6076// 6077//
f 6333// 6077// 6334//
f 6334// 6077// 6078//
f 6334// 6078// 6335//
f 6335// 6078// 6079//
f 6335// 6079// 6336//
f 6336// 6079// 6080//
f 6336// 6080// 6337//
f 6337// 6080// 6081//
f 6337// 6081// 6338//
f 6338// 6081// 6082//
f 6338// 6082// 6339//
f 6339// 6082// 6083//
f 6339// 6083// 6340//
f 6340// 6083// 6084//
f 6340// 6084// 6341//
f 6341// 6084// 6085//
f 6341// 6085// 6342//
f 6342// 6085// 6086//
f 6342// 6086// 6343//
f 6343// 6086// 6087//
f 6343// 6087// 6344//
f 6344// 6087// 6088//
f 6344// 6088// 6345//
f 6345// 6088// 6089//
f 6345// 6089// 6346//
f 6346// 6089// 6090//
f 6346// 6090// 6347//
f 6347// 6090// 6091//
f 6347// 6091// 6348//
f 6348// 6091// 6092//
f 6348// 6092// 6349//
f 6349// 6092// 6093//
f 6349// 6093// 6350//
f 6350// 6093// 6094//
f 6350// 6094// 6351//
f 6351// 6094// 6095//
f 6351// 6095// 6352//
f 6352// 6095// 6096//
f 6352// 6096// 6353//
f 6353// 6096// 6097//
f 6353// 6097// 6354//
f 6354// 6097// 6098//
f 6354// 6098// 6355//
f 6355// 6098// 6099//
f 6355// 6099// 6356//
f 6356// 6099// 6100//
f 6356// 6100// 6357//
f 6357// 6100// 6101//
f 6357// 6101// 6358//
f 6358// 6101// 6102//
f 6358// 6102// 6359//
f 6359// 6102// 6103//
f 6359// 6103// 6360//
f 6360// 6103// 6104//
f 6360// 6104// 6361//
f 6361// 6104// 6105//
f 6361// 6105// 6362//
f 6362// 6105// 6106//
f 6362// 6106// 6363//
f 6363// 6106// 6107//
f 6363// 6107// 6364//
f 6364// 6107// 6108//
f 6364// 6108// 6365//
f 6365// 6108// 6109//
f 6365// 6109// 6366//
f 6366// 6109// 6110//
f 6366// 6110// 6367//
f 6367// 6110// 6111//
f 6367// 6111// 6368//
f 6368// 6111// 6112//
f 6368// 6112// 6369//
f 6369// 6112// 6113//
f 6369// 6113// 6370//
f 6370// 6113// 6114//
f 6370// 6114// 6371//
f 6371// 6114// 6115//
f 6371// 6115// 6372//
f 6372// 6115// 6116//
f 6372// 6116// 6373//
f 6373// 6116// 6117//
f 6373// 6117// 6374//
f 6374// 6117// 6118//
f 6374// 6118// 6375//
f 6375// 6118// 6119//
f 6375// 6119// 6376//
f 6376// 6119// 6120//
f 6376// 6120// 6377//
f 6377// 6120// 6121//
f 6377// 6121// 6378//
f 6378// 6121// 6122//
f 6378// 6122// 6379//
f 6379// 6122// 6123//
f 6379// 6123// 6380//
f 6380// 6123// 6124//
f 6380// 6124// 6381//
f 6381// 6124// 6125//
f 6381// 6125// 6382//
f 6382// 6125// 6126//
f 6382// 6126// 6383//
f 6383// 6126// 6127//
f 6383// 6127// 6384//
f 6384// 6127// 6128//
f 6384// 6128// 6385//
f 6385// 6128// 6129//
f 6385// 6129// 6386//
f 6386// 6129// 6130//
f 6386// 6130// 6387//
f 6387// 6130// 6131//
f 6387// 6131// 6388//
f 6388// 6131// 6132//
f 6388// 6132// 6389//
f 6389// 6132// 6133//
f 6389// 6133// 6390//
f 6390// 6133// 6134//
f 6390// 6134// 6391//
f 6391// 6134// 6135//
f 6391// 6135// 6392//
f 6392// 6135// 6136//
f 6392// 6136// 6393//
f 6393// 6136// 6137//
f 6393// 6137// 6394//
f 6394// 6137// 6138//
f 6394// 6138// 6395//
f 6395// 6138// 6139//
f 6395// 6139// 6396//
f 6396// 6139// 6140//
f 505// 504// 6141//
f 6141// 504// 6397//
f 6141// 6397// 6142//
f 6142// 6397// 6398//
f 6142// 6398// 6143//
f 6143// 6398// 6399//
f 6143// 6399// 6144//
f 6144// 6399// 6400//
f 6144// 6400// 6145//
f 6145// 6400// 6401//
f 6145// 6401// 6146//
f 6146// 6401// 6402//
f 6146// 6402// 6147//
f 6147// 6402// 6403//
f 6147// 6403// 6148//
f 6148// 6403// 6404//
f 6148// 6404// 6149//
f 6149// 6404// 6405//
f 6149// 6405// 6150//
f 6150// 6405// 6406//
f 6150// 6406// 6151//
f 6151// 6406// 6407//
f 6151// 6407// 6152//
f 6152// 6407// 6408//
f 6152// 6408// 6153//
f 6153// 6408// 6409//
f 6153// 6409// 6154//
f 6154// 6409// 6410//
f 6154// 6410// 6155//
f 6155// 6410// 6411//
f 6155// 6411// 6156//
f 6156// 6411// 6412//
f 6156// 6412// 6157//
f 6157// 6412// 6413//
f 6157// 6413// 6158//
f 6158// 6413// 6414//
f 6158// 6414// 6159//
f 6159// 6414// 6415//
f 6159// 6415// 6160//
f 6160// 6415// 6416//
f 6160// 6416// 6161//
f 6161// 6416// 6417//
f 6161// 6417// 6162//
f 6162// 6417// 6418//
f 6162// 6418// 6163//
f 6163// 6418// 6419//
f 6163// 6419// 6164//
f 6164// 6419// 6420//
f 6164// 6420// 6165//
f 6165// 6420// 6421//
f 6165// 6421// 6166//
f 6166// 6421// 6422//
f 6166// 6422// 6167//
f 6167// 6422// 6423//
f 6167// 6423// 6168//
f 6168// 6423// 6424//
f 6168// 6424// 6169//
f 6169// 6424// 6425//
f 6169// 6425// 6170//
f 6170// 6425// 6426//
f 6170// 6426// 6171//
f 6171// 6426// 6427//
f 6171// 6427// 6172//
f 6172// 6427// 6428//
f 6172// 6428// 6173//
f 6173// 6428// 6429//
f 6173// 6429// 6174//
f 6174// 6429// 6430//
f 6174// 6430// 6175//
f 6175// 6430// 6431//
f 6175// 6431// 6176//
f 6176// 6431// 6432//
f 6176// 6432// 6177//
f 6177// 6432// 6433//
f 6177// 6433// 6178//
f 6178// 6433// 6434//
f 6178// 6434// 6179//
f 6179// 6434// 6435//
f 6179// 6435// 6180//
f 6180// 6435// 6436//
f 6180// 6436// 6181//
f 6181// 6436// 6437//
f 6181// 6437// 6182//
f 6182// 6437// 6438//
f 6182// 6438// 6183//
f 6183// 6438// 6439//
f 6183// 6439// 6184//
f 6184// 6439// 6440//
f 6184// 6440// 6185//
f 6185// 6440// 6441//
f 6185// 6441// 6186//
f 6186// 6441// 6442//
f 6186// 6442// 6187//
f 6187// 6442// 6443//
f 6187// 6443// 6188//
f 6188// 6443// 6444//
f 6188// 6444// 6189//
f 6189// 6444// 6445//
f 6189// 6445// 6190//
f 6190// 6445// 6446//
f 6190// 6446// 6191//
f 6191// 6446// 6447//
f 6191// 6447// 6192//
f 6192// 6447// 6448//
f 6192// 6448// 6193//
f 6193// 6448// 6449//
f 6193// 6449// 6194//
f 6194// 6449// 6450//
f 6194// 6450// 6195//
f 6195// 6450// 6451//
f 6195// 6451// 6196//
f 6196// 6451// 6452//
f 6196// 6452// 6197//
f 6197// 6452// 6453//
f 6197// 6453// 6198//
f 6198// 6453// 6454//
f 6198// 6454// 6199//
f 6199// 6454// 6455//
f 6199// 6455// 6200//
f 6200// 6455// 6456//
f 6200// 6456// 6201//
f 6201// 6456// 6457//
f 6201// 6457// 6202//
f 6202// 6457// 6458//
f 6202// 6458// 6203//
f 6203// 6458// 6459//
f 6203// 6459// 6204//
f 6204// 6459// 6460//
f 6204// 6460// 6205//
f 6205// 6460// 6461//
f 6205// 6461// 6206//
f 6206// 6461// 6462//
f 6206// 6462// 6207//
f 6207// 6462// 6463//
f 6207// 6463// 6208//
f 6208// 6463// 6464//
f 6208// 6464// 6209//
f 6209// 6464// 6465//
f 6209// 6465// 6210//
f 6210// 6465// 6466//
f 6210// 6466// 6211//
f 6211// 6466// 6467//
f 6211// 6467// 6212//
f 6212// 6467// 6468//
f 6212// 6468// 6213//
f 6213// 6468// 6469//
f 6213// 6469// 6214//
f 6214// 6469// 6470//
f 6214// 6470// 6215//
f 6215// 6470// 6471//
f 6215// 6471// 6216//
f 6216// 6471// 6472//
f 6216// 6472// 6217//
f 6217// 6472// 6473//
f 6217// 6473// 6218//
f 6218// 6473// 6474//
f 6218// 6474// 6219//
f 6219// 6474// 6475//
f 6219// 6475// 6220//
f 6220// 6475// 6476//
f 6220// 6476// 6221//
f 6221// 6476// 6477//
f 6221// 6477// 6222//
f 6222// 6477// 6478//
f 6222// 6478// 6223//
f 6223// 6478// 6479//
f 6223// 6479// 6224//
f 6224// 6479// 6480//
f 6224// 6480// 6225//
f 6225// 6480// 6481//
f 6225// 6481// 6226//
f 6226// 6481// 6482//
f 6226// 6482// 6227//
f 6227// 6482// 6483//
f 6227// 6483// 6228//
f 6228// 6483// 6484//
f 6228// 6484// 6229//
f 6229// 6484// 6485//
f 6229// 6485// 6230//
f 6230// 6485// 6486//
f 6230// 6486// 6231//
f 6231// 6486// 6487//
f 6231// 6487// 6232//
f 6232// 6487// 6488//
f 6232// 6488// 6233//
f 6233// 6488// 6489//
f 6233// 6489// 6234//
f 6234// 6489// 6490//
f 6234// 6490// 6235//
f 6235// 6490// 6491//
f 6235// 6491// 6236//
f 6236// 6491// 6492//
f 6236// 6492// 6237//
f 6237// 6492// 6493//
f 6237// 6493// 6238//
f 6238// 6493// 6494//
f 6238// 6494// 6239//
f 6239// 6494// 6495//
f 6239// 6495// 6240//
f 6240// 6495// 6496//
f 6240// 6496// 6241//
f 6241// 6496// 6497//
f 6241// 6497// 6242//
f 6242// 6497// 6498//
f 6242// 6498// 6243//
f 6243// 6498// 6499//
f 6243// 6499// 6244//
f 6244// 6499// 6500//
f 6244// 6500// 6245//
f 6245// 6500// 6501//
f 6245// 6501// 6246//
f 6246// 6501// 6502//
f 6246// 6502// 6247//
f 6247// 6502// 6503//
f 6247// 6503// 6248//
f 6248// 6503// 6504//
f 6248// 6504// 6249//
f 6249// 6504// 6505//
f 6249// 6505// 6250//
f 6250// 6505// 6506//
f 6250// 6506// 6251//
f 6251// 6506// 6507//
f 6251// 6507// 6252//
f 6252// 6507// 6508//
f 6252// 6508// 6253//
f 6253// 6508// 6509//
f 6253// 6509// 6254//
f 6254// 6509// 6510//
f 6254// 6510// 6255//
f 6255// 6510// 6511//
f 6255// 6511// 6256//
f 6256// 6511// 6512//
f 6256// 6512// 6257//
f 6257// 6512// 6513//
f 6257// 6513// 6258//
f 6258// 6513// 6514//
f 6258// 6514// 6259//
f 6259// 6514// 6515//
f 6259// 6515// 6260//
f 6260// 6515// 6516//
f 6260// 6516// 6261//
f 6261// 6516// 6517//
f 6261// 6517// 6262//
f 6262// 6517// 6518//
f 6262// 6518// 6263//
f 6263// 6518// 6519//
f 6263// 6519// 6264//
f 6264// 6519// 6520//
f 6264// 6520// 6265//
f 6265// 6520// 6521//
f 6265// 6521// 6266//
f 6266// 6521// 6522//
f 6266// 6522// 6267//
f 6267// 6522// 6523//
f 6267// 6523// 6268//
f 6268// 6523// 6524//
f 459// 458// 6525//
f 6525// 458// 6269//
f 6525// 6269// 6526//
f 6526// 6269// 6270//
f 6526// 6270// 6527//
f 6527// 6270// 6271//
f 6527// 6271// 6528//
f 6528// 6271// 6272//
f 6528// 6272// 6529//
f 6529// 6272// 6273//
f 6529// 6273// 6530//
f 6530// 6273// 6274//
f 6530// 6274// 6531//
f 6531// 6274// 6275//
f 6531// 6275// 6532//
f 6532// 6275// 6276//
f 6532// 6276// 6533//
f 6533// 6276// 6277//
f 6533// 6277// 6534//
f 6534// 6277// 6278//
f 6534// 6278// 6535//
f 6535// 6278// 6279//
f 6535// 6279// 6536//
f 6536// 6279// 6280//
f 6536// 6280// 6537//
f 6537// 6280// 6281//
f 6537// 6281// 6538//
f 6538// 6281// 6282//
f 6538// 6282// 6539//
f 6539// 6282// 6283//
f 6539// 6283// 6540//
f 6540// 6283// 6284//
f 6540// 6284// 6541//
f 6541// 6284// 6285//
f 6541// 6285// 6542//
f 6542// 6285// 6286//
f 6542// 6286// 6543//
f 6543// 6286// 6287//
f 6543// 6287// 6544//
f 6544// 6287// 6288//
f 6544// 6288// 6545//
f 6545// 6288// 6289//
f 6545// 6289// 6546//
f 6546// 6289// 6290//
f 6546// 6290// 6547//
f 6547// 6290// 6291//
f 6547// 6291// 6548//
f 6548// 6291// 6292//
f 6548// 6292// 6549//
f 6549// 6292// 6293//
f 6549// 6293// 6550//
f 6550// 6293// 6294//
f 6550// 6294// 6551//
f 6551// 6294// 6295//
f 6551// 6295// 6552//
f 6552// 6295// 6296//
f 6552// 6296// 6553//
f 6553// 6296// 6297//
f 6553// 6297// 6554//
f 6554// 6297// 6298//
f 6554// 6298// 6555//
f 6555// 6298// 6299//
f 6555// 6299// 6556//
f 6556// 6299// 6300//
f 6556// 6300// 6557//
f 6557// 6300// 6301//
f 6557// 6301// 6558//
f 6558// 6301// 6302//
f 6558// 6302// 6559//
f 6559// 6302// 6303//
f 6559// 6303// 6560//
f 6560// 6303// 6304//
f 6560// 6304// 6561//
f 6561// 6304// 6305//
f 6561// 6305// 6562//
f 6562// 6305// 6306//
f 6562// 6306// 6563//
f 6563// 6306// 6307//
f 6563// 6307// 6564//
f 6564// 6307// 6308//
f 6564// 6308// 6565//
f 6565// 6308// 6309//
f 6565// 6309// 6566//
f 6566// 6309// 6310//
f 6566// 6310// 6567//
f 6567// 6310// 6311//
f 6567// 6311// 6568//
f 6568// 6311// 6312//
f 6568// 6312// 6569//
f 6569// 6312// 6313//
f 6569// 6313// 6570//
f 6570// 6313// 6314//
f 6570// 6314// 6571//
f 6571// 6314// 6315//
f 6571// 6315// 6572//
f 6572// 6315// 6316//
f 6572// 6316// 6573//
f 6573// 6316// 6317//
f 6573// 6317// 6574//
f 6574// 6317// 6318//
f 6574// 6318// 6575//
f 6575// 6318// 6319//
f 6575// 6319// 6576//
f 6576// 6319// 6320//
f 6576// 6320// 6577//
f 6577// 6320// 6321//
f 6577// 6321// 6578//
f 6578// 6321// 6322//
f 6578// 6322// 6579//
f 6579// 6322// 6323//
f 6579// 6323// 6580//
f 6580// 6323// 6324//
f 6580// 6324// 6581//
f 6581// 6324// 6325//
f 6581// 6325// 6582//
f 6582// 6325// 6326//
f 6582// 6326// 6583//
f 6583// 6326// 6327//
f 6583// 6327// 6584//
f 6584// 6327// 6328//
f 6584// 6328// 6585//
f 6585// 6328// 6329//
f 6585// 6329// 6586//
f 6586// 6329// 6330//
f 6586// 6330// 6587//
f 6587// 6330// 6331//
f 6587// 6331// 6588//
f 6588// 6331// 6332//
f 6588// 6332// 6589//
f 6589// 6332// 6333//
f 6589// 6333// 6590//
f 6590// 6333// 6334//
f 6590// 6334// 6591//
f 6591// 6334// 6335//
f 6591// 6335// 6592//
f 6592// 6335// 6336//
f 6592// 6336// 6593//
f 6593// 6336// 6337//
f 6593// 6337// 6594//
f 6594// 6337// 6338//
f 6594// 6338// 6595//
f 6595// 6338// 6339//
f 6595// 6339// 6596//
f 6596// 6339// 6340//
f 6596// 6340// 6597//
f 6597// 6340// 6341//
f 6597// 6341// 6598//
f 6598// 6341// 6342//
f 6598// 6342// 6599//
f 6599// 6342// 6343//
f 6599// 6343// 6600//
f 6600// 6343// 6344//
f 6600// 6344// 6601//
f 6601// 6344// 6345//
f 6601// 6345// 6602//
f 6602// 6345// 6346//
f 6602// 6346// 6603//
f 6603// 6346// 6347//
f 6603// 6347// 6604//
f 6604// 6347// 6348//
f 6604// 6348// 6605//
f 6605// 6348// 6349//
f 6605// 6349// 6606//
f 6606// 6349// 6350//
f 6606// 6350// 6607//
f 6607// 6350// 6351//
f 6607// 6351// 6608//
f 6608// 6351// 6352//
f 6608// 6352// 6609//
f 6609// 6352// 6353//
f 6609// 6353// 6610//
f 6610// 6353// 6354//
f 6610// 6354// 6611//
f 6611// 6354// 6355//
f 6611// 6355// 6612//
f 6612// 6355// 6356//
f 6612// 6356// 6613//
f 6613// 6356// 6357//
f 6613// 6357// 6614//
f 6614// 6357// 6358//
f 6614// 6358// 6615//
f 6615// 6358// 6359//
f 6615// 6359// 6616//
f 6616// 6359// 6360//
f 6616// 6360// 6617//
f 6617// 6360// 6361//
f 6617// 6361// 6618//
f 6618// 6361// 6362//
f 6618// 6362// 6619//
f 6619// 6362// 6363//
f 6619// 6363// 6620//
f 6620// 6363// 6364//
f 6620// 6364// 6621//
f 6621// 6364// 6365//
f 6621// 6365// 6622//
f 6622// 6365// 6366//
f 6622// 6366// 6623//
f 6623// 6366// 6367//
f 6623// 6367// 6624//
f 6624// 6367// 6368//
f 6624// 6368// 6625//
f 6625// 6368// 6369//
f 6625// 6369// 6626//
f 6626// 6369// 6370//
f 6626// 6370// 6627//
f 6627// 6370// 6371//
f 6627// 6371// 6628//
f 6628// 6371// 6372//
f 6628// 6372// 6629//
f 6629// 6372// 6373//
f 6629// 6373// 6630//
f 6630// 6373// 6374//
f 6630// 6374// 6631//
f 6631// 6374// 6375//
f 6631// 6375// 6632//
f 6632// 6375// 6376//
f 6632// 6376// 6633//
f 6633// 6376// 6377//
f 6633// 6377// 6634//
f 6634// 6377// 6378//
f 6634// 6378// 6635//
f 6635// 6378// 6379//
f 6635// 6379// 6636//
f 6636// 6379// 6380//
f 6636// 6380// 6637//
f 6637// 6380// 6381//
f 6637// 6381// 6638//
f 6638// 6381// 6382//
f 6638// 6382// 6639//
f 6639// 6382// 6383//
f 6639// 6383// 6640//
f 6640// 6383// 6384//
f 6640// 6384// 6641//
f 6641// 6384// 6385//
f 6641// 6385// 6642//
f 6642// 6385// 6386//
f 6642// 6386// 6643//
f 6643// 6386// 6387//
f 6643// 6387// 6644//
f 6644// 6387// 6388//
f 6644// 6388// 6645//
f 6645// 6388// 6389//
f 6645// 6389// 6646//
f 6646// 6389// 6390//
f 6646// 6390// 6647//
f 6647// 6390// 6391//
f 6647// 6391// 6648//
f 6648// 6391// 6392//
f 6648// 6392// 6649//
f 6649// 6392// 6393//
f 6649// 6393// 6650//
f 6650// 6393// 6394//
f 6650// 6394// 6651//
f 6651// 6394// 6395//
f 6651// 6395// 6652//
f 6652// 6395// 6396//
f 504// 508// 6397//
f 6397// 508// 6653//
f 6397// 6653// 6398//
f 6398// 6653// 6654//
f 6398// 6654// 6399//
f 6399// 6654// 6655//
f 6399// 6655// 6400//
f 6400// 6655// 6656//
f 6400// 6656// 6401//
f 6401// 6656// 6657//
f 6401// 6657// 6402//
f 6402// 6657// 6658//
f 6402// 6658// 6403//
f 6403// 6658// 6659//
f 6403// 6659// 6404//
f 6404// 6659// 6660//
f 6404// 6660// 6405//
f 6405// 6660// 6661//
f 6405// 6661// 6406//
f 6406// 6661// 6662//
f 6406// 6662// 6407//
f 6407// 6662// 6663//
f 6407// 6663// 6408//
f 6408// 6663// 6664//
f 6408// 6664// 6409//
f 6409// 6664// 6665//
f 6409// 6665// 6410//
f 6410// 6665// 6666//
f 6410// 6666// 6411//
f 6411// 6666// 6667//
f 6411// 6667// 6412//
f 6412// 6667// 6668//
f 6412// 6668// 6413//
f 6413// 6668// 6669//
f 6413// 6669// 6414//
f 6414// 6669// 6670//
f 6414// 6670// 6415//
f 6415// 6670// 6671//
f 6415// 6671// 6416//
f 6416// 6671// 6672//
f 6416// 6672// 6417//
f 6417// 6672// 6673//
f 6417// 6673// 6418//
f 6418// 6673// 6674//
f 6418// 6674// 6419//
f 6419// 6674// 6675//
f 6419// 6675// 6420//
f 6420// 6675// 6676//
f 6420// 6676// 6421//
f 6421// 6676// 6677//
f 6421// 6677// 6422//
f 6422// 6677// 6678//
f 6422// 6678// 6423//
f 6423// 6678// 6679//
f 6423// 6679// 6424//
f 6424// 6679// 6680//
f 6424// 6680// 6425//
f 6425// 6680// 6681//
f 6425// 6681// 6426//
f 6426// 6681// 6682//
f 6426// 6682// 6427//
f 6427// 6682// 6683//
f 6427// 6683// 6428//
f 6428// 6683// 6684//
f 6428// 6684// 6429//
f 6429// 6684// 6685//
f 6429// 6685// 6430//
f 6430// 6685// 6686//
f 6430// 6686// 6431//
f 6431// 6686// 6687//
f 6431// 6687// 6432//
f 6432// 6687// 6688//
f 6432// 6688// 6433//
f 6433// 6688// 6689//
f 6433// 6689// 6434//
f 6434// 6689// 6690//
f 6434// 6690// 6435//
f 6435// 6690// 6691//
f 6435// 6691// 6436//
f 6436// 6691// 6692//
f 6436// 6692// 6437//
f 6437// 6692// 6693//
f 6437// 6693// 6438//
f 6438// 6693// 6694//
f 6438// 6694// 6439//
f 6439// 6694// 6695//
f 6439// 6695// 6440//
f 6440// 6695// 6696//
f 6440// 6696// 6441//
f 6441// 6696// 6697//
f 6441// 6697// 6442//
f 6442// 6697// 6698//
f 6442// 6698// 6443//
f 6443// 6698// 6699//
f 6443// 6699// 6444//
f 6444// 6699// 6700//
f 6444// 6700// 6445//
f 6445// 6700// 6701//
f 6445// 6701// 6446//
f 6446// 6701// 6702//
f 6446// 6702// 6447//
f 6447// 6702// 6703//
f 6447// 6703// 6448//
f 6448// 6703// 6704//
f 6448// 6704// 6449//
f 6449// 6704// 6705//
f 6449// 6705// 6450//
f 6450// 6705// 6706//
f 6450// 6706// 6451//
f 6451// 6706// 6707//
f 6451// 6707// 6452//
f 6452// 6707// 6708//
f 6452// 6708// 6453//
f 6453// 6708// 6709//
f 6453// 6709// 6454//
f 6454// 6709// 6710//
f 6454// 6710// 6455//
f 6455// 6710// 6711//
f 6455// 6711// 6456//
f 6456// 6711// 6712//
f 6456// 6712// 6457//
f 6457// 6712// 6713//
f 6457// 6713// 6458//
f 6458// 6713// 6714//
f 6458// 6714// 6459//
f 6459// 6714// 6715//
f 6459// 6715// 6460//
f 6460// 6715// 6716//
f 6460// 6716// 6461//
f 6461// 6716// 6717//
f 6461// 6717// 6462//
f 6462// 6717// 6718//
f 6462// 6718// 6463//
f 6463// 6718// 6719//
f 6463// 6719// 6464//
f 6464// 6719// 6720//
f 6464// 6720// 6465//
f 6465// 6720// 6721//
f 6465// 6721// 6466//
f 6466// 6721// 6722//
f 6466// 6722// 6467//
f 6467// 6722// 6723//
f 6467// 6723// 6468//
f 6468// 6723// 6724//
f 6468// 6724// 6469//
f 6469// 6724// 6725//
f 6469// 6725// 6470//
f 6470// 6725// 6726//
f 6470// 6726// 6471//
f 6471// 6726// 6727//
f 6471// 6727// 6472//
f 6472// 6727// 6728//
f 6472// 6728// 6473//
f 6473// 6728// 6729//
f 6473// 6729// 6474//
f 6474// 6729// 6730//
f 6474// 6730// 6475//
f 6475// 6730// 6731//
f 6475// 6731// 6476//
f 6476// 6731// 6732//
f 6476// 6732// 6477//
f 6477// 6732// 6733//
f 6477// 6733// 6478//
f 6478// 6733// 6734//
f 6478// 6734// 6479//
f 6479// 6734// 6735//
f 6479// 6735// 6480//
f 6480// 6735// 6736//
f 6480// 6736// 6481//
f 6481// 6736// 6737//
f 6481// 6737// 6482//
f 6482// 6737// 6738//
f 6482// 6738// 6483//
f 6483// 6738// 6739//
f 6483// 6739// 6484//
f 6484// 6739// 6740//
f 6484// 6740// 6485//
f 6485// 6740// 6741//
f 6485// 6741// 6486//
f 6486// 6741// 6742//
f 6486// 6742// 6487//
f 6487// 6742// 6743//
f 6487// 6743// 6488//
f 6488// 6743// 6744//
f 6488// 6744// 6489//
f 6489// 6744// 6745//
f 6489// 6745// 6490//
f 6490// 6745// 6746//
f 6490// 6746// 6491//
f 6491// 6746// 6747//
f 6491// 6747// 6492//
f 6492// 6747// 6748//
f 6492// 6748// 6493//
f 6493// 6748// 6749//
f 6493// 6749// 6494//
f 6494// 6749// 6750//
f 6494// 6750// 6495//
f 6495// 6750// 6751//
f 6495// 6751// 6496//
f 6496// 6751// 6752//
f 6496// 6752// 6497//
f 6497// 6752// 6753//
f 6497// 6753// 6498//
f 6498// 6753// 6754//
f 6498// 6754// 6499//
f 6499// 6754// 6755//
f 6499// 6755// 6500//
f 6500// 6755// 6756//
f 6500// 6756// 6501//
f 6501// 6756// 6757//
f 6501// 6757// 6502//
f 6502// 6757// 6758//
f 6502// 6758// 6503//
f 6503// 6758// 6759//
f 6503// 6759// 6504//
f 6504// 6759// 6760//
f 6504// 6760// 6505//
f 6505// 6760// 6761//
f 6505// 6761// 6506//
f 6506// 6761// 6762//
f 6506// 6762// 6507//
f 6507// 6762// 6763//
f 6507// 6763// 6508//
f 6508// 6763// 6764//
f 6508// 6764// 6509//
f 6509// 6764// 6765//
f 6509// 6765// 6510//
f 6510// 6765// 6766//
f 6510// 6766// 6511//
f 6511// 6766// 6767//
f 6511// 6767// 6512//
f 6512// 6767// 6768//
f 6512// 6768// 6513//
f 6513// 6768// 6769//
f 6513// 6769// 6514//
f 6514// 6769// 6770//
f 6514// 6770// 6515//
f 6515// 6770// 6771//
f 6515// 6771// 6516//
f 6516// 6771// 6772//
f 6516// 6772// 6517//
f 6517// 6772// 6773//
f 6517// 6773// 6518//
f 6518// 6773// 6774//
f 6518// 6774// 6519//
f 6519// 6774// 6775//
f 6519// 6775// 6520//
f 6520// 6775// 6776//
f 6520// 6776// 6521//
f 6521// 6776// 6777//
f 6521// 6777// 6522//
f 6522// 6777// 6778//
f 6522// 6778// 6523//
f 6523// 6778// 6779//
f 6523// 6779// 6524//
f 6524// 6779// 6780//
f 460// 459// 6781//
f 6781// 459// 6525//
f 6781// 6525// 6782//
f 6782// 6525// 6526//
f 6782// 6526// 6783//
f 6783// 6526// 6527//
f 6783// 6527// 6784//
f 6784// 6527// 6528//
f 6784// 6528// 6785//
f 6785// 6528// 6529//
f 6785// 6529// 6786//
f 6786// 6529// 6530//
f 6786// 6530// 6787//
f 6787// 6530// 6531//
f 6787// 6531// 6788//
f 6788// 6531// 6532//
f 6788// 6532// 6789//
f 6789// 6532// 6533//
f 6789// 6533// 6790//
f 6790// 6533// 6534//
f 6790// 6534// 6791//
f 6791// 6534// 6535//
f 6791// 6535// 6792//
f 6792// 6535// 6536//
f 6792// 6536// 6793//
f 6793// 6536// 6537//
f 6793// 6537// 6794//
f 6794// 6537// 6538//
f 6794// 6538// 6795//
f 6795// 6538// 6539//
f 6795// 6539// 6796//
f 6796// 6539// 6540//
f 6796// 6540// 6797//
f 6797// 6540// 6541//
f 6797// 6541// 6798//
f 6798// 6541// 6542//
f 6798// 6542// 6799//
f 6799// 6542// 6543//
f 6799// 6543// 6800//
f 6800// 6543// 6544//
f 6800// 6544// 6801//
f 6801// 6544// 6545//
f 6801// 6545// 6802//
f 6802// 6545// 6546//
f 6802// 6546// 6803//
f 6803// 6546// 6547//
f 6803// 6547// 6804//
f 6804// 6547// 6548//
f 6804// 6548// 6805//
f 6805// 6548// 6549//
f 6805// 6549// 6806//
f 6806// 6549// 6550//
f 6806// 6550// 6807//
f 6807// 6550// 6551//
f 6807// 6551// 6808//
f 6808// 6551// 6552//
f 6808// 6552// 6809//
f 6809// 6552// 6553//
f 6809// 6553// 6810//
f 6810// 6553// 6554//
f 6810// 6554// 6811//
f 6811// 6554// 6555//
f 6811// 6555// 6812//
f 6812// 6555// 6556//
f 6812// 6556// 6813//
f 6813// 6556// 6557//
f 6813// 6557// 6814//
f 6814// 6557// 6558//
f 6814// 6558// 6815//
f 6815// 6558// 6559//
f 6815// 6559// 6816//
f 6816// 6559// 6560//
f 6816// 6560// 6817//
f 6817// 6560// 6561//
f 6817// 6561// 6818//
f 6818// 6561// 6562//
f 6818// 6562// 6819//
f 6819// 6562// 6563//
f 6819// 6563// 6820//
f 6820// 6563// 6564//
f 6820// 6564// 6821//
f 6821// 6564// 6565//
f 6821// 6565// 6822//
f 6822// 6565// 6566//
f 6822// 6566// 6823//
f 6823// 6566// 6567//
f 6823// 6567// 6824//
f 6824// 6567// 6568//
f 6824// 6568// 6825//
f 6825// 6568// 6569//
f 6825// 6569// 6826//
f 6826// 6569// 6570//
f 6826// 6570// 6827//
f 6827// 6570// 6571//
f 6827// 6571// 6828//
f 6828// 6571// 6572//
f 6828// 6572// 6829//
f 6829// 6572// 6573//
f 6829// 6573// 6830//
f 6830// 6573// 6574//
f 6830// 6574// 6831//
f 6831// 6574// 6575//
f 6831// 6575// 6832//
f 6832// 6575// 6576//
f 6832// 6576// 6833//
f 6833// 6576// 6577//
f 6833// 6577// 6834//
f 6834// 6577// 6578//
f 6834// 6578// 6835//
f 6835// 6578// 6579//
f 6835// 6579// 6836//
f 6836// 6579// 6580//
f 6836// 6580// 6837//
f 6837// 6580// 6581//
f 6837// 6581// 6838//
f 6838// 6581// 6582//
f 6838// 6582// 6839//
f 6839// 6582// 6583//
f 6839// 6583// 6840//
f 6840// 6583// 6584//
f 6840// 6584// 6841//
f 6841// 6584// 6585//
f 6841// 6585// 6842//
f 6842// 6585// 6586//
f 6842// 6586// 6843//
f 6843// 6586// 6587//
f 6843// 6587// 6844//
f 6844// 6587// 6588//
f 6844// 6588// 6845//
f 6845// 6588// 6589//
f 6845// 6589// 6846//
f 6846// 6589// 6590//
f 6846// 6590// 6847//
f 6847// 6590// 6591//
f 6847// 6591// 6848//
f 6848// 6591// 6592//
f 6848// 6592// 6849//
f 6849// 6592// 6593//
f 6849// 6593// 6850//
f 6850// 6593// 6594//
f 6850// 6594// 6851//
f 6851// 6594// 6595//
f 6851// 6595// 6852//
f 6852// 6595// 6596//
f 6852// 6596// 6853//
f 6853// 6596// 6597//
f 6853// 6597// 6854//
f 6854// 6597// 6598//
f 6854// 6598// 6855//
f 6855// 6598// 6599//
f 6855// 6599// 6856//
f 6856// 6599// 6600//
f 6856// 6600// 6857//
f 6857// 6600// 6601//
f 6857// 6601// 6858//
f 6858// 6601// 6602//
f 6858// 6602// 6859//
f 6859// 6602// 6603//
f 6859// 6603// 6860//
f 6860// 6603// 6604//
f 6860// 6604// 6861//
f 6861// 6604// 6605//
f 6861// 6605// 6862//
f 6862// 6605// 6606//
f 6862// 6606// 6863//
f 6863// 6606// 6607//
f 6863// 6607// 6864//
f 6864// 6607// 6608//
f 6864// 6608// 6865//
f 6865// 6608// 6609//
f 6865// 6609// 6866//
f 6866// 6609// 6610//
f 6866// 6610// 6867//
f 6867// 6610// 6611//
f 6867// 6611// 6868//
f 6868// 6611// 6612//
f 6868// 6612// 6869//
f 6869// 6612// 6613//
f 6869// 6613// 6870//
f 6870// 6613// 6614//
f 6870// 6614// 6871//
f 6871// 6614// 6615//
f 6871// 6615// 6872//
f 6872// 6615// 6616//
f 6872// 6616// 6873//
f 6873// 6616// 6617//
f 6873// 6617// 6874//
f 6874// 6617// 6618//
f 6874// 6618// 6875//
f 6875// 6618// 6619//
f 6875// 6619// 6876//
f 6876// 6619// 6620//
f 6876// 6620// 6877//
f 6877// 6620// 6621//
f 6877// 6621// 6878//
f 6878// 6621// 6622//
f 6878// 6622// 6879//
f 6879// 6622// 6623//
f 6879// 6623// 6880//
f 6880// 6623// 6624//
f 6880// 6624// 6881//
f 6881// 6624// 6625//
f 6881// 6625// 6882//
f 6882// 6625// 6626//
f 6882// 6626// 6883//
f 6883// 6626// 6627//
f 6883// 6627// 6884//
f 6884// 6627// 6628//
f 6884// 6628// 6885//
f 6885// 6628// 6629//
f 6885// 6629// 6886//
f 6886// 6629// 6630//
f 6886// 6630// 6887//
f 6887// 6630// 6631//
f 6887// 6631// 6888//
f 6888// 6631// 6632//
f 6888// 6632// 6889//
f 6889// 6632// 6633//
f 6889// 6633// 6890//
f 6890// 6633// 6634//
f 6890// 6634// 6891//
f 6891// 6634// 6635//
f 6891// 6635// 6892//
f 6892// 6635// 6636//
f 6892// 6636// 6893//
f 6893// 6636// 6637//
f 6893// 6637// 6894//
f 6894// 6637// 6638//
f 6894// 6638// 6895//
f 6895// 6638// 6639//
f 6895// 6639// 6896//
f 6896// 6639// 6640//
f 6896// 6640// 6897//
f 6897// 6640// 6641//
f 6897// 6641// 6898//
f 6898// 6641// 6642//
f 6898// 6642// 6899//
f 6899// 6642// 6643//
f 6899// 6643// 6900//
f 6900// 6643// 6644//
f 6900// 6644// 6901//
f 6901// 6644// 6645//
f 6901// 6645// 6902//
f 6902// 6645// 6646//
f 6902// 6646// 6903//
f 6903// 6646// 6647//
f 6903// 6647// 6904//
f 6904// 6647// 6648//
f 6904// 6648// 6905//
f 6905// 6648// 6649//
f 6905// 6649// 6906//
f 6906// 6649// 6650//
f 6906// 6650// 6907//
f 6907// 6650// 6651//
f 6907// 6651// 6908//
f 6908// 6651// 6652//
f 508// 507// 6653//
f 6653// 507// 6909//
f 6653// 6909// 6654//
f 6654// 6909// 6910//
f 6654// 6910// 6655//
f 6655// 6910// 6911//
f 6655// 6911// 6656//
f 6656// 6911// 6912//
f 6656// 6912// 6657//
f 6657// 6912// 6913//
f 6657// 6913// 6658//
f 6658// 6913// 6914//
f 6658// 6914// 6659//
f 6659// 6914// 6915//
f 6659// 6915// 6660//
f 6660// 6915// 6916//
f 6660// 6916// 6661//
f 6661// 6916// 6917//
f 6661// 6917// 6662//
f 6662// 6917// 6918//
f 6662// 6918// 6663//
f 6663// 6918// 6919//
f 6663// 6919// 6664//
f 6664// 6919// 6920//
f 6664// 6920// 6665//
f 6665// 6920// 6921//
f 6665// 6921// 6666//
f 6666// 6921// 6922//
f 6666// 6922// 6667//
f 6667// 6922// 6923//
f 6667// 6923// 6668//
f 6668// 6923// 6924//
f 6668// 6924// 6669//
f 6669// 6924// 6925//
f 6669// 6925// 6670//
f 6670// 6925// 6926//
f 6670// 6926// 6671//
f 6671// 6926// 6927//
f 6671// 6927// 6672//
f 6672// 6927// 6928//
f 6672// 6928// 6673//
f 6673// 6928// 6929//
f 6673// 6929// 6674//
f 6674// 6929// 6930//
f 6674// 6930// 6675//
f 6675// 6930// 6931//
f 6675// 6931// 6676//
f 6676// 6931// 6932//
f 6676// 6932// 6677//
f 6677// 6932// 6933//
f 6677// 6933// 6678//
f 6678// 6933// 6934//
f 6678// 6934// 6679//
f 6679// 6934// 6935//
f 6679// 6935// 6680//
f 6680// 6935// 6936//
f 6680// 6936// 6681//
f 6681// 6936// 6937//
f 6681// 6937// 6682//
f 6682// 6937// 6938//
f 6682// 6938// 6683//
f 6683// 6938// 6939//
f 6683// 6939// 6684//
f 6684// 6939// 6940//
f 6684// 6940// 6685//
f 6685// 6940// 6941//
f 6685// 6941// 6686//
f 6686// 6941// 6942//
f 6686// 6942// 6687//
f 6687// 6942// 6943//
f 6687// 6943// 6688//
f 6688// 6943// 6944//
f 6688// 6944// 6689//
f 6689// 6944// 6945//
f 6689// 6945// 6690//
f 6690// 6945// 6946//
f 6690// 6946// 6691//
f 6691// 6946// 6947//
f 6691// 6947// 6692//
f 6692// 6947// 6948//
f 6692// 6948// 6693//
f 6693// 6948// 6949//
f 6693// 6949// 6694//
f 6694// 6949// 6950//
f 6694// 6950// 6695//
f 6695// 6950// 6951//
f 6695// 6951// 6696//
f 6696// 6951// 6952//
f 6696// 6952// 6697//
f 6697// 6952// 6953//
f 6697// 6953// 6698//
f 6698// 6953// 6954//
f 6698// 6954// 6699//
f 6699// 6954// 6955//
f 6699// 6955// 6700//
f 6700// 6955// 6956//
f 6700// 6956// 6701//
f 6701// 6956// 6957//
f 6701// 6957// 6702//
f 6702// 6957// 6958//
f 6702// 6958// 6703//
f 6703// 6958// 6959//
f 6703// 6959// 6704//
f 6704// 6959// 6960//
f 6704// 6960// 6705//
f 6705// 6960// 6961//
f 6705// 6961// 6706//
f 6706// 6961// 6962//
f 6706// 6962// 6707//
f 6707// 6962// 6963//
f 6707// 6963// 6708//
f 6708// 6963// 6964//
f 6708// 6964// 6709//
f 6709// 6964// 6965//
f 6709// 6965// 6710//
f 6710// 6965// 6966//
f 6710// 6966// 6711//
f 6711// 6966// 6967//
f 6711// 6967// 6712//
f 6712// 6967// 6968//
f 6712// 6968// 6713//
f 6713// 6968// 6969//
f 6713// 6969// 6714//
f 6714// 6969// 6970//
f 6714// 6970// 6715//
f 6715// 6970// 6971//
f 6715// 6971// 6716//
f 6716// 6971// 6972//
f 6716// 6972// 6717//
f 6717// 6972// 6973//
f 6717// 6973// 6718//
f 6718// 6973// 6974//
f 6718// 6974// 6719//
f 6719// 6974// 6975//
f 6719// 6975// 6720//
f 6720// 6975// 6976//
f 6720// 6976// 6721//
f 6721// 6976// 6977//
f 6721// 6977// 6722//
f 6722// 6977// 6978//
f 6722// 6978// 6723//
f 6723// 6978// 6979//
f 6723// 6979// 6724//
f 6724// 6979// 6980//
f 6724// 6980// 6725//
f 6725// 6980// 6981//
f 6725// 6981// 6726//
f 6726// 6981// 6982//
f 6726// 6982// 6727//
f 6727// 6982// 6983//
f 6727// 6983// 6728//
f 6728// 6983// 6984//
f 6728// 6984// 6729//
f 6729// 6984// 6985//
f 6729// 6985// 6730//
f 6730// 6985// 6986//
f 6730// 6986// 6731//
f 6731// 6986// 6987//
f 6731// 6987// 6732//
f 6732// 6987// 6988//
f 6732// 6988// 6733//
f 6733// 6988// 6989//
f 6733// 6989// 6734//
f 6734// 6989// 6990//
f 6734// 6990// 6735//
f 6735// 6990// 6991//
f 6735// 6991// 6736//
f 6736// 6991// 6992//
f 6736// 6992// 6737//
f 6737// 6992// 6993//
f 6737// 6993// 6738//
f 6738// 6993// 6994//
f 6738// 6994// 6739//
f 6739// 6994// 6995//
f 6739// 6995// 6740//
f 6740// 6995// 6996//
f 6740// 6996// 6741//
f 6741// 6996// 6997//
f 6741// 6997// 6742//
f 6742// 6997// 6998//
f 6742// 6998// 6743//
f 6743// 6998// 6999//
f 6743// 6999// 6744//
f 6744// 6999// 7000//
f 6744// 7000// 6745//
f 6745// 7000// 7001//
f 6745// 7001// 6746//
f 6746// 7001// 7002//
f 6746// 7002// 6747//
f 6747// 7002// 7003//
f 6747// 7003// 6748//
f 6748// 7003// 7004//
f 6748// 7004// 6749//
f 6749// 7004// 7005//
f 6749// 7005// 6750//
f 6750// 7005// 7006//
f 6750// 7006// 6751//
f 6751// 7006// 7007//
f 6751// 7007// 6752//
f 6752// 7007// 7008//
f 6752// 7008// 6753//
f 6753// 7008// 7009//
f 6753// 7009// 6754//
f 6754// 7009// 7010//
f 6754// 7010// 6755//
f 6755// 7010// 7011//
f 6755// 7011// 6756//
f 6756// 7011// 7012//
f 6756// 7012// 6757//
f 6757// 7012// 7013//
f 6757// 7013// 6758//
f 6758// 7013// 7014//
f 6758// 7014// 6759//
f 6759// 7014// 7015//
f 6759// 7015// 6760//
f 6760// 7015// 7016//
f 6760// 7016// 6761//
f 6761// 7016// 7017//
f 6761// 7017// 6762//
f 6762// 7017// 7018//
f 6762// 7018// 6763//
f 6763// 7018// 7019//
f 6763// 7019// 6764//
f 6764// 7019// 7020//
f 6764// 7020// 6765//
f 6765// 7020// 7021//
f 6765// 7021// 6766//
f 6766// 7021// 7022//
f 6766// 7022// 6767//
f 6767// 7022// 7023//
f 6767// 7023// 6768//
f 6768// 7023// 7024//
f 6768// 7024// 6769//
f 6769// 7024// 7025//
f 6769// 7025// 6770//
f 6770// 7025// 7026//
f 6770// 7026// 6771//
f 6771// 7026// 7027//
f 6771// 7027// 6772//
f 6772// 7027// 7028//
f 6772// 7028// 6773//
f 6773// 7028// 7029//
f 6773// 7029// 6774//
f 6774// 7029// 7030//
f 6774// 7030// 6775//
f 6775// 7030// 7031//
f 6775// 7031// 6776//
f 6776// 7031// 7032//
f 6776// 7032// 6777//
f 6777// 7032// 7033//
f 6777// 7033// 6778//
f 6778// 7033// 7034//
f 6778// 7034// 6779//
f 6779// 7034// 7035//
f 6779// 7035// 6780//
f 6780// 7035// 7036//
f 453// 460// 7037//
f 7037// 460// 6781//
f 7037// 6781// 7038//
f 7038// 6781// 6782//
f 7038// 6782// 7039//
f 7039// 6782// 6783//
f 7039// 6783// 7040//
f 7040// 6783// 6784//
f 7040// 6784// 7041//
f 7041// 6784// 6785//
f 7041// 6785// 7042//
f 7042// 6785// 6786//
f 7042// 6786// 7043//
f 7043// 6786// 6787//
f 7043// 6787// 7044//
f 7044// 6787// 6788//
f 7044// 6788// 7045//
f 7045// 6788// 6789//
f 7045// 6789// 7046//
f 7046// 6789// 6790//
f 7046// 6790// 7047//
f 7047// 6790// 6791//
f 7047// 6791// 7048//
f 7048// 6791// 6792//
f 7048// 6792// 7049//
f 7049// 6792// 6793//
f 7049// 6793// 7050//
f 7050// 6793// 6794//
f 7050// 6794// 7051//
f 7051// 6794// 6795//
f 7051// 6795// 7052//
f 7052// 6795// 6796//
f 7052// 6796// 7053//
f 7053// 6796// 6797//
f 7053// 6797// 7054//
f 7054// 6797// 6798//
f 7054// 6798// 7055//
f 7055// 6798// 6799//
f 7055// 6799// 7056//
f 7056// 6799// 6800//
f 7056// 6800// 7057//
f 7057// 6800// 6801//
f 7057// 6801// 7058//
f 7058// 6801// 6802//
f 7058// 6802// 7059//
f 7059// 6802// 6803//
f 7059// 6803// 7060//
f 7060// 6803// 6804//
f 7060// 6804// 7061//
f 7061// 6804// 6805//
f 7061// 6805// 7062//
f 7062// 6805// 6806//
f 7062// 6806// 7063//
f 7063// 6806// 6807//
f 7063// 6807// 7064//
f 7064// 6807// 6808//
f 7064// 6808// 7065//
f 7065// 6808// 6809//
f 7065// 6809// 7066//
f 7066// 6809// 6810//
f 7066// 6810// 7067//
f 7067// 6810// 6811//
f 7067// 6811// 7068//
f 7068// 6811// 6812//
f 7068// 6812// 7069//
f 7069// 6812// 6813//
f 7069// 6813// 7070//
f 7070// 6813// 6814//
f 7070// 6814// 7071//
f 7071// 6814// 6815//
f 7071// 6815// 7072//
f 7072// 6815// 6816//
f 7072// 6816// 7073//
f 7073// 6816// 6817//
f 7073// 6817// 7074//
f 7074// 6817// 6818//
f 7074// 6818// 7075//
f 7075// 6818// 6819//
f 7075// 6819// 7076//
f 7076// 6819// 6820//
f 7076// 6820// 7077//
f 7077// 6820// 6821//
f 7077// 6821// 7078//
f 7078// 6821// 6822//
f 7078// 6822// 7079//
f 7079// 6822// 6823//
f 7079// 6823// 7080//
f 7080// 6823// 6824//
f 7080// 6824// 7081//
f 7081// 6824// 6825//
f 7081// 6825// 7082//
f 7082// 6825// 6826//
f 7082// 6826// 7083//
f 7083// 6826// 6827//
f 7083// 6827// 7084//
f 7084// 6827// 6828//
f 7084// 6828// 7085//
f 7085// 6828// 6829//
f 7085// 6829// 7086//
f 7086// 6829// 6830//
f 7086// 6830// 7087//
f 7087// 6830// 6831//
f 7087// 6831// 7088//
f 7088// 6831// 6832//
f 7088// 6832// 7089//
f 7089// 6832// 6833//
f 7089// 6833// 7090//
f 7090// 6833// 6834//
f 7090// 6834// 7091//
f 7091// 6834// 6835//
f 7091// 6835// 7092//
f 7092// 6835// 6836//
f 7092// 6836// 7093//
f 7093// 6836// 6837//
f 7093// 6837// 7094//
f 7094// 6837// 6838//
f 7094// 6838// 7095//
f 7095// 6838// 6839//
f 7095// 6839// 7096//
f 7096// 6839// 6840//
f 7096// 6840// 7097//
f 7097// 6840// 6841//
f 7097// 6841// 7098//
f 7098// 6841// 6842//
f 7098// 6842// 7099//
f 7099// 6842// 6843//
f 7099// 6843// 7100//
f 7100// 6843// 6844//
f 7100// 6844// 7101//
f 7101// 6844// 6845//
f 7101// 6845// 7102//
f 7102// 6845// 6846//
f 7102// 6846// 7103//
f 7103// 6846// 6847//
f 7103// 6847// 7104//
f 7104// 6847// 6848//
f 7104// 6848// 7105//
f 7105// 6848// 6849//
f 7105// 6849// 7106//
f 7106// 6849// 6850//
f 7106// 6850// 7107//
f 7107// 6850// 6851//
f 7107// 6851// 7108//
f 7108// 6851// 6852//
f 7108// 6852// 7109//
f 7109// 6852// 6853//
f 7109// 6853// 7110//
f 7110// 6853// 6854//
f 7110// 6854// 7111//
f 7111// 6854// 6855//
f 7111// 6855// 7112//
f 7112// 6855// 6856//
f 7112// 6856// 7113//
f 7113// 6856// 6857//
f 7113// 6857// 7114//
f 7114// 6857// 6858//
f 7114// 6858// 7115//
f 7115// 6858// 6859//
f 7115// 6859// 7116//
f 7116// 6859// 6860//
f 7116// 6860// 7117//
f 7117// 6860// 6861//
f 7117// 6861// 7118//
f 7118// 6861// 6862//
f 7118// 6862// 7119//
f 7119// 6862// 6863//
f 7119// 6863// 7120//
f 7120// 6863// 6864//
f 7120// 6864// 7121//
f 7121// 6864// 6865//
f 7121// 6865// 7122//
f 7122// 6865// 6866//
f 7122// 6866// 7123//
f 7123// 6866// 6867//
f 7123// 6867// 7124//
f 7124// 6867// 6868//
f 7124// 6868// 7125//
f 7125// 6868// 6869//
f 7125// 6869// 7126//
f 7126// 6869// 6870//
f 7126// 6870// 7127//
f 7127// 6870// 6871//
f 7127// 6871// 7128//
f 7128// 6871// 6872//
f 7128// 6872// 7129//
f 7129// 6872// 6873//
f 7129// 6873// 7130//
f 7130// 6873// 6874//
f 7130// 6874// 7131//
f 7131// 6874// 6875//
f 7131// 6875// 7132//
f 7132// 6875// 6876//
f 7132// 6876// 7133//
f 7133// 6876// 6877//
f 7133// 6877// 7134//
f 7134// 6877// 6878//
f 7134// 6878// 7135//
f 7135// 6878// 6879//
f 7135// 6879// 7136//
f 7136// 6879// 6880//
f 7136// 6880// 7137//
f 7137// 6880// 6881//
f 7137// 6881// 7138//
f 7138// 6881// 6882//
f 7138// 6882// 7139//
f 7139// 6882// 6883//
f 7139// 6883// 7140//
f 7140// 6883// 6884//
f 7140// 6884// 7141//
f 7141// 6884// 6885//
f 7141// 6885// 7142//
f 7142// 6885// 6886//
f 7142// 6886// 7143//
f 7143// 6886// 6887//
f 7143// 6887// 7144//
f 7144// 6887// 6888//
f 7144// 6888// 7145//
f 7145// 6888// 6889//
f 7145// 6889// 7146//
f 7146// 6889// 6890//
f 7146// 6890// 7147//
f 7147// 6890// 6891//
f 7147// 6891// 7148//
f 7148// 6891// 6892//
f 7148// 6892// 7149//
f 7149// 6892// 6893//
f 7149// 6893// 7150//
f 7150// 6893// 6894//
f 7150// 6894// 7151//
f 7151// 6894// 6895//
f 7151// 6895// 7152//
f 7152// 6895// 6896//
f 7152// 6896// 7153//
f 7153// 6896// 6897//
f 7153// 6897// 7154//
f 7154// 6897// 6898//
f 7154// 6898// 7155//
f 7155// 6898// 6899//
f 7155// 6899// 7156//
f 7156// 6899// 6900//
f 7156// 6900// 7157//
f 7157// 6900// 6901//
f 7157// 6901// 7158//
f 7158// 6901// 6902//
f 7158// 6902// 7159//
f 7159// 6902// 6903//
f 7159// 6903// 7160//
f 7160// 6903// 6904//
f 7160// 6904// 7161//
f 7161// 6904// 6905//
f 7161// 6905// 7162//
f 7162// 6905// 6906//
f 7162// 6906// 7163//
f 7163// 6906// 6907//
f 7163// 6907// 7164//
f 7164// 6907// 6908//
f 507// 485// 6909//
f 6909// 485// 7165//
f 6909// 7165// 6910//
f 6910// 7165// 7166//
f 6910// 7166// 6911//
f 6911// 7166// 7167//
f 6911// 7167// 6912//
f 6912// 7167// 7168//
f 6912// 7168// 6913//
f 6913// 7168// 7169//
f 6913// 7169// 6914//
f 6914// 7169// 7170//
f 6914// 7170// 6915//
f 6915// 7170// 7171//
f 6915// 7171// 6916//
f 6916// 7171// 7172//
f 6916// 7172// 6917//
f 6917// 7172// 7173//
f 6917// 7173// 6918//
f 6918// 7173// 7174//
f 6918// 7174// 6919//
f 6919// 7174// 7175//
f 6919// 7175// 6920//
f 6920// 7175// 7176//
f 6920// 7176// 6921//
f 6921// 7176// 7177//
f 6921// 7177// 6922//
f 6922// 7177// 7178//
f 6922// 7178// 6923//
f 6923// 7178// 7179//
f 6923// 7179// 6924//
f 6924// 7179// 7180//
f 6924// 7180// 6925//
f 6925// 7180// 7181//
f 6925// 7181// 6926//
f 6926// 7181// 7182//
f 6926// 7182// 6927//
f 6927// 7182// 7183//
f 6927// 7183// 6928//
f 6928// 7183// 7184//
f 6928// 7184// 6929//
f 6929// 7184// 7185//
f 6929// 7185// 6930//
f 6930// 7185// 7186//
f 6930// 7186// 6931//
f 6931// 7186// 7187//
f 6931// 7187// 6932//
f 6932// 7187// 7188//
f 6932// 7188// 6933//
f 6933// 7188// 7189//
f 6933// 7189// 6934//
f 6934// 7189// 7190//
f 6934// 7190// 6935//
f 6935// 7190// 7191//
f 6935// 7191// 6936//
f 6936// 7191// 7192//
f 6936// 7192// 6937//
f 6937// 7192// 7193//
f 6937// 7193// 6938//
f 6938// 7193// 7194//
f 6938// 7194// 6939//
f 6939// 7194// 7195//
f 6939// 7195// 6940//
f 6940// 7195// 7196//
f 6940// 7196// 6941//
f 6941// 7196// 7197//
f 6941// 7197// 6942//
f 6942// 7197// 7198//
f 6942// 7198// 6943//
f 6943// 7198// 7199//
f 6943// 7199// 6944//
f 6944// 7199// 7200//
f 6944// 7200// 6945//
f 6945// 7200// 7201//
f 6945// 7201// 6946//
f 6946// 7201// 7202//
f 6946// 7202// 6947//
f 6947// 7202// 7203//
f 6947// 7203// 6948//
f 6948// 7203// 7204//
f 6948// 7204// 6949//
f 6949// 7204// 7205//
f 6949// 7205// 6950//
f 6950// 7205// 7206//
f 6950// 7206// 6951//
f 6951// 7206// 7207//
f 6951// 7207// 6952//
f 6952// 7207// 7208//
f 6952// 7208// 6953//
f 6953// 7208// 7209//
f 6953// 7209// 6954//
f 6954// 7209// 7210//
f 6954// 7210// 6955//
f 6955// 7210// 7211//
f 6955// 7211// 6956//
f 6956// 7211// 7212//
f 6956// 7212// 6957//
f 6957// 7212// 7213//
f 6957// 7213// 6958//
f 6958// 7213// 7214//
f 6958// 7214// 6959//
f 6959// 7214// 7215//
f 6959// 7215// 6960//
f 6960// 7215// 7216//
f 6960// 7216// 6961//
f 6961// 7216// 7217//
f 6961// 7217// 6962//
f 6962// 7217// 7218//
f 6962// 7218// 6963//
f 6963// 7218// 7219//
f 6963// 7219// 6964//
f 6964// 7219// 7220//
f 6964// 7220// 6965//
f 6965// 7220// 7221//
f 6965// 7221// 6966//
f 6966// 7221// 7222//
f 6966// 7222// 6967//
f 6967// 7222// 7223//
f 6967// 7223// 6968//
f 6968// 7223// 7224//
f 6968// 7224// 6969//
f 6969// 7224// 7225//
f 6969// 7225// 6970//
f 6970// 7225// 7226//
f 6970// 7226// 6971//
f 6971// 7226// 7227//
f 6971// 7227// 6972//
f 6972// 7227// 7228//
f 6972// 7228// 6973//
f 6973// 7228// 7229//
f 6973// 7229// 6974//
f 6974// 7229// 7230//
f 6974// 7230// 6975//
f 6975// 7230// 7231//
f 6975// 7231// 6976//
f 6976// 7231// 7232//
f 6976// 7232// 6977//
f 6977// 7232// 7233//
f 6977// 7233// 6978//
f 6978// 7233// 7234//
f 6978// 7234// 6979//
f 6979// 7234// 7235//
f 6979// 7235// 6980//
f 6980// 7235// 7236//
f 6980// 7236// 6981//
f 6981// 7236// 7237//
f 6981// 7237// 6982//
f 6982// 7237// 7238//
f 6982// 7238// 6983//
f 6983// 7238// 7239//
f 6983// 7239// 6984//
f 6984// 7239// 7240//
f 6984// 7240// 6985//
f 6985// 7240// 7241//
f 6985// 7241// 6986//
f 6986// 7241// 7242//
f 6986// 7242// 6987//
f 6987// 7242// 7243//
f 6987// 7243// 6988//
f 6988// 7243// 7244//
f 6988// 7244// 6989//
f 6989// 7244// 7245//
f 6989// 7245// 6990//
f 6990// 7245// 7246//
f 6990// 7246// 6991//
f 6991// 7246// 7247//
f 6991// 7247// 6992//
f 6992// 7247// 7248//
f 6992// 7248// 6993//
f 6993// 7248// 7249//
f 6993// 7249// 6994//
f 6994// 7249// 7250//
f 6994// 7250// 6995//
f 6995// 7250// 7251//
f 6995// 7251// 6996//
f 6996// 7251// 7252//
f 6996// 7252// 6997//
f 6997// 7252// 7253//
f 6997// 7253// 6998//
f 6998// 7253// 7254//
f 6998// 7254// 6999//
f 6999// 7254// 7255//
f 6999// 7255// 7000//
f 7000// 7255// 7256//
f 7000// 7256// 7001//
f 7001// 7256// 7257//
f 7001// 7257// 7002//
f 7002// 7257// 7258//
f 7002// 7258// 7003//
f 7003// 7258// 7259//
f 7003// 7259// 7004//
f 7004// 7259// 7260//
f 7004// 7260// 7005//
f 7005// 7260// 7261//
f 7005// 7261// 7006//
f 7006// 7261// 7262//
f 7006// 7262// 7007//
f 7007// 7262// 7263//
f 7007// 7263// 7008//
f 7008// 7263// 7264//
f 7008// 7264// 7009//
f 7009// 7264// 7265//
f 7009// 7265// 7010//
f 7010// 7265// 7266//
f 7010// 7266// 7011//
f 7011// 7266// 7267//
f 7011// 7267// 7012//
f 7012// 7267// 7268//
f 7012// 7268// 7013//
f 7013// 7268// 7269//
f 7013// 7269// 7014//
f 7014// 7269// 7270//
f 7014// 7270// 7015//
f 7015// 7270// 7271//
f 7015// 7271// 7016//
f 7016// 7271// 7272//
f 7016// 7272// 7017//
f 7017// 7272// 7273//
f 7017// 7273// 7018//
f 7018// 7273// 7274//
f 7018// 7274// 7019//
f 7019// 7274// 7275//
f 7019// 7275// 7020//
f 7020// 7275// 7276//
f 7020// 7276// 7021//
f 7021// 7276// 7277//
f 7021// 7277// 7022//
f 7022// 7277// 7278//
f 7022// 7278// 7023//
f 7023// 7278// 7279//
f 7023// 7279// 7024//
f 7024// 7279// 7280//
f 7024// 7280// 7025//
f 7025// 7280// 7281//
f 7025// 7281// 7026//
f 7026// 7281// 7282//
f 7026// 7282// 7027//
f 7027// 7282// 7283//
f 7027// 7283// 7028//
f 7028// 7283// 7284//
f 7028// 7284// 7029//
f 7029// 7284// 7285//
f 7029// 7285// 7030//
f 7030// 7285// 7286//
f 7030// 7286// 7031//
f 7031// 7286// 7287//
f 7031// 7287// 7032//
f 7032// 7287// 7288//
f 7032// 7288// 7033//
f 7033// 7288// 7289//
f 7033// 7289// 7034//
f 7034// 7289// 7290//
f 7034// 7290// 7035//
f 7035// 7290// 7291//
f 7035// 7291// 7036//
f 7036// 7291// 7292//
f 454// 453// 7293//
f 7293// 453// 7037//
f 7293// 7037// 7294//
f 7294// 7037// 7038//
f 7294// 7038// 7295//
f 7295// 7038// 7039//
f 7295// 7039// 7296//
f 7296// 7039// 7040//
f 7296// 7040// 7297//
f 7297// 7040// 7041//
f 7297// 7041// 7298//
f 7298// 7041// 7042//
f 7298// 7042// 7299//
f 7299// 7042// 7043//
f 7299// 7043// 7300//
f 7300// 7043// 7044//
f 7300// 7044// 7301//
f 7301// 7044// 7045//
f 7301// 7045// 7302//
f 7302// 7045// 7046//
f 7302// 7046// 7303//
f 7303// 7046// 7047//
f 7303// 7047// 7304//
f 7304// 7047// 7048//
f 7304// 7048// 7305//
f 7305// 7048// 7049//
f 7305// 7049// 7306//
f 7306// 7049// 7050//
f 7306// 7050// 7307//
f 7307// 7050// 7051//
f 7307// 7051// 7308//
f 7308// 7051// 7052//
f 7308// 7052// 7309//
f 7309// 7052// 7053//
f 7309// 7053// 7310//
f 7310// 7053// 7054//
f 7310// 7054// 7311//
f 7311// 7054// 7055//
f 7311// 7055// 7312//
f 7312// 7055// 7056//
f 7312// 7056// 7313//
f 7313// 7056// 7057//
f 7313// 7057// 7314//
f 7314// 7057// 7058//
f 7314// 7058// 7315//
f 7315// 7058// 7059//
f 7315// 7059// 7316//
f 7316// 7059// 7060//
f 7316// 7060// 7317//
f 7317// 7060// 7061//
f 7317// 7061// 7318//
f 7318// 7061// 7062//
f 7318// 7062// 7319//
f 7319// 7062// 7063//
f 7319// 7063// 7320//
f 7320// 7063// 7064//
f 7320// 7064// 7321//
f 7321// 7064// 7065//
f 7321// 7065// 7322//
f 7322// 7065// 7066//
f 7322// 7066// 7323//
f 7323// 7066// 7067//
f 7323// 7067// 7324//
f 7324// 7067// 7068//
f 7324// 7068// 7325//
f 7325// 7068// 7069//
f 7325// 7069// 7326//
f 7326// 7069// 7070//
f 7326// 7070// 7327//
f 7327// 7070// 7071//
f 7327// 7071// 7328//
f 7328// 7071// 7072//
f 7328// 7072// 7329//
f 7329// 7072// 7073//
f 7329// 7073// 7330//
f 7330// 7073// 7074//
f 7330// 7074// 7331//
f 7331// 7074// 7075//
f 7331// 7075// 7332//
f 7332// 7075// 7076//
f 7332// 7076// 7333//
f 7333// 7076// 7077//
f 7333// 7077// 7334//
f 7334// 7077// 7078//
f 7334// 7078// 7335//
f 7335// 7078// 7079//
f 7335// 7079// 7336//
f 7336// 7079// 7080//
f 7336// 7080// 7337//
f 7337// 7080// 7081//
f 7337// 7081// 7338//
f 7338// 7081// 7082//
f 7338// 7082// 7339//
f 7339// 7082// 7083//
f 7339// 7083// 7340//
f 7340// 7083// 7084//
f 7340// 7084// 7341//
f 7341// 7084// 7085//
f 7341// 7085// 7342//
f 7342// 7085// 7086//
f 7342// 7086// 7343//
f 7343// 7086// 7087//
f 7343// 7087// 7344//
f 7344// 7087// 7088//
f 7344// 7088// 7345//
f 7345// 7088// 7089//
f 7345// 7089// 7346//
f 7346// 7089// 7090//
f 7346// 7090// 7347//
f 7347// 7090// 7091//
f 7347// 7091// 7348//
f 7348// 7091// 7092//
f 7348// 7092// 7349//
f 7349// 7092// 7093//
f 7349// 7093// 7350//
f 7350// 7093// 7094//
f 7350// 7094// 7351//
f 7351// 7094// 7095//
f 7351// 7095// 7352//
f 7352// 7095// 7096//
f 7352// 7096// 7353//
f 7353// 7096// 7097//
f 7353// 7097// 7354//
f 7354// 7097// 7098//
f 7354// 7098// 7355//
f 7355// 7098// 7099//
f 7355// 7099// 7356//
f 7356// 7099// 7100//
f 7356// 7100// 7357//
f 7357// 7100// 7101//
f 7357// 7101// 7358//
f 7358// 7101// 7102//
f 7358// 7102// 7359//
f 7359// 7102// 7103//
f 7359// 7103// 7360//
f 7360// 7103// 7104//
f 7360// 7104// 7361//
f 7361// 7104// 7105//
f 7361// 7105// 7362//
f 7362// 7105// 7106//
f 7362// 7106// 7363//
f 7363// 7106// 7107//
f 7363// 7107// 7364//
f 7364// 7107// 7108//
f 7364// 7108// 7365//
f 7365// 7108// 7109//
f 7365// 7109// 7366//
f 7366// 7109// 7110//
f 7366// 7110// 7367//
f 7367// 7110// 7111//
f 7367// 7111// 7368//
f 7368// 7111// 7112//
f 7368// 7112// 7369//
f 7369// 7112// 7113//
f 7369// 7113// 7370//
f 7370// 7113// 7114//
f 7370// 7114// 7371//
f 7371// 7114// 7115//
f 7371// 7115// 7372//
f 7372// 7115// 7116//
f 7372// 7116// 7373//
f 7373// 7116// 7117//
f 7373// 7117// 7374//
f 7374// 7117// 7118//
f 7374// 7118// 7375//
f 7375// 7118// 7119//
f 7375// 7119// 7376//
f 7376// 7119// 7120//
f 7376// 7120// 7377//
f 7377// 7120// 7121//
f 7377// 7121// 7378//
f 7378// 7121// 7122//
f 7378// 7122// 7379//
f 7379// 7122// 7123//
f 7379// 7123// 7380//
f 7380// 7123// 7124//
f 7380// 7124// 7381//
f 7381// 7124// 7125//
f 7381// 7125// 7382//
f 7382// 7125// 7126//
f 7382// 7126// 7383//
f 7383// 7126// 7127//
f 7383// 7127// 7384//
f 7384// 7127// 7128//
f 7384// 7128// 7385//
f 7385// 7128// 7129//
f 7385// 7129// 7386//
f 7386// 7129// 7130//
f 7386// 7130// 7387//
f 7387// 7130// 7131//
f 7387// 7131// 7388//
f 7388// 7131// 7132//
f 7388// 7132// 7389//
f 7389// 7132// 7133//
f 7389// 7133// 7390//
f 7390// 7133// 7134//
f 7390// 7134// 7391//
f 7391// 7134// 7135//
f 7391// 7135// 7392//
f 7392// 7135// 7136//
f 7392// 7136// 7393//
f 7393// 7136// 7137//
f 7393// 7137// 7394//
f 7394// 7137// 7138//
f 7394// 7138// 7395//
f 7395// 7138// 7139//
f 7395// 7139// 7396//
f 7396// 7139// 7140//
f 7396// 7140// 7397//
f 7397// 7140// 7141//
f 7397// 7141// 7398//
f 7398// 7141// 7142//
f 7398// 7142// 7399//
f 7399// 7142// 7143//
f 7399// 7143// 7400//
f 7400// 7143// 7144//
f 7400// 7144// 7401//
f 7401// 7144// 7145//
f 7401// 7145// 7402//
f 7402// 7145// 7146//
f 7402// 7146// 7403//
f 7403// 7146// 7147//
f 7403// 7147// 7404//
f 7404// 7147// 7148//
f 7404// 7148// 7405//
f 7405// 7148// 7149//
f 7405// 7149// 7406//
f 7406// 7149// 7150//
f 7406// 7150// 7407//
f 7407// 7150// 7151//
f 7407// 7151// 7408//
f 7408// 7151// 7152//
f 7408// 7152// 7409//
f 7409// 7152// 7153//
f 7409// 7153// 7410//
f 7410// 7153// 7154//
f 7410// 7154// 7411//
f 7411// 7154// 7155//
f 7411// 7155// 7412//
f 7412// 7155// 7156//
f 7412// 7156// 7413//
f 7413// 7156// 7157//
f 7413// 7157// 7414//
f 7414// 7157// 7158//
f 7414// 7158// 7415//
f 7415// 7158// 7159//
f 7415// 7159// 7416//
f 7416// 7159// 7160//
f 7416// 7160// 7417//
f 7417// 7160// 7161//
f 7417// 7161// 7418//
f 7418// 7161// 7162//
f 7418// 7162// 7419//
f 7419// 7162// 7163//
f 7419// 7163// 7420//
f 7420// 7163// 7164//
f 763// 7421// 7292//
f 7292// 7421// 7422//
f 7292// 7422// 7036//
f 7036// 7422// 7423//
f 7036// 7423// 6780//
f 6780// 7423// 7424//
f 6780// 7424// 6524//
f 6524// 7424// 7425//
f 6524// 7425// 6268//
f 6268// 7425// 7426//
f 6268// 7426// 6012//
f 6012// 7426// 7427//
f 6012// 7427// 5756//
f 5756// 7427// 7428//
f 5756// 7428// 5500//
f 5500// 7428// 7429//
f 5500// 7429// 5244//
f 5244// 7429// 7430//
f 5244// 7430// 4988//
f 4988// 7430// 7431//
f 4988// 7431// 4732//
f 4732// 7431// 7432//
f 4732// 7432// 4476//
f 4476// 7432// 7433//
f 4476// 7433// 4220//
f 4220// 7433// 7434//
f 4220// 7434// 3964//
f 3964// 7434// 7435//
f 3964// 7435// 3708//
f 3708// 7435// 7436//
f 3708// 7436// 3452//
f 3452// 7436// 7437//
f 3452// 7437// 3196//
f 3196// 7437// 7438//
f 3196// 7438// 2940//
f 2940// 7438// 7439//
f 2940// 7439// 2684//
f 2684// 7439// 7440//
f 2684// 7440// 2428//
f 2428// 7440// 7441//
f 2428// 7441// 2172//
f 2172// 7441// 7442//
f 2172// 7442// 1916//
f 1916// 7442// 7443//
f 1916// 7443// 1660//
f 1660// 7443// 7444//
f 1660// 7444// 1404//
f 1404// 7444// 7445//
f 1404// 7445// 1148//
f 1148// 7445// 7446//
f 1148// 7446// 764//
f 764// 7446// 7447//
f 764// 7447// 763//
f 763// 7447// 7421//
f 7447// 7448// 7421//
f 7421// 7448// 7449//
f 7421// 7449// 7422//
f 7422// 7449// 7450//
f 7422// 7450// 7423//
f 7423// 7450// 7451//
f 7423// 7451// 7424//
f 7424// 7451// 7452//
f 7424// 7452// 7425//
f 7425// 7452// 7453//
f 7425// 7453// 7426//
f 7426// 7453// 7454//
f 7426// 7454// 7427//
f 7427// 7454// 7455//
f 7427// 7455// 7428//
f 7428// 7455// 7456//
f 7428// 7456// 7429//
f 7429// 7456// 7457//
f 7429// 7457// 7430//
f 7430// 7457// 7458//
f 7430// 7458// 7431//
f 7431// 7458// 7459//
f 7431// 7459// 7432//
f 7432// 7459// 7460//
f 7432// 7460// 7433//
f 7433// 7460// 7461//
f 7433// 7461// 7434//
f 7434// 7461// 7462//
f 7434// 7462// 7435//
f 7435// 7462// 7463//
f 7435// 7463// 7436//
f 7436// 7463// 7464//
f 7436// 7464// 7437//
f 7437// 7464// 7465//
f 7437// 7465// 7438//
f 7438// 7465// 7466//
f 7438// 7466// 7439//
f 7439// 7466// 7467//
f 7439// 7467// 7440//
f 7440// 7467// 7468//
f 7440// 7468// 7441//
f 7441// 7468// 7469//
f 7441// 7469// 7442//
f 7442// 7469// 7470//
f 7442// 7470// 7443//
f 7443// 7470// 7471//
f 7443// 7471// 7444//
f 7444// 7471// 7472//
f 7444// 7472// 7445//
f 7445// 7472// 7473//
f 7445// 7473// 7446//
f 7446// 7473// 7474//
f 7446// 7474// 7447//
f 7447// 7474// 7448//
f 7474// 7475// 7448//
f 7448// 7475// 7476//
f 7448// 7476// 7449//
f 7449// 7476// 7477//
f 7449// 7477// 7450//
f 7450// 7477// 7478//
f 7450// 7478// 7451//
f 7451// 7478// 7479//
f 7451// 7479// 7452//
f 7452// 7479// 7480//
f 7452// 7480// 7453//
f 7453// 7480// 7481//
f 7453// 7481// 7454//
f 7454// 7481// 7482//
f 7454// 7482// 7455//
f 7455// 7482// 7483//
f 7455// 7483// 7456//
f 7456// 7483// 7484//
f 7456// 7484// 7457//
f 7457// 7484// 7485//
f 7457// 7485// 7458//
f 7458// 7485// 7486//
f 7458// 7486// 7459//
f 7459// 7486// 7487//
f 7459// 7487// 7460//
f 7460// 7487// 7488//
f 7460// 7488// 7461//
f 7461// 7488// 7489//
f 7461// 7489// 7462//
f 7462// 7489// 7490//
f 7462// 7490// 7463//
f 7463// 7490// 7491//
f 7463// 7491// 7464//
f 7464// 7491// 7492//
f 7464// 7492// 7465//
f 7465// 7492// 7493//
f 7465// 7493// 7466//
f 7466// 7493// 7494//
f 7466// 7494// 7467//
f 7467// 7494// 7495//
f 7467// 7495// 7468//
f 7468// 7495// 7496//
f 7468// 7496// 7469//
f 7469// 7496// 7497//
f 7469// 7497// 7470//
f 7470// 7497// 7498//
f 7470// 7498// 7471//
f 7471// 7498// 7499//
f 7471// 7499// 7472//
f 7472// 7499// 7500//
f 7472// 7500// 7473//
f 7473// 7500// 7501//
f 7473// 7501// 7474//
f 7474// 7501// 7475//
f 7501// 7502// 7475//
f 7475// 7502// 7503//
f 7475// 7503// 7476//
f 7476// 7503// 7504//
f 7476// 7504// 7477//
f 7477// 7504// 7505//
f 7477// 7505// 7478//
f 7478// 7505// 7506//
f 7478// 7506// 7479//
f 7479// 7506// 7507//
f 7479// 7507// 7480//
f 7480// 7507// 7508//
f 7480// 7508// 7481//
f 7481// 7508// 7509//
f 7481// 7509// 7482//
f 7482// 7509// 7510//
f 7482// 7510// 7483//
f 7483// 7510// 7511//
f 7483// 7511// 7484//
f 7484// 7511// 7512//
f 7484// 7512// 7485//
f 7485// 7512// 7513//
f 7485// 7513// 7486//
f 7486// 7513// 7514//
f 7486// 7514// 7487//
f 7487// 7514// 7515//
f 7487// 7515// 7488//
f 7488// 7515// 7516//
f 7488// 7516// 7489//
f 7489// 7516// 7517//
f 7489// 7517// 7490//
f 7490// 7517// 7518//
f 7490// 7518// 7491//
f 7491// 7518// 7519//
f 7491// 7519// 7492//
f 7492// 7519// 7520//
f 7492// 7520// 7493//
f 7493// 7520// 7521//
f 7493// 7521// 7494//
f 7494// 7521// 7522//
f 7494// 7522// 7495//
f 7495// 7522// 7523//
f 7495// 7523// 7496//
f 7496// 7523// 7524//
f 7496// 7524// 7497//
f 7497// 7524// 7525//
f 7497// 7525// 7498//
f 7498// 7525// 7526//
f 7498// 7526// 7499//
f 7499// 7526// 7527//
f 7499// 7527// 7500//
f 7500// 7527// 7528//
f 7500// 7528// 7501//
f 7501// 7528// 7502//
f 7528// 7529// 7502//
f 7502// 7529// 7530//
f 7502// 7530// 7503//
f 7503// 7530// 7531//
f 7503// 7531// 7504//
f 7504// 7531// 7532//
f 7504// 7532// 7505//
f 7505// 7532// 7533//
f 7505// 7533// 7506//
f 7506// 7533// 7534//
f 7506// 7534// 7507//
f 7507// 7534// 7535//
f 7507// 7535// 7508//
f 7508// 7535// 7536//
f 7508// 7536// 7509//
f 7509// 7536// 7537//
f 7509// 7537// 7510//
f 7510// 7537// 7538//
f 7510// 7538// 7511//
f 7511// 7538// 7539//
f 7511// 7539// 7512//
f 7512// 7539// 7540//
f 7512// 7540// 7513//
f 7513// 7540// 7541//
f 7513// 7541// 7514//
f 7514// 7541// 7542//
f 7514// 7542// 7515//
f 7515// 7542// 7543//
f 7515// 7543// 7516//
f 7516// 7543// 7544//
f 7516// 7544// 7517//
f 7517// 7544// 7545//
f 7517// 7545// 7518//
f 7518// 7545// 7546//
f 7518// 7546// 7519//
f 7519// 7546// 7547//
f 7519// 7547// 7520//
f 7520// 7547// 7548//
f 7520// 7548// 7521//
f 7521// 7548// 7549//
f 7521// 7549// 7522//
f 7522// 7549// 7550//
f 7522// 7550// 7523//
f 7523// 7550// 7551//
f 7523// 7551// 7524//
f 7524// 7551// 7552//
f 7524// 7552// 7525//
f 7525// 7552// 7553//
f 7525// 7553// 7526//
f 7526// 7553// 7554//
f 7526// 7554// 7527//
f 7527// 7554// 7555//
f 7527// 7555// 7528//
f 7528// 7555// 7529//
f 7555// 7420// 7529//
f 7529// 7420// 7164//
f 7529// 7164// 7530//
f 7530// 7164// 6908//
f 7530// 6908// 7531//
f 7531// 6908// 6652//
f 7531// 6652// 7532//
f 7532// 6652// 6396//
f 7532// 6396// 7533//
f 7533// 6396// 6140//
f 7533// 6140// 7534//
f 7534// 6140// 5884//
f 7534// 5884// 7535//
f 7535// 5884// 5628//
f 7535// 5628// 7536//
f 7536// 5628// 5372//
f 7536// 5372// 7537//
f 7537// 5372// 5116//
f 7537// 5116// 7538//
f 7538// 5116// 4860//
f 7538// 4860// 7539//
f 7539// 4860// 4604//
f 7539// 4604// 7540//
f 7540// 4604// 4348//
f 7540// 4348// 7541//
f 7541// 4348// 4092//
f 7541// 4092// 7542//
f 7542// 4092// 3836//
f 7542// 3836// 7543//
f 7543// 3836// 3580//
f 7543// 3580// 7544//
f 7544// 3580// 3324//
f 7544// 3324// 7545//
f 7545// 3324// 3068//
f 7545// 3068// 7546//
f 7546// 3068// 2812//
f 7546// 2812// 7547//
f 7547// 2812// 2556//
f 7547// 2556// 7548//
f 7548// 2556// 2300//
f 7548// 2300// 7549//
f 7549// 2300// 2044//
f 7549// 2044// 7550//
f 7550// 2044// 1788//
f 7550// 1788// 7551//
f 7551// 1788// 1532//
f 7551// 1532// 7552//
f 7552// 1532// 1276//
f 7552// 1276// 7553//
f 7553// 1276// 1019//
f 7553// 1019// 7554//
f 7554// 1019// 1020//
f 7554// 1020// 7555//
f 7555// 1020// 7420//
f 485// 484// 7165//
f 7165// 484// 509//
f 7165// 509// 7166//
f 7166// 509// 511//
f 7166// 511// 7167//
f 7167// 511// 513//
f 7167// 513// 7168//
f 7168// 513// 515//
f 7168// 515// 7169//
f 7169// 515// 517//
f 7169// 517// 7170//
f 7170// 517// 519//
f 7170// 519// 7171//
f 7171// 519// 521//
f 7171// 521// 7172//
f 7172// 521// 523//
f 7172// 523// 7173//
f 7173// 523// 525//
f 7173// 525// 7174//
f 7174// 525// 527//
f 7174// 527// 7175//
f 7175// 527// 529//
f 7175// 529// 7176//
f 7176// 529// 531//
f 7176// 531// 7177//
f 7177// 531// 533//
f 7177// 533// 7178//
f 7178// 533// 535//
f 7178// 535// 7179//
f 7179// 535// 537//
f 7179// 537// 7180//
f 7180// 537// 539//
f 7180// 539// 7181//
f 7181// 539// 541//
f 7181// 541// 7182//
f 7182// 541// 543//
f 7182// 543// 7183//
f 7183// 543// 545//
f 7183// 545// 7184//
f 7184// 545// 547//
f 7184// 547// 7185//
f 7185// 547// 549//
f 7185// 549// 7186//
f 7186// 549// 551//
f 7186// 551// 7187//
f 7187// 551// 553//
f 7187// 553// 7188//
f 7188// 553// 555//
f 7188// 555// 7189//
f 7189// 555// 557//
f 7189// 557// 7190//
f 7190// 557// 559//
f 7190// 559// 7191//
f 7191// 559// 561//
f 7191// 561// 7192//
f 7192// 561// 563//
f 7192// 563// 7193//
f 7193// 563// 565//
f 7193// 565// 7194//
f 7194// 565// 567//
f 7194// 567// 7195//
f 7195// 567// 569//
f 7195// 569// 7196//
f 7196// 569// 571//
f 7196// 571// 7197//
f 7197// 571// 573//
f 7197// 573// 7198//
f 7198// 573// 575//
f 7198// 575// 7199//
f 7199// 575// 577//
f 7199// 577// 7200//
f 7200// 577// 579//
f 7200// 579// 7201//
f 7201// 579// 581//
f 7201// 581// 7202//
f 7202// 581// 583//
f 7202// 583// 7203//
f 7203// 583// 585//
f 7203// 585// 7204//
f 7204// 585// 587//
f 7204// 587// 7205//
f 7205// 587// 589//
f 7205// 589// 7206//
f 7206// 589// 591//
f 7206// 591// 7207//
f 7207// 591// 593//
f 7207// 593// 7208//
f 7208// 593// 595//
f 7208// 595// 7209//
f 7209// 595// 597//
f 7209// 597// 7210//
f 7210// 597// 599//
f 7210// 599// 7211//
f 7211// 599// 601//
f 7211// 601// 7212//
f 7212// 601// 603//
f 7212// 603// 7213//
f 7213// 603// 605//
f 7213// 605// 7214//
f 7214// 605// 607//
f 7214// 607// 7215//
f 7215// 607// 609//
f 7215// 609// 7216//
f 7216// 609// 611//
f 7216// 611// 7217//
f 7217// 611// 613//
f 7217// 613// 7218//
f 7218// 613// 615//
f 7218// 615// 7219//
f 7219// 615// 617//
f 7219// 617// 7220//
f 7220// 617// 619//
f 7220// 619// 7221//
f 7221// 619// 621//
f 7221// 621// 7222//
f 7222// 621// 623//
f 7222// 623// 7223//
f 7223// 623// 625//
f 7223// 625// 7224//
f 7224// 625// 627//
f 7224// 627// 7225//
f 7225// 627// 629//
f 7225// 629// 7226//
f 7226// 629// 631//
f 7226// 631// 7227//
f 7227// 631// 633//
f 7227// 633// 7228//
f 7228// 633// 635//
f 7228// 635// 7229//
f 7229// 635// 637//
f 7229// 637// 7230//
f 7230// 637// 639//
f 7230// 639// 7231//
f 7231// 639// 641//
f 7231// 641// 7232//
f 7232// 641// 643//
f 7232// 643// 7233//
f 7233// 643// 645//
f 7233// 645// 7234//
f 7234// 645// 647//
f 7234// 647// 7235//
f 7235// 647// 649//
f 7235// 649// 7236//
f 7236// 649// 651//
f 7236// 651// 7237//
f 7237// 651// 653//
f 7237// 653// 7238//
f 7238// 653// 655//
f 7238// 655// 7239//
f 7239// 655// 657//
f 7239// 657// 7240//
f 7240// 657// 659//
f 7240// 659// 7241//
f 7241// 659// 661//
f 7241// 661// 7242//
f 7242// 661// 663//
f 7242// 663// 7243//
f 7243// 663// 665//
f 7243// 665// 7244//
f 7244// 665// 667//
f 7244// 667// 7245//
f 7245// 667// 669//
f 7245// 669// 7246//
f 7246// 669// 671//
f 7246// 671// 7247//
f 7247// 671// 673//
f 7247// 673// 7248//
f 7248// 673// 675//
f 7248// 675// 7249//
f 7249// 675// 677//
f 7249// 677// 7250//
f 7250// 677// 679//
f 7250// 679// 7251//
f 7251// 679// 681//
f 7251// 681// 7252//
f 7252// 681// 683//
f 7252// 683// 7253//
f 7253// 683// 685//
f 7253// 685// 7254//
f 7254// 685// 687//
f 7254// 687// 7255//
f 7255// 687// 689//
f 7255// 689// 7256//
f 7256// 689// 691//
f 7256// 691// 7257//
f 7257// 691// 693//
f 7257// 693// 7258//
f 7258// 693// 695//
f 7258// 695// 7259//
f 7259// 695// 697//
f 7259// 697// 7260//
f 7260// 697// 699//
f 7260// 699// 7261//
f 7261// 699// 701//
f 7261// 701// 7262//
f 7262// 701// 703//
f 7262// 703// 7263//
f 7263// 703// 705//
f 7263// 705// 7264//
f 7264// 705// 707//
f 7264// 707// 7265//
f 7265// 707// 709//
f 7265// 709// 7266//
f 7266// 709// 711//
f 7266// 711// 7267//
f 7267// 711// 713//
f 7267// 713// 7268//
f 7268// 713// 715//
f 7268// 715// 7269//
f 7269// 715// 717//
f 7269// 717// 7270//
f 7270// 717// 719//
f 7270// 719// 7271//
f 7271// 719// 721//
f 7271// 721// 7272//
f 7272// 721// 723//
f 7272// 723// 7273//
f 7273// 723// 725//
f 7273// 725// 7274//
f 7274// 725// 727//
f 7274// 727// 7275//
f 7275// 727// 729//
f 7275// 729// 7276//
f 7276// 729// 731//
f 7276// 731// 7277//
f 7277// 731// 733//
f 7277// 733// 7278//
f 7278// 733// 735//
f 7278// 735// 7279//
f 7279// 735// 737//
f 7279// 737// 7280//
f 7280// 737// 739//
f 7280// 739// 7281//
f 7281// 739// 741//
f 7281// 741// 7282//
f 7282// 741// 743//
f 7282// 743// 7283//
f 7283// 743// 745//
f 7283// 745// 7284//
f 7284// 745// 747//
f 7284// 747// 7285//
f 7285// 747// 749//
f 7285// 749// 7286//
f 7286// 749// 751//
f 7286// 751// 7287//
f 7287// 751// 753//
f 7287// 753// 7288//
f 7288// 753// 755//
f 7288// 755// 7289//
f 7289// 755// 757//
f 7289// 757// 7290//
f 7290// 757// 759//
f 7290// 759// 7291//
f 7291// 759// 761//
f 7291// 761// 7292//
f 7292// 761// 763//
f 456// 454// 766//
f 766// 454// 7293//
f 766// 7293// 768//
f 768// 7293// 7294//
f 768// 7294// 770//
f 770// 7294// 7295//
f 770// 7295// 772//
f 772// 7295// 7296//
f 772// 7296// 774//
f 774// 7296// 7297//
f 774// 7297// 776//
f 776// 7297// 7298//
f 776// 7298// 778//
f 778// 7298// 7299//
f 778// 7299// 780//
f 780// 7299// 7300//
f 780// 7300// 782//
f 782// 7300// 7301//
f 782// 7301// 784//
f 784// 7301// 7302//
f 784// 7302// 786//
f 786// 7302// 7303//
f 786// 7303// 788//
f 788// 7303// 7304//
f 788// 7304// 790//
f 790// 7304// 7305//
f 790// 7305// 792//
f 792// 7305// 7306//
f 792// 7306// 794//
f 794// 7306// 7307//
f 794// 7307// 796//
f 796// 7307// 7308//
f 796// 7308// 798//
f 798// 7308// 7309//
f 798// 7309// 800//
f 800// 7309// 7310//
f 800// 7310// 802//
f 802// 7310// 7311//
f 802// 7311// 804//
f 804// 7311// 7312//
f 804// 7312// 806//
f 806// 7312// 7313//
f 806// 7313// 808//
f 808// 7313// 7314//
f 808// 7314// 810//
f 810// 7314// 7315//
f 810// 7315// 812//
f 812// 7315// 7316//
f 812// 7316// 814//
f 814// 7316// 7317//
f 814// 7317// 816//
f 816// 7317// 7318//
f 816// 7318// 818//
f 818// 7318// 7319//
f 818// 7319// 820//
f 820// 7319// 7320//
f 820// 7320// 822//
f 822// 7320// 7321//
f 822// 7321// 824//
f 824// 7321// 7322//
f 824// 7322// 826//
f 826// 7322// 7323//
f 826// 7323// 828//
f 828// 7323// 7324//
f 828// 7324// 830//
f 830// 7324// 7325//
f 830// 7325// 832//
f 832// 7325// 7326//
f 832// 7326// 834//
f 834// 7326// 7327//
f 834// 7327// 836//
f 836// 7327// 7328//
f 836// 7328// 838//
f 838// 7328// 7329//
f 838// 7329// 840//
f 840// 7329// 7330//
f 840// 7330// 842//
f 842// 7330// 7331//
f 842// 7331// 844//
f 844// 7331// 7332//
f 844// 7332// 846//
f 846// 7332// 7333//
f 846// 7333// 848//
f 848// 7333// 7334//
f 848// 7334// 850//
f 850// 7334// 7335//
f 850// 7335// 852//
f 852// 7335// 7336//
f 852// 7336// 854//
f 854// 7336// 7337//
f 854// 7337// 856//
f 856// 7337// 7338//
f 856// 7338// 858//
f 858// 7338// 7339//
f 858// 7339// 860//
f 860// 7339// 7340//
f 860// 7340// 862//
f 862// 7340// 7341//
f 862// 7341// 864//
f 864// 7341// 7342//
f 864// 7342// 866//
f 866// 7342// 7343//
f 866// 7343// 868//
f 868// 7343// 7344//
f 868// 7344// 870//
f 870// 7344// 7345//
f 870// 7345// 872//
f 872// 7345// 7346//
f 872// 7346// 874//
f 874// 7346// 7347//
f 874// 7347// 876//
f 876// 7347// 7348//
f 876// 7348// 878//
f 878// 7348// 7349//
f 878// 7349// 880//
f 880// 7349// 7350//
f 880// 7350// 882//
f 882// 7350// 7351//
f 882// 7351// 884//
f 884// 7351// 7352//
f 884// 7352// 886//
f 886// 7352// 7353//
f 886// 7353// 888//
f 888// 7353// 7354//
f 888// 7354// 890//
f 890// 7354// 7355//
f 890// 7355// 892//
f 892// 7355// 7356//
f 892// 7356// 894//
f 894// 7356// 7357//
f 894// 7357// 896//
f 896// 7357// 7358//
f 896// 7358// 898//
f 898// 7358// 7359//
f 898// 7359// 900//
f 900// 7359// 7360//
f 900// 7360// 902//
f 902// 7360// 7361//
f 902// 7361// 904//
f 904// 7361// 7362//
f 904// 7362// 906//
f 906// 7362// 7363//
f 906// 7363// 908//
f 908// 7363// 7364//
f 908// 7364// 910//
f 910// 7364// 7365//
f 910// 7365// 912//
f 912// 7365// 7366//
f 912// 7366// 914//
f 914// 7366// 7367//
f 914// 7367// 916//
f 916// 7367// 7368//
f 916// 7368// 918//
f 918// 7368// 7369//
f 918// 7369// 920//
f 920// 7369// 7370//
f 920// 7370// 922//
f 922// 7370// 7371//
f 922// 7371// 924//
f 924// 7371// 7372//
f 924// 7372// 926//
f 926// 7372// 7373//
f 926// 7373// 928//
f 928// 7373// 7374//
f 928// 7374// 930//
f 930// 7374// 7375//
f 930// 7375// 932//
f 932// 7375// 7376//
f 932// 7376// 934//
f 934// 7376// 7377//
f 934// 7377// 936//
f 936// 7377// 7378//
f 936// 7378// 938//
f 938// 7378// 7379//
f 938// 7379// 940//
f 940// 7379// 7380//
f 940// 7380// 942//
f 942// 7380// 7381//
f 942// 7381// 944//
f 944// 7381// 7382//
f 944// 7382// 946//
f 946// 7382// 7383//
f 946// 7383// 948//
f 948// 7383// 7384//
f 948// 7384// 950//
f 950// 7384// 7385//
f 950// 7385// 952//
f 952// 7385// 7386//
f 952// 7386// 954//
f 954// 7386// 7387//
f 954// 7387// 956//
f 956// 7387// 7388//
f 956// 7388// 958//
f 958// 7388// 7389//
f 958// 7389// 960//
f 960// 7389// 7390//
f 960// 7390// 962//
f 962// 7390// 7391//
f 962// 7391// 964//
f 964// 7391// 7392//
f 964// 7392// 966//
f 966// 7392// 7393//
f 966// 7393// 968//
f 968// 7393// 7394//
f 968// 7394// 970//
f 970// 7394// 7395//
f 970// 7395// 972//
f 972// 7395// 7396//
f 972// 7396// 974//
f 974// 7396// 7397//
f 974// 7397// 976//
f 976// 7397// 7398//
f 976// 7398// 978//
f 978// 7398// 7399//
f 978// 7399// 980//
f 980// 7399// 7400//
f 980// 7400// 982//
f 982// 7400// 7401//
f 982// 7401// 984//
f 984// 7401// 7402//
f 984// 7402// 986//
f 986// 7402// 7403//
f 986// 7403// 988//
f 988// 7403// 7404//
f 988// 7404// 990//
f 990// 7404// 7405//
f 990// 7405// 992//
f 992// 7405// 7406//
f 992// 7406// 994//
f 994// 7406// 7407//
f 994// 7407// 996//
f 996// 7407// 7408//
f 996// 7408// 998//
f 998// 7408// 7409//
f 998// 7409// 1000//
f 1000// 7409// 7410//
f 1000// 7410// 1002//
f 1002// 7410// 7411//
f 1002// 7411// 1004//
f 1004// 7411// 7412//
f 1004// 7412// 1006//
f 1006// 7412// 7413//
f 1006// 7413// 1008//
f 1008// 7413// 7414//
f 1008// 7414// 1010//
f 1010// 7414// 7415//
f 1010// 7415// 1012//
f 1012// 7415// 7416//
f 1012// 7416// 1014//
f 1014// 7416// 7417//
f 1014// 7417// 1016//
f 1016// 7417// 7418//
f 1016// 7418// 1018//
f 1018// 7418// 7419//
f 1018// 7419// 1020//
f 1020// 7419// 7420//
usemtl 1
f 7556// 7557// 7558//
f 7558// 7557// 7559//
usemtl 2
f 7560// 7561// 7562//
f 7562// 7561// 7563//
f 7564// 7565// 7566//
f 7566// 7565// 7567//
f 7565// 7560// 7567//
f 7567// 7560// 7562//
f 7563// 7561// 7566//
f 7566// 7561// 7564//
f 7568// 7569// 7570//
f 7571// 7572// 7573//
f 7573// 7572// 7574//
f 7575// 7576// 7577//
f 7578// 7579// 7580//
f 7580// 7579// 7577//
f 7581// 7582// 7583//
f 7583// 7582// 7584//
f 7583// 7585// 7586//
f 7587// 7588// 7589//
f 7589// 7588// 7590//
f 7589// 7590// 7591//
f 7592// 7593// 7594//
f 7595// 7596// 7597//
f 7598// 7599// 7587//
f 7587// 7599// 7600//
f 7587// 7600// 7588//
f 7601// 7602// 7603//
f 7604// 7605// 7606//
f 7592// 7594// 7607//
f 7608// 7609// 7610//
f 7610// 7609// 7611//
f 7612// 7613// 7614//
f 7598// 7587// 7615//
f 7615// 7587// 7616//
f 7615// 7616// 7617//
f 7605// 7618// 7619//
f 7581// 7583// 7620//
f 7620// 7583// 7586//
f 7620// 7586// 7621//
f 7595// 7597// 7574//
f 7574// 7597// 7622//
f 7574// 7622// 7623//
f 7619// 7624// 7605//
f 7605// 7624// 7625//
f 7605// 7625// 7606//
f 7626// 7603// 7627//
f 7627// 7603// 7604//
f 7627// 7604// 7628//
f 7628// 7604// 7606//
f 7629// 7630// 7631//
f 7631// 7630// 7632//
f 7631// 7632// 7633//
f 7633// 7632// 7634//
f 7633// 7634// 7635//
f 7574// 7636// 7629//
f 7621// 7637// 7620//
f 7620// 7637// 7638//
f 7620// 7638// 7595//
f 7595// 7638// 7639//
f 7595// 7639// 7596//
f 7591// 7590// 7640//
f 7640// 7590// 7641//
f 7640// 7641// 7642//
f 7626// 7643// 7603//
f 7603// 7643// 7644//
f 7603// 7644// 7645//
f 7645// 7646// 7603//
f 7603// 7646// 7647//
f 7603// 7647// 7601//
f 7601// 7647// 7648//
f 7601// 7648// 7649//
f 7598// 7650// 7599//
f 7599// 7650// 7651//
f 7599// 7651// 7648//
f 7648// 7651// 7652//
f 7648// 7652// 7649//
f 7607// 7594// 7653//
f 7653// 7594// 7654//
f 7653// 7654// 7610//
f 7610// 7654// 7655//
f 7610// 7655// 7608//
f 7656// 7574// 7657//
f 7657// 7574// 7629//
f 7657// 7629// 7658//
f 7658// 7629// 7631//
f 7642// 7659// 7640//
f 7640// 7659// 7660//
f 7640// 7660// 7661//
f 7661// 7660// 7662//
f 7661// 7662// 7663//
f 7663// 7662// 7664//
f 7663// 7664// 7665//
f 7666// 7667// 7668//
f 7575// 7573// 7576//
f 7576// 7573// 7574//
f 7576// 7574// 7669//
f 7669// 7574// 7656//
f 7665// 7670// 7663//
f 7663// 7670// 7671//
f 7663// 7671// 7613//
f 7613// 7671// 7672//
f 7613// 7672// 7614//
f 7673// 7674// 7614//
f 7614// 7674// 7675//
f 7614// 7675// 7612//
f 7623// 7676// 7574//
f 7574// 7676// 7677//
f 7574// 7677// 7678//
f 7613// 7679// 7663//
f 7663// 7679// 7680//
f 7663// 7680// 7681//
f 7682// 7683// 7684//
f 7684// 7683// 7685//
f 7611// 7636// 7610//
f 7610// 7636// 7574//
f 7610// 7574// 7686//
f 7686// 7574// 7687//
f 7688// 7689// 7605//
f 7690// 7691// 7618//
f 7618// 7691// 7692//
f 7693// 7683// 7694//
f 7694// 7683// 7682//
f 7694// 7682// 7695//
f 7695// 7682// 7668//
f 7695// 7668// 7696//
f 7696// 7668// 7667//
f 7678// 7697// 7574//
f 7574// 7697// 7698//
f 7574// 7698// 7687//
f 7623// 7699// 7676//
f 7676// 7699// 7700//
f 7676// 7700// 7701//
f 7701// 7700// 7702//
f 7701// 7702// 7703//
f 7685// 7704// 7684//
f 7684// 7704// 7705//
f 7684// 7705// 7706//
f 7706// 7707// 7684//
f 7684// 7707// 7568//
f 7684// 7568// 7708//
f 7708// 7568// 7570//
f 7708// 7570// 155//
f 155// 7570// 7709//
f 7692// 7710// 7618//
f 7618// 7710// 7711//
f 7618// 7711// 7712//
f 7713// 7704// 7714//
f 7715// 7716// 7668//
f 7668// 7716// 7717//
f 7717// 7718// 7719//
f 7680// 7720// 7681//
f 7681// 7720// 7721//
f 7681// 7721// 7722//
f 7723// 7724// 7704//
f 7704// 7724// 7725//
f 7704// 7725// 7714//
f 7635// 7634// 7726//
f 7726// 7634// 7727//
f 7726// 7727// 7728//
f 7728// 7727// 7714//
f 7714// 7727// 7729//
f 7714// 7729// 7713//
f 7730// 7731// 7732//
f 7733// 7734// 7735//
f 7735// 7734// 7736//
f 7735// 7736// 7737//
f 7738// 7739// 7740//
f 7740// 7739// 7741//
f 7740// 7741// 7673//
f 7673// 7741// 7742//
f 7673// 7742// 7674//
f 7743// 7744// 7745//
f 7745// 7746// 7747//
f 7707// 7748// 7568//
f 7568// 7748// 7749//
f 7568// 7749// 7605//
f 7605// 7749// 7750//
f 7605// 7750// 7688//
f 7751// 7575// 7752//
f 7752// 7575// 7577//
f 7752// 7577// 7753//
f 7753// 7577// 7579//
f 7753// 7579// 7685//
f 7685// 7579// 7754//
f 7685// 7754// 7704//
f 7704// 7754// 7755//
f 7704// 7755// 7723//
f 7756// 7757// 7758//
f 7758// 7757// 7759//
f 7758// 7759// 7760//
f 7761// 7762// 7763//
f 7763// 7762// 7764//
f 7603// 7765// 7604//
f 7604// 7765// 7766//
f 7604// 7766// 7767//
f 7768// 7769// 7770//
f 7770// 7769// 7771//
f 7772// 7743// 7773//
f 7703// 7746// 7701//
f 7701// 7746// 7745//
f 7701// 7745// 7774//
f 7774// 7745// 7744//
f 7689// 7775// 7605//
f 7605// 7775// 7776//
f 7605// 7776// 7618//
f 7618// 7776// 7777//
f 7618// 7777// 7690//
f 7778// 7779// 7780//
f 7781// 7782// 7783//
f 7783// 7782// 7735//
f 7783// 7735// 7784//
f 7784// 7735// 7737//
f 7785// 7786// 7764//
f 7762// 7770// 7787//
f 7787// 7770// 7604//
f 7787// 7604// 7788//
f 7788// 7604// 7767//
f 7715// 7668// 7771//
f 7771// 7668// 7789//
f 7771// 7789// 7770//
f 7770// 7789// 7790//
f 7770// 7790// 7604//
f 7791// 7792// 7747//
f 7747// 7792// 7793//
f 7747// 7793// 7745//
f 7794// 7795// 7735//
f 7735// 7795// 7796//
f 7735// 7796// 7733//
f 7781// 7797// 7782//
f 7782// 7797// 7798//
f 7782// 7798// 7799//
f 7721// 7800// 7722//
f 7722// 7800// 7801//
f 7722// 7801// 7745//
f 7745// 7801// 7802//
f 7745// 7802// 7743//
f 7743// 7802// 7803//
f 7743// 7803// 7773//
f 7719// 7730// 7717//
f 7717// 7730// 7732//
f 7717// 7732// 7668//
f 7668// 7732// 7778//
f 7668// 7778// 7666//
f 7666// 7778// 7780//
f 7785// 7764// 7804//
f 7787// 7805// 7762//
f 7762// 7805// 7806//
f 7762// 7806// 7764//
f 7764// 7806// 7757//
f 7764// 7757// 7804//
f 7804// 7757// 7756//
f 7772// 7773// 7712//
f 7712// 7773// 7807//
f 7712// 7807// 7618//
f 7799// 7808// 7782//
f 7782// 7808// 7809//
f 7782// 7809// 7810//
f 7810// 7809// 7764//
f 7810// 7764// 7811//
f 7811// 7764// 7786//
f 7812// 7813// 7814//
f 7815// 7816// 7817//
f 7818// 7819// 7820//
f 7820// 7819// 7821//
f 7822// 7823// 7824//
f 7825// 7826// 7827//
f 7828// 7829// 7830//
f 7831// 7824// 7832//
f 7832// 7824// 7823//
f 7832// 7823// 7833//
f 7833// 7823// 7834//
f 7835// 7836// 7837//
f 7837// 7836// 7838//
f 7839// 7840// 7841//
f 7841// 7840// 7842//
f 7841// 7842// 7843//
f 7843// 7842// 7820//
f 7843// 7820// 7844//
f 7844// 7820// 7821//
f 7844// 7821// 7838//
f 7838// 7821// 7815//
f 7838// 7815// 7845//
f 7845// 7815// 7817//
f 156// 7846// 7847//
f 7847// 7846// 7848//
f 7845// 7812// 7838//
f 7838// 7812// 7814//
f 7838// 7814// 7837//
f 7837// 7814// 7849//
f 7850// 7851// 7852//
f 7853// 7854// 7841//
f 7855// 7856// 7857//
f 7825// 7858// 7826//
f 7826// 7858// 7859//
f 7826// 7859// 7860//
f 7861// 7862// 7857//
f 7857// 7862// 7863//
f 7864// 7865// 7859//
f 7866// 7857// 7867//
f 7868// 7869// 7870//
f 7871// 7872// 7873//
f 7874// 7875// 7876//
f 7876// 7875// 7877//
f 7876// 7877// 7878//
f 7848// 7879// 7847//
f 7847// 7879// 7880//
f 7847// 7880// 7827//
f 7827// 7880// 7881//
f 7827// 7881// 7882//
f 7882// 7883// 7827//
f 7827// 7883// 7884//
f 7827// 7884// 7825//
f 7866// 7867// 7885//
f 7852// 7868// 7850//
f 7850// 7868// 7870//
f 7850// 7870// 7830//
f 7830// 7870// 7860//
f 7830// 7860// 7828//
f 7828// 7860// 7859//
f 7886// 7887// 7873//
f 7873// 7887// 7888//
f 7873// 7888// 7871//
f 7859// 7865// 7814//
f 7814// 7865// 7889//
f 7814// 7889// 7849//
f 7890// 7891// 7843//
f 7891// 7892// 7843//
f 7843// 7892// 7893//
f 7843// 7893// 7841//
f 7841// 7893// 7894//
f 7841// 7894// 7853//
f 7895// 7896// 7897//
f 7898// 7899// 7858//
f 7858// 7899// 7900//
f 7858// 7900// 7859//
f 7859// 7900// 7901//
f 7859// 7901// 7864//
f 7902// 7903// 7904//
f 7904// 7903// 7905//
f 7904// 7905// 7906//
f 7906// 7905// 7907//
f 7906// 7907// 7908//
f 7908// 7907// 7909//
f 7909// 7910// 7908//
f 7908// 7910// 7911//
f 7908// 7911// 7912//
f 7863// 7913// 7857//
f 7857// 7913// 7914//
f 7857// 7914// 7915//
f 7916// 7917// 7867//
f 7867// 7917// 7918//
f 7867// 7918// 7880//
f 7880// 7918// 7919//
f 7880// 7919// 7881//
f 7885// 7867// 7920//
f 7920// 7867// 7921//
f 7920// 7921// 7887//
f 7887// 7921// 7922//
f 7887// 7922// 7888//
f 7888// 7922// 7870//
f 7888// 7870// 7824//
f 7824// 7870// 7869//
f 7824// 7869// 7822//
f 7923// 7924// 7925//
f 7926// 7927// 7928//
f 7929// 7904// 7930//
f 7930// 7904// 7931//
f 7856// 7932// 7857//
f 7857// 7932// 7933//
f 7857// 7933// 7867//
f 7867// 7933// 7934//
f 7867// 7934// 7916//
f 7912// 7911// 7935//
f 7935// 7911// 7936//
f 7935// 7936// 7937//
f 7926// 7928// 7938//
f 7939// 7940// 7941//
f 7941// 7940// 7942//
f 7943// 7944// 7945//
f 7945// 7944// 7946//
f 7945// 7946// 7947//
f 7897// 7896// 7948//
f 7948// 7896// 7949//
f 7948// 7949// 7950//
f 7931// 7904// 7951//
f 7951// 7904// 7952//
f 7951// 7952// 7953//
f 7954// 7955// 7956//
f 7957// 7958// 7929//
f 7929// 7958// 7959//
f 7929// 7959// 7904//
f 7904// 7959// 7960//
f 7904// 7960// 7902//
f 7890// 7843// 7876//
f 7876// 7843// 7961//
f 7876// 7961// 7874//
f 7915// 7962// 7857//
f 7857// 7962// 7963//
f 7857// 7963// 7855//
f 7964// 7965// 7937//
f 7937// 7965// 7966//
f 7967// 7968// 7969//
f 7969// 7968// 7970//
f 7969// 7970// 7941//
f 7941// 7970// 7971//
f 7941// 7971// 7939//
f 7895// 7897// 7945//
f 7945// 7897// 7972//
f 7945// 7972// 7943//
f 7878// 7973// 7876//
f 7876// 7973// 7898//
f 7876// 7898// 7974//
f 7974// 7898// 7858//
f 7974// 7858// 7975//
f 7975// 7858// 7976//
f 7976// 7977// 7975//
f 7975// 7977// 7978//
f 7975// 7978// 7947//
f 7947// 7978// 7979//
f 7947// 7979// 7945//
f 7953// 7952// 7980//
f 7980// 7952// 7981//
f 7980// 7981// 7982//
f 7966// 7983// 7937//
f 7937// 7983// 7984//
f 7937// 7984// 7985//
f 7985// 7984// 7986//
f 7985// 7986// 7987//
f 7988// 7989// 7925//
f 7990// 7991// 7969//
f 7969// 7991// 7992//
f 7969// 7992// 7967//
f 7993// 7994// 7995//
f 7995// 7994// 7996//
f 7995// 7996// 7997//
f 7998// 7948// 7999//
f 7999// 7948// 7950//
f 7999// 7950// 7993//
f 7993// 7950// 8000//
f 7993// 8000// 7994//
f 7938// 8001// 7873//
f 7873// 8001// 8002//
f 8002// 8003// 7873//
f 7873// 8003// 8004//
f 7873// 8004// 8005//
f 7964// 7937// 8006//
f 8006// 7937// 7925//
f 8006// 7925// 8007//
f 7936// 8008// 7937//
f 7937// 8008// 8009//
f 7937// 8009// 7925//
f 7925// 8009// 8010//
f 7925// 8010// 7988//
f 8011// 8012// 7928//
f 7928// 8012// 8013//
f 7928// 8013// 8014//
f 8014// 8015// 7928//
f 7928// 8015// 8016//
f 7928// 8016// 7938//
f 7938// 8016// 8017//
f 7938// 8017// 8001//
f 8018// 8019// 8020//
f 8020// 8019// 7941//
f 8020// 7941// 8021//
f 8021// 7941// 7942//
f 7998// 8022// 7948//
f 7948// 8022// 8023//
f 7948// 8023// 8024//
f 8005// 8025// 7873//
f 7873// 8025// 8026//
f 7873// 8026// 7886//
f 8027// 7925// 8028//
f 8028// 7925// 7924//
f 8028// 7924// 8029//
f 8029// 7924// 8026//
f 8029// 8026// 8030//
f 8030// 8026// 8025//
f 7989// 8031// 7925//
f 7925// 8031// 8032//
f 7925// 8032// 8033//
f 7957// 8034// 7958//
f 7958// 8034// 8035//
f 7958// 8035// 8036//
f 8036// 8035// 8037//
f 8036// 8037// 7956//
f 7956// 8037// 8038//
f 7956// 8038// 7954//
f 8033// 8039// 7925//
f 7925// 8039// 8040//
f 7925// 8040// 7923//
f 7982// 7981// 8041//
f 8041// 7981// 8042//
f 8041// 8042// 8043//
f 8043// 8042// 7948//
f 8043// 7948// 8044//
f 8044// 7948// 8024//
f 8044// 8024// 7857//
f 7857// 8024// 8045//
f 7857// 8045// 7861//
f 8011// 7928// 7969//
f 7969// 7928// 8046//
f 7969// 8046// 7990//
f 8047// 8048// 8049//
f 8049// 8048// 8050//
f 8049// 8050// 7996//
f 7996// 8050// 8051//
f 7996// 8051// 7997//
f 7869// 7732// 7822//
f 7822// 7732// 7731//
f 7715// 7824// 7716//
f 7716// 7824// 7831//
f 8052// 8053// 8054//
f 8054// 8053// 8055//
f 8056// 8057// 8058//
f 8058// 8057// 8059//
f 8053// 8056// 8055//
f 8055// 8056// 8058//
f 8059// 8057// 8054//
f 8054// 8057// 8052//
f 8060// 8061// 8062//
f 8062// 8061// 8063//
f 8064// 8065// 8066//
f 8067// 8068// 8064//
f 8064// 8068// 8069//
f 8064// 8069// 8070//
f 8070// 8071// 8064//
f 8064// 8071// 8072//
f 8064// 8072// 8073//
f 8073// 8072// 8074//
f 8067// 8064// 8075//
f 8075// 8064// 8066//
f 8075// 8066// 8076//
f 8074// 8077// 8073//
f 8073// 8077// 8078//
f 8073// 8078// 8079//
f 8063// 8061// 8080//
f 8080// 8061// 8073//
f 8080// 8073// 8081//
f 8081// 8073// 8079//
f 8082// 8083// 8084//
f 8060// 8062// 8085//
f 8085// 8062// 8086//
f 8085// 8086// 8087//
f 8087// 8088// 8085//
f 8085// 8088// 8089//
f 8085// 8089// 8090//
f 8091// 8084// 8092//
f 8092// 8084// 8085//
f 8092// 8085// 8093//
f 8093// 8085// 8090//
f 8091// 8094// 8084//
f 8084// 8094// 8095//
f 8084// 8095// 8096//
f 8097// 8082// 8098//
f 8098// 8082// 8084//
f 8098// 8084// 8099//
f 8099// 8084// 8096//
f 7841// 8100// 7839//
f 7839// 8100// 8101//
f 7839// 8101// 8102//
f 7791// 7972// 7792//
f 7792// 7972// 7897//
f 7792// 7897// 7793//
f 7793// 7897// 7948//
f 7793// 7948// 7745//
f 7745// 7948// 8042//
f 7745// 8042// 7722//
f 7722// 8042// 7981//
f 7722// 7981// 7681//
f 7681// 7981// 7952//
f 7681// 7952// 7663//
f 7663// 7952// 7904//
f 7663// 7904// 7661//
f 7661// 7904// 7906//
f 8103// 8104// 8105//
f 8105// 8104// 8106//
f 8107// 8108// 8109//
f 8109// 8108// 8110//
f 8108// 8103// 8110//
f 8110// 8103// 8105//
f 8106// 8104// 8109//
f 8109// 8104// 8107//
f 8111// 8112// 8113//
f 8113// 8112// 8114//
f 8113// 8114// 8115//
f 8116// 8117// 8118//
f 8119// 8120// 8121//
f 8118// 8122// 8123//
f 8124// 8112// 8123//
f 8123// 8112// 8111//
f 8123// 8111// 8118//
f 8125// 8126// 8127//
f 8128// 8129// 8120//
f 8120// 8129// 8130//
f 8120// 8130// 8131//
f 8131// 8132// 8120//
f 8120// 8132// 8133//
f 8120// 8133// 8121//
f 8134// 8135// 8136//
f 8136// 8135// 8137//
f 8136// 8137// 8138//
f 8138// 8137// 8139//
f 8121// 8140// 8141//
f 8141// 8140// 8142//
f 8143// 8144// 8145//
f 8145// 8144// 8125//
f 8145// 8125// 8146//
f 8146// 8125// 8127//
f 8147// 8138// 8148//
f 8148// 8138// 8139//
f 8148// 8139// 8149//
f 8149// 8139// 8150//
f 8151// 8152// 8153//
f 8153// 8152// 8154//
f 8153// 8154// 8155//
f 8156// 8157// 8141//
f 8141// 8157// 8158//
f 8141// 8158// 8111//
f 8111// 8158// 8159//
f 8111// 8159// 8160//
f 8160// 8161// 8111//
f 8111// 8161// 8162//
f 8111// 8162// 8118//
f 8118// 8162// 8163//
f 8118// 8163// 8116//
f 8150// 8164// 8149//
f 8149// 8164// 8165//
f 8149// 8165// 8166//
f 8167// 8168// 8169//
f 8169// 8168// 8149//
f 8169// 8149// 8170//
f 8154// 8171// 8155//
f 8155// 8171// 8156//
f 8155// 8156// 8172//
f 8172// 8156// 8141//
f 8172// 8141// 8173//
f 8173// 8141// 8142//
f 8170// 8149// 8174//
f 8174// 8149// 8166//
f 8174// 8166// 8145//
f 8145// 8166// 8175//
f 8145// 8175// 8143//
f 8167// 8176// 8168//
f 8168// 8176// 8177//
f 8168// 8177// 8178//
f 8179// 8180// 8114//
f 8114// 8180// 8138//
f 8114// 8138// 8115//
f 8115// 8138// 8147//
f 8115// 8147// 8141//
f 8141// 8147// 8168//
f 8141// 8168// 8121//
f 8121// 8168// 8178//
f 8121// 8178// 8119//
f 8181// 8182// 8183//
f 8183// 8182// 8184//
f 8185// 8186// 8187//
f 8188// 8189// 8187//
f 8187// 8189// 8190//
f 8187// 8190// 8185//
f 8185// 8190// 8183//
f 8191// 8192// 8193//
f 8194// 8195// 8196//
f 8196// 8195// 8197//
f 8196// 8197// 8198//
f 8199// 8200// 8201//
f 8202// 8203// 8193//
f 8193// 8203// 8204//
f 8193// 8204// 8205//
f 8183// 8206// 8181//
f 8181// 8206// 8207//
f 8181// 8207// 8208//
f 8205// 8209// 8210//
f 8210// 8209// 8211//
f 8212// 8213// 8214//
f 8214// 8213// 8210//
f 8214// 8210// 8215//
f 8215// 8210// 8211//
f 8216// 8217// 8189//
f 8189// 8217// 8218//
f 8189// 8218// 8190//
f 8190// 8218// 8219//
f 8190// 8219// 8220//
f 8192// 8221// 8222//
f 8222// 8221// 8199//
f 8222// 8199// 8223//
f 8223// 8199// 8201//
f 8196// 8181// 8194//
f 8194// 8181// 8208//
f 8194// 8208// 8224//
f 8224// 8208// 8225//
f 8220// 8226// 8190//
f 8190// 8226// 8227//
f 8190// 8227// 8193//
f 8193// 8227// 8228//
f 8193// 8228// 8191//
f 8192// 8222// 8193//
f 8193// 8222// 8229//
f 8193// 8229// 8202//
f 8230// 8231// 8232//
f 8232// 8233// 8208//
f 8208// 8233// 8234//
f 8234// 8235// 8208//
f 8208// 8235// 8236//
f 8208// 8236// 8237//
f 8238// 8239// 8240//
f 8240// 8239// 8241//
f 8240// 8241// 8237//
f 8237// 8241// 8242//
f 8237// 8242// 8243//
f 8231// 8244// 8232//
f 8232// 8244// 8245//
f 8232// 8245// 8233//
f 8243// 8246// 8237//
f 8237// 8246// 8247//
f 8237// 8247// 8208//
f 8208// 8247// 8248//
f 8208// 8248// 8225//
f 8210// 8230// 8205//
f 8205// 8230// 8232//
f 8205// 8232// 8193//
f 8193// 8232// 8206//
f 8193// 8206// 8249//
f 8249// 8206// 8183//
f 8249// 8183// 8250//
f 8250// 8183// 8190//
f 8122// 8118// 8188//
f 8188// 8118// 8189//
f 8134// 8136// 8198//
f 8198// 8136// 8196//
f 8239// 8238// 8126//
f 8126// 8238// 8127//
f 8213// 8212// 8128//
f 8128// 8212// 8129//
f 8201// 8200// 8151//
f 8151// 8200// 8152//
f 7830// 7829// 8251//
f 7830// 8251// 8252//
f 8252// 8251// 8253//
f 8252// 8253// 8254//
f 8254// 8253// 8255//
f 8254// 8255// 8256//
f 8256// 8255// 8257//
f 8256// 8257// 8258//
f 8258// 8257// 8259//
f 8258// 8259// 8260//
f 8260// 8259// 8261//
f 8260// 8261// 8262//
f 8263// 8264// 8265//
f 8265// 8264// 8266//
f 8265// 8266// 8267//
f 8267// 8266// 8268//
f 8267// 8268// 8269//
f 8269// 8268// 8270//
f 8269// 8270// 8271//
f 8271// 8270// 8272//
f 8271// 8272// 8273//
f 8273// 8272// 8274//
f 8273// 8274// 7667//
f 7667// 8274// 7696//
usemtl 1
f 8275// 8276// 8277//
f 8275// 8277// 8278//
f 8279// 8280// 8277//
f 8277// 8280// 8281//
f 8277// 8281// 8278//
f 8282// 8283// 8284//
f 8284// 8283// 8285//
f 8285// 8286// 8284//
f 8284// 8286// 8287//
f 8284// 8287// 8288//
usemtl 2
f 8289// 8290// 8291//
f 8291// 8290// 8292//
f 8293// 8294// 8295//
f 8295// 8294// 8296//
f 8295// 8296// 8284//
f 8292// 8277// 8291//
f 8291// 8277// 8276//
f 8291// 8276// 8296//
f 8296// 8276// 8282//
f 8296// 8282// 8284//
f 8297// 8298// 8299//
f 8299// 8298// 8300//
f 8299// 8300// 8301//
f 8302// 8303// 8304//
f 8304// 8303// 8305//
f 8301// 8306// 8299//
f 8299// 8306// 8307//
f 8299// 8307// 8305//
f 8305// 8307// 8308//
f 8305// 8308// 8304//
f 8301// 8300// 8288//
f 8288// 8300// 8295//
f 8288// 8295// 8284//
f 8309// 8310// 8311//
f 8311// 8310// 8312//
f 8313// 8309// 8314//
f 8314// 8309// 8311//
f 8315// 8316// 8317//
f 7582// 7581// 8310//
f 8310// 7581// 8315//
f 8310// 8315// 8312//
f 8312// 8315// 8317//
f 7595// 7842// 8318//
f 8318// 7842// 8319//
f 8318// 8319// 8320//
f 8320// 8319// 8321//
f 8320// 8321// 8322//
f 8322// 8321// 8323//
f 8322// 8323// 8324//
f 8324// 8323// 8325//
f 8324// 8325// 8326//
f 8326// 8325// 8327//
f 8326// 8327// 8316//
f 8316// 8327// 8313//
f 8316// 8313// 8317//
f 8317// 8313// 8314//
usemtl 3
f 7835// 7837// 7578//
f 7578// 7837// 7579//
f 7816// 7815// 7751//
f 7751// 7815// 7575//
usemtl 2
f 7685// 7812// 7753//
f 7753// 7812// 7845//
f 7576// 7844// 7577//
f 7577// 7844// 7838//
f 7576// 7669// 7844//
f 7844// 7669// 7843//
f 7849// 7889// 7754//
f 7754// 7889// 7755//
f 7819// 7818// 8328//
f 7819// 8328// 8329//
f 8329// 8328// 8330//
f 8329// 8330// 8331//
f 8331// 8330// 8332//
f 8331// 8332// 8333//
f 8333// 8332// 8334//
f 8333// 8334// 8335//
f 8335// 8334// 8336//
f 8335// 8336// 8337//
f 8337// 8336// 8338//
f 8337// 8338// 8339//
f 8340// 8341// 8342//
f 8342// 8341// 8343//
f 8342// 8343// 8344//
f 8344// 8343// 8345//
f 8344// 8345// 8346//
f 8346// 8345// 8347//
f 8346// 8347// 8348//
f 8348// 8347// 8349//
f 8348// 8349// 8350//
f 8350// 8349// 8351//
f 8350// 8351// 7571//
f 7571// 8351// 7572//
f 7912// 7935// 7591//
f 7591// 7935// 7589//
f 8181// 8196// 8138//
f 8138// 8196// 8136//
f 8293// 8295// 8298//
f 8298// 8295// 8300//
f 7616// 7587// 7985//
f 7985// 7587// 7937//
f 7985// 7987// 8352//
f 7985// 8352// 8353//
f 8353// 8352// 8354//
f 8353// 8354// 8355//
f 8355// 8354// 8356//
f 8355// 8356// 8357//
f 8357// 8356// 8358//
f 8357// 8358// 8359//
f 8359// 8358// 8360//
f 8359// 8360// 8361//
f 8361// 8360// 8294//
f 8361// 8294// 8293//
f 8298// 8297// 8362//
f 8362// 8297// 8363//
f 8362// 8363// 8364//
f 8364// 8363// 8365//
f 8364// 8365// 8366//
f 8366// 8365// 8367//
f 8366// 8367// 8368//
f 8368// 8367// 8369//
f 8368// 8369// 8370//
f 8370// 8369// 8371//
f 8370// 8371// 7616//
f 7616// 8371// 7617//
f 8277// 8292// 8279//
f 8279// 8292// 8304//
f 8279// 8304// 8308//
f 7987// 7986// 7617//
f 7617// 7986// 7615//
f 8297// 8299// 8294//
f 8294// 8299// 8296//
f 8289// 8291// 8303//
f 8303// 8291// 8305//
f 7782// 7810// 7969//
f 7969// 7810// 8011//
f 7969// 7941// 8372//
f 7969// 8372// 8373//
f 8373// 8372// 8374//
f 8373// 8374// 8375//
f 8375// 8374// 8376//
f 8375// 8376// 8377//
f 8377// 8376// 8378//
f 8377// 8378// 8379//
f 8379// 8378// 8380//
f 8379// 8380// 8381//
f 8381// 8380// 8290//
f 8381// 8290// 8289//
f 8303// 8302// 8382//
f 8382// 8302// 8383//
f 8382// 8383// 8384//
f 8384// 8383// 8385//
f 8384// 8385// 8386//
f 8386// 8385// 8387//
f 8386// 8387// 8388//
f 8388// 8387// 8389//
f 8388// 8389// 8390//
f 8390// 8389// 8391//
f 8390// 8391// 7782//
f 7782// 8391// 7735//
f 8262// 8392// 8263//
f 8263// 8392// 8393//
f 7667// 7666// 7830//
f 7830// 7666// 7850//
f 7735// 7941// 7794//
f 7794// 7941// 8019//
f 7779// 7852// 7780//
f 7780// 7852// 7851//
f 7661// 7906// 7640//
f 7640// 7906// 7908//
f 8394// 7640// 7908//
f 8395// 8396// 8397//
f 7908// 8398// 8395//
f 8395// 8398// 8399//
f 8395// 8399// 8400//
f 8400// 8401// 8395//
f 8395// 8401// 8402//
f 8395// 8402// 8403//
f 8397// 8404// 8395//
f 8395// 8404// 8405//
f 8395// 8405// 7908//
f 7908// 8405// 8406//
f 7908// 8406// 8394//
f 8302// 8290// 8383//
f 8383// 8290// 8380//
f 8383// 8380// 8385//
f 8385// 8380// 8378//
f 8385// 8378// 8387//
f 8387// 8378// 8376//
f 8387// 8376// 8389//
f 8389// 8376// 8374//
f 8389// 8374// 8391//
f 8391// 8374// 8372//
f 8391// 8372// 7735//
f 7735// 8372// 7941//
f 8407// 8403// 8402//
f 8138// 8180// 8408//
f 8408// 8180// 8407//
f 8407// 8402// 8408//
f 8408// 8402// 8401//
f 8408// 8401// 8409//
f 8409// 8401// 8400//
f 8409// 8400// 8410//
f 8410// 8400// 8399//
f 8410// 8399// 8411//
f 8411// 8399// 8398//
f 8411// 8398// 8412//
f 8412// 8398// 7908//
f 8412// 7908// 7912//
f 8182// 8181// 8413//
f 8396// 8182// 8397//
f 8397// 8182// 8413//
f 8397// 8413// 8404//
f 8404// 8413// 8414//
f 8404// 8414// 8405//
f 8405// 8414// 8415//
f 8405// 8415// 8406//
f 8406// 8415// 8416//
f 8406// 8416// 8394//
f 8394// 8416// 8417//
f 8394// 8417// 7640//
f 7640// 8417// 7591//
f 8304// 8292// 8302//
f 8302// 8292// 8290//
f 8216// 8189// 8117//
f 8117// 8189// 8118//
f 7814// 7813// 8418//
f 7814// 8418// 8419//
f 8419// 8418// 8420//
f 8419// 8420// 8421//
f 8421// 8420// 8422//
f 8421// 8422// 8423//
f 8423// 8422// 8424//
f 8423// 8424// 8425//
f 8425// 8424// 8426//
f 8425// 8426// 8427//
f 8427// 8426// 8428//
f 8427// 8428// 8429//
f 8430// 8431// 8432//
f 8432// 8431// 8433//
f 8432// 8433// 8434//
f 8434// 8433// 8435//
f 8434// 8435// 8436//
f 8436// 8435// 8437//
f 8436// 8437// 8438//
f 8438// 8437// 8439//
f 8438// 8439// 8440//
f 8440// 8439// 8441//
f 8440// 8441// 7693//
f 7693// 8441// 7683//
f 8392// 8262// 8261//
f 8261// 8442// 8392//
f 8392// 8442// 8443//
f 8392// 8443// 8444//
f 8339// 8338// 8445//
f 8445// 8338// 8444//
f 8445// 8444// 8446//
f 8446// 8444// 8443//
f 8446// 8443// 8428//
f 8428// 8443// 8429//
f 8447// 8341// 8340//
f 8340// 8448// 8447//
f 8447// 8448// 8449//
f 8447// 8449// 8393//
f 8264// 8263// 8450//
f 8450// 8263// 8393//
f 8450// 8393// 8451//
f 8451// 8393// 8449//
f 8451// 8449// 8430//
f 8430// 8449// 8431//
f 8447// 8393// 8444//
f 8444// 8393// 8392//
f 7667// 7830// 8273//
f 8273// 7830// 8252//
f 8273// 8252// 8271//
f 8271// 8252// 8254//
f 8271// 8254// 8269//
f 8269// 8254// 8256//
f 8269// 8256// 8267//
f 8267// 8256// 8258//
f 8267// 8258// 8265//
f 8265// 8258// 8260//
f 8265// 8260// 8263//
f 8263// 8260// 8262//
f 7850// 7666// 7851//
f 7851// 7666// 7780//
f 7926// 7761// 7927//
f 7927// 7761// 7763//
f 7868// 7778// 7869//
f 7869// 7778// 7732//
f 7824// 7715// 7888//
f 7888// 7715// 7771//
f 7888// 7771// 7871//
f 7871// 7771// 7769//
f 7871// 7769// 7872//
f 7872// 7769// 7768//
f 7872// 7768// 7873//
f 7873// 7768// 7770//
f 7873// 7770// 7938//
f 7938// 7770// 7762//
f 7938// 7762// 7926//
f 7926// 7762// 7761//
f 7852// 7779// 7868//
f 7868// 7779// 7778//
f 7758// 8017// 7756//
f 7756// 8017// 8016//
f 7756// 8016// 7804//
f 7804// 8016// 8015//
f 7804// 8015// 7785//
f 7785// 8015// 8014//
f 7785// 8014// 7786//
f 7786// 8014// 8013//
f 7786// 8013// 7811//
f 7811// 8013// 8012//
f 7811// 8012// 7810//
f 7810// 8012// 8011//
f 8017// 7758// 8001//
f 8001// 7758// 7760//
f 8001// 7760// 8002//
f 8002// 7760// 7759//
f 7766// 8028// 7767//
f 7767// 8028// 8029//
f 7767// 8029// 7788//
f 7788// 8029// 8030//
f 7788// 8030// 7787//
f 7787// 8030// 8025//
f 7787// 8025// 7805//
f 7805// 8025// 8005//
f 7805// 8005// 7806//
f 7806// 8005// 8004//
f 7806// 8004// 7757//
f 7757// 8004// 8003//
f 7757// 8003// 7759//
f 7759// 8003// 8002//
f 8028// 7766// 8027//
f 8027// 7766// 7765//
f 8027// 7765// 7925//
f 7925// 7765// 7603//
f 7925// 7603// 8007//
f 8007// 7603// 7602//
f 8007// 7602// 8006//
f 8006// 7602// 7601//
f 7615// 7986// 7598//
f 7598// 7986// 7984//
f 7598// 7984// 7650//
f 7650// 7984// 7983//
f 7650// 7983// 7651//
f 7651// 7983// 7966//
f 7651// 7966// 7652//
f 7652// 7966// 7965//
f 7652// 7965// 7649//
f 7649// 7965// 7964//
f 7649// 7964// 7601//
f 7601// 7964// 8006//
f 7782// 7969// 8390//
f 8390// 7969// 8373//
f 8390// 8373// 8388//
f 8388// 8373// 8375//
f 8388// 8375// 8386//
f 8386// 8375// 8377//
f 8386// 8377// 8384//
f 8384// 8377// 8379//
f 8384// 8379// 8382//
f 8382// 8379// 8381//
f 8382// 8381// 8303//
f 8303// 8381// 8289//
f 8297// 8294// 8363//
f 8363// 8294// 8360//
f 8363// 8360// 8365//
f 8365// 8360// 8358//
f 8365// 8358// 8367//
f 8367// 8358// 8356//
f 8367// 8356// 8369//
f 8369// 8356// 8354//
f 8369// 8354// 8371//
f 8371// 8354// 8352//
f 8371// 8352// 7617//
f 7617// 8352// 7987//
f 8291// 8296// 8305//
f 8305// 8296// 8299//
f 7937// 7587// 7935//
f 7935// 7587// 7589//
f 7616// 7985// 8370//
f 8370// 7985// 8353//
f 8370// 8353// 8368//
f 8368// 8353// 8355//
f 8368// 8355// 8366//
f 8366// 8355// 8357//
f 8366// 8357// 8364//
f 8364// 8357// 8359//
f 8364// 8359// 8362//
f 8362// 8359// 8361//
f 8362// 8361// 8298//
f 8298// 8361// 8293//
f 8181// 8138// 8413//
f 8413// 8138// 8408//
f 8413// 8408// 8414//
f 8414// 8408// 8409//
f 8414// 8409// 8415//
f 8415// 8409// 8410//
f 8415// 8410// 8416//
f 8416// 8410// 8411//
f 8416// 8411// 8417//
f 8417// 8411// 8412//
f 8417// 8412// 7591//
f 7591// 8412// 7912//
f 7635// 7973// 7633//
f 7633// 7973// 7878//
f 7633// 7878// 7631//
f 7631// 7878// 7877//
f 7631// 7877// 7658//
f 7658// 7877// 7875//
f 7658// 7875// 7657//
f 7657// 7875// 7874//
f 7657// 7874// 7656//
f 7656// 7874// 7961//
f 7656// 7961// 7669//
f 7669// 7961// 7843//
f 7973// 7635// 7898//
f 7898// 7635// 7726//
f 7755// 7889// 7723//
f 7723// 7889// 7865//
f 7723// 7865// 7724//
f 7724// 7865// 7864//
f 7724// 7864// 7725//
f 7725// 7864// 7901//
f 7725// 7901// 7714//
f 7714// 7901// 7900//
f 7714// 7900// 7728//
f 7728// 7900// 7899//
f 7728// 7899// 7726//
f 7726// 7899// 7898//
f 7573// 7821// 7571//
f 7571// 7821// 7819//
f 7571// 7819// 8350//
f 8350// 7819// 8329//
f 8350// 8329// 8348//
f 8348// 8329// 8331//
f 8348// 8331// 8346//
f 8346// 8331// 8333//
f 8346// 8333// 8344//
f 8344// 8333// 8335//
f 8344// 8335// 8342//
f 8342// 8335// 8337//
f 8342// 8337// 8340//
f 8340// 8337// 8339//
f 8340// 8339// 8448//
f 8448// 8339// 8445//
f 8449// 8446// 8431//
f 8431// 8446// 8428//
f 8431// 8428// 8433//
f 8433// 8428// 8426//
f 8433// 8426// 8435//
f 8435// 8426// 8424//
f 8435// 8424// 8437//
f 8437// 8424// 8422//
f 8437// 8422// 8439//
f 8439// 8422// 8420//
f 8439// 8420// 8441//
f 8441// 8420// 8418//
f 8441// 8418// 7683//
f 7683// 8418// 7813//
f 7683// 7813// 7685//
f 7685// 7813// 7812//
f 8445// 8446// 8448//
f 8448// 8446// 8449//
f 7849// 7754// 7837//
f 7837// 7754// 7579//
f 7821// 7573// 7815//
f 7815// 7573// 7575//
usemtl 3
f 7577// 7838// 7580//
f 7580// 7838// 7836//
f 7753// 7845// 7752//
f 7752// 7845// 7817//
usemtl 2
f 7752// 7817// 8452//
f 8452// 7817// 8453//
f 8452// 8453// 8454//
f 8454// 8453// 8455//
f 8456// 8457// 8458//
f 8458// 8457// 8459//
f 8458// 8459// 7751//
f 7751// 8459// 7816//
f 7817// 7816// 8459//
f 7817// 8459// 8453//
f 8453// 8459// 8457//
f 8453// 8457// 8455//
f 8454// 8456// 8452//
f 8452// 8456// 8458//
f 8452// 8458// 7752//
f 7752// 8458// 7751//
f 8460// 8461// 8456//
f 8456// 8461// 8457//
f 8462// 8463// 8455//
f 8455// 8463// 8454//
f 8461// 8462// 8457//
f 8457// 8462// 8455//
f 8454// 8463// 8456//
f 8456// 8463// 8460//
f 8462// 8461// 8463//
f 8463// 8461// 8460//
f 7580// 7836// 8464//
f 8464// 7836// 8465//
f 8464// 8465// 8466//
f 8466// 8465// 8467//
f 8468// 8469// 8470//
f 8470// 8469// 8471//
f 8470// 8471// 7578//
f 7578// 8471// 7835//
f 7836// 7835// 8471//
f 7836// 8471// 8465//
f 8465// 8471// 8469//
f 8465// 8469// 8467//
f 8466// 8468// 8464//
f 8464// 8468// 8470//
f 8464// 8470// 7580//
f 7580// 8470// 7578//
f 8472// 8473// 8468//
f 8468// 8473// 8469//
f 8474// 8475// 8467//
f 8467// 8475// 8466//
f 8473// 8474// 8469//
f 8469// 8474// 8467//
f 8466// 8475// 8468//
f 8468// 8475// 8472//
f 8474// 8473// 8475//
f 8475// 8473// 8472//
f 8447// 8444// 8341//
f 8341// 8444// 8338//
f 8341// 8338// 8343//
f 8343// 8338// 8336//
f 8343// 8336// 8345//
f 8345// 8336// 8334//
f 8345// 8334// 8347//
f 8347// 8334// 8332//
f 8347// 8332// 8349//
f 8349// 8332// 8330//
f 8349// 8330// 8351//
f 8351// 8330// 8328//
f 8351// 8328// 7572//
f 7572// 8328// 7818//
f 7572// 7818// 7574//
f 7574// 7818// 7820//
f 8476// 7584// 8477//
f 8477// 7584// 7582//
f 8477// 7582// 8478//
f 8309// 8479// 8310//
f 8310// 8479// 8480//
f 8310// 8480// 7582//
f 7582// 8480// 8481//
f 7582// 8481// 8478//
f 7840// 8476// 8477//
f 7840// 8477// 7842//
f 7842// 8477// 8319//
f 8319// 8477// 8478//
f 8319// 8478// 8321//
f 8321// 8478// 8481//
f 8321// 8481// 8323//
f 8323// 8481// 8480//
f 8323// 8480// 8325//
f 8325// 8480// 8479//
f 8325// 8479// 8327//
f 8327// 8479// 8309//
f 8327// 8309// 8313//
f 8316// 8315// 8326//
f 8326// 8315// 8482//
f 8326// 8482// 8324//
f 8324// 8482// 8483//
f 8324// 8483// 8322//
f 8322// 8483// 8484//
f 8322// 8484// 8320//
f 8320// 8484// 8485//
f 8320// 8485// 8318//
f 8318// 8485// 8486//
f 8318// 8486// 7595//
f 7595// 8486// 7620//
f 7842// 7595// 7820//
f 7820// 7595// 7574//
usemtl 1
f 8311// 8312// 8487//
f 8487// 8312// 8488//
f 8487// 8488// 8489//
f 8489// 8488// 8490//
f 8489// 8490// 8491//
f 8491// 8490// 8492//
f 8491// 8492// 8493//
f 8493// 8492// 8494//
f 8493// 8494// 8495//
f 8495// 8494// 8496//
f 8495// 8496// 8497//
f 8497// 8496// 8498//
f 8499// 8500// 8501//
f 8501// 8500// 8502//
f 8501// 8502// 8503//
f 8503// 8502// 8504//
f 8503// 8504// 8505//
f 8505// 8504// 8506//
f 8505// 8506// 8507//
f 8507// 8506// 8508//
f 8507// 8508// 8509//
f 8509// 8508// 8510//
f 8509// 8510// 8314//
f 8314// 8510// 8317//
f 8312// 8317// 8510//
f 8312// 8510// 8488//
f 8488// 8510// 8508//
f 8488// 8508// 8490//
f 8490// 8508// 8506//
f 8490// 8506// 8492//
f 8492// 8506// 8504//
f 8492// 8504// 8494//
f 8494// 8504// 8502//
f 8494// 8502// 8496//
f 8496// 8502// 8500//
f 8496// 8500// 8498//
f 8497// 8499// 8495//
f 8495// 8499// 8501//
f 8495// 8501// 8493//
f 8493// 8501// 8503//
f 8493// 8503// 8491//
f 8491// 8503// 8505//
f 8491// 8505// 8489//
f 8489// 8505// 8507//
f 8489// 8507// 8487//
f 8487// 8507// 8509//
f 8487// 8509// 8311//
f 8311// 8509// 8314//
f 8511// 8500// 8512//
f 8512// 8500// 8499//
f 8513// 8497// 8514//
f 8514// 8497// 8498//
f 7558// 7559// 8515//
f 8498// 8516// 8517//
f 8518// 8519// 8520//
f 8516// 8498// 8521//
f 8521// 8498// 8500//
f 8521// 8500// 8522//
f 8523// 8524// 8525//
f 8525// 8524// 8514//
f 8525// 8514// 8526//
f 8526// 8514// 8498//
f 8526// 8498// 8527//
f 8527// 8498// 8517//
f 8520// 8528// 8518//
f 8518// 8528// 7558//
f 8518// 7558// 8529//
f 8529// 7558// 8515//
f 8529// 8515// 8511//
f 8511// 8515// 8530//
f 8511// 8530// 8500//
f 8500// 8530// 8531//
f 8500// 8531// 8522//
f 8532// 8533// 8534//
f 8534// 8533// 8535//
f 8523// 8536// 8524//
f 8524// 8536// 8533//
f 8524// 8533// 8537//
f 8537// 8533// 8532//
f 8538// 8539// 8540//
f 8541// 8542// 8538//
f 8538// 8542// 8543//
f 8538// 8543// 8544//
f 8541// 8538// 8545//
f 8545// 8538// 8540//
f 8545// 8540// 8513//
f 8513// 8540// 8546//
f 8513// 8546// 8497//
f 8497// 8546// 8547//
f 8497// 8547// 8548//
f 8548// 8549// 8497//
f 8497// 8549// 8550//
f 8497// 8550// 8499//
f 8499// 8550// 8551//
f 8551// 8552// 8499//
f 8499// 8552// 8553//
f 8499// 8553// 8512//
f 8512// 8553// 8554//
f 8512// 8554// 8555//
f 8554// 8556// 8555//
f 8555// 8556// 7557//
f 8555// 7557// 7556//
f 7556// 8557// 8555//
f 8555// 8557// 8558//
f 8555// 8558// 8559//
f 8559// 8558// 8560//
f 8533// 8536// 8538//
f 8538// 8536// 8539//
f 8279// 8308// 8561//
f 8561// 8308// 8562//
f 8563// 8562// 8564//
f 8564// 8562// 8308//
f 8564// 8308// 8565//
f 8565// 8308// 8566//
f 8307// 8567// 8308//
f 8308// 8567// 8568//
f 8308// 8568// 8566//
f 8569// 8301// 8570//
f 8570// 8301// 8288//
f 8301// 8571// 8572//
f 8569// 8573// 8301//
f 8301// 8573// 8574//
f 8301// 8574// 8571//
f 8572// 8575// 8301//
f 8301// 8575// 8576//
f 8301// 8576// 8306//
f 8282// 8276// 8275//
f 8282// 8275// 8283//
f 8283// 8275// 8278//
f 8283// 8278// 8285//
f 8285// 8278// 8281//
f 8285// 8281// 8286//
f 8286// 8281// 8280//
f 8286// 8280// 8287//
f 8287// 8280// 8288//
f 8288// 8280// 8279//
f 8288// 8279// 8570//
f 8279// 8561// 8570//
f 8570// 8561// 8562//
f 8570// 8562// 8569//
f 8573// 8563// 8574//
f 8574// 8563// 8564//
f 8574// 8564// 8571//
f 8571// 8564// 8565//
f 8571// 8565// 8572//
f 8572// 8565// 8566//
f 8572// 8566// 8575//
f 8575// 8566// 8568//
f 8575// 8568// 8576//
f 8576// 8568// 8567//
f 8576// 8567// 8306//
f 8306// 8567// 8307//
f 8577// 8578// 8563//
f 8563// 8578// 8562//
f 8579// 8580// 8569//
f 8569// 8580// 8573//
f 8578// 8579// 8562//
f 8562// 8579// 8569//
f 8573// 8580// 8563//
f 8563// 8580// 8577//
f 8579// 8578// 8580//
f 8580// 8578// 8577//
usemtl 2
f 7607// 8050// 7592//
f 7592// 8050// 8048//
f 7607// 7653// 8050//
f 8050// 7653// 8051//
f 7653// 7610// 8051//
f 8051// 7610// 7997//
f 7772// 7913// 7743//
f 7743// 7913// 7863//
f 7743// 7863// 7744//
f 7744// 7863// 7862//
f 7744// 7862// 7774//
f 7774// 7862// 7861//
f 7774// 7861// 7701//
f 7701// 7861// 8045//
f 7701// 8045// 7676//
f 7676// 8045// 8024//
f 7676// 8024// 7677//
f 7677// 8024// 8023//
f 7677// 8023// 7678//
f 7678// 8023// 8022//
f 7678// 8022// 7697//
f 7697// 8022// 7998//
f 7697// 7998// 7698//
f 7698// 7998// 7999//
f 7698// 7999// 7687//
f 7687// 7999// 7993//
f 7687// 7993// 7686//
f 7686// 7993// 7995//
f 7686// 7995// 7610//
f 7610// 7995// 7997//
f 7772// 7712// 7913//
f 7913// 7712// 7914//
f 7711// 7915// 7712//
f 7712// 7915// 7914//
f 7711// 7710// 7915//
f 7915// 7710// 7962//
f 7963// 7962// 7692//
f 7692// 7962// 7710//
f 7692// 7691// 7963//
f 7963// 7691// 7855//
f 7688// 7917// 7689//
f 7689// 7917// 7916//
f 7689// 7916// 7775//
f 7775// 7916// 7934//
f 7775// 7934// 7776//
f 7776// 7934// 7933//
f 7776// 7933// 7777//
f 7777// 7933// 7932//
f 7777// 7932// 7690//
f 7690// 7932// 7856//
f 7690// 7856// 7691//
f 7691// 7856// 7855//
f 7688// 7750// 7917//
f 7917// 7750// 7918//
f 7704// 7825// 7705//
f 7705// 7825// 7884//
f 7705// 7884// 7706//
f 7706// 7884// 7883//
f 7706// 7883// 7707//
f 7707// 7883// 7882//
f 7707// 7882// 7748//
f 7748// 7882// 7881//
f 7748// 7881// 7749//
f 7749// 7881// 7919//
f 7749// 7919// 7750//
f 7750// 7919// 7918//
f 7704// 7713// 7825//
f 7825// 7713// 7858//
f 7654// 7996// 7655//
f 7655// 7996// 7994//
f 7655// 7994// 7608//
f 7608// 7994// 8000//
f 7608// 8000// 7609//
f 7609// 8000// 7950//
f 7609// 7950// 7611//
f 7611// 7950// 7949//
f 7611// 7949// 7636//
f 7636// 7949// 7896//
f 7636// 7896// 7629//
f 7629// 7896// 7895//
f 7629// 7895// 7630//
f 7630// 7895// 7945//
f 7630// 7945// 7632//
f 7632// 7945// 7979//
f 7632// 7979// 7634//
f 7634// 7979// 7978//
f 7634// 7978// 7727//
f 7727// 7978// 7977//
f 7727// 7977// 7729//
f 7729// 7977// 7976//
f 7729// 7976// 7713//
f 7713// 7976// 7858//
f 7654// 7594// 7996//
f 7996// 7594// 8049//
f 7594// 7593// 8049//
f 8049// 7593// 8047//
f 7593// 7592// 8047//
f 8047// 7592// 8048//
f 7590// 8008// 7641//
f 7641// 8008// 7936//
f 7641// 7936// 7642//
f 7642// 7936// 7911//
f 7642// 7911// 7659//
f 7659// 7911// 7910//
f 7659// 7910// 7660//
f 7660// 7910// 7909//
f 7660// 7909// 7662//
f 7662// 7909// 7907//
f 7662// 7907// 7664//
f 7664// 7907// 7905//
f 7664// 7905// 7665//
f 7665// 7905// 7903//
f 7665// 7903// 7670//
f 7670// 7903// 7902//
f 7670// 7902// 7671//
f 7671// 7902// 7960//
f 7671// 7960// 7672//
f 7672// 7960// 7959//
f 7672// 7959// 7614//
f 7614// 7959// 7958//
f 7614// 7958// 7673//
f 7673// 7958// 8036//
f 7590// 7588// 8008//
f 8008// 7588// 8009//
f 7645// 8033// 7646//
f 7646// 8033// 8032//
f 7646// 8032// 7647//
f 7647// 8032// 8031//
f 7647// 8031// 7648//
f 7648// 8031// 7989//
f 7648// 7989// 7599//
f 7599// 7989// 7988//
f 7599// 7988// 7600//
f 7600// 7988// 8010//
f 7600// 8010// 7588//
f 7588// 8010// 8009//
f 7645// 7644// 8033//
f 8033// 7644// 8039//
f 7625// 7887// 7606//
f 7606// 7887// 7886//
f 7606// 7886// 7628//
f 7628// 7886// 8026//
f 7628// 8026// 7627//
f 7627// 8026// 7924//
f 7627// 7924// 7626//
f 7626// 7924// 7923//
f 7626// 7923// 7643//
f 7643// 7923// 8040//
f 7643// 8040// 7644//
f 7644// 8040// 8039//
f 7625// 7624// 7887//
f 7887// 7624// 7920//
f 7885// 7920// 7619//
f 7619// 7920// 7624//
f 7619// 7618// 7885//
f 7885// 7618// 7866//
f 7807// 7857// 7618//
f 7618// 7857// 7866//
f 7807// 7773// 7857//
f 7857// 7773// 8044//
f 7674// 8035// 7675//
f 7675// 8035// 8034//
f 7675// 8034// 7612//
f 7612// 8034// 7957//
f 7612// 7957// 7613//
f 7613// 7957// 7929//
f 7613// 7929// 7679//
f 7679// 7929// 7930//
f 7679// 7930// 7680//
f 7680// 7930// 7931//
f 7680// 7931// 7720//
f 7720// 7931// 7951//
f 7720// 7951// 7721//
f 7721// 7951// 7953//
f 7721// 7953// 7800//
f 7800// 7953// 7980//
f 7800// 7980// 7801//
f 7801// 7980// 7982//
f 7801// 7982// 7802//
f 7802// 7982// 8041//
f 7802// 8041// 7803//
f 7803// 8041// 8043//
f 7803// 8043// 7773//
f 7773// 8043// 8044//
f 7674// 7742// 8035//
f 8035// 7742// 8037//
f 7742// 7741// 8037//
f 8037// 7741// 8038//
f 7739// 7954// 7741//
f 7741// 7954// 8038//
f 7739// 7738// 7954//
f 7954// 7738// 7955//
f 7738// 7740// 7955//
f 7955// 7740// 7956//
f 7740// 7673// 7956//
f 7956// 7673// 8036//
f 7789// 7668// 7870//
f 7870// 7668// 7860//
f 7668// 7682// 7860//
f 7860// 7682// 7826//
f 7682// 7684// 7826//
f 7826// 7684// 7827//
f 7684// 7708// 7827//
f 7827// 7708// 7847//
f 7568// 7605// 7880//
f 7880// 7605// 7867//
f 7605// 7604// 7867//
f 7867// 7604// 7921//
f 7604// 7790// 7921//
f 7921// 7790// 7922//
f 7790// 7789// 7922//
f 7922// 7789// 7870//
f 7569// 7568// 7879//
f 7879// 7568// 7880//
f 7570// 7569// 7848//
f 7848// 7569// 7879//
f 7709// 7570// 7846//
f 7846// 7570// 7848//
f 155// 7709// 156//
f 156// 7709// 7846//
f 7708// 155// 7847//
f 7847// 155// 156//
f 7859// 7694// 7828//
f 7828// 7694// 7695//
f 8450// 8442// 8264//
f 8264// 8442// 8261//
f 8264// 8261// 8266//
f 8266// 8261// 8259//
f 8266// 8259// 8268//
f 8268// 8259// 8257//
f 8268// 8257// 8270//
f 8270// 8257// 8255//
f 8270// 8255// 8272//
f 8272// 8255// 8253//
f 8272// 8253// 8274//
f 8274// 8253// 8251//
f 8274// 8251// 7696//
f 7696// 8251// 7829//
f 7696// 7829// 7695//
f 7695// 7829// 7828//
f 7694// 7859// 7693//
f 7693// 7859// 7814//
f 7693// 7814// 8440//
f 8440// 7814// 8419//
f 8440// 8419// 8438//
f 8438// 8419// 8421//
f 8438// 8421// 8436//
f 8436// 8421// 8423//
f 8436// 8423// 8434//
f 8434// 8423// 8425//
f 8434// 8425// 8432//
f 8432// 8425// 8427//
f 8432// 8427// 8430//
f 8430// 8427// 8429//
f 8430// 8429// 8451//
f 8451// 8429// 8443//
f 8443// 8442// 8451//
f 8451// 8442// 8450//
f 8216// 8117// 8217//
f 8217// 8117// 8116//
f 8217// 8116// 8218//
f 8218// 8116// 8163//
f 8218// 8163// 8219//
f 8219// 8163// 8162//
f 8219// 8162// 8220//
f 8220// 8162// 8161//
f 8220// 8161// 8226//
f 8226// 8161// 8160//
f 8226// 8160// 8227//
f 8227// 8160// 8159//
f 8227// 8159// 8228//
f 8228// 8159// 8158//
f 8228// 8158// 8191//
f 8191// 8158// 8157//
f 8191// 8157// 8192//
f 8192// 8157// 8156//
f 8192// 8156// 8221//
f 8221// 8156// 8171//
f 8221// 8171// 8199//
f 8199// 8171// 8154//
f 8199// 8154// 8200//
f 8200// 8154// 8152//
f 8201// 8151// 8223//
f 8223// 8151// 8153//
f 8223// 8153// 8222//
f 8222// 8153// 8155//
f 8222// 8155// 8229//
f 8229// 8155// 8172//
f 8229// 8172// 8202//
f 8202// 8172// 8173//
f 8202// 8173// 8203//
f 8203// 8173// 8142//
f 8203// 8142// 8204//
f 8204// 8142// 8140//
f 8204// 8140// 8205//
f 8205// 8140// 8121//
f 8205// 8121// 8209//
f 8209// 8121// 8133//
f 8209// 8133// 8211//
f 8211// 8133// 8132//
f 8211// 8132// 8215//
f 8215// 8132// 8131//
f 8215// 8131// 8214//
f 8214// 8131// 8130//
f 8214// 8130// 8212//
f 8212// 8130// 8129//
f 8213// 8128// 8210//
f 8210// 8128// 8120//
f 8210// 8120// 8230//
f 8230// 8120// 8119//
f 8230// 8119// 8231//
f 8231// 8119// 8178//
f 8231// 8178// 8244//
f 8244// 8178// 8177//
f 8244// 8177// 8245//
f 8245// 8177// 8176//
f 8245// 8176// 8233//
f 8233// 8176// 8167//
f 8233// 8167// 8234//
f 8234// 8167// 8169//
f 8234// 8169// 8235//
f 8235// 8169// 8170//
f 8235// 8170// 8236//
f 8236// 8170// 8174//
f 8236// 8174// 8237//
f 8237// 8174// 8145//
f 8237// 8145// 8240//
f 8240// 8145// 8146//
f 8240// 8146// 8238//
f 8238// 8146// 8127//
f 8239// 8126// 8241//
f 8241// 8126// 8125//
f 8241// 8125// 8242//
f 8242// 8125// 8144//
f 8242// 8144// 8243//
f 8243// 8144// 8143//
f 8243// 8143// 8246//
f 8246// 8143// 8175//
f 8246// 8175// 8247//
f 8247// 8175// 8166//
f 8247// 8166// 8248//
f 8248// 8166// 8165//
f 8248// 8165// 8225//
f 8225// 8165// 8164//
f 8225// 8164// 8224//
f 8224// 8164// 8150//
f 8224// 8150// 8194//
f 8194// 8150// 8139//
f 8194// 8139// 8195//
f 8195// 8139// 8137//
f 8195// 8137// 8197//
f 8197// 8137// 8135//
f 8197// 8135// 8198//
f 8198// 8135// 8134//
f 8123// 8122// 8187//
f 8187// 8122// 8188//
f 8124// 8123// 8186//
f 8186// 8123// 8187//
f 8395// 8581// 8396//
f 8396// 8581// 8182//
f 8581// 8395// 8407//
f 8407// 8395// 8403//
f 8581// 8407// 8182//
f 8182// 8407// 8180//
f 8182// 8180// 8184//
f 8184// 8180// 8179//
f 8582// 8108// 8184//
f 8583// 8584// 8184//
f 8184// 8584// 8585//
f 8184// 8585// 8183//
f 8107// 8586// 8108//
f 8108// 8586// 8587//
f 8108// 8587// 8184//
f 8184// 8587// 8588//
f 8184// 8588// 8583//
f 8179// 8589// 8184//
f 8184// 8589// 8590//
f 8184// 8590// 8591//
f 8591// 8592// 8184//
f 8184// 8592// 8593//
f 8184// 8593// 8594//
f 8594// 8595// 8184//
f 8184// 8595// 8596//
f 8184// 8596// 8597//
f 8597// 8598// 8184//
f 8184// 8598// 8599//
f 8184// 8599// 8582//
f 8600// 8124// 8186//
f 8186// 8185// 8601//
f 8601// 8602// 8186//
f 8186// 8602// 8603//
f 8186// 8603// 8604//
f 8605// 8606// 8186//
f 8186// 8606// 8607//
f 8186// 8607// 8608//
f 8608// 8609// 8186//
f 8186// 8609// 8610//
f 8186// 8610// 8600//
f 8604// 8611// 8103//
f 8103// 8611// 8612//
f 8103// 8612// 8104//
f 8613// 8614// 8186//
f 8604// 8103// 8186//
f 8186// 8103// 8615//
f 8186// 8615// 8613//
f 8614// 8616// 8186//
f 8186// 8616// 8617//
f 8186// 8617// 8605//
f 8179// 8114// 8112//
f 8112// 8124// 8179//
f 8179// 8124// 8600//
f 8179// 8600// 8589//
f 8589// 8600// 8610//
f 8589// 8610// 8590//
f 8590// 8610// 8609//
f 8590// 8609// 8591//
f 8591// 8609// 8608//
f 8591// 8608// 8592//
f 8592// 8608// 8607//
f 8592// 8607// 8593//
f 8593// 8607// 8606//
f 8593// 8606// 8594//
f 8594// 8606// 8605//
f 8594// 8605// 8595//
f 8595// 8605// 8617//
f 8595// 8617// 8596//
f 8596// 8617// 8616//
f 8596// 8616// 8597//
f 8597// 8616// 8614//
f 8597// 8614// 8598//
f 8598// 8614// 8613//
f 8598// 8613// 8599//
f 8599// 8613// 8615//
f 8599// 8615// 8582//
f 8582// 8615// 8103//
f 8582// 8103// 8108//
f 8107// 8104// 8586//
f 8586// 8104// 8612//
f 8586// 8612// 8587//
f 8587// 8612// 8611//
f 8587// 8611// 8588//
f 8588// 8611// 8604//
f 8588// 8604// 8583//
f 8583// 8604// 8603//
f 8583// 8603// 8584//
f 8584// 8603// 8602//
f 8584// 8602// 8585//
f 8585// 8602// 8601//
f 8585// 8601// 8183//
f 8183// 8601// 8185//
f 8109// 8110// 8618//
f 8618// 8110// 8619//
f 8618// 8619// 8620//
f 8620// 8619// 8621//
f 8620// 8621// 8622//
f 8622// 8621// 8623//
f 8622// 8623// 8624//
f 8624// 8623// 8625//
f 8624// 8625// 8626//
f 8626// 8625// 8627//
f 8626// 8627// 8628//
f 8628// 8627// 8629//
f 8628// 8629// 8630//
f 8630// 8629// 8631//
f 8632// 8633// 8634//
f 8634// 8633// 8635//
f 8634// 8635// 8636//
f 8636// 8635// 8637//
f 8636// 8637// 8638//
f 8638// 8637// 8639//
f 8638// 8639// 8640//
f 8640// 8639// 8641//
f 8640// 8641// 8642//
f 8642// 8641// 8643//
f 8642// 8643// 8644//
f 8644// 8643// 8645//
f 8644// 8645// 8106//
f 8106// 8645// 8105//
f 8110// 8105// 8645//
f 8110// 8645// 8619//
f 8619// 8645// 8643//
f 8619// 8643// 8621//
f 8621// 8643// 8641//
f 8621// 8641// 8623//
f 8623// 8641// 8639//
f 8623// 8639// 8625//
f 8625// 8639// 8637//
f 8625// 8637// 8627//
f 8627// 8637// 8635//
f 8627// 8635// 8629//
f 8629// 8635// 8633//
f 8629// 8633// 8631//
f 8630// 8632// 8628//
f 8628// 8632// 8634//
f 8628// 8634// 8626//
f 8626// 8634// 8636//
f 8626// 8636// 8624//
f 8624// 8636// 8638//
f 8624// 8638// 8622//
f 8622// 8638// 8640//
f 8622// 8640// 8620//
f 8620// 8640// 8642//
f 8620// 8642// 8618//
f 8618// 8642// 8644//
f 8618// 8644// 8109//
f 8109// 8644// 8106//
f 8646// 8647// 8632//
f 8632// 8647// 8633//
f 8648// 8649// 8631//
f 8631// 8649// 8630//
f 8647// 8648// 8633//
f 8633// 8648// 8631//
f 8630// 8649// 8632//
f 8632// 8649// 8646//
f 8648// 8647// 8649//
f 8649// 8647// 8646//
f 7583// 7584// 7840//
f 7840// 7584// 8476//
f 7585// 7583// 8102//
f 8102// 7583// 7840//
f 8102// 7840// 7839//
usemtl 4
f 7620// 8486// 7581//
f 7581// 8486// 8485//
f 7581// 8485// 8484//
f 8484// 8483// 7581//
f 7581// 8483// 8482//
f 7581// 8482// 8315//
usemtl 2
f 7791// 7747// 7972//
f 7972// 7747// 7943//
f 7637// 7853// 7638//
f 7638// 7853// 7894//
f 7638// 7894// 7639//
f 7639// 7894// 7893//
f 7639// 7893// 7596//
f 7596// 7893// 7892//
f 7596// 7892// 7597//
f 7597// 7892// 7891//
f 7597// 7891// 7622//
f 7622// 7891// 7890//
f 7622// 7890// 7623//
f 7623// 7890// 7876//
f 7623// 7876// 7699//
f 7699// 7876// 7974//
f 7699// 7974// 7700//
f 7700// 7974// 7975//
f 7700// 7975// 7702//
f 7702// 7975// 7947//
f 7702// 7947// 7703//
f 7703// 7947// 7946//
f 7703// 7946// 7746//
f 7746// 7946// 7944//
f 7746// 7944// 7747//
f 7747// 7944// 7943//
f 7637// 7621// 7853//
f 7853// 7621// 7854//
f 7585// 8064// 8084//
f 7585// 8102// 8650//
f 8084// 8651// 7585//
f 7585// 8651// 8652//
f 7585// 8652// 8653//
f 8650// 8654// 7585//
f 7585// 8654// 8655//
f 7585// 8655// 8064//
f 8653// 8656// 7585//
f 7585// 8656// 8657//
f 7585// 8657// 7586//
f 8083// 8065// 8658//
f 8658// 8065// 8659//
f 8658// 8659// 8660//
f 8660// 8659// 8661//
f 8660// 8661// 8662//
f 8662// 8661// 8663//
f 8662// 8663// 8664//
f 8664// 8663// 8665//
f 8664// 8665// 8666//
f 8666// 8665// 8667//
f 8666// 8667// 7621//
f 7621// 8667// 7854//
f 7841// 7854// 8667//
f 7841// 8667// 8100//
f 8100// 8667// 8665//
f 8100// 8665// 8101//
f 8101// 8665// 8102//
f 8102// 8665// 8663//
f 8102// 8663// 8650//
f 8650// 8663// 8661//
f 8650// 8661// 8654//
f 8654// 8661// 8659//
f 8654// 8659// 8655//
f 8655// 8659// 8065//
f 8655// 8065// 8064//
f 8084// 8083// 8651//
f 8651// 8083// 8658//
f 8651// 8658// 8652//
f 8652// 8658// 8660//
f 8652// 8660// 8653//
f 8653// 8660// 8662//
f 8653// 8662// 8656//
f 8656// 8662// 8664//
f 8656// 8664// 8657//
f 8657// 8664// 8666//
f 8657// 8666// 7586//
f 7586// 8666// 7621//
f 8066// 8065// 8082//
f 8082// 8065// 8083//
f 8073// 8085// 8064//
f 8064// 8085// 8084//
f 8073// 8061// 8085//
f 8085// 8061// 8060//
f 8086// 8080// 8087//
f 8087// 8080// 8081//
f 8087// 8081// 8088//
f 8088// 8081// 8079//
f 8088// 8079// 8089//
f 8089// 8079// 8078//
f 8089// 8078// 8090//
f 8090// 8078// 8077//
f 8090// 8077// 8093//
f 8093// 8077// 8074//
f 8093// 8074// 8092//
f 8092// 8074// 8072//
f 8092// 8072// 8091//
f 8091// 8072// 8071//
f 8091// 8071// 8094//
f 8094// 8071// 8070//
f 8094// 8070// 8095//
f 8095// 8070// 8069//
f 8095// 8069// 8096//
f 8096// 8069// 8068//
f 8096// 8068// 8099//
f 8099// 8068// 8067//
f 8099// 8067// 8098//
f 8098// 8067// 8075//
f 8063// 8080// 8062//
f 8062// 8080// 8086//
f 8076// 8097// 8075//
f 8075// 8097// 8098//
f 8097// 8076// 8668//
f 8668// 8076// 8669//
f 8668// 8669// 8670//
f 8670// 8669// 8671//
f 8670// 8671// 8672//
f 8672// 8671// 8673//
f 8672// 8673// 8674//
f 8674// 8673// 8675//
f 8674// 8675// 8676//
f 8676// 8675// 8677//
f 8676// 8677// 8678//
f 8678// 8677// 8679//
f 8680// 8681// 8682//
f 8682// 8681// 8683//
f 8682// 8683// 8684//
f 8684// 8683// 8685//
f 8684// 8685// 8686//
f 8686// 8685// 8687//
f 8686// 8687// 8688//
f 8688// 8687// 8689//
f 8688// 8689// 8690//
f 8690// 8689// 8691//
f 8690// 8691// 8082//
f 8082// 8691// 8066//
f 8076// 8066// 8691//
f 8076// 8691// 8669//
f 8669// 8691// 8689//
f 8669// 8689// 8671//
f 8671// 8689// 8687//
f 8671// 8687// 8673//
f 8673// 8687// 8685//
f 8673// 8685// 8675//
f 8675// 8685// 8683//
f 8675// 8683// 8677//
f 8677// 8683// 8681//
f 8677// 8681// 8679//
f 8678// 8680// 8676//
f 8676// 8680// 8682//
f 8676// 8682// 8674//
f 8674// 8682// 8684//
f 8674// 8684// 8672//
f 8672// 8684// 8686//
f 8672// 8686// 8670//
f 8670// 8686// 8688//
f 8670// 8688// 8668//
f 8668// 8688// 8690//
f 8668// 8690// 8097//
f 8097// 8690// 8082//
f 8692// 8693// 8680//
f 8680// 8693// 8681//
f 8694// 8695// 8679//
f 8679// 8695// 8678//
f 8693// 8694// 8681//
f 8681// 8694// 8679//
f 8678// 8695// 8680//
f 8680// 8695// 8692//
f 8694// 8693// 8695//
f 8695// 8693// 8692//
f 7763// 7764// 7927//
f 7927// 7764// 7928//
f 7764// 7809// 7928//
f 7928// 7809// 8046//
f 7796// 8020// 7733//
f 7733// 8020// 8021//
f 7733// 8021// 7734//
f 7734// 8021// 7942//
f 7734// 7942// 7736//
f 7736// 7942// 7940//
f 7736// 7940// 7737//
f 7737// 7940// 7939//
f 7737// 7939// 7784//
f 7784// 7939// 7971//
f 7784// 7971// 7783//
f 7783// 7971// 7970//
f 7783// 7970// 7781//
f 7781// 7970// 7968//
f 7781// 7968// 7797//
f 7797// 7968// 7967//
f 7797// 7967// 7798//
f 7798// 7967// 7992//
f 7798// 7992// 7799//
f 7799// 7992// 7991//
f 7799// 7991// 7808//
f 7808// 7991// 7990//
f 7808// 7990// 7809//
f 7809// 7990// 8046//
f 7796// 7795// 8020//
f 8020// 7795// 8018//
f 7794// 8019// 8696//
f 8696// 8019// 8697//
f 8696// 8697// 8698//
f 8698// 8697// 8699//
f 8698// 8699// 8700//
f 8700// 8699// 8701//
f 8700// 8701// 8702//
f 8702// 8701// 8703//
f 8702// 8703// 8704//
f 8704// 8703// 8705//
f 8704// 8705// 8052//
f 8052// 8705// 8053//
f 8057// 8056// 8706//
f 8706// 8056// 8707//
f 8706// 8707// 8708//
f 8708// 8707// 8709//
f 8708// 8709// 8710//
f 8710// 8709// 8711//
f 8710// 8711// 8712//
f 8712// 8711// 8713//
f 8712// 8713// 8714//
f 8714// 8713// 8715//
f 8714// 8715// 7795//
f 7795// 8715// 8018//
f 8019// 8018// 8715//
f 8019// 8715// 8697//
f 8697// 8715// 8713//
f 8697// 8713// 8699//
f 8699// 8713// 8711//
f 8699// 8711// 8701//
f 8701// 8711// 8709//
f 8701// 8709// 8703//
f 8703// 8709// 8707//
f 8703// 8707// 8705//
f 8705// 8707// 8056//
f 8705// 8056// 8053//
f 8052// 8057// 8704//
f 8704// 8057// 8706//
f 8704// 8706// 8702//
f 8702// 8706// 8708//
f 8702// 8708// 8700//
f 8700// 8708// 8710//
f 8700// 8710// 8698//
f 8698// 8710// 8712//
f 8698// 8712// 8696//
f 8696// 8712// 8714//
f 8696// 8714// 7794//
f 7794// 8714// 7795//
usemtl 1
f 8058// 8059// 8716//
f 8716// 8059// 8717//
f 8716// 8717// 8718//
f 8718// 8717// 8719//
f 8718// 8719// 8720//
f 8720// 8719// 8721//
f 8720// 8721// 8722//
f 8722// 8721// 8723//
f 8722// 8723// 8724//
f 8724// 8723// 8725//
f 8724// 8725// 8726//
f 8726// 8725// 8727//
f 8728// 8729// 8730//
f 8730// 8729// 8731//
f 8730// 8731// 8732//
f 8732// 8731// 8733//
f 8732// 8733// 8734//
f 8734// 8733// 8735//
f 8734// 8735// 8736//
f 8736// 8735// 8737//
f 8736// 8737// 8738//
f 8738// 8737// 8739//
f 8738// 8739// 8055//
f 8055// 8739// 8054//
f 8059// 8054// 8739//
f 8059// 8739// 8717//
f 8717// 8739// 8737//
f 8717// 8737// 8719//
f 8719// 8737// 8735//
f 8719// 8735// 8721//
f 8721// 8735// 8733//
f 8721// 8733// 8723//
f 8723// 8733// 8731//
f 8723// 8731// 8725//
f 8725// 8731// 8729//
f 8725// 8729// 8727//
f 8726// 8728// 8724//
f 8724// 8728// 8730//
f 8724// 8730// 8722//
f 8722// 8730// 8732//
f 8722// 8732// 8720//
f 8720// 8732// 8734//
f 8720// 8734// 8718//
f 8718// 8734// 8736//
f 8718// 8736// 8716//
f 8716// 8736// 8738//
f 8716// 8738// 8058//
f 8058// 8738// 8055//
f 8740// 8741// 8727//
f 8727// 8741// 8726//
f 8742// 8743// 8728//
f 8728// 8743// 8729//
f 8743// 8740// 8729//
f 8729// 8740// 8727//
f 8726// 8741// 8728//
f 8728// 8741// 8742//
f 8740// 8743// 8741//
f 8741// 8743// 8742//
usemtl 2
f 7731// 7730// 7822//
f 7822// 7730// 7823//
f 7730// 7719// 7823//
f 7823// 7719// 7834//
f 7718// 7717// 7833//
f 7833// 7717// 7832//
f 7717// 7716// 7832//
f 7832// 7716// 7831//
f 7718// 7833// 8744//
f 8744// 7833// 8745//
f 8744// 8745// 8746//
f 8746// 8745// 8747//
f 8746// 8747// 8748//
f 8748// 8747// 8749//
f 8748// 8749// 8750//
f 8750// 8749// 8751//
f 8750// 8751// 8752//
f 8752// 8751// 8753//
f 8752// 8753// 7564//
f 7564// 8753// 7565//
f 7561// 7560// 8754//
f 8754// 7560// 8755//
f 8754// 8755// 8756//
f 8756// 8755// 8757//
f 8756// 8757// 8758//
f 8758// 8757// 8759//
f 8758// 8759// 8760//
f 8760// 8759// 8761//
f 8760// 8761// 8762//
f 8762// 8761// 8763//
f 8762// 8763// 7719//
f 7719// 8763// 7834//
f 7833// 7834// 8763//
f 7833// 8763// 8745//
f 8745// 8763// 8761//
f 8745// 8761// 8747//
f 8747// 8761// 8759//
f 8747// 8759// 8749//
f 8749// 8759// 8757//
f 8749// 8757// 8751//
f 8751// 8757// 8755//
f 8751// 8755// 8753//
f 8753// 8755// 7560//
f 8753// 7560// 7565//
f 7564// 7561// 8752//
f 8752// 7561// 8754//
f 8752// 8754// 8750//
f 8750// 8754// 8756//
f 8750// 8756// 8748//
f 8748// 8756// 8758//
f 8748// 8758// 8746//
f 8746// 8758// 8760//
f 8746// 8760// 8744//
f 8744// 8760// 8762//
f 8744// 8762// 7718//
f 7718// 8762// 7719//
usemtl 1
f 7562// 7563// 8764//
f 8764// 7563// 8765//
f 8764// 8765// 8766//
f 8766// 8765// 8767//
f 8766// 8767// 8768//
f 8768// 8767// 8769//
f 8768// 8769// 8770//
f 8770// 8769// 8771//
f 8770// 8771// 8772//
f 8772// 8771// 8773//
f 8772// 8773// 8774//
f 8774// 8773// 8775//
f 8776// 8777// 8778//
f 8778// 8777// 8779//
f 8778// 8779// 8780//
f 8780// 8779// 8781//
f 8780// 8781// 8782//
f 8782// 8781// 8783//
f 8782// 8783// 8784//
f 8784// 8783// 8785//
f 8784// 8785// 8786//
f 8786// 8785// 8787//
f 8786// 8787// 7567//
f 7567// 8787// 7566//
f 7563// 7566// 8787//
f 7563// 8787// 8765//
f 8765// 8787// 8785//
f 8765// 8785// 8767//
f 8767// 8785// 8783//
f 8767// 8783// 8769//
f 8769// 8783// 8781//
f 8769// 8781// 8771//
f 8771// 8781// 8779//
f 8771// 8779// 8773//
f 8773// 8779// 8777//
f 8773// 8777// 8775//
f 8774// 8776// 8772//
f 8772// 8776// 8778//
f 8772// 8778// 8770//
f 8770// 8778// 8780//
f 8770// 8780// 8768//
f 8768// 8780// 8782//
f 8768// 8782// 8766//
f 8766// 8782// 8784//
f 8766// 8784// 8764//
f 8764// 8784// 8786//
f 8764// 8786// 7562//
f 7562// 8786// 7567//
f 8788// 8789// 8776//
f 8776// 8789// 8777//
f 8790// 8791// 8775//
f 8775// 8791// 8774//
f 8789// 8790// 8777//
f 8777// 8790// 8775//
f 8774// 8791// 8776//
f 8776// 8791// 8788//
f 8790// 8789// 8791//
f 8791// 8789// 8788//
usemtl 2
f 8232// 8208// 8168//
f 8168// 8208// 8149//
f 8208// 8207// 8149//
f 8149// 8207// 8148//
f 8207// 8206// 8148//
f 8148// 8206// 8147//
f 8206// 8232// 8147//
f 8147// 8232// 8168//
f 8190// 8193// 8111//
f 8111// 8193// 8141//
f 8193// 8249// 8141//
f 8141// 8249// 8115//
f 8249// 8250// 8115//
f 8115// 8250// 8113//
f 8250// 8190// 8113//
f 8113// 8190// 8111//
usemtl 1
f 8539// 8536// 8540//
f 8540// 8536// 8523//
f 8540// 8523// 8546//
f 8546// 8523// 8525//
f 8546// 8525// 8547//
f 8547// 8525// 8526//
f 8547// 8526// 8548//
f 8548// 8526// 8527//
f 8548// 8527// 8549//
f 8549// 8527// 8517//
f 8549// 8517// 8550//
f 8550// 8517// 8516//
f 8550// 8516// 8551//
f 8551// 8516// 8521//
f 8551// 8521// 8552//
f 8552// 8521// 8522//
f 8552// 8522// 8553//
f 8553// 8522// 8531//
f 8553// 8531// 8554//
f 8554// 8531// 8530//
f 8554// 8530// 8556//
f 8556// 8530// 8515//
f 8556// 8515// 7557//
f 7557// 8515// 7559//
f 8511// 8512// 8555//
f 8511// 8555// 8529//
f 8529// 8555// 8559//
f 8529// 8559// 8518//
f 8518// 8559// 8560//
f 8518// 8560// 8519//
f 8519// 8560// 8558//
f 8519// 8558// 8520//
f 8520// 8558// 8557//
f 8520// 8557// 8528//
f 8528// 8557// 7556//
f 8528// 7556// 7558//
f 8533// 8538// 8544//
f 8533// 8544// 8535//
f 8535// 8544// 8543//
f 8535// 8543// 8534//
f 8534// 8543// 8542//
f 8534// 8542// 8532//
f 8532// 8542// 8541//
f 8532// 8541// 8537//
f 8537// 8541// 8545//
f 8537// 8545// 8524//
f 8524// 8545// 8513//
f 8524// 8513// 8514//
usemtl 4
f 8792// 8793// 8794//
f 8795// 8796// 8797//
f 8798// 8799// 8800//
f 8801// 8802// 8803//
f 8804// 8805// 8806//
f 8807// 8808// 8809//
f 8809// 8808// 8810//
f 8808// 8811// 8812//
f 8812// 8813// 8808//
f 8808// 8813// 8814//
f 8808// 8814// 8810//
f 8810// 8814// 8815//
f 8810// 8815// 8816//
f 8816// 8815// 8817//
f 8816// 8817// 8818//
f 8819// 8820// 8821//
f 8818// 8822// 8816//
f 8816// 8822// 8823//
f 8816// 8823// 8824//
f 8825// 8826// 8816//
f 8816// 8826// 8827//
f 8828// 8829// 8830//
f 8830// 8829// 8831//
f 8827// 8832// 8816//
f 8816// 8832// 8831//
f 8816// 8831// 8833//
f 8833// 8831// 8829//
f 8824// 8834// 8816//
f 8816// 8834// 8835//
f 8816// 8835// 8825//
f 8809// 8836// 8807//
f 8807// 8836// 8837//
f 8807// 8837// 8821//
f 8821// 8837// 8838//
f 8821// 8838// 8819//
f 8839// 8840// 8841//
f 8841// 8840// 8842//
f 8843// 8844// 8845//
f 8845// 8844// 8846//
f 8820// 8847// 8821//
f 8821// 8847// 8848//
f 8821// 8848// 8849//
f 8849// 8848// 8850//
f 8851// 8852// 8853//
f 8853// 8852// 8854//
f 8853// 8854// 8845//
f 8845// 8854// 8855//
f 8845// 8855// 8843//
f 8850// 8856// 8849//
f 8849// 8856// 8857//
f 8849// 8857// 8858//
f 8859// 8860// 8861//
f 8861// 8860// 8862//
f 8861// 8862// 8863//
f 8864// 8865// 8866//
f 8862// 8867// 8868//
f 8863// 8862// 8869//
f 8869// 8862// 8868//
f 8869// 8868// 8870//
f 8871// 8872// 8873//
f 8873// 8872// 8874//
f 8873// 8874// 8863//
f 8863// 8874// 8875//
f 8863// 8875// 8861//
f 8861// 8875// 8876//
f 8861// 8876// 8877//
f 8877// 8876// 8878//
f 8877// 8878// 8879//
f 8879// 8878// 8880//
f 8866// 8860// 8864//
f 8864// 8860// 8859//
f 8864// 8859// 8881//
f 8881// 8859// 8882//
f 8881// 8882// 8807//
f 8807// 8882// 8883//
f 8807// 8883// 8808//
f 8808// 8883// 8884//
f 8808// 8884// 8870//
f 8870// 8884// 8885//
f 8870// 8885// 8869//
f 8886// 8887// 8888//
f 8888// 8887// 8889//
f 8888// 8889// 8890//
f 8891// 8892// 8893//
f 8893// 8892// 8894//
f 8893// 8894// 8889//
f 8889// 8894// 8895//
f 8889// 8895// 8890//
f 8867// 8896// 8868//
f 8868// 8896// 8897//
f 8868// 8897// 8898//
f 8898// 8897// 8899//
f 8898// 8899// 8900//
f 8900// 8901// 8898//
f 8898// 8901// 8902//
f 8898// 8902// 8893//
f 8893// 8902// 8903//
f 8893// 8903// 8891//
f 8886// 8904// 8887//
f 8887// 8904// 8905//
f 8887// 8905// 8864//
f 8864// 8905// 8906//
f 8864// 8906// 8865//
f 8907// 8908// 8909//
f 8910// 8911// 8912//
f 8913// 8914// 8797//
f 8797// 8914// 8915//
f 8916// 8917// 8918//
f 8918// 8917// 8919//
f 8920// 8919// 8921//
f 8922// 8923// 8924//
f 8924// 8923// 8925//
f 8924// 8925// 8926//
f 8927// 8928// 8929//
f 8930// 8931// 8932//
f 8932// 8931// 8933//
f 8929// 8928// 8933//
f 8933// 8928// 8912//
f 8933// 8912// 8932//
f 8920// 8926// 8919//
f 8919// 8926// 8925//
f 8919// 8925// 8918//
f 8918// 8925// 8934//
f 8797// 8935// 8913//
f 8913// 8935// 8804//
f 8913// 8804// 8936//
f 8936// 8804// 8806//
f 8936// 8806// 8937//
f 8937// 8806// 8938//
f 8937// 8938// 8939//
f 8940// 8941// 8942//
f 8942// 8941// 8304//
f 8942// 8304// 8943//
f 8940// 8944// 8945//
f 8946// 8947// 8948//
f 8948// 8947// 8949//
f 8948// 8949// 8945//
f 8945// 8949// 8950//
f 8945// 8950// 8940//
f 8951// 8801// 8952//
f 8953// 8189// 8954//
f 8955// 8956// 8957//
f 8958// 8959// 8960//
f 8960// 8959// 8961//
f 8960// 8961// 8962//
f 8957// 8959// 8955//
f 8955// 8959// 8958//
f 8955// 8958// 8963//
f 8963// 8958// 8964//
f 8963// 8964// 8965//
f 8962// 8961// 8966//
f 8966// 8961// 8893//
f 8966// 8893// 8967//
f 8967// 8893// 8889//
f 8967// 8889// 8968//
f 8969// 8970// 8965//
f 8965// 8970// 8968//
f 8965// 8968// 8963//
f 8963// 8968// 8889//
f 8971// 8972// 8973//
f 8974// 8975// 8976//
f 8976// 8975// 8971//
f 8976// 8971// 8853//
f 8853// 8971// 8973//
f 8853// 8973// 8977//
f 8978// 8979// 8980//
f 8974// 8981// 8977//
f 8977// 8981// 8849//
f 8977// 8849// 8853//
f 8853// 8849// 8858//
f 8853// 8858// 8851//
f 8447// 8795// 8932//
f 8932// 8795// 8797//
f 8932// 8797// 8930//
f 8930// 8797// 8915//
f 8930// 8915// 8921//
f 8921// 8915// 8923//
f 8921// 8923// 8920//
f 8920// 8923// 8922//
f 8982// 8983// 8984//
f 8985// 8986// 8987//
f 8988// 8989// 8987//
f 8987// 8989// 8990//
f 8991// 8992// 8993//
f 8994// 8995// 8996//
f 8996// 8995// 8997//
f 8996// 8997// 8993//
f 8993// 8997// 8998//
f 8993// 8998// 8991//
f 8999// 9000// 9001//
f 9002// 9003// 9004//
f 9005// 9006// 9007//
f 9007// 9006// 9008//
f 9007// 9008// 9004//
f 9004// 9008// 9009//
f 9004// 9009// 9002//
f 9010// 9011// 9012//
f 9013// 9014// 9015//
f 9015// 9014// 9016//
f 9013// 9015// 9017//
f 9017// 9015// 9018//
f 9017// 9018// 9019//
f 9020// 9021// 9022//
f 9023// 9024// 9025//
f 8940// 8942// 8944//
f 8944// 8942// 9026//
f 8944// 9026// 9027//
f 9027// 9026// 9028//
f 9027// 9028// 9025//
f 9025// 9028// 9029//
f 9025// 9029// 9023//
f 9030// 9031// 9032//
f 9033// 8985// 8794//
f 8794// 8985// 8987//
f 8794// 8987// 8792//
f 8792// 8987// 8990//
f 8792// 8990// 9034//
f 9034// 8990// 9035//
f 9034// 9035// 8998//
f 8998// 9035// 9036//
f 8998// 9036// 8991//
f 8991// 9036// 9037//
f 8991// 9037// 9038//
f 9032// 9031// 9038//
f 9038// 9031// 9039//
f 9038// 9039// 8991//
f 8994// 9040// 8999//
f 8999// 9040// 9041//
f 8992// 8991// 9042//
f 9042// 8991// 9039//
f 9042// 9039// 9043//
f 9043// 9039// 9044//
f 9043// 9044// 9041//
f 9041// 9044// 9045//
f 9041// 9045// 8999//
f 8994// 8999// 8995//
f 8995// 8999// 9001//
f 8995// 9001// 9046//
f 9046// 9001// 9047//
f 9046// 9047// 9009//
f 9009// 9047// 9048//
f 9009// 9048// 9002//
f 9002// 9048// 9049//
f 9002// 9049// 9050//
f 9000// 8999// 9051//
f 9051// 8999// 9045//
f 9051// 9045// 9052//
f 9052// 9045// 9053//
f 9052// 9053// 9050//
f 9050// 9053// 9054//
f 9050// 9054// 9002//
f 9005// 9055// 9010//
f 9010// 9055// 9056//
f 9003// 9002// 9057//
f 9057// 9002// 9054//
f 9057// 9054// 9058//
f 9058// 9054// 9059//
f 9058// 9059// 9056//
f 9056// 9059// 9060//
f 9056// 9060// 9010//
f 9005// 9010// 9006//
f 9006// 9010// 9012//
f 9006// 9012// 9061//
f 9061// 9012// 9062//
f 9061// 9062// 9013//
f 9013// 9062// 9063//
f 9013// 9063// 9014//
f 9014// 9063// 9064//
f 9014// 9064// 9065//
f 9018// 9066// 9020//
f 9020// 9066// 9067//
f 9068// 9069// 9067//
f 9067// 9069// 9070//
f 9067// 9070// 9020//
f 9011// 9010// 9071//
f 9071// 9010// 9060//
f 9071// 9060// 9072//
f 9072// 9060// 9073//
f 9072// 9073// 9065//
f 9065// 9073// 9069//
f 9065// 9069// 9014//
f 9014// 9069// 9068//
f 9014// 9068// 9016//
f 9018// 9020// 9019//
f 9019// 9020// 9022//
f 9019// 9022// 9029//
f 9029// 9022// 9074//
f 9029// 9074// 9023//
f 9023// 9074// 9075//
f 9023// 9075// 9076//
f 9077// 9078// 9079//
f 9079// 9078// 9080//
f 9021// 9020// 9081//
f 9081// 9020// 9070//
f 9081// 9070// 9076//
f 9076// 9070// 9079//
f 9076// 9079// 9023//
f 9023// 9079// 9080//
f 9023// 9080// 9024//
f 9082// 9083// 9084//
f 9084// 9083// 9085//
f 9084// 9085// 9086//
f 9086// 9085// 8842//
f 9086// 8842// 9087//
f 9087// 8842// 8840//
f 9087// 8840// 9088//
f 9088// 8840// 9089//
f 9088// 9089// 9090//
f 9090// 9089// 9091//
f 9090// 9091// 9092//
f 9039// 9093// 9044//
f 9044// 9093// 9094//
f 9044// 9094// 9045//
f 9045// 9094// 9095//
f 9045// 9095// 9053//
f 9053// 9095// 9096//
f 9053// 9096// 9054//
f 9054// 9096// 9097//
f 9054// 9097// 9059//
f 9098// 9099// 9100//
f 9100// 9099// 9101//
f 9100// 9101// 9102//
f 9102// 9101// 9103//
f 9104// 9098// 9105//
f 9105// 9098// 9100//
f 9105// 9100// 9106//
f 9106// 9100// 8907//
f 9106// 8907// 9107//
f 9107// 8907// 8909//
f 8447// 8932// 9108//
f 9108// 8932// 8912//
f 9108// 8912// 8908//
f 8908// 8912// 8911//
f 8908// 8911// 8909//
f 9101// 9104// 9103//
f 9103// 9104// 9105//
f 9103// 9105// 8984//
f 8984// 9105// 8986//
f 8984// 8986// 8982//
f 8982// 8986// 8985//
f 9106// 9109// 9105//
f 9105// 9109// 9110//
f 9105// 9110// 8986//
f 8986// 9110// 9111//
f 8986// 9111// 8987//
f 8987// 9111// 9030//
f 8987// 9030// 8988//
f 8988// 9030// 9032//
f 9109// 8910// 9110//
f 9110// 8910// 8912//
f 9110// 8912// 9111//
f 9111// 8912// 8928//
f 9111// 8928// 9030//
f 9030// 8928// 8927//
f 9030// 8927// 9031//
f 9031// 8927// 9112//
f 9031// 9112// 9039//
f 9039// 9112// 9083//
f 9039// 9083// 9093//
f 9093// 9083// 9082//
f 8925// 8939// 8934//
f 8934// 8939// 8938//
f 8934// 8938// 8976//
f 8976// 8938// 8978//
f 8976// 8978// 8974//
f 8974// 8978// 8980//
f 8974// 8980// 8981//
f 8929// 8916// 8927//
f 8927// 8916// 8918//
f 8927// 8918// 9112//
f 9112// 8918// 8934//
f 9112// 8934// 9083//
f 9083// 8934// 8976//
f 9083// 8976// 9085//
f 9085// 8976// 8853//
f 9085// 8853// 8842//
f 8842// 8853// 8845//
f 8842// 8845// 8841//
f 8841// 8845// 8846//
f 9097// 9092// 9059//
f 9059// 9092// 9091//
f 9059// 9091// 9060//
f 9060// 9091// 9113//
f 9060// 9113// 9073//
f 9073// 9113// 9114//
f 9073// 9114// 9069//
f 9114// 9115// 9069//
f 9069// 9115// 9116//
f 9069// 9116// 9070//
f 9070// 9116// 9117//
f 9070// 9117// 9079//
f 9079// 9117// 9118//
f 9079// 9118// 9077//
f 9077// 9118// 9119//
f 9077// 9119// 8952//
f 8952// 9119// 9120//
f 8952// 9120// 9121//
f 9121// 9120// 9122//
f 9121// 9122// 9123//
f 9123// 9122// 9124//
f 9123// 9124// 9115//
f 9115// 9124// 9125//
f 9115// 9125// 9116//
f 8839// 8811// 8840//
f 8840// 8811// 8808//
f 8840// 8808// 9089//
f 9089// 8808// 8870//
f 9089// 8870// 9091//
f 9091// 8870// 8868//
f 9091// 8868// 9113//
f 9113// 8868// 8898//
f 9113// 8898// 9114//
f 9114// 8898// 8893//
f 9114// 8893// 9115//
f 9115// 8893// 8961//
f 9115// 8961// 9123//
f 9123// 8961// 8959//
f 9123// 8959// 9121//
f 9121// 8959// 8957//
f 9121// 8957// 8952//
f 8952// 8957// 9126//
f 8952// 9126// 8951//
f 8951// 9126// 9127//
f 8956// 8798// 8957//
f 8957// 8798// 8800//
f 8957// 8800// 9126//
f 9126// 8800// 8953//
f 9126// 8953// 9127//
f 9127// 8953// 8954//
f 8801// 8803// 8952//
f 8952// 8803// 8946//
f 8952// 8946// 9077//
f 9077// 8946// 8948//
f 9077// 8948// 9078//
f 9128// 9129// 9130//
f 9131// 7763// 9132//
f 9133// 9134// 9135//
f 9136// 9137// 9133//
f 9133// 9137// 9138//
f 9139// 9140// 7735//
f 7735// 9140// 7763//
f 7735// 7763// 9141//
f 9133// 9135// 9132//
f 9132// 9135// 9142//
f 9132// 9142// 9131//
f 9134// 9133// 9143//
f 9143// 9133// 9138//
f 9143// 9138// 9144//
f 9145// 9146// 9147//
f 9147// 9146// 9148//
f 9149// 9150// 9140//
f 9140// 9150// 9151//
f 9140// 9151// 7763//
f 7763// 9151// 9128//
f 7763// 9128// 9132//
f 9132// 9128// 9130//
f 9152// 9153// 9148//
f 9148// 9153// 9144//
f 9148// 9144// 9147//
f 9147// 9144// 9138//
f 9154// 9155// 9152//
f 9152// 9155// 9156//
f 9152// 9156// 9153//
f 9153// 9156// 9157//
f 9158// 9159// 9160//
f 9160// 9159// 9161//
f 9162// 9163// 9161//
f 9161// 9163// 9157//
f 9161// 9157// 9160//
f 9160// 9157// 9156//
f 9164// 9165// 9166//
f 9167// 9168// 9162//
f 9162// 9168// 9164//
f 9162// 9164// 9163//
f 9163// 9164// 9166//
f 9163// 9166// 9169//
f 9166// 9170// 9169//
f 9169// 9170// 9171//
f 9169// 9171// 9172//
f 9172// 9171// 9173//
f 9174// 9175// 9165//
f 9165// 9175// 9176//
f 9165// 9176// 9166//
f 9166// 9176// 9173//
f 9177// 9178// 9179//
f 9179// 9178// 7790//
f 9179// 7790// 7789//
f 9173// 9180// 9172//
f 9172// 9180// 9181//
f 9172// 9181// 9182//
f 9183// 9184// 7683//
f 7683// 9184// 9185//
f 9186// 9187// 7682//
f 7682// 9187// 9188//
f 9176// 9179// 9173//
f 9173// 9179// 7789//
f 9173// 7789// 9180//
f 9180// 7789// 7668//
f 9180// 7668// 9189//
f 9189// 7668// 7682//
f 7683// 9172// 9183//
f 9183// 9172// 9182//
f 9183// 9182// 9190//
f 9190// 9182// 9189//
f 9190// 9189// 9185//
f 9185// 9189// 7682//
f 9185// 7682// 7683//
f 9188// 7714// 7725//
f 9191// 9192// 9193//
f 9193// 9192// 9194//
f 7658// 7631// 9195//
f 7658// 9195// 7657//
f 9196// 9197// 9198//
f 9198// 9197// 7581//
f 9198// 7581// 9199//
f 9199// 7581// 9200//
f 9199// 9200// 9201//
f 9201// 9200// 9195//
f 9201// 9195// 9202//
f 7725// 7724// 9188//
f 9188// 7724// 7723//
f 9188// 7723// 7682//
f 7682// 7723// 7755//
f 7682// 7755// 7683//
f 7572// 7571// 9200//
f 9200// 7571// 7669//
f 9200// 7669// 9195//
f 9195// 7669// 7656//
f 9195// 7656// 7657//
f 7631// 7633// 9195//
f 9195// 7633// 7635//
f 9195// 7635// 9194//
f 9194// 7635// 9193//
f 9193// 7635// 7726//
f 9193// 7726// 9188//
f 9188// 7726// 7728//
f 9188// 7728// 7714//
f 9203// 9130// 9204//
f 9204// 9130// 9129//
f 9205// 9206// 9207//
f 9207// 9206// 9208//
f 9209// 9137// 9210//
f 9210// 9137// 9136//
f 9211// 9146// 9212//
f 9212// 9146// 9145//
f 9213// 9155// 9214//
f 9214// 9155// 9154//
f 9215// 9159// 9216//
f 9216// 9159// 9158//
f 9217// 9168// 9218//
f 9218// 9168// 9167//
f 9219// 9175// 9220//
f 9220// 9175// 9174//
f 8943// 8304// 9141//
f 9141// 8304// 8302//
f 9141// 8302// 7735//
f 8387// 8302// 8385//
f 8385// 8302// 8383//
f 8387// 8389// 8302//
f 8302// 8389// 8391//
f 8302// 8391// 7735//
f 9201// 9202// 9221//
f 9221// 9202// 9222//
f 9192// 9191// 9223//
f 9223// 9191// 9224//
f 9225// 9226// 9227//
f 9227// 9226// 9228//
f 9227// 9228// 9186//
f 9186// 9228// 9187//
f 8979// 8978// 9229//
f 9229// 8978// 8938//
f 9229// 8938// 9230//
f 9230// 8938// 8806//
f 9230// 8806// 8805//
f 9231// 9232// 7708//
f 155// 7709// 7708//
f 7708// 7709// 7570//
f 7708// 7570// 9231//
f 9233// 9234// 9235//
f 9235// 9234// 9236//
f 9237// 9238// 9239//
f 9239// 9238// 9240//
f 8189// 8188// 8187//
f 9241// 9242// 9243//
f 9243// 9242// 9244//
f 8182// 9245// 8187//
f 8187// 9245// 9243//
f 8187// 9243// 8189//
f 8189// 9243// 9244//
f 8189// 9244// 8954//
f 9246// 9236// 9247//
f 9247// 9236// 9234//
f 9248// 9249// 9235//
f 9235// 9249// 9250//
f 9235// 9250// 9233//
f 9241// 9243// 9249//
f 9249// 9243// 9250//
f 9251// 9247// 9234//
f 9238// 9237// 9245//
f 9234// 9233// 9251//
f 9251// 9233// 9250//
f 9251// 9250// 9237//
f 9237// 9250// 9243//
f 9237// 9243// 9245//
f 9252// 9253// 9254//
f 9252// 9254// 9255//
f 9238// 9245// 9254//
f 9254// 9245// 9256//
f 9254// 9256// 9255//
f 9257// 9258// 9259//
f 9260// 9261// 9262//
f 9262// 9261// 9263//
f 9262// 9263// 8299//
f 9264// 9265// 9263//
f 9263// 9265// 9257//
f 9263// 9257// 8299//
f 8299// 9257// 9259//
f 9266// 9205// 9207//
f 9245// 8182// 9267//
f 9245// 9267// 9256//
f 9256// 9267// 9268//
f 9256// 9268// 9255//
f 9255// 9268// 9269//
f 9255// 9269// 9252//
f 9252// 9269// 9270//
f 9252// 9270// 9253//
f 9253// 9270// 9271//
f 9253// 9271// 9254//
f 9254// 9271// 9240//
f 9254// 9240// 9238//
f 9172// 7683// 8441//
f 9172// 8441// 9272//
f 9272// 8441// 8439//
f 9272// 8439// 9273//
f 9273// 8439// 8437//
f 9273// 8437// 9274//
f 9274// 8437// 8435//
f 9274// 8435// 9275//
f 9275// 8435// 8433//
f 9275// 8433// 9276//
f 9276// 8433// 8431//
f 9276// 8431// 9277//
f 9277// 9102// 9103//
f 9278// 9033// 8794//
f 8794// 8793// 9278//
f 9278// 8793// 9169//
f 9278// 9169// 9279//
f 9279// 9169// 9172//
f 9273// 9274// 9103//
f 8983// 9279// 8984//
f 8984// 9279// 9172//
f 8984// 9172// 9103//
f 9103// 9172// 9272//
f 9103// 9272// 9273//
f 9274// 9275// 9103//
f 9103// 9275// 9276//
f 9103// 9276// 9277//
f 9280// 8188// 8189//
f 8189// 8953// 9280//
f 9280// 8953// 8800//
f 9280// 8800// 8799//
f 8302// 9281// 9282//
f 8302// 9282// 8383//
f 8383// 9282// 9283//
f 8383// 9283// 8385//
f 8385// 9283// 9284//
f 8385// 9284// 8387//
f 8387// 9284// 9285//
f 8387// 9285// 8389//
f 8389// 9285// 9286//
f 8389// 9286// 8391//
f 8391// 9286// 9139//
f 8391// 9139// 7735//
f 8803// 8802// 9287//
f 9288// 9289// 9287//
f 9287// 9289// 9290//
f 9287// 9290// 8803//
f 8803// 9290// 8299//
f 8803// 8299// 8946//
f 9281// 8302// 9259//
f 9259// 8302// 8304//
f 8947// 8946// 9291//
f 9291// 8946// 8299//
f 9291// 8299// 9292//
f 9292// 8299// 9259//
f 9292// 9259// 8941//
f 8941// 9259// 8304//
f 8340// 8341// 9293//
f 9293// 8341// 8447//
f 9293// 8447// 9294//
f 8447// 9108// 9294//
f 9294// 9108// 8908//
f 9294// 8908// 8431//
f 8431// 8908// 8907//
f 8431// 8907// 9277//
f 9277// 8907// 9100//
f 9277// 9100// 9102//
f 7571// 7572// 8351//
f 7571// 8351// 8350//
f 8350// 8351// 8349//
f 8350// 8349// 8348//
f 8348// 8349// 8347//
f 8348// 8347// 8346//
f 8346// 8347// 8345//
f 8346// 8345// 8344//
f 8344// 8345// 8343//
f 8344// 8343// 8342//
f 8342// 8343// 8341//
f 8342// 8341// 8340//
f 9295// 9296// 9196//
f 9196// 9296// 9197//
f 9297// 9298// 9299//
f 9299// 9298// 9300//
f 9301// 9246// 9247//
f 9296// 9295// 9302//
f 9302// 9295// 9303//
f 9304// 9213// 9214//
f 9223// 9224// 9305//
f 9305// 9224// 9306//
f 9307// 9308// 9297//
f 9305// 9309// 9310//
f 9310// 9309// 9221//
f 9310// 9221// 9222//
f 9214// 9307// 9304//
f 9304// 9307// 9297//
f 9304// 9297// 9311//
f 9311// 9297// 9299//
f 9311// 9299// 9216//
f 9216// 9299// 9215//
f 9226// 9312// 9313//
f 9314// 9315// 9306//
f 9306// 9315// 9316//
f 9306// 9316// 9305//
f 9305// 9316// 9317//
f 9305// 9317// 9309//
f 9301// 9318// 9319//
f 9319// 9318// 9320//
f 9319// 9320// 9297//
f 8187// 8188// 9321//
f 9321// 8188// 9280//
f 9321// 9280// 9251//
f 9251// 9280// 9322//
f 9251// 9322// 9247//
f 9247// 9322// 9323//
f 9247// 9323// 9301//
f 9301// 9323// 9324//
f 9301// 9324// 9318//
f 9230// 9302// 9229//
f 9229// 9302// 9303//
f 9229// 9303// 9325//
f 9325// 9303// 9309//
f 9326// 9209// 9210//
f 9327// 9219// 9220//
f 9328// 9329// 9297//
f 9330// 9331// 9332//
f 9210// 9328// 9326//
f 9326// 9328// 9297//
f 9326// 9297// 9333//
f 9333// 9297// 9308//
f 9333// 9308// 9212//
f 9212// 9308// 9211//
f 9220// 9330// 9327//
f 9327// 9330// 9332//
f 9327// 9332// 9313//
f 9313// 9332// 9315//
f 9313// 9315// 9226//
f 9226// 9315// 9314//
f 9226// 9314// 9228//
f 9217// 9218// 9331//
f 9331// 9218// 9300//
f 9331// 9300// 9332//
f 9332// 9300// 9298//
f 9332// 9298// 9317//
f 9317// 9298// 9318//
f 9317// 9318// 9309//
f 9309// 9318// 9324//
f 9309// 9324// 9325//
f 9334// 9319// 9335//
f 9335// 9319// 9297//
f 9335// 9297// 9336//
f 9336// 9297// 9329//
f 9336// 9329// 9204//
f 9204// 9329// 9203//
f 9208// 9206// 9335//
f 9335// 9206// 9337//
f 9335// 9337// 9334//
f 9226// 9225// 9312//
f 9312// 9225// 9338//
f 9178// 9177// 9339//
f 9339// 9177// 9312//
f 9339// 9312// 9340//
f 9340// 9312// 9338//
f 9340// 9338// 9231//
f 9231// 9338// 9232//
f 9341// 7755// 9342//
f 9342// 7755// 7723//
f 9342// 7723// 9343//
f 9343// 7723// 7724//
f 9343// 7724// 9344//
f 9344// 7724// 7725//
f 9344// 7725// 9345//
f 9345// 7725// 7714//
f 9345// 7714// 9346//
f 9346// 7714// 7728//
f 9346// 7728// 9347//
f 9347// 7728// 7726//
f 9341// 9294// 7755//
f 7755// 9294// 8431//
f 7755// 8431// 7683//
f 8437// 8431// 8435//
f 8435// 8431// 8433//
f 8437// 8439// 8431//
f 8431// 8439// 8441//
f 8431// 8441// 7683//
f 8340// 9293// 9348//
f 9348// 7669// 8340//
f 8340// 7669// 7571//
f 8340// 7571// 8342//
f 8342// 7571// 8344//
f 8350// 8348// 7571//
f 7571// 8348// 8346//
f 7571// 8346// 8344//
f 9349// 7635// 9350//
f 9350// 7635// 7633//
f 9350// 7633// 9351//
f 9351// 7633// 7631//
f 9351// 7631// 9352//
f 9352// 7631// 7658//
f 9352// 7658// 9353//
f 9353// 7658// 7657//
f 9353// 7657// 9354//
f 9354// 7657// 7656//
f 9354// 7656// 9348//
f 9348// 7656// 7669//
f 9349// 9347// 7635//
f 7635// 9347// 7726//
f 9294// 9347// 9293//
f 9293// 9347// 9349//
f 9294// 9341// 9347//
f 9347// 9341// 9342//
f 9347// 9342// 9343//
f 9343// 9344// 9347//
f 9347// 9344// 9345//
f 9347// 9345// 9346//
f 9350// 9354// 9349//
f 9349// 9354// 9348//
f 9349// 9348// 9293//
f 9351// 9352// 9350//
f 9350// 9352// 9353//
f 9350// 9353// 9354//
f 9263// 9337// 9206//
f 9205// 9266// 9206//
f 9206// 9266// 9264//
f 9206// 9264// 9263//
f 9258// 9140// 9259//
f 9259// 9140// 9139//
f 9286// 9285// 9139//
f 9139// 9285// 9284//
f 9139// 9284// 9283//
f 9283// 9282// 9139//
f 9139// 9282// 9281//
f 9139// 9281// 9259//
f 9258// 9257// 9140//
f 9140// 9257// 9149//
f 9150// 9149// 9265//
f 9265// 9149// 9257//
f 9337// 9263// 9334//
f 9334// 9263// 9261//
f 9262// 9355// 9260//
f 9260// 9355// 9356//
f 9260// 9356// 9357//
f 9290// 9355// 8299//
f 8299// 9355// 9262//
f 9356// 9355// 9289//
f 9289// 9355// 9290//
f 9127// 9301// 8951//
f 8951// 9301// 9319//
f 8951// 9319// 8801//
f 9246// 9301// 9236//
f 9236// 9301// 9127//
f 9236// 9127// 9235//
f 9235// 9127// 8954//
f 9235// 8954// 9244//
f 9287// 8802// 9260//
f 9260// 8802// 8801//
f 9260// 8801// 9261//
f 9261// 8801// 9319//
f 9261// 9319// 9334//
usemtl 2
f 8796// 8795// 7581//
f 7581// 8795// 9200//
f 8795// 8447// 9200//
f 9200// 8447// 8341//
f 9200// 8341// 7572//
f 8347// 8341// 8345//
f 8345// 8341// 8343//
f 8347// 8349// 8341//
f 8341// 8349// 8351//
f 8341// 8351// 7572//
usemtl 4
f 9291// 9358// 8947//
f 8947// 9358// 8949//
f 9359// 8940// 9358//
f 9358// 8940// 8950//
f 9358// 8950// 8949//
f 9359// 9292// 8940//
f 8940// 9292// 8941//
f 9359// 9358// 9292//
f 9292// 9358// 9291//
f 9360// 9227// 7682//
f 7682// 9227// 9186//
f 9361// 9338// 9362//
f 9362// 9338// 9225//
f 9362// 9225// 9227//
f 9339// 9340// 9363//
f 9363// 9340// 9364//
f 9363// 9364// 9365//
f 9365// 9364// 9366//
f 9364// 9367// 9366//
f 9366// 9367// 9362//
f 9366// 9362// 9360//
f 9360// 9362// 9227//
f 9361// 7708// 9338//
f 9338// 7708// 9232//
f 9361// 9362// 7708//
f 7708// 9362// 155//
f 9362// 9367// 155//
f 155// 9367// 7709//
f 9367// 9364// 7709//
f 7709// 9364// 7570//
f 7570// 9364// 9231//
f 9231// 9364// 9340//
f 9363// 7790// 9339//
f 9339// 7790// 9178//
f 9363// 9365// 7790//
f 7790// 9365// 7789//
f 9365// 9366// 7789//
f 7789// 9366// 7668//
f 9366// 9360// 7668//
f 7668// 9360// 7682//
f 9321// 9251// 9239//
f 9239// 9251// 9237//
usemtl 2
f 8182// 8187// 9321//
f 9268// 9240// 9269//
f 9269// 9240// 9271//
f 9269// 9271// 9270//
f 9321// 9239// 8182//
f 8182// 9239// 9240//
f 8182// 9240// 9267//
f 9267// 9240// 9268//
usemtl 4
f 8804// 9302// 8805//
f 8805// 9302// 9230//
f 9302// 8804// 9296//
f 9296// 8804// 8935//
f 7581// 9197// 8796//
f 8796// 9197// 9296//
f 8796// 9296// 8797//
f 8797// 9296// 8935//
f 8979// 9229// 8980//
f 8980// 9229// 9325//
f 8980// 9325// 8981//
f 8981// 9325// 9324//
f 8956// 8955// 9323//
f 9323// 8955// 8963//
f 8963// 8889// 9323//
f 9323// 8889// 8887//
f 9323// 8887// 9324//
f 8887// 8864// 9324//
f 9324// 8864// 8881//
f 9324// 8881// 8807//
f 8807// 8821// 9324//
f 9324// 8821// 8849//
f 9324// 8849// 8981//
f 8956// 9323// 8798//
f 8798// 9323// 9322//
f 8798// 9322// 8799//
f 8799// 9322// 9280//
f 8916// 9314// 8917//
f 8917// 9314// 9306//
f 8917// 9306// 8919//
f 8930// 9193// 8931//
f 8931// 9193// 9188//
f 8931// 9188// 8933//
f 8933// 9188// 9228//
f 9228// 9188// 9187//
f 8933// 9228// 8929//
f 8929// 9228// 9314//
f 8929// 9314// 8916//
f 9224// 9191// 9193//
f 8919// 9306// 8921//
f 8921// 9306// 9224//
f 8921// 9224// 8930//
f 8930// 9224// 9193//
f 8926// 9305// 8924//
f 8924// 9305// 9310//
f 8920// 8922// 9194//
f 9194// 8922// 9195//
f 9194// 9192// 9223//
f 9305// 8926// 9223//
f 9223// 8926// 8920//
f 9223// 8920// 9194//
f 9202// 9195// 9222//
f 9222// 9195// 8922//
f 9222// 8922// 9310//
f 9310// 8922// 8924//
f 8939// 9309// 8937//
f 8937// 9309// 9303//
f 8915// 8914// 9199//
f 9199// 8914// 9198//
f 8923// 8915// 9221//
f 9221// 8915// 9199//
f 9221// 9199// 9201//
f 8923// 9221// 8925//
f 8925// 9221// 9309//
f 8925// 9309// 8939//
f 9295// 9196// 9198//
f 9198// 8914// 9295//
f 9295// 8914// 8913//
f 9295// 8913// 9303//
f 9303// 8913// 8936//
f 9303// 8936// 8937//
f 9183// 9106// 9184//
f 9184// 9106// 9107//
f 9184// 9107// 8909//
f 9109// 9106// 9190//
f 9190// 9106// 9183//
f 9109// 9190// 8910//
f 8910// 9190// 9185//
f 8910// 9185// 8911//
f 8909// 8911// 9184//
f 9184// 8911// 9185//
f 9101// 9099// 9181//
f 9181// 9099// 9182//
f 9368// 456// 9180//
f 9101// 9369// 9104//
f 9104// 9369// 9370//
f 9370// 9371// 9104//
f 9104// 9371// 9372//
f 9104// 9372// 9373//
f 9374// 9375// 9101//
f 9373// 9376// 9104//
f 9104// 9376// 9377//
f 9104// 9377// 9180//
f 9180// 9377// 9378//
f 9180// 9378// 9368//
f 9375// 9379// 9101//
f 9101// 9379// 9380//
f 9101// 9380// 9369//
f 456// 9381// 9180//
f 9180// 9381// 9382//
f 9180// 9382// 9181//
f 9181// 9382// 9383//
f 9181// 9383// 9384//
f 9384// 9385// 9181//
f 9181// 9385// 9386//
f 9181// 9386// 9387//
f 9387// 9388// 9181//
f 9181// 9388// 9389//
f 9181// 9389// 9101//
f 9101// 9389// 9390//
f 9101// 9390// 9374//
f 9098// 9104// 9189//
f 9189// 9104// 9180//
f 9391// 9392// 9098//
f 9393// 9394// 9182//
f 9182// 9395// 9189//
f 9189// 9395// 9396//
f 9396// 9397// 9189//
f 9189// 9397// 9398//
f 9189// 9398// 9399//
f 9394// 9400// 9182//
f 9182// 9400// 9401//
f 9182// 9401// 9395//
f 9399// 9402// 9189//
f 9189// 9402// 9403//
f 9189// 9403// 9098//
f 9098// 9403// 9404//
f 9098// 9404// 9391//
f 9405// 9406// 9099//
f 9099// 9406// 9407//
f 9099// 9407// 9408//
f 9392// 9409// 9098//
f 9098// 9409// 9410//
f 9098// 9410// 9099//
f 9099// 9410// 9411//
f 9099// 9411// 9405//
f 9408// 9412// 9099//
f 9099// 9412// 9413//
f 9099// 9413// 9182//
f 9182// 9413// 9414//
f 9182// 9414// 9393//
f 9170// 9166// 9415//
f 9415// 9166// 8985//
f 9415// 8985// 9278//
f 9278// 8985// 9033//
f 9279// 8983// 9416//
f 9416// 8983// 8982//
f 9416// 8982// 9171//
f 9171// 8982// 9173//
f 9166// 9173// 8985//
f 8985// 9173// 8982//
f 8942// 8943// 9417//
f 9417// 8943// 9141//
f 9417// 9141// 7763//
f 8793// 8792// 9169//
f 9169// 8792// 9418//
f 9169// 9418// 9163//
f 9417// 7763// 9131//
f 9417// 9419// 8942//
f 8942// 9419// 9026//
f 9420// 9026// 9421//
f 9421// 9026// 9419//
f 9421// 9419// 9422//
f 9422// 9419// 9423//
f 9422// 9423// 9424//
f 9424// 9423// 9029//
f 9424// 9029// 9420//
f 9420// 9029// 9028//
f 9420// 9028// 9026//
f 9425// 9019// 9426//
f 9426// 9019// 9029//
f 9426// 9029// 9427//
f 9427// 9029// 9423//
f 9427// 9423// 9428//
f 9428// 9423// 9429//
f 9428// 9429// 9425//
f 9425// 9429// 9019//
f 9430// 9431// 9429//
f 9429// 9431// 9432//
f 9429// 9432// 9019//
f 9019// 9432// 9433//
f 9019// 9433// 9017//
f 9017// 9433// 9434//
f 9435// 9430// 9436//
f 9436// 9430// 9437//
f 9436// 9437// 9438//
f 9437// 9006// 9438//
f 9438// 9006// 9061//
f 9438// 9061// 9439//
f 9439// 9061// 9013//
f 9439// 9013// 9435//
f 9435// 9013// 9017//
f 9435// 9017// 9430//
f 9430// 9017// 9434//
f 9430// 9434// 9431//
f 9440// 9006// 9441//
f 9441// 9006// 9437//
f 9441// 9437// 9442//
f 9442// 9437// 9443//
f 9442// 9443// 9444//
f 9444// 9443// 9009//
f 9444// 9009// 9440//
f 9440// 9009// 9008//
f 9440// 9008// 9006//
f 9445// 9009// 9446//
f 9446// 9009// 9443//
f 9446// 9443// 9447//
f 9447// 9443// 9448//
f 9447// 9448// 9449//
f 9449// 9448// 8995//
f 9449// 8995// 9445//
f 9445// 8995// 9046//
f 9445// 9046// 9009//
f 9450// 8995// 9451//
f 9451// 8995// 9448//
f 9451// 9448// 9452//
f 9452// 9448// 9453//
f 9452// 9453// 9454//
f 9454// 9453// 8998//
f 9454// 8998// 9450//
f 9450// 8998// 8997//
f 9450// 8997// 8995//
f 9455// 8998// 9456//
f 9456// 8998// 9453//
f 9456// 9453// 9457//
f 9457// 9453// 9418//
f 9457// 9418// 9458//
f 9458// 9418// 8792//
f 9458// 8792// 9455//
f 9455// 8792// 9034//
f 9455// 9034// 8998//
f 9417// 9131// 9419//
f 9419// 9131// 9142//
f 9419// 9142// 9423//
f 9423// 9142// 9135//
f 9423// 9135// 9429//
f 9429// 9135// 9134//
f 9429// 9134// 9430//
f 9430// 9134// 9143//
f 9430// 9143// 9437//
f 9437// 9143// 9144//
f 9437// 9144// 9443//
f 9443// 9144// 9153//
f 9443// 9153// 9448//
f 9448// 9153// 9157//
f 9448// 9157// 9453//
f 9453// 9157// 9163//
f 9453// 9163// 9418//
usemtl 1
f 9459// 9460// 9461//
f 9461// 9460// 9462//
f 9463// 9459// 9464//
f 9464// 9459// 9461//
f 9465// 9463// 9466//
f 9466// 9463// 9464//
f 9467// 9465// 9468//
f 9468// 9465// 9466//
f 9467// 9468// 9469//
f 9467// 9469// 9470//
f 9470// 9469// 9471//
f 9470// 9471// 9472//
f 9472// 9471// 9473//
f 9472// 9473// 9474//
f 9474// 9473// 9475//
f 9474// 9475// 9476//
f 9476// 9475// 9477//
f 9476// 9477// 9478//
f 9478// 9477// 9479//
f 9478// 9479// 9480//
f 9457// 9480// 9456//
f 9456// 9480// 9479//
f 9481// 9458// 9482//
f 9482// 9458// 9455//
f 9481// 9482// 9483//
f 9483// 9482// 9484//
f 9483// 9484// 9485//
f 9485// 9484// 9486//
f 9485// 9486// 9487//
f 9487// 9486// 9488//
f 9487// 9488// 9489//
f 9489// 9488// 9490//
f 9489// 9490// 9491//
f 9491// 9490// 9492//
f 9491// 9492// 9493//
f 9493// 9492// 9494//
f 9495// 9493// 9496//
f 9496// 9493// 9494//
f 9495// 9496// 9497//
f 9495// 9497// 9498//
f 9498// 9497// 9499//
f 9498// 9499// 9500//
f 9500// 9499// 9501//
f 9500// 9501// 9502//
f 9502// 9501// 9503//
f 9502// 9503// 9504//
f 9504// 9503// 9505//
f 9504// 9505// 9506//
f 9506// 9505// 9462//
f 9506// 9462// 9460//
f 9459// 9463// 9460//
f 9460// 9463// 9465//
f 9460// 9465// 9506//
f 9506// 9465// 9504//
f 9498// 9500// 9465//
f 9465// 9500// 9502//
f 9465// 9502// 9504//
f 9457// 9458// 9480//
f 9480// 9458// 9481//
f 9480// 9481// 9478//
f 9478// 9481// 9483//
f 9478// 9483// 9476//
f 9476// 9483// 9485//
f 9476// 9485// 9474//
f 9474// 9485// 9487//
f 9474// 9487// 9472//
f 9472// 9487// 9489//
f 9472// 9489// 9470//
f 9470// 9489// 9491//
f 9470// 9491// 9467//
f 9467// 9491// 9493//
f 9467// 9493// 9465//
f 9465// 9493// 9495//
f 9465// 9495// 9498//
f 9464// 9461// 9466//
f 9466// 9461// 9462//
f 9466// 9462// 9505//
f 9505// 9503// 9466//
f 9466// 9503// 9501//
f 9466// 9501// 9499//
f 9455// 9456// 9482//
f 9482// 9456// 9479//
f 9482// 9479// 9484//
f 9484// 9479// 9477//
f 9484// 9477// 9486//
f 9486// 9477// 9475//
f 9486// 9475// 9488//
f 9488// 9475// 9473//
f 9488// 9473// 9490//
f 9490// 9473// 9471//
f 9490// 9471// 9492//
f 9492// 9471// 9469//
f 9492// 9469// 9494//
f 9494// 9469// 9468//
f 9494// 9468// 9496//
f 9496// 9468// 9466//
f 9496// 9466// 9497//
f 9497// 9466// 9499//
f 9507// 9508// 9509//
f 9509// 9508// 9510//
f 9511// 9507// 9512//
f 9512// 9507// 9509//
f 9513// 9511// 9514//
f 9514// 9511// 9512//
f 9515// 9513// 9516//
f 9516// 9513// 9514//
f 9515// 9516// 9517//
f 9515// 9517// 9518//
f 9518// 9517// 9519//
f 9518// 9519// 9520//
f 9520// 9519// 9521//
f 9520// 9521// 9522//
f 9522// 9521// 9523//
f 9522// 9523// 9524//
f 9524// 9523// 9525//
f 9524// 9525// 9526//
f 9526// 9525// 9527//
f 9526// 9527// 9528//
f 9452// 9528// 9451//
f 9451// 9528// 9527//
f 9529// 9454// 9530//
f 9530// 9454// 9450//
f 9529// 9530// 9531//
f 9531// 9530// 9532//
f 9531// 9532// 9533//
f 9533// 9532// 9534//
f 9533// 9534// 9535//
f 9535// 9534// 9536//
f 9535// 9536// 9537//
f 9537// 9536// 9538//
f 9537// 9538// 9539//
f 9539// 9538// 9540//
f 9539// 9540// 9541//
f 9541// 9540// 9542//
f 9543// 9541// 9544//
f 9544// 9541// 9542//
f 9543// 9544// 9545//
f 9543// 9545// 9546//
f 9546// 9545// 9547//
f 9546// 9547// 9548//
f 9548// 9547// 9549//
f 9548// 9549// 9550//
f 9550// 9549// 9551//
f 9550// 9551// 9552//
f 9552// 9551// 9553//
f 9552// 9553// 9554//
f 9554// 9553// 9510//
f 9554// 9510// 9508//
f 9507// 9511// 9508//
f 9508// 9511// 9513//
f 9508// 9513// 9554//
f 9554// 9513// 9552//
f 9546// 9548// 9513//
f 9513// 9548// 9550//
f 9513// 9550// 9552//
f 9452// 9454// 9528//
f 9528// 9454// 9529//
f 9528// 9529// 9526//
f 9526// 9529// 9531//
f 9526// 9531// 9524//
f 9524// 9531// 9533//
f 9524// 9533// 9522//
f 9522// 9533// 9535//
f 9522// 9535// 9520//
f 9520// 9535// 9537//
f 9520// 9537// 9518//
f 9518// 9537// 9539//
f 9518// 9539// 9515//
f 9515// 9539// 9541//
f 9515// 9541// 9513//
f 9513// 9541// 9543//
f 9513// 9543// 9546//
f 9512// 9509// 9514//
f 9514// 9509// 9510//
f 9514// 9510// 9553//
f 9553// 9551// 9514//
f 9514// 9551// 9549//
f 9514// 9549// 9547//
f 9450// 9451// 9530//
f 9530// 9451// 9527//
f 9530// 9527// 9532//
f 9532// 9527// 9525//
f 9532// 9525// 9534//
f 9534// 9525// 9523//
f 9534// 9523// 9536//
f 9536// 9523// 9521//
f 9536// 9521// 9538//
f 9538// 9521// 9519//
f 9538// 9519// 9540//
f 9540// 9519// 9517//
f 9540// 9517// 9542//
f 9542// 9517// 9516//
f 9542// 9516// 9544//
f 9544// 9516// 9514//
f 9544// 9514// 9545//
f 9545// 9514// 9547//
f 9555// 9556// 9557//
f 9557// 9556// 9558//
f 9559// 9555// 9560//
f 9560// 9555// 9557//
f 9561// 9559// 9562//
f 9562// 9559// 9560//
f 9563// 9561// 9564//
f 9564// 9561// 9562//
f 9563// 9564// 9565//
f 9563// 9565// 9566//
f 9566// 9565// 9567//
f 9566// 9567// 9568//
f 9568// 9567// 9569//
f 9568// 9569// 9570//
f 9570// 9569// 9571//
f 9570// 9571// 9572//
f 9572// 9571// 9573//
f 9572// 9573// 9574//
f 9574// 9573// 9575//
f 9574// 9575// 9576//
f 9447// 9576// 9446//
f 9446// 9576// 9575//
f 9577// 9449// 9578//
f 9578// 9449// 9445//
f 9577// 9578// 9579//
f 9579// 9578// 9580//
f 9579// 9580// 9581//
f 9581// 9580// 9582//
f 9581// 9582// 9583//
f 9583// 9582// 9584//
f 9583// 9584// 9585//
f 9585// 9584// 9586//
f 9585// 9586// 9587//
f 9587// 9586// 9588//
f 9587// 9588// 9589//
f 9589// 9588// 9590//
f 9591// 9589// 9592//
f 9592// 9589// 9590//
f 9591// 9592// 9593//
f 9591// 9593// 9594//
f 9594// 9593// 9595//
f 9594// 9595// 9596//
f 9596// 9595// 9597//
f 9596// 9597// 9598//
f 9598// 9597// 9599//
f 9598// 9599// 9600//
f 9600// 9599// 9601//
f 9600// 9601// 9602//
f 9602// 9601// 9558//
f 9602// 9558// 9556//
f 9555// 9559// 9556//
f 9556// 9559// 9561//
f 9556// 9561// 9602//
f 9602// 9561// 9600//
f 9594// 9596// 9561//
f 9561// 9596// 9598//
f 9561// 9598// 9600//
f 9447// 9449// 9576//
f 9576// 9449// 9577//
f 9576// 9577// 9574//
f 9574// 9577// 9579//
f 9574// 9579// 9572//
f 9572// 9579// 9581//
f 9572// 9581// 9570//
f 9570// 9581// 9583//
f 9570// 9583// 9568//
f 9568// 9583// 9585//
f 9568// 9585// 9566//
f 9566// 9585// 9587//
f 9566// 9587// 9563//
f 9563// 9587// 9589//
f 9563// 9589// 9561//
f 9561// 9589// 9591//
f 9561// 9591// 9594//
f 9560// 9557// 9562//
f 9562// 9557// 9558//
f 9562// 9558// 9601//
f 9601// 9599// 9562//
f 9562// 9599// 9597//
f 9562// 9597// 9595//
f 9445// 9446// 9578//
f 9578// 9446// 9575//
f 9578// 9575// 9580//
f 9580// 9575// 9573//
f 9580// 9573// 9582//
f 9582// 9573// 9571//
f 9582// 9571// 9584//
f 9584// 9571// 9569//
f 9584// 9569// 9586//
f 9586// 9569// 9567//
f 9586// 9567// 9588//
f 9588// 9567// 9565//
f 9588// 9565// 9590//
f 9590// 9565// 9564//
f 9590// 9564// 9592//
f 9592// 9564// 9562//
f 9592// 9562// 9593//
f 9593// 9562// 9595//
f 9603// 9604// 9605//
f 9605// 9604// 9606//
f 9607// 9603// 9608//
f 9608// 9603// 9605//
f 9609// 9607// 9610//
f 9610// 9607// 9608//
f 9611// 9609// 9612//
f 9612// 9609// 9610//
f 9611// 9612// 9613//
f 9611// 9613// 9614//
f 9614// 9613// 9615//
f 9614// 9615// 9616//
f 9616// 9615// 9617//
f 9616// 9617// 9618//
f 9618// 9617// 9619//
f 9618// 9619// 9620//
f 9620// 9619// 9621//
f 9620// 9621// 9622//
f 9622// 9621// 9623//
f 9622// 9623// 9624//
f 9442// 9624// 9441//
f 9441// 9624// 9623//
f 9625// 9444// 9626//
f 9626// 9444// 9440//
f 9625// 9626// 9627//
f 9627// 9626// 9628//
f 9627// 9628// 9629//
f 9629// 9628// 9630//
f 9629// 9630// 9631//
f 9631// 9630// 9632//
f 9631// 9632// 9633//
f 9633// 9632// 9634//
f 9633// 9634// 9635//
f 9635// 9634// 9636//
f 9635// 9636// 9637//
f 9637// 9636// 9638//
f 9639// 9637// 9640//
f 9640// 9637// 9638//
f 9639// 9640// 9641//
f 9639// 9641// 9642//
f 9642// 9641// 9643//
f 9642// 9643// 9644//
f 9644// 9643// 9645//
f 9644// 9645// 9646//
f 9646// 9645// 9647//
f 9646// 9647// 9648//
f 9648// 9647// 9649//
f 9648// 9649// 9650//
f 9650// 9649// 9606//
f 9650// 9606// 9604//
f 9603// 9607// 9604//
f 9604// 9607// 9609//
f 9604// 9609// 9650//
f 9650// 9609// 9648//
f 9642// 9644// 9609//
f 9609// 9644// 9646//
f 9609// 9646// 9648//
f 9442// 9444// 9624//
f 9624// 9444// 9625//
f 9624// 9625// 9622//
f 9622// 9625// 9627//
f 9622// 9627// 9620//
f 9620// 9627// 9629//
f 9620// 9629// 9618//
f 9618// 9629// 9631//
f 9618// 9631// 9616//
f 9616// 9631// 9633//
f 9616// 9633// 9614//
f 9614// 9633// 9635//
f 9614// 9635// 9611//
f 9611// 9635// 9637//
f 9611// 9637// 9609//
f 9609// 9637// 9639//
f 9609// 9639// 9642//
f 9608// 9605// 9610//
f 9610// 9605// 9606//
f 9610// 9606// 9649//
f 9649// 9647// 9610//
f 9610// 9647// 9645//
f 9610// 9645// 9643//
f 9440// 9441// 9626//
f 9626// 9441// 9623//
f 9626// 9623// 9628//
f 9628// 9623// 9621//
f 9628// 9621// 9630//
f 9630// 9621// 9619//
f 9630// 9619// 9632//
f 9632// 9619// 9617//
f 9632// 9617// 9634//
f 9634// 9617// 9615//
f 9634// 9615// 9636//
f 9636// 9615// 9613//
f 9636// 9613// 9638//
f 9638// 9613// 9612//
f 9638// 9612// 9640//
f 9640// 9612// 9610//
f 9640// 9610// 9641//
f 9641// 9610// 9643//
f 9651// 9652// 9653//
f 9653// 9652// 9654//
f 9655// 9651// 9656//
f 9656// 9651// 9653//
f 9657// 9655// 9658//
f 9658// 9655// 9656//
f 9659// 9657// 9660//
f 9660// 9657// 9658//
f 9659// 9660// 9661//
f 9659// 9661// 9662//
f 9662// 9661// 9663//
f 9662// 9663// 9664//
f 9664// 9663// 9665//
f 9664// 9665// 9666//
f 9666// 9665// 9667//
f 9666// 9667// 9668//
f 9668// 9667// 9669//
f 9668// 9669// 9670//
f 9670// 9669// 9671//
f 9670// 9671// 9672//
f 9436// 9672// 9435//
f 9435// 9672// 9671//
f 9673// 9438// 9674//
f 9674// 9438// 9439//
f 9673// 9674// 9675//
f 9675// 9674// 9676//
f 9675// 9676// 9677//
f 9677// 9676// 9678//
f 9677// 9678// 9679//
f 9679// 9678// 9680//
f 9679// 9680// 9681//
f 9681// 9680// 9682//
f 9681// 9682// 9683//
f 9683// 9682// 9684//
f 9683// 9684// 9685//
f 9685// 9684// 9686//
f 9687// 9685// 9688//
f 9688// 9685// 9686//
f 9687// 9688// 9689//
f 9687// 9689// 9690//
f 9690// 9689// 9691//
f 9690// 9691// 9692//
f 9692// 9691// 9693//
f 9692// 9693// 9694//
f 9694// 9693// 9695//
f 9694// 9695// 9696//
f 9696// 9695// 9697//
f 9696// 9697// 9698//
f 9698// 9697// 9654//
f 9698// 9654// 9652//
f 9651// 9655// 9652//
f 9652// 9655// 9657//
f 9652// 9657// 9698//
f 9698// 9657// 9696//
f 9690// 9692// 9657//
f 9657// 9692// 9694//
f 9657// 9694// 9696//
f 9436// 9438// 9672//
f 9672// 9438// 9673//
f 9672// 9673// 9670//
f 9670// 9673// 9675//
f 9670// 9675// 9668//
f 9668// 9675// 9677//
f 9668// 9677// 9666//
f 9666// 9677// 9679//
f 9666// 9679// 9664//
f 9664// 9679// 9681//
f 9664// 9681// 9662//
f 9662// 9681// 9683//
f 9662// 9683// 9659//
f 9659// 9683// 9685//
f 9659// 9685// 9657//
f 9657// 9685// 9687//
f 9657// 9687// 9690//
f 9656// 9653// 9658//
f 9658// 9653// 9654//
f 9658// 9654// 9697//
f 9697// 9695// 9658//
f 9658// 9695// 9693//
f 9658// 9693// 9691//
f 9439// 9435// 9674//
f 9674// 9435// 9671//
f 9674// 9671// 9676//
f 9676// 9671// 9669//
f 9676// 9669// 9678//
f 9678// 9669// 9667//
f 9678// 9667// 9680//
f 9680// 9667// 9665//
f 9680// 9665// 9682//
f 9682// 9665// 9663//
f 9682// 9663// 9684//
f 9684// 9663// 9661//
f 9684// 9661// 9686//
f 9686// 9661// 9660//
f 9686// 9660// 9688//
f 9688// 9660// 9658//
f 9688// 9658// 9689//
f 9689// 9658// 9691//
f 9699// 9700// 9701//
f 9701// 9700// 9702//
f 9703// 9699// 9704//
f 9704// 9699// 9701//
f 9705// 9703// 9706//
f 9706// 9703// 9704//
f 9707// 9705// 9708//
f 9708// 9705// 9706//
f 9707// 9708// 9709//
f 9707// 9709// 9710//
f 9710// 9709// 9711//
f 9710// 9711// 9712//
f 9712// 9711// 9713//
f 9712// 9713// 9714//
f 9714// 9713// 9715//
f 9714// 9715// 9716//
f 9716// 9715// 9717//
f 9716// 9717// 9718//
f 9718// 9717// 9719//
f 9718// 9719// 9720//
f 9431// 9720// 9432//
f 9432// 9720// 9719//
f 9721// 9434// 9722//
f 9722// 9434// 9433//
f 9721// 9722// 9723//
f 9723// 9722// 9724//
f 9723// 9724// 9725//
f 9725// 9724// 9726//
f 9725// 9726// 9727//
f 9727// 9726// 9728//
f 9727// 9728// 9729//
f 9729// 9728// 9730//
f 9729// 9730// 9731//
f 9731// 9730// 9732//
f 9731// 9732// 9733//
f 9733// 9732// 9734//
f 9735// 9733// 9736//
f 9736// 9733// 9734//
f 9735// 9736// 9737//
f 9735// 9737// 9738//
f 9738// 9737// 9739//
f 9738// 9739// 9740//
f 9740// 9739// 9741//
f 9740// 9741// 9742//
f 9742// 9741// 9743//
f 9742// 9743// 9744//
f 9744// 9743// 9745//
f 9744// 9745// 9746//
f 9746// 9745// 9702//
f 9746// 9702// 9700//
f 9699// 9703// 9700//
f 9700// 9703// 9705//
f 9700// 9705// 9746//
f 9746// 9705// 9744//
f 9738// 9740// 9705//
f 9705// 9740// 9742//
f 9705// 9742// 9744//
f 9431// 9434// 9720//
f 9720// 9434// 9721//
f 9720// 9721// 9718//
f 9718// 9721// 9723//
f 9718// 9723// 9716//
f 9716// 9723// 9725//
f 9716// 9725// 9714//
f 9714// 9725// 9727//
f 9714// 9727// 9712//
f 9712// 9727// 9729//
f 9712// 9729// 9710//
f 9710// 9729// 9731//
f 9710// 9731// 9707//
f 9707// 9731// 9733//
f 9707// 9733// 9705//
f 9705// 9733// 9735//
f 9705// 9735// 9738//
f 9704// 9701// 9706//
f 9706// 9701// 9702//
f 9706// 9702// 9745//
f 9745// 9743// 9706//
f 9706// 9743// 9741//
f 9706// 9741// 9739//
f 9433// 9432// 9722//
f 9722// 9432// 9719//
f 9722// 9719// 9724//
f 9724// 9719// 9717//
f 9724// 9717// 9726//
f 9726// 9717// 9715//
f 9726// 9715// 9728//
f 9728// 9715// 9713//
f 9728// 9713// 9730//
f 9730// 9713// 9711//
f 9730// 9711// 9732//
f 9732// 9711// 9709//
f 9732// 9709// 9734//
f 9734// 9709// 9708//
f 9734// 9708// 9736//
f 9736// 9708// 9706//
f 9736// 9706// 9737//
f 9737// 9706// 9739//
f 9747// 9748// 9749//
f 9749// 9748// 9750//
f 9751// 9747// 9752//
f 9752// 9747// 9749//
f 9753// 9751// 9754//
f 9754// 9751// 9752//
f 9755// 9753// 9756//
f 9756// 9753// 9754//
f 9755// 9756// 9757//
f 9755// 9757// 9758//
f 9758// 9757// 9759//
f 9758// 9759// 9760//
f 9760// 9759// 9761//
f 9760// 9761// 9762//
f 9762// 9761// 9763//
f 9762// 9763// 9764//
f 9764// 9763// 9765//
f 9764// 9765// 9766//
f 9766// 9765// 9767//
f 9766// 9767// 9768//
f 9428// 9768// 9427//
f 9427// 9768// 9767//
f 9769// 9425// 9770//
f 9770// 9425// 9426//
f 9769// 9770// 9771//
f 9771// 9770// 9772//
f 9771// 9772// 9773//
f 9773// 9772// 9774//
f 9773// 9774// 9775//
f 9775// 9774// 9776//
f 9775// 9776// 9777//
f 9777// 9776// 9778//
f 9777// 9778// 9779//
f 9779// 9778// 9780//
f 9779// 9780// 9781//
f 9781// 9780// 9782//
f 9783// 9781// 9784//
f 9784// 9781// 9782//
f 9783// 9784// 9785//
f 9783// 9785// 9786//
f 9786// 9785// 9787//
f 9786// 9787// 9788//
f 9788// 9787// 9789//
f 9788// 9789// 9790//
f 9790// 9789// 9791//
f 9790// 9791// 9792//
f 9792// 9791// 9793//
f 9792// 9793// 9794//
f 9794// 9793// 9750//
f 9794// 9750// 9748//
f 9747// 9751// 9748//
f 9748// 9751// 9753//
f 9748// 9753// 9794//
f 9794// 9753// 9792//
f 9786// 9788// 9753//
f 9753// 9788// 9790//
f 9753// 9790// 9792//
f 9428// 9425// 9768//
f 9768// 9425// 9769//
f 9768// 9769// 9766//
f 9766// 9769// 9771//
f 9766// 9771// 9764//
f 9764// 9771// 9773//
f 9764// 9773// 9762//
f 9762// 9773// 9775//
f 9762// 9775// 9760//
f 9760// 9775// 9777//
f 9760// 9777// 9758//
f 9758// 9777// 9779//
f 9758// 9779// 9755//
f 9755// 9779// 9781//
f 9755// 9781// 9753//
f 9753// 9781// 9783//
f 9753// 9783// 9786//
f 9752// 9749// 9754//
f 9754// 9749// 9750//
f 9754// 9750// 9793//
f 9793// 9791// 9754//
f 9754// 9791// 9789//
f 9754// 9789// 9787//
f 9426// 9427// 9770//
f 9770// 9427// 9767//
f 9770// 9767// 9772//
f 9772// 9767// 9765//
f 9772// 9765// 9774//
f 9774// 9765// 9763//
f 9774// 9763// 9776//
f 9776// 9763// 9761//
f 9776// 9761// 9778//
f 9778// 9761// 9759//
f 9778// 9759// 9780//
f 9780// 9759// 9757//
f 9780// 9757// 9782//
f 9782// 9757// 9756//
f 9782// 9756// 9784//
f 9784// 9756// 9754//
f 9784// 9754// 9785//
f 9785// 9754// 9787//
f 9795// 9796// 9797//
f 9797// 9796// 9798//
f 9799// 9795// 9800//
f 9800// 9795// 9797//
f 9801// 9799// 9802//
f 9802// 9799// 9800//
f 9803// 9801// 9804//
f 9804// 9801// 9802//
f 9803// 9804// 9805//
f 9803// 9805// 9806//
f 9806// 9805// 9807//
f 9806// 9807// 9808//
f 9808// 9807// 9809//
f 9808// 9809// 9810//
f 9810// 9809// 9811//
f 9810// 9811// 9812//
f 9812// 9811// 9813//
f 9812// 9813// 9814//
f 9814// 9813// 9815//
f 9814// 9815// 9816//
f 9422// 9816// 9421//
f 9421// 9816// 9815//
f 9817// 9424// 9818//
f 9818// 9424// 9420//
f 9817// 9818// 9819//
f 9819// 9818// 9820//
f 9819// 9820// 9821//
f 9821// 9820// 9822//
f 9821// 9822// 9823//
f 9823// 9822// 9824//
f 9823// 9824// 9825//
f 9825// 9824// 9826//
f 9825// 9826// 9827//
f 9827// 9826// 9828//
f 9827// 9828// 9829//
f 9829// 9828// 9830//
f 9831// 9829// 9832//
f 9832// 9829// 9830//
f 9831// 9832// 9833//
f 9831// 9833// 9834//
f 9834// 9833// 9835//
f 9834// 9835// 9836//
f 9836// 9835// 9837//
f 9836// 9837// 9838//
f 9838// 9837// 9839//
f 9838// 9839// 9840//
f 9840// 9839// 9841//
f 9840// 9841// 9842//
f 9842// 9841// 9798//
f 9842// 9798// 9796//
f 9795// 9799// 9796//
f 9796// 9799// 9801//
f 9796// 9801// 9842//
f 9842// 9801// 9840//
f 9834// 9836// 9801//
f 9801// 9836// 9838//
f 9801// 9838// 9840//
f 9422// 9424// 9816//
f 9816// 9424// 9817//
f 9816// 9817// 9814//
f 9814// 9817// 9819//
f 9814// 9819// 9812//
f 9812// 9819// 9821//
f 9812// 9821// 9810//
f 9810// 9821// 9823//
f 9810// 9823// 9808//
f 9808// 9823// 9825//
f 9808// 9825// 9806//
f 9806// 9825// 9827//
f 9806// 9827// 9803//
f 9803// 9827// 9829//
f 9803// 9829// 9801//
f 9801// 9829// 9831//
f 9801// 9831// 9834//
f 9800// 9797// 9802//
f 9802// 9797// 9798//
f 9802// 9798// 9841//
f 9841// 9839// 9802//
f 9802// 9839// 9837//
f 9802// 9837// 9835//
f 9420// 9421// 9818//
f 9818// 9421// 9815//
f 9818// 9815// 9820//
f 9820// 9815// 9813//
f 9820// 9813// 9822//
f 9822// 9813// 9811//
f 9822// 9811// 9824//
f 9824// 9811// 9809//
f 9824// 9809// 9826//
f 9826// 9809// 9807//
f 9826// 9807// 9828//
f 9828// 9807// 9805//
f 9828// 9805// 9830//
f 9830// 9805// 9804//
f 9830// 9804// 9832//
f 9832// 9804// 9802//
f 9832// 9802// 9833//
f 9833// 9802// 9835//
usemtl 4
f 9416// 9415// 9279//
f 9279// 9415// 9278//
f 9170// 9415// 9171//
f 9171// 9415// 9416//
f 9383// 9401// 9384//
f 9384// 9401// 9400//
f 9384// 9400// 9385//
f 9385// 9400// 9394//
f 9385// 9394// 9386//
f 9386// 9394// 9393//
f 9386// 9393// 9387//
f 9387// 9393// 9414//
f 9387// 9414// 9388//
f 9388// 9414// 9413//
f 9388// 9413// 9389//
f 9389// 9413// 9412//
f 9389// 9412// 9390//
f 9390// 9412// 9408//
f 9390// 9408// 9374//
f 9374// 9408// 9407//
f 9374// 9407// 9375//
f 9375// 9407// 9406//
f 9375// 9406// 9379//
f 9379// 9406// 9405//
f 9379// 9405// 9380//
f 9380// 9405// 9411//
f 9380// 9411// 9369//
f 9369// 9411// 9410//
f 9369// 9410// 9370//
f 9370// 9410// 9409//
f 9370// 9409// 9371//
f 9371// 9409// 9392//
f 9371// 9392// 9372//
f 9372// 9392// 9391//
f 9372// 9391// 9373//
f 9373// 9391// 9404//
f 9373// 9404// 9376//
f 9376// 9404// 9403//
f 9376// 9403// 9377//
f 9377// 9403// 9402//
f 9377// 9402// 9378//
f 9378// 9402// 9399//
f 9378// 9399// 9368//
f 9368// 9399// 9398//
f 9368// 9398// 456//
f 456// 9398// 9397//
f 456// 9397// 9381//
f 9381// 9397// 9396//
f 9381// 9396// 9382//
f 9382// 9396// 9395//
f 9382// 9395// 9383//
f 9383// 9395// 9401//
f 8948// 9335// 9078//
f 9078// 9335// 9336//
f 9078// 9336// 9080//
f 8944// 9151// 9150//
f 9150// 9265// 8944//
f 8944// 9265// 9264//
f 8944// 9264// 8945//
f 9266// 9207// 9264//
f 9264// 9207// 9208//
f 9264// 9208// 8945//
f 8945// 9208// 9335//
f 8945// 9335// 8948//
f 9204// 9129// 9128//
f 9080// 9336// 9024//
f 9024// 9336// 9204//
f 9024// 9204// 9025//
f 9025// 9204// 9128//
f 9025// 9128// 9027//
f 9027// 9128// 9151//
f 9027// 9151// 8944//
f 9038// 9327// 9032//
f 9032// 9327// 9313//
f 9032// 9313// 8988//
f 8990// 9179// 9035//
f 9035// 9179// 9176//
f 9035// 9176// 9036//
f 9176// 9175// 9036//
f 9036// 9175// 9219//
f 9036// 9219// 9037//
f 9037// 9219// 9327//
f 9037// 9327// 9038//
f 9312// 9177// 9179//
f 8988// 9313// 8989//
f 8989// 9313// 9312//
f 8989// 9312// 8990//
f 8990// 9312// 9179//
f 9041// 9331// 9043//
f 9043// 9331// 9330//
f 9043// 9330// 9042//
f 8993// 9165// 8996//
f 8996// 9165// 9164//
f 8996// 9164// 8994//
f 9164// 9168// 8994//
f 8994// 9168// 9217//
f 8994// 9217// 9040//
f 9040// 9217// 9331//
f 9040// 9331// 9041//
f 9220// 9174// 9165//
f 9042// 9330// 8992//
f 8992// 9330// 9220//
f 8992// 9220// 8993//
f 8993// 9220// 9165//
f 9300// 9051// 9299//
f 9299// 9051// 9052//
f 9299// 9052// 9050//
f 9001// 9162// 9047//
f 9047// 9162// 9161//
f 9047// 9161// 9048//
f 9161// 9159// 9048//
f 9048// 9159// 9215//
f 9048// 9215// 9049//
f 9049// 9215// 9299//
f 9049// 9299// 9050//
f 9218// 9167// 9162//
f 9051// 9300// 9000//
f 9000// 9300// 9218//
f 9000// 9218// 9001//
f 9001// 9218// 9162//
f 9056// 9304// 9058//
f 9058// 9304// 9311//
f 9058// 9311// 9057//
f 9004// 9160// 9007//
f 9007// 9160// 9156//
f 9007// 9156// 9005//
f 9156// 9155// 9005//
f 9005// 9155// 9213//
f 9005// 9213// 9055//
f 9055// 9213// 9304//
f 9055// 9304// 9056//
f 9216// 9158// 9160//
f 9057// 9311// 9003//
f 9003// 9311// 9216//
f 9003// 9216// 9004//
f 9004// 9216// 9160//
f 9065// 9308// 9072//
f 9072// 9308// 9307//
f 9072// 9307// 9071//
f 9012// 9152// 9062//
f 9062// 9152// 9148//
f 9062// 9148// 9063//
f 9148// 9146// 9063//
f 9063// 9146// 9211//
f 9063// 9211// 9064//
f 9064// 9211// 9308//
f 9064// 9308// 9065//
f 9214// 9154// 9152//
f 9071// 9307// 9011//
f 9011// 9307// 9214//
f 9011// 9214// 9012//
f 9012// 9214// 9152//
f 9067// 9326// 9068//
f 9068// 9326// 9333//
f 9018// 9015// 9138//
f 9138// 9015// 9147//
f 9138// 9137// 9018//
f 9018// 9137// 9209//
f 9018// 9209// 9066//
f 9066// 9209// 9326//
f 9066// 9326// 9067//
f 9212// 9145// 9147//
f 9068// 9333// 9016//
f 9016// 9333// 9212//
f 9016// 9212// 9015//
f 9015// 9212// 9147//
f 9076// 9329// 9081//
f 9081// 9329// 9328//
f 9074// 9022// 9132//
f 9132// 9022// 9133//
f 9132// 9130// 9074//
f 9074// 9130// 9203//
f 9074// 9203// 9075//
f 9075// 9203// 9329//
f 9075// 9329// 9076//
f 9210// 9136// 9133//
f 9081// 9328// 9021//
f 9021// 9328// 9210//
f 9021// 9210// 9022//
f 9022// 9210// 9133//
f 9125// 9318// 9116//
f 9116// 9318// 9298//
f 9297// 9119// 9118//
f 9297// 9118// 9298//
f 9298// 9118// 9117//
f 9298// 9117// 9116//
f 9119// 9297// 9120//
f 9120// 9297// 9320//
f 9318// 9125// 9124//
f 9318// 9124// 9320//
f 9320// 9124// 9122//
f 9320// 9122// 9120//
f 9082// 9316// 9093//
f 9093// 9316// 9315//
f 9094// 9093// 9315//
f 9092// 9097// 9332//
f 9332// 9097// 9096//
f 9332// 9096// 9315//
f 9315// 9096// 9095//
f 9315// 9095// 9094//
f 9092// 9332// 9090//
f 9090// 9332// 9317//
f 9088// 9090// 9317//
f 9082// 9084// 9316//
f 9316// 9084// 9086//
f 9316// 9086// 9317//
f 9317// 9086// 9087//
f 9317// 9087// 9088//
f 9244// 9242// 9235//
f 9235// 9242// 9248//
f 9242// 9241// 9248//
f 9248// 9241// 9249//
f 9289// 9288// 9356//
f 9356// 9288// 9357//
f 9288// 9287// 9357//
f 9357// 9287// 9260//
usemtl 5
f 8962// 9843// 8960//
f 8960// 9843// 9844//
f 8960// 9844// 8958//
f 8958// 9844// 8964//
f 8964// 9844// 9845//
f 8964// 9845// 8965//
f 9845// 9846// 8965//
f 8965// 9846// 8969//
f 9846// 9847// 8969//
f 8969// 9847// 8970//
f 9847// 9848// 8970//
f 8970// 9848// 8968//
f 9848// 9849// 8968//
f 8968// 9849// 8967//
f 9849// 9850// 8967//
f 8967// 9850// 8966//
f 9850// 9843// 8966//
f 8966// 9843// 8962//
f 9851// 9852// 9850//
f 9849// 9848// 9847//
f 9852// 9853// 9850//
f 9850// 9853// 9854//
f 9850// 9854// 9843//
f 9843// 9854// 9855//
f 9843// 9855// 9856//
f 9856// 9857// 9843//
f 9843// 9857// 9858//
f 9843// 9858// 9844//
f 9845// 9844// 9846//
f 9846// 9844// 9858//
f 9846// 9858// 9847//
f 9847// 9858// 9851//
f 9847// 9851// 9849//
f 9849// 9851// 9850//
f 9851// 9858// 9859//
f 9859// 9858// 9860//
f 9852// 9851// 9861//
f 9861// 9851// 9859//
f 9852// 9861// 9862//
f 9852// 9862// 9853//
f 9853// 9862// 9863//
f 9853// 9863// 9854//
f 9855// 9854// 9864//
f 9864// 9854// 9863//
f 9855// 9864// 9865//
f 9855// 9865// 9856//
f 9856// 9865// 9866//
f 9856// 9866// 9857//
f 9858// 9857// 9860//
f 9860// 9857// 9866//
f 9867// 9868// 8866//
f 8866// 9868// 8860//
f 9868// 9869// 8860//
f 8860// 9869// 8862//
f 9869// 9870// 8862//
f 8862// 9870// 8867//
f 8867// 9870// 9871//
f 9872// 8894// 8892//
f 9872// 8892// 9873//
f 9873// 8892// 8891//
f 9873// 8891// 9874//
f 9874// 8891// 8903//
f 9874// 8903// 9875//
f 9875// 8903// 8902//
f 9875// 8902// 9876//
f 8902// 8901// 9876//
f 9876// 8901// 8900//
f 9876// 8900// 9877//
f 9877// 8900// 8899//
f 9877// 8899// 9878//
f 9878// 8899// 8897//
f 9878// 8897// 9871//
f 9871// 8897// 8896//
f 9871// 8896// 8867//
f 9867// 8866// 8865//
f 9867// 8865// 9879//
f 9879// 8865// 8906//
f 9879// 8906// 9880//
f 8906// 8905// 9880//
f 9880// 8905// 8904//
f 9880// 8904// 9881//
f 9881// 8904// 8886//
f 9881// 8886// 9882//
f 8886// 8888// 9882//
f 9882// 8888// 8890//
f 9882// 8890// 9883//
f 9883// 8890// 8895//
f 9883// 8895// 9884//
f 9884// 8895// 8894//
f 9884// 8894// 9872//
f 9874// 9875// 9885//
f 9885// 9875// 9876//
f 9885// 9876// 9886//
f 9886// 9876// 9877//
f 9886// 9877// 9887//
f 9887// 9877// 9878//
f 9887// 9878// 9888//
f 9888// 9878// 9871//
f 9888// 9871// 9889//
f 9889// 9871// 9870//
f 9889// 9870// 9890//
f 9890// 9870// 9869//
f 9890// 9869// 9891//
f 9891// 9869// 9868//
f 9891// 9868// 9892//
f 9892// 9868// 9867//
f 9892// 9867// 9893//
f 9893// 9867// 9879//
f 9893// 9879// 9894//
f 9894// 9879// 9880//
f 9894// 9880// 9895//
f 9895// 9880// 9881//
f 9895// 9881// 9896//
f 9896// 9881// 9882//
f 9896// 9882// 9897//
f 9897// 9882// 9883//
f 9897// 9883// 9898//
f 9898// 9883// 9884//
f 9898// 9884// 9899//
f 9899// 9884// 9872//
f 9899// 9872// 9900//
f 9900// 9872// 9873//
f 9900// 9873// 9901//
f 9901// 9873// 9874//
f 9901// 9874// 9885//
f 9889// 9890// 9902//
f 9902// 9890// 9903//
f 9889// 9902// 9904//
f 9889// 9904// 9888//
f 9888// 9904// 9905//
f 9888// 9905// 9887//
f 9887// 9905// 9906//
f 9887// 9906// 9886//
f 9886// 9906// 9907//
f 9886// 9907// 9885//
f 9885// 9907// 9908//
f 9885// 9908// 9901//
f 9901// 9908// 9909//
f 9901// 9909// 9900//
f 9900// 9909// 9910//
f 9900// 9910// 9899//
f 9899// 9910// 9911//
f 9899// 9911// 9898//
f 9898// 9911// 9912//
f 9898// 9912// 9897//
f 9897// 9912// 9913//
f 9897// 9913// 9896//
f 9896// 9913// 9914//
f 9896// 9914// 9895//
f 9895// 9914// 9915//
f 9895// 9915// 9894//
f 9894// 9915// 9916//
f 9894// 9916// 9893//
f 9893// 9916// 9917//
f 9893// 9917// 9892//
f 9891// 9892// 9918//
f 9918// 9892// 9917//
f 9890// 9891// 9903//
f 9903// 9891// 9918//
f 9919// 9920// 8861//
f 8861// 9920// 8859//
f 8859// 9920// 8882//
f 8882// 9920// 9921//
f 8882// 9921// 8883//
f 9921// 9922// 8883//
f 8883// 9922// 8884//
f 8884// 9922// 8885//
f 8885// 9922// 9923//
f 8885// 9923// 8869//
f 9923// 9924// 8869//
f 8869// 9924// 8863//
f 8863// 9924// 8873//
f 8873// 9924// 9925//
f 8873// 9925// 8871//
f 9925// 9926// 8871//
f 8871// 9926// 8872//
f 8872// 9926// 8874//
f 8874// 9926// 9927//
f 8874// 9927// 8875//
f 9927// 9928// 8875//
f 8875// 9928// 8876//
f 8876// 9928// 8878//
f 8878// 9928// 9929//
f 8878// 9929// 8880//
f 9929// 9930// 8880//
f 8880// 9930// 8879//
f 8879// 9930// 8877//
f 8877// 9930// 9919//
f 8877// 9919// 8861//
f 9921// 9920// 9919//
f 9919// 9930// 9921//
f 9921// 9930// 9929//
f 9921// 9929// 9922//
f 9924// 9923// 9925//
f 9925// 9923// 9922//
f 9925// 9922// 9926//
f 9926// 9922// 9929//
f 9926// 9929// 9927//
f 9927// 9929// 9928//
f 9931// 9932// 8810//
f 8810// 9932// 8809//
f 9933// 8838// 8837//
f 9933// 8837// 9934//
f 9934// 8837// 8836//
f 9934// 8836// 9935//
f 9935// 8836// 8809//
f 9935// 8809// 9932//
f 9936// 8858// 8857//
f 9936// 8857// 9937//
f 9937// 8857// 8856//
f 9937// 8856// 9938//
f 9938// 8856// 8850//
f 9938// 8850// 9939//
f 9939// 8850// 8848//
f 9939// 8848// 9940//
f 8848// 8847// 9940//
f 9940// 8847// 8820//
f 9940// 8820// 9941//
f 9941// 8820// 8819//
f 9941// 8819// 9942//
f 9942// 8819// 8838//
f 9942// 8838// 9933//
f 9943// 9944// 8841//
f 8841// 9944// 8839//
f 8841// 8846// 9943//
f 9943// 8846// 8844//
f 9943// 8844// 9945//
f 9945// 8844// 8843//
f 9945// 8843// 9946//
f 9946// 8843// 8855//
f 9946// 8855// 9947//
f 8855// 8854// 9947//
f 9947// 8854// 8852//
f 9947// 8852// 9948//
f 9948// 8852// 8851//
f 9948// 8851// 9949//
f 9949// 8851// 8858//
f 9949// 8858// 9936//
f 8839// 9944// 8811//
f 8811// 9944// 9950//
f 8811// 9950// 8812//
f 8812// 9950// 9951//
f 8812// 9951// 8813//
f 9951// 9952// 8813//
f 8813// 9952// 8814//
f 9953// 8817// 8815//
f 9953// 8815// 9954//
f 9954// 8815// 8814//
f 9954// 8814// 9952//
f 9955// 8825// 8835//
f 9955// 8835// 9956//
f 9956// 8835// 8834//
f 9956// 8834// 9957//
f 9957// 8834// 8824//
f 9957// 8824// 9958//
f 9958// 8824// 8823//
f 9958// 8823// 9959//
f 9959// 8823// 8822//
f 9959// 8822// 9960//
f 9960// 8822// 8818//
f 9960// 8818// 9961//
f 9961// 8818// 8817//
f 9961// 8817// 9953//
f 9962// 8829// 8828//
f 9962// 8828// 9963//
f 9963// 8828// 8830//
f 9963// 8830// 9964//
f 9964// 8830// 8831//
f 9964// 8831// 9965//
f 9965// 8831// 8832//
f 9965// 8832// 9966//
f 9966// 8832// 8827//
f 9966// 8827// 9967//
f 9967// 8827// 8826//
f 9967// 8826// 9968//
f 9968// 8826// 8825//
f 9968// 8825// 9955//
f 9931// 8810// 8816//
f 9931// 8816// 9969//
f 9969// 8816// 8833//
f 9969// 8833// 9970//
f 9970// 8833// 8829//
f 9970// 8829// 9962//
f 9963// 9933// 9962//
f 9962// 9933// 9934//
f 9962// 9934// 9970//
f 9970// 9934// 9935//
f 9970// 9935// 9969//
f 9969// 9935// 9932//
f 9969// 9932// 9931//
f 9952// 9951// 9954//
f 9954// 9951// 9950//
f 9954// 9950// 9953//
f 9953// 9950// 9944//
f 9953// 9944// 9961//
f 9961// 9944// 9943//
f 9961// 9943// 9960//
f 9960// 9943// 9945//
f 9960// 9945// 9959//
f 9959// 9945// 9946//
f 9959// 9946// 9958//
f 9958// 9946// 9947//
f 9958// 9947// 9957//
f 9957// 9947// 9948//
f 9957// 9948// 9956//
f 9956// 9948// 9949//
f 9956// 9949// 9955//
f 9955// 9949// 9936//
f 9955// 9936// 9968//
f 9968// 9936// 9937//
f 9968// 9937// 9967//
f 9967// 9937// 9938//
f 9967// 9938// 9966//
f 9966// 9938// 9939//
f 9966// 9939// 9965//
f 9965// 9939// 9940//
f 9965// 9940// 9964//
f 9964// 9940// 9941//
f 9964// 9941// 9963//
f 9963// 9941// 9942//
f 9963// 9942// 9933//
f 9971// 9972// 8973//
f 8973// 9972// 8977//
f 9972// 9973// 8977//
f 8977// 9973// 8974//
f 9973// 9974// 8974//
f 8974// 9974// 8975//
f 9974// 9975// 8975//
f 8975// 9975// 8971//
f 9975// 9976// 8971//
f 8971// 9976// 8972//
f 9976// 9971// 8972//
f 8972// 9971// 8973//
f 9975// 9974// 9976//
f 9976// 9974// 9973//
f 9976// 9973// 9971//
f 9971// 9973// 9972//
usemtl 4
f 9859// 9860// 9861//
f 9861// 9860// 9866//
f 9861// 9866// 9862//
f 9862// 9866// 9865//
f 9862// 9865// 9863//
f 9863// 9865// 9864//
f 9903// 9918// 9902//
f 9902// 9918// 9917//
f 9902// 9917// 9916//
f 9910// 9909// 9902//
f 9902// 9909// 9908//
f 9902// 9908// 9904//
f 9916// 9915// 9902//
f 9902// 9915// 9914//
f 9902// 9914// 9913//
f 9913// 9912// 9902//
f 9902// 9912// 9911//
f 9902// 9911// 9910//
f 9907// 9906// 9908//
f 9908// 9906// 9905//
f 9908// 9905// 9904//
