v 7.55 -0.00797 1.302289
v 7.55 -0.032424 1.299703
v 7.55 0.059803 1.298331
newmtl 1
Ka 0.8431372549019608 0.8156862745098039 0.7529411764705882
Kd 0.8431372549019608 0.8156862745098039 0.7529411764705882
Ks 0.4235294117647059 0.40784313725490196 0.3764705882352941
d 0.0
endmtl
v 7.55 0.7 0.3
v 7.55 0.7 0.15
v 7.55 1.405357 0.15
v 7.55 -0.408587 1.233881
v 7.55 -0.438678 1.233881
v 7.55 -0.438678 1.05
v 7.55 -0.544735 1.594591
v 7.55 -0.546272 1.598915
v 7.55 -0.546272 1.55644
v 7.55 -0.85385 1.59375
v 7.55 -0.822438 1.567247
v 7.55 -0.71263 1.721887
v 7.55 -0.71263 1.55644
v 7.55 -1.007835 1.738703
v 7.55 -0.982824 1.721887
v 7.55 -0.956244 1.704015
v 7.55 -0.918032 1.659826
v 7.55 -0.893777 1.612629
v 7.55 -0.888293 1.610789
v 7.55 -1.224165 1.736535
v 7.55 -1.170826 1.757112
v 7.55 -2.0 2.05
v 7.55 -0.71263 2.05
v 7.55 -1.113567 1.764169
v 7.55 -1.065886 1.759159
v 7.55 -1.247809 1.721887
v 7.55 -2.0 1.721887
v 7.55 -1.252382 1.719054
v 7.55 -2.0 1.55644
v 7.55 -1.500857 1.55644
v 7.55 -1.490805 1.579166
v 7.55 -1.462918 1.614943
v 7.55 -1.375539 1.664819
v 7.55 -1.329887 1.670469
v 7.55 -1.279567 1.695773
v 7.55 -1.316584 1.669746
v 7.55 -1.303281 1.668155
v 7.55 -1.455169 1.62228
v 7.55 -1.418385 1.648161
v 7.55 -1.432693 1.326256
v 7.55 -1.468702 1.356979
v 7.55 -2.0 1.298331
v 7.55 -1.390899 1.305868
v 7.55 -1.495034 1.394538
v 7.55 -1.511649 1.437594
v 7.55 -2.0 1.508736
v 7.55 -1.517287 1.483069
v 7.55 -1.516968 1.494022
v 7.55 -1.514351 1.508736
v 7.55 -1.509235 1.537502
v 7.55 -1.376159 1.301453
v 7.55 -1.374764 1.298331
v 7.55 -1.366528 1.279897
v 7.55 -2.0 1.233881
v 7.55 -1.350119 1.258173
v 7.55 -1.328081 1.240357
v 7.55 -1.095741 0.957352
v 7.55 -1.083253 0.9875
v 7.55 -1.063388 0.836612
v 7.55 -1.083253 0.8625
v 7.55 -2.0 0.3
v 7.55 -1.095741 0.892648
v 7.55 -1.1 0.925
v 7.55 -0.71263 0.8
v 7.55 -0.975 0.8
v 7.55 -0.71263 0.3
v 7.55 -1.007352 0.804259
v 7.55 -1.0375 0.816747
v 7.55 -0.71263 1.05
v 7.55 -0.71263 1.233881
v 7.55 -0.975 1.05
v 7.55 -1.218396 1.233881
v 7.55 -1.007352 1.045741
v 7.55 -1.238122 1.226275
v 7.55 -1.063388 1.013388
v 7.55 -1.0375 1.033253
v 7.55 -1.266263 1.222791
v 7.55 -1.274749 1.223093
v 7.55 -1.301882 1.228282
v 7.55 -1.31403 1.233881
v 7.55 -0.71263 1.298331
v 7.55 -1.157929 1.298331
v 7.55 -1.158143 1.297445
v 7.55 -1.171922 1.27173
v 7.55 -1.18931 1.252284
v 7.55 -1.212333 1.236219
v 7.55 -0.784599 1.499048
v 7.55 -0.779255 1.46109
v 7.55 -0.71263 1.508736
v 7.55 -1.010163 1.366574
v 7.55 -1.002225 1.36971
v 7.55 -0.988634 1.43564
v 7.55 -0.822056 1.351195
v 7.55 -0.853454 1.324601
v 7.55 -1.179504 1.415975
v 7.55 -1.024494 1.49695
v 7.55 -1.196781 1.43223
v 7.55 -1.220747 1.44611
v 7.55 -1.017276 1.361533
v 7.55 -0.799024 1.383311
v 7.55 -0.784525 1.419951
v 7.55 -0.993261 1.37086
v 7.55 -0.992135 1.370779
v 7.55 -0.988665 1.37001
v 7.55 -1.442958 1.467129
v 7.55 -1.359752 1.407326
v 7.55 -1.444409 1.485382
v 7.55 -1.339939 1.428413
v 7.55 -1.441517 1.508736
v 7.55 -1.315711 1.444003
v 7.55 -1.434564 1.438865
v 7.55 -1.421032 1.415901
v 7.55 -1.373178 1.383593
v 7.55 -1.400314 1.394568
v 7.55 -1.375002 1.378958
v 7.55 -1.029122 1.335
v 7.55 -1.028828 1.339565
v 7.55 -1.150585 1.350038
v 7.55 -1.026505 1.348369
v 7.55 -1.022056 1.356262
v 7.55 -1.289882 1.452829
v 7.55 -1.266263 1.455306
v 7.55 -1.248296 1.453939
v 7.55 -1.002091 1.300189
v 7.55 -1.009743 1.303201
v 7.55 -1.017246 1.308535
v 7.55 -1.019935 1.311272
v 7.55 -1.024977 1.318539
v 7.55 -1.028024 1.326383
v 7.55 -1.15126 1.325972
v 7.55 -1.150585 1.33847
v 7.55 -0.873527 1.399787
v 7.55 -0.861085 1.418015
v 7.55 -0.853427 1.438748
v 7.55 -0.850976 1.459933
v 7.55 -0.851404 1.468753
v 7.55 -0.888742 1.307308
v 7.55 -0.927324 1.299139
v 7.55 -0.995575 1.299139
v 7.55 -0.98632 1.369703
v 7.55 -0.934265 1.369703
v 7.55 -0.917603 1.372488
v 7.55 -0.896724 1.380974
v 7.55 -0.878942 1.39415
v 7.55 -0.941206 1.550163
v 7.55 -0.95046 1.550163
v 7.55 -0.865718 1.508736
v 7.55 -0.920321 1.547722
v 7.55 -0.856512 1.491059
v 7.55 -1.440925 1.513524
v 7.55 -1.430982 1.539313
v 7.55 -0.867013 1.511222
v 7.55 -0.881961 1.527927
v 7.55 -0.900042 1.54021
v 7.55 -0.975664 1.620071
v 7.55 -1.001848 1.651161
v 7.55 -1.26742 1.583709
v 7.55 -1.004286 1.653377
v 7.55 -1.036769 1.675966
v 7.55 -1.249688 1.620394
v 7.55 -1.41903 1.55644
v 7.55 -1.275174 1.587973
v 7.55 -0.95185 1.55644
v 7.55 -0.9577 1.582857
v 7.55 -1.301095 1.597575
v 7.55 -1.32873 1.601061
v 7.55 -1.341228 1.600386
v 7.55 -1.22372 1.651374
v 7.55 -1.073033 1.689901
v 7.55 -1.192887 1.673903
v 7.55 -1.11241 1.694761
v 7.55 -1.155115 1.689244
v 7.55 -1.369755 1.593503
v 7.55 -1.39547 1.579724
v 7.55 -1.414916 1.562336
v 7.55 -0.814664 1.55644
v 7.55 -0.798786 1.534366
v 7.55 -0.788491 1.508736
v 7.55 0.059803 1.55644
v 7.55 0.006962 1.557813
v 7.55 -0.016245 1.557813
v 7.55 -0.055007 1.720514
v 7.55 0.059803 1.721887
v 7.55 -0.092543 1.721887
v 7.55 -0.116228 1.557813
v 7.55 -0.139436 1.557813
v 7.55 -0.143948 1.55644
v 7.55 -0.092543 1.55644
v 7.55 -0.092543 1.602315
v 7.55 -0.10059 1.602315
v 7.55 -0.143948 1.721887
v 7.55 -0.092543 1.680931
v 7.55 -0.077466 1.720514
v 7.55 -0.334224 1.721887
v 7.55 -0.334224 1.720514
v 7.55 -0.315363 1.720514
v 7.55 -0.296294 1.721887
v 7.55 -0.315363 1.701799
v 7.55 -0.296294 1.55644
v 7.55 -0.378164 1.631095
v 7.55 -0.378164 1.576362
v 7.55 -0.334224 1.631095
v 7.55 -0.334224 1.576362
v 7.55 -0.319979 1.631095
v 7.55 -0.311661 1.576362
v 7.55 -0.311661 1.557813
v 7.55 -0.334224 1.55644
v 7.55 -0.378164 1.701799
v 7.55 -0.378164 1.649728
v 7.55 -0.334224 1.701799
v 7.55 -0.334224 1.649728
v 7.55 -0.319979 1.649728
v 7.55 -0.399167 1.720514
v 7.55 -0.408587 1.721887
v 7.55 -0.399167 1.557813
v 7.55 -0.438678 1.721887
v 7.55 -0.438678 1.718668
v 7.55 -0.431733 1.716605
v 7.55 -0.431733 1.694645
v 7.55 -0.473739 1.573784
v 7.55 -0.466912 1.574011
v 7.55 -0.438678 1.697434
v 7.55 -0.334224 1.557813
v 7.55 -0.408587 1.55644
v 7.55 -0.431733 1.58468
v 7.55 -0.438678 1.5816
v 7.55 -0.448387 1.577294
v 7.55 -0.515765 1.684754
v 7.55 -0.523564 1.673384
v 7.55 -0.528946 1.659228
v 7.55 -0.470079 1.704294
v 7.55 -0.477285 1.703962
v 7.55 -0.514414 1.686244
v 7.55 -0.491314 1.701063
v 7.55 -0.504019 1.694952
v 7.55 -0.531508 1.637334
v 7.55 -0.531497 1.635815
v 7.55 -0.528939 1.615841
v 7.55 -0.511552 1.587052
v 7.55 -0.50071 1.579723
v 7.55 -0.488908 1.57546
v 7.55 -0.449393 1.701735
v 7.55 -0.523819 1.602584
v 7.55 -0.515537 1.590919
v 7.55 -0.468792 1.723252
v 7.55 -0.453579 1.721887
v 7.55 -0.447749 1.721363
v 7.55 -0.470287 1.723259
v 7.55 -0.438678 2.05
v 7.55 -0.48226 1.721887
v 7.55 -0.546272 2.05
v 7.55 -0.546272 1.673523
v 7.55 -0.542126 1.683412
v 7.55 -0.546272 1.721887
v 7.55 -0.530052 1.699303
v 7.55 -0.525721 1.703417
v 7.55 -0.509812 1.714324
v 7.55 -0.492628 1.720698
v 7.55 -0.549738 1.665256
v 7.55 -0.556025 1.721887
v 7.55 -0.55331 1.643881
v 7.55 -0.553551 1.636086
v 7.55 -0.556025 1.55644
v 7.55 -0.550969 1.612122
v 7.55 -0.505122 1.559463
v 7.55 -0.520354 1.5669
v 7.55 -0.532672 1.577277
v 7.55 -0.53541 1.580355
v 7.55 -0.491315 1.55644
v 7.55 -0.546272 1.508736
v 7.55 -0.487671 1.555643
v 7.55 -0.476775 1.555068
v 7.55 -0.438678 1.508736
v 7.55 -0.463124 1.55644
v 7.55 -0.431733 1.564551
v 7.55 -0.433744 1.563532
v 7.55 -0.438678 1.55644
v 7.55 -0.438678 1.561848
v 7.55 -0.45092 1.557667
v 7.55 0.187506 1.299703
v 7.55 0.210713 1.299703
v 7.55 0.7 1.298331
v 7.55 0.148744 1.462405
v 7.55 0.7 1.508736
v 7.55 0.059803 1.508736
v 7.55 0.7 1.55644
v 7.55 0.7 1.721887
v 7.55 0.170911 1.344205
v 7.55 0.103161 1.344205
v 7.55 0.087523 1.299703
v 7.55 0.064315 1.299703
v 7.55 0.126285 1.462405
v 7.55 0.7 1.05
v 7.55 0.7 1.233881
v 7.55 0.059803 1.05
v 7.55 0.059803 1.233881
v 7.55 -0.092543 1.05
v 7.55 -0.092543 1.233881
v 7.55 -0.143948 1.05
v 7.55 -0.143948 1.233881
v 7.55 -0.296294 1.05
v 7.55 -0.296294 1.233881
v 7.55 -0.334224 1.05
v 7.55 -0.334224 1.233881
v 7.55 -0.408587 1.05
v 7.55 -0.546272 1.05
v 7.55 -0.556025 1.05
v 7.55 -0.556025 1.233881
v 7.55 -0.556025 0.8
v 7.55 -0.556025 0.3
v 7.55 -0.546272 0.8
v 7.55 -0.546272 0.3
v 7.55 -0.438678 0.8
v 7.55 -0.438678 0.3
v 7.55 -0.408587 0.8
v 7.55 -0.408587 0.3
v 7.55 -0.334224 0.8
v 7.55 -0.334224 0.3
v 7.55 -0.296294 0.8
v 7.55 -0.296294 0.3
v 7.55 -0.143948 0.8
v 7.55 -0.143948 0.3
v 7.55 -0.092543 0.8
v 7.55 -0.092543 0.3
v 7.55 0.059803 0.8
v 7.55 0.059803 0.3
v 7.55 1.405357 0.8
v 7.55 2.6 0.8
v 7.55 2.6 0.15
v 7.55 -0.53067 1.355203
v 7.55 -0.52764 1.387958
v 7.55 -0.534772 1.349388
v 7.55 -0.537597 1.342223
v 7.55 -0.438678 1.298331
v 7.55 -0.445624 1.299703
v 7.55 -0.466003 1.299703
v 7.55 -0.546272 1.298331
v 7.55 -0.535526 1.314681
v 7.55 -0.537991 1.321576
v 7.55 -0.466003 1.31767
v 7.55 -0.466544 1.31767
v 7.55 -0.469719 1.312838
v 7.55 -0.476155 1.305908
v 7.55 -0.524378 1.360603
v 7.55 -0.515611 1.365039
v 7.55 -0.514602 1.396315
v 7.55 -0.50044 1.368743
v 7.55 -0.482639 1.401292
v 7.55 -0.489543 1.402016
v 7.55 -0.501869 1.400714
v 7.55 -0.475326 1.417455
v 7.55 -0.466742 1.414844
v 7.55 -0.459975 1.41097
v 7.55 -0.454543 1.405767
v 7.55 -0.522149 1.30132
v 7.55 -0.529012 1.306108
v 7.55 -0.531291 1.308419
v 7.55 -0.52764 1.407755
v 7.55 -0.523586 1.41011
v 7.55 -0.508461 1.416017
v 7.55 -0.48763 1.418568
v 7.55 -0.466003 1.373568
v 7.55 -0.466712 1.382579
v 7.55 -0.468819 1.389835
v 7.55 -0.471213 1.394032
v 7.55 -0.538994 1.330813
v 7.55 -0.538927 1.333471
v 7.55 -0.450378 1.399174
v 7.55 -0.447191 1.389884
v 7.55 -0.445624 1.374483
v 7.55 -0.474294 1.39731
v 7.55 -0.477912 1.399641
v 7.55 -0.491057 1.298331
v 7.55 -0.491637 1.298122
v 7.55 -0.546272 1.233881
v 7.55 -0.502145 1.296959
v 7.55 -0.513964 1.298331
v 7.55 -0.514336 1.298374
v 7.55 -0.417883 1.384548
v 7.55 -0.417079 1.391835
v 7.55 -0.414759 1.370412
v 7.55 -0.417007 1.376635
v 7.55 -0.418008 1.324824
v 7.55 -0.41004 1.319897
v 7.55 -0.408587 1.31935
v 7.55 -0.408587 1.362559
v 7.55 -0.412102 1.366165
v 7.55 -0.408768 1.362678
v 7.55 -0.39991 1.298331
v 7.55 -0.403426 1.29869
v 7.55 -0.408587 1.298331
v 7.55 -0.408587 1.300492
v 7.55 -0.418008 1.303779
v 7.55 -0.373578 1.298331
v 7.55 -0.386482 1.296959
v 7.55 -0.334224 1.298331
v 7.55 -0.369686 1.298745
v 7.55 -0.3451 1.413411
v 7.55 -0.3451 1.393614
v 7.55 -0.404824 1.409335
v 7.55 -0.398809 1.412931
v 7.55 -0.408587 1.508736
v 7.55 -0.340496 1.323124
v 7.55 -0.342999 1.316666
v 7.55 -0.346797 1.311291
v 7.55 -0.414652 1.398396
v 7.55 -0.410865 1.403904
v 7.55 -0.408587 1.405952
v 7.55 -0.387637 1.416934
v 7.55 -0.372633 1.418568
v 7.55 -0.334224 1.508736
v 7.55 -0.361397 1.417801
v 7.55 -0.346348 1.350527
v 7.55 -0.342544 1.344913
v 7.55 -0.340369 1.338904
v 7.55 -0.339527 1.331312
v 7.55 -0.352628 1.306192
v 7.55 -0.358577 1.302658
v 7.55 -0.374629 1.402016
v 7.55 -0.380662 1.401563
v 7.55 -0.39688 1.386378
v 7.55 -0.386113 1.40012
v 7.55 -0.390683 1.39769
v 7.55 -0.396694 1.383667
v 7.55 -0.395886 1.380501
v 7.55 -0.394417 1.377752
v 7.55 -0.39243 1.375564
v 7.55 -0.385245 1.371073
v 7.55 -0.361246 1.400495
v 7.55 -0.372633 1.365582
v 7.55 -0.349752 1.39628
v 7.55 -0.364742 1.36239
v 7.55 -0.351207 1.354862
v 7.55 -0.393758 1.394973
v 7.55 -0.395505 1.392379
v 7.55 -0.396511 1.389628
v 7.55 -0.397263 1.315088
v 7.55 -0.387023 1.350776
v 7.55 -0.39917 1.356344
v 7.55 -0.384486 1.313595
v 7.55 -0.383586 1.3136
v 7.55 -0.373641 1.345172
v 7.55 -0.373139 1.314771
v 7.55 -0.360447 1.329316
v 7.55 -0.360646 1.331851
v 7.55 -0.36788 1.316696
v 7.55 -0.366022 1.317823
v 7.55 -0.363684 1.319899
v 7.55 -0.361905 1.32253
v 7.55 -0.360869 1.325428
v 7.55 -0.361572 1.335033
v 7.55 -0.363148 1.337734
v 7.55 -0.365687 1.340379
v 7.55 -0.195416 1.462405
v 7.55 -0.143948 1.462405
v 7.55 -0.143948 1.508736
v 7.55 -0.275769 1.328567
v 7.55 -0.273273 1.319001
v 7.55 -0.272733 1.319001
v 7.55 -0.217376 1.415907
v 7.55 -0.296294 1.508736
v 7.55 -0.238504 1.415907
v 7.55 -0.296294 1.387611
v 7.55 -0.270237 1.328401
v 7.55 -0.271797 1.322984
v 7.55 -0.296294 1.332909
v 7.55 -0.328921 1.415907
v 7.55 -0.30613 1.415907
v 7.55 -0.284025 1.298331
v 7.55 -0.283338 1.299953
v 7.55 -0.296294 1.27148
v 7.55 -0.296267 1.27151
v 7.55 -0.296294 1.298331
v 7.55 -0.29228 1.278825
v 7.55 -0.324721 1.264768
v 7.55 -0.324721 1.246634
v 7.55 -0.320551 1.263401
v 7.55 -0.313159 1.262439
v 7.55 -0.308265 1.262987
v 7.55 -0.296294 1.248603
v 7.55 -0.303345 1.245917
v 7.55 -0.311578 1.244971
v 7.55 -0.316077 1.245132
v 7.55 -0.303802 1.26466
v 7.55 -0.300062 1.267257
v 7.55 -0.270113 1.282152
v 7.55 -0.279338 1.264185
v 7.55 -0.263734 1.298331
v 7.55 -0.286796 1.255229
v 7.55 -0.288185 1.253955
v 7.55 -0.295303 1.248981
v 7.55 -0.174413 1.372986
v 7.55 -0.174413 1.318253
v 7.55 -0.143948 1.372986
v 7.55 -0.143948 1.318253
v 7.55 -0.116228 1.372986
v 7.55 -0.092543 1.508736
v 7.55 -0.111612 1.462405
v 7.55 -0.111612 1.443689
v 7.55 -0.10791 1.318253
v 7.55 -0.092543 1.298331
v 7.55 -0.10791 1.299703
v 7.55 -0.143948 1.298331
v 7.55 -0.143948 1.299703
v 7.55 -0.195416 1.299703
v 7.55 -0.174413 1.443689
v 7.55 -0.174413 1.391618
v 7.55 -0.143948 1.443689
v 7.55 -0.143948 1.391618
v 7.55 -0.116228 1.391618
v 7.55 -0.625003 1.720514
v 7.55 -0.625003 1.576362
v 7.55 -0.560205 1.576362
v 7.55 -0.646006 1.720514
v 7.55 -0.560205 1.557813
v 7.55 -0.646006 1.557813
v 7.55 -0.556025 1.508736
v 7.55 -0.625003 1.372986
v 7.55 -0.625003 1.318253
v 7.55 -0.566818 1.372986
v 7.55 -0.5585 1.318253
v 7.55 -0.566818 1.391618
v 7.55 -0.625003 1.443689
v 7.55 -0.625003 1.391618
v 7.55 -0.562201 1.443689
v 7.55 -0.556025 1.298331
v 7.55 -0.5585 1.299703
v 7.55 -0.646006 1.299703
v 7.55 -0.646006 1.462405
v 7.55 -0.562201 1.462405
v 7.55 -0.556025 2.05
v 7.55 -0.483374 1.301107
v 7.55 -0.152613 1.612687
v 7.55 -0.160432 1.595746
v 7.55 -0.234511 1.720514
v 7.55 -0.209651 1.717767
v 7.55 -0.190017 1.71059
v 7.55 -0.172999 1.580604
v 7.55 -0.176502 1.577519
v 7.55 -0.192552 1.567106
v 7.55 -0.211721 1.560399
v 7.55 -0.236175 1.557813
v 7.55 -0.280926 1.557813
v 7.55 -0.280926 1.720514
v 7.55 -0.172999 1.69897
v 7.55 -0.166911 1.692974
v 7.55 -0.156929 1.67868
v 7.55 -0.151017 1.663055
v 7.55 -0.148461 1.641243
v 7.55 -0.148856 1.631901
v 7.55 -0.408587 2.05
v 7.55 -0.334224 2.05
v 7.55 -0.296294 2.05
v 7.55 -0.143948 2.05
v 7.55 -0.092543 2.05
v 7.55 0.059803 2.05
v 7.55 0.7 2.05
v 7.55 -0.0059 1.459657
v 7.55 0.013734 1.45248
v 7.55 0.051138 1.354578
v 7.55 0.043319 1.337636
v 7.55 0.030752 1.322495
v 7.55 -0.077175 1.299703
v 7.55 -0.077175 1.462405
v 7.55 -0.03076 1.462405
v 7.55 0.027249 1.31941
v 7.55 0.011199 1.308996
v 7.55 -0.03284 1.602315
v 7.55 0.030752 1.440861
v 7.55 0.03684 1.434864
v 7.55 0.046822 1.42057
v 7.55 0.052734 1.404946
v 7.55 0.05529 1.383134
v 7.55 0.054895 1.373792
v -5.35 2.4 0.3
v -5.65 2.4 0.3
v -5.65 2.404878 0.3
v -5.35 2.404878 0.3
v -5.55 2.6 0.3
v -5.45 2.6 0.3
v -5.45 2.6 1.75
v -5.55 2.6 1.75
v -5.35 2.404878 1.75
v -5.65 2.404878 1.75
v -5.35 2.4 1.75
v -5.65 2.4 1.75
v -5.8475 2.4 0.0
v -5.8475 2.4 0.1
v -5.65 2.4 0.1
v -5.35 2.4 0.1
v -5.15 2.4 0.1
v -5.15 2.4 0.3
v -4.85 2.4 0.3
v -4.85 2.4 0.1
v -4.65 2.4 0.1
v -2.65 2.4 0.1
v -2.65 2.4 0.3
v -2.35 2.4 0.3
v 5.65 2.4 0.1
v 5.85 2.4 0.1
v 5.85 2.4 -0.0
v 2.85 2.4 0.1
v 2.85 2.4 0.3
v 3.15 2.4 0.3
v 2.35 2.4 0.3
v 2.65 2.4 0.3
v 2.35 2.4 0.1
v 2.65 2.4 0.1
v 3.15 2.4 0.1
v 3.35 2.4 0.1
v -1.65 2.4 0.1
v -1.65 2.4 0.3
v -1.35 2.4 0.3
v -4.65 2.4 0.3
v -4.35 2.4 0.3
v -4.35 2.4 0.1
v -4.15 2.4 0.1
v 3.85 2.4 0.1
v 3.65 2.4 0.1
v 3.65 2.4 0.3
v 3.35 2.4 0.3
v 4.35 2.4 0.1
v 4.35 2.4 0.3
v 4.65 2.4 0.3
v 4.65 2.4 0.1
v 4.85 2.4 0.1
v -1.35 2.4 0.1
v -1.15 2.4 0.1
v -4.15 2.4 0.3
v -3.85 2.4 0.3
v -3.85 2.4 0.1
v -3.65 2.4 0.1
v 1.85 2.4 0.1
v 1.85 2.4 0.3
v 2.15 2.4 0.3
v 5.35 2.4 0.1
v 5.35 2.4 0.3
v 5.65 2.4 0.3
v -3.65 2.4 0.3
v -3.35 2.4 0.3
v -3.35 2.4 0.1
v -3.15 2.4 0.1
v -1.15 2.4 0.3
v -0.85 2.4 0.3
v -0.85 2.4 0.1
v -0.65 2.4 0.1
v 4.15 2.4 0.1
v 4.15 2.4 0.3
v 3.85 2.4 0.3
v 5.15 2.4 0.1
v 5.15 2.4 0.3
v 4.85 2.4 0.3
v -2.35 2.4 0.1
v -2.15 2.4 0.1
v -2.85 2.4 0.1
v -2.85 2.4 0.3
v -3.15 2.4 0.3
v -2.15 2.4 0.3
v -1.85 2.4 0.3
v -1.85 2.4 0.1
v -0.65 2.4 0.3
v -0.35 2.4 0.3
v -0.35 2.4 0.1
v -0.15 2.4 0.1
v -0.15 2.4 0.3
v 0.15 2.4 0.3
v 0.15 2.4 0.1
v 0.35 2.4 0.1
v 2.15 2.4 0.1
v 0.35 2.4 0.3
v 0.65 2.4 0.3
v 0.65 2.4 0.1
v 0.85 2.4 0.1
v 0.85 2.4 0.3
v 1.15 2.4 0.3
v 1.15 2.4 0.1
v 1.35 2.4 0.1
v 1.35 2.4 0.3
v 1.65 2.4 0.3
v 1.65 2.4 0.1
v 4.65 2.4 1.95
v 4.65 2.4 1.75
v 4.35 2.4 1.75
v 5.85 2.4 2.05
v 5.85 2.4 1.95
v 5.65 2.4 1.95
v 4.35 2.4 1.95
v 4.15 2.4 1.95
v -5.65 2.4 1.95
v -5.8475 2.4 1.95
v -5.8475 2.4 2.05
v -5.35 2.4 1.95
v 5.65 2.4 1.75
v 5.35 2.4 1.75
v 5.35 2.4 1.95
v 5.15 2.4 1.95
v 5.15 2.4 1.75
v 4.85 2.4 1.75
v 4.85 2.4 1.95
v 4.15 2.4 1.75
v 3.85 2.4 1.75
v 3.85 2.4 1.95
v 3.65 2.4 1.95
v -2.35 2.4 1.95
v -2.35 2.4 1.75
v -2.65 2.4 1.75
v -3.65 2.4 1.95
v -3.85 2.4 1.95
v -2.85 2.4 1.75
v -3.15 2.4 1.75
v -2.85 2.4 1.95
v -3.15 2.4 1.95
v -3.85 2.4 1.75
v -4.15 2.4 1.75
v -4.15 2.4 1.95
v -4.35 2.4 1.95
v 2.15 2.4 1.95
v 2.15 2.4 1.75
v 1.85 2.4 1.75
v -4.35 2.4 1.75
v -4.65 2.4 1.75
v -4.65 2.4 1.95
v -4.85 2.4 1.95
v 0.15 2.4 1.95
v 0.15 2.4 1.75
v -0.15 2.4 1.75
v -4.85 2.4 1.75
v -5.15 2.4 1.75
v -5.15 2.4 1.95
v 1.85 2.4 1.95
v 1.65 2.4 1.95
v -3.35 2.4 1.75
v -3.65 2.4 1.75
v -3.35 2.4 1.95
v 3.65 2.4 1.75
v 3.35 2.4 1.75
v 3.35 2.4 1.95
v 3.15 2.4 1.95
v -0.85 2.4 1.95
v -0.85 2.4 1.75
v -1.15 2.4 1.75
v 3.15 2.4 1.75
v 2.85 2.4 1.75
v 2.85 2.4 1.95
v 2.65 2.4 1.95
v -2.65 2.4 1.95
v 2.35 2.4 1.95
v 2.35 2.4 1.75
v 2.65 2.4 1.75
v -1.15 2.4 1.95
v -1.35 2.4 1.95
v -1.35 2.4 1.75
v -1.65 2.4 1.75
v -1.65 2.4 1.95
v -1.85 2.4 1.95
v -1.85 2.4 1.75
v -2.15 2.4 1.75
v -2.15 2.4 1.95
v 1.65 2.4 1.75
v 1.35 2.4 1.75
v 1.35 2.4 1.95
v 1.15 2.4 1.95
v -0.15 2.4 1.95
v -0.35 2.4 1.95
v -0.35 2.4 1.75
v -0.65 2.4 1.75
v -0.65 2.4 1.95
v 1.15 2.4 1.75
v 0.85 2.4 1.75
v 0.85 2.4 1.95
v 0.65 2.4 1.95
v 0.65 2.4 1.75
v 0.35 2.4 1.75
v 0.35 2.4 1.95
v -5.15 2.404878 0.3
v -4.85 2.404878 0.3
v -5.05 2.6 0.3
v -4.95 2.6 0.3
v -4.95 2.6 1.75
v -5.05 2.6 1.75
v -4.85 2.404878 1.75
v -5.15 2.404878 1.75
v -4.55 2.6 0.3
v -4.45 2.6 0.3
v -4.65 2.404878 0.3
v -4.35 2.404878 0.3
v -4.35 2.404878 1.75
v -4.65 2.404878 1.75
v -4.45 2.6 1.75
v -4.55 2.6 1.75
v -4.05 2.6 0.3
v -3.95 2.6 0.3
v -4.15 2.404878 0.3
v -3.85 2.404878 0.3
v -3.85 2.404878 1.75
v -4.15 2.404878 1.75
v -3.95 2.6 1.75
v -4.05 2.6 1.75
v -3.65 2.404878 0.3
v -3.35 2.404878 0.3
v -3.55 2.6 0.3
v -3.45 2.6 0.3
v -3.45 2.6 1.75
v -3.55 2.6 1.75
v -3.35 2.404878 1.75
v -3.65 2.404878 1.75
v -3.05 2.6 0.3
v -2.95 2.6 0.3
v -3.15 2.404878 0.3
v -2.85 2.404878 0.3
v -2.85 2.404878 1.75
v -3.15 2.404878 1.75
v -2.95 2.6 1.75
v -3.05 2.6 1.75
v -2.55 2.6 0.3
v -2.45 2.6 0.3
v -2.65 2.404878 0.3
v -2.35 2.404878 0.3
v -2.35 2.404878 1.75
v -2.65 2.404878 1.75
v -2.45 2.6 1.75
v -2.55 2.6 1.75
v -2.15 2.404878 0.3
v -1.85 2.404878 0.3
v -2.05 2.6 0.3
v -1.95 2.6 0.3
v -1.95 2.6 1.75
v -2.05 2.6 1.75
v -1.85 2.404878 1.75
v -2.15 2.404878 1.75
v -1.65 2.404878 0.3
v -1.35 2.404878 0.3
v -1.55 2.6 0.3
v -1.45 2.6 0.3
v -1.45 2.6 1.75
v -1.55 2.6 1.75
v -1.35 2.404878 1.75
v -1.65 2.404878 1.75
v -1.05 2.6 0.3
v -0.95 2.6 0.3
v -1.15 2.404878 0.3
v -0.85 2.404878 0.3
v -0.85 2.404878 1.75
v -1.15 2.404878 1.75
v -0.95 2.6 1.75
v -1.05 2.6 1.75
v -0.55 2.6 0.3
v -0.45 2.6 0.3
v -0.65 2.404878 0.3
v -0.35 2.404878 0.3
v -0.35 2.404878 1.75
v -0.65 2.404878 1.75
v -0.45 2.6 1.75
v -0.55 2.6 1.75
v -0.05 2.6 0.3
v 0.05 2.6 0.3
v -0.15 2.404878 0.3
v 0.15 2.404878 0.3
v 0.15 2.404878 1.75
v -0.15 2.404878 1.75
v 0.05 2.6 1.75
v -0.05 2.6 1.75
v 0.35 2.404878 0.3
v 0.65 2.404878 0.3
v 0.45 2.6 0.3
v 0.55 2.6 0.3
v 0.55 2.6 1.75
v 0.45 2.6 1.75
v 0.65 2.404878 1.75
v 0.35 2.404878 1.75
v 0.95 2.6 0.3
v 1.05 2.6 0.3
v 0.85 2.404878 0.3
v 1.15 2.404878 0.3
v 1.15 2.404878 1.75
v 0.85 2.404878 1.75
v 1.05 2.6 1.75
v 0.95 2.6 1.75
v 1.45 2.6 0.3
v 1.55 2.6 0.3
v 1.35 2.404878 0.3
v 1.65 2.404878 0.3
v 1.65 2.404878 1.75
v 1.35 2.404878 1.75
v 1.55 2.6 1.75
v 1.45 2.6 1.75
v 1.85 2.404878 0.3
v 2.15 2.404878 0.3
v 1.95 2.6 0.3
v 2.05 2.6 0.3
v 2.05 2.6 1.75
v 1.95 2.6 1.75
v 2.15 2.404878 1.75
v 1.85 2.404878 1.75
v 2.35 2.404878 0.3
v 2.65 2.404878 0.3
v 2.45 2.6 0.3
v 2.55 2.6 0.3
v 2.55 2.6 1.75
v 2.45 2.6 1.75
v 2.65 2.404878 1.75
v 2.35 2.404878 1.75
v 2.85 2.404878 0.3
v 3.15 2.404878 0.3
v 2.95 2.6 0.3
v 3.05 2.6 0.3
v 3.05 2.6 1.75
v 2.95 2.6 1.75
v 3.15 2.404878 1.75
v 2.85 2.404878 1.75
v 3.45 2.6 0.3
v 3.55 2.6 0.3
v 3.35 2.404878 0.3
v 3.65 2.404878 0.3
v 3.65 2.404878 1.75
v 3.35 2.404878 1.75
v 3.55 2.6 1.75
v 3.45 2.6 1.75
v 3.85 2.404878 0.3
v 4.15 2.404878 0.3
v 3.95 2.6 0.3
v 4.05 2.6 0.3
v 4.05 2.6 1.75
v 3.95 2.6 1.75
v 4.15 2.404878 1.75
v 3.85 2.404878 1.75
v 4.35 2.404878 0.3
v 4.65 2.404878 0.3
v 4.45 2.6 0.3
v 4.55 2.6 0.3
v 4.55 2.6 1.75
v 4.45 2.6 1.75
v 4.65 2.404878 1.75
v 4.35 2.404878 1.75
v 4.85 2.404878 0.3
v 5.15 2.404878 0.3
v 4.95 2.6 0.3
v 5.05 2.6 0.3
v 5.05 2.6 1.75
v 4.95 2.6 1.75
v 5.15 2.404878 1.75
v 4.85 2.404878 1.75
v 6.95 -0.05 1.76
v 6.95 -0.05 1.21
v 7.25 -0.65 1.76
v 7.25 -0.65 1.41
v 6.95 -2.0 1.25
v 6.95 -1.6 1.25
v 7.1 -2.0 1.55
newmtl 2
Ka 0.39215686274509803 0.35294117647058826 0.39215686274509803
Kd 0.39215686274509803 0.35294117647058826 0.39215686274509803
Ks 0.19607843137254902 0.17647058823529413 0.19607843137254902
d 0.0
endmtl
v 7.1 -1.6 1.55
v 6.285 -0.2 1.2
v 6.285 -0.2 1.0
v 6.485 -0.2 1.2
v 6.485 -2.0 1.2
v 6.285 -1.8 1.0
v 6.485 -2.0 0.55
v 6.285 -1.8 0.55
v 6.95 0.7 1.2
v 6.95 0.3 1.2
v 6.95 0.346391 1.205455
v 6.95 0.444171 1.26
v 6.95 0.7 1.26
v 6.95 0.429189 1.247323
v 6.95 0.390251 1.221521
v 7.25 0.55641 1.354972
v 7.25 0.444171 1.26
v 6.1725 0.429189 1.247323
v 6.1725 0.55641 1.354972
v 6.285 0.3 1.2
v 6.285 0.8 1.2
v 6.285 0.8 1.1
v 6.285 0.6 0.55
v 6.285 1.4 0.95
v 6.285 1.4 0.65
v 6.285 1.1 0.65
v 7.35 -3.0 0.2
v 7.35 -2.3 0.2
v 7.35 -3.0 1.55
v 7.35 -2.3 1.95
v 7.35 -2.6 1.95
v 7.35 -2.98637 1.653528
v 7.35 -2.94641 1.75
v 7.35 -2.882843 1.832843
v 7.35 -2.703528 1.93637
v 7.35 -2.8 1.89641
v 6.7 2.6 0.8
v 6.7 -0.975 0.8
v 7.1 -0.65 2.05
v 6.95 -0.65 1.9
v 7.1 -2.0 2.05
v 6.95 -1.414277 1.9
v 6.95 -2.0 1.9
v 6.95 -0.65 2.05
v 6.95 -0.0 1.9
v 6.95 -0.071816 1.76
v 6.95 -0.978252 1.76
v 6.95 0.7 2.05
v 6.95 0.475 1.853109
v 6.95 0.390587 1.888074
v 6.95 0.7 1.76
v 6.95 0.58 1.76
v 6.95 0.547487 1.797487
v 6.95 0.3 1.9
v 5.95 -0.0 1.9
v 5.95 -0.2 1.510117
v 6.95 -0.2 1.510117
v 5.95 0.3 1.9
v 7.25 0.603109 1.725
v 7.25 0.58 1.76
v 7.25 0.7 1.76
v 7.25 0.7 1.26
v 7.25 0.595779 1.394531
v 7.25 0.625391 1.441839
v 7.25 0.64377 1.494537
v 7.25 0.65 1.55
v 7.25 0.638074 1.640587
v 6.1725 0.65 1.55
v 6.1725 0.64377 1.494537
v 6.1725 0.625391 1.441839
v 6.1725 0.595779 1.394531
v 5.95 0.65 1.55
v 5.95 0.638074 1.640587
v 5.95 0.603109 1.725
v 5.95 0.547487 1.797487
v 5.95 0.475 1.853109
v 5.95 0.390587 1.888074
v 7.15 0.7 0.3
v 7.15 -2.0 0.3
v 7.15 0.6 0.15
v 7.15 0.7 0.15
v 7.15 0.6 0.25
v 7.15 -0.6 0.25
v 7.15 -0.6 0.15
v 7.15 -2.0 0.15
v 6.7 2.6 2.05
v 6.7 0.8 2.05
v 6.7 0.8 1.2
v 6.7 0.7 1.2
v 6.7 0.7 1.05
v 6.7 -0.975 1.05
v 6.7 -1.1 0.925
v 6.7 -1.095741 0.892648
v 6.7 -1.007352 1.045741
v 6.7 -1.0375 1.033253
v 6.7 -1.063388 1.013388
v 6.7 -1.083253 0.9875
v 6.7 -1.095741 0.957352
v 6.7 -1.083253 0.8625
v 6.7 -1.063388 0.836612
v 6.7 -1.007352 0.804259
v 6.7 -1.0375 0.816747
v 5.95 2.6 2.05
v 5.95 2.6 -0.0
v 6.35 2.6 0.15
v 6.35 2.6 -0.0
v 7.8 0.6 -0.0
v 7.8 -0.6 -0.0
v 7.2 0.6 -0.0
newmtl 3
Ka 0.6470588235294118 0.6196078431372549 0.5882352941176471
Kd 0.6470588235294118 0.6196078431372549 0.5882352941176471
Ks 0.45098039215686275 0.43529411764705883 0.4117647058823529
d 0.0
endmtl
v 7.2 -0.6 -0.0
v 7.039795 -0.6 0.058077
v 6.99998 -0.6 0.100026
v 6.970871 -0.6 0.15
v 7.088182 -0.6 0.0264
v 7.142554 -0.6 0.00669
v 7.164645 -0.6 0.214645
v 7.156699 -0.6 0.225
v 7.151704 -0.6 0.237059
v 7.187059 -0.6 0.201704
v 7.175 -0.6 0.206699
v 8.05 -0.6 0.76
v 7.85 -0.6 0.76
v 8.05 -0.6 0.25
v 7.85 -0.6 0.25
v 8.041481 -0.6 0.185295
v 7.848296 -0.6 0.237059
v 8.016506 -0.6 0.125
v 7.843302 -0.6 0.225
v 7.976777 -0.6 0.073223
v 7.835356 -0.6 0.214645
v 7.925 -0.6 0.033494
v 7.825 -0.6 0.206699
v 7.864704 -0.6 0.008519
v 7.812941 -0.6 0.201704
v 7.8 -0.6 0.2
v 7.2 -0.6 0.2
v 7.864704 0.6 0.008519
v 7.925 0.6 0.033494
v 7.976777 0.6 0.073223
v 8.016506 0.6 0.125
v 8.041481 0.6 0.185295
v 8.05 0.6 0.25
v 8.05 0.6 0.76
v 7.85 0.6 0.76
v 7.85 0.6 0.25
v 7.848296 0.6 0.237059
v 7.843302 0.6 0.225
v 7.835356 0.6 0.214645
v 7.825 0.6 0.206699
v 7.812941 0.6 0.201704
v 7.8 0.6 0.2
v 6.99998 0.6 0.100026
v 6.970871 0.6 0.15
v 7.142554 0.6 0.00669
v 7.088182 0.6 0.0264
v 7.039795 0.6 0.058077
v 7.151704 0.6 0.237059
v 7.156699 0.6 0.225
v 7.164645 0.6 0.214645
v 7.175 0.6 0.206699
v 7.2 0.6 0.2
v 7.187059 0.6 0.201704
v 6.35 -2.0 0.15
v 5.85 -3.0 0.95
v 5.85 -3.0 1.275103
v 5.85 -2.994282 1.22762
v 5.85 -2.977453 1.182851
v 5.85 -2.950477 1.143358
v 5.85 -2.914896 1.111399
v 5.85 -2.872744 1.088802
v 5.85 -2.826433 1.076858
v 5.85 -1.875 0.95
v -5.95 -0.2 1.510117
v -6.95 -0.2 1.510117
v -6.95 -0.978252 1.76
v 5.95 0.1 1.413792
v -5.95 0.1 1.413792
v 6.95 -1.57 1.95
v -6.95 -1.414277 1.9
v -6.95 -1.57 1.95
v 6.1725 0.3 1.2
v 6.1725 0.346391 1.205455
v 6.1725 0.390251 1.221521
v 6.95 -2.3 1.95
v 6.95 -2.3 0.9
v 6.285 -2.3 0.9
v 6.285 -2.3 0.2
v 5.85 0.2 1.75
v 5.85 0.8 1.75
v 5.875 0.2 1.75
v 5.875 0.8 1.75
v -7.35 -2.6 1.95
v -7.35 -2.3 1.95
v -6.95 -2.3 1.95
v 6.995 -1.6 1.76
v 6.95 -1.6 1.76
v -6.285 -2.3 0.2
v -6.285 -3.0 0.2
v -7.35 -2.3 0.2
v -7.35 -3.0 0.2
v 6.995 -2.0 1.76
v -6.485 -2.0 0.55
v -6.285 0.6 0.55
v -6.285 -1.8 0.55
v 6.35 -2.0 -0.0
v 7.25 -2.0 1.76
v 5.85 2.404878 1.95
v 5.85 2.404878 2.05
v 5.85 2.404878 0.1
v 5.85 2.404878 -0.0
v 6.95 -2.1 0.9
v 6.285 -2.1 0.9
v -6.95 -2.1 1.2
v -6.95 -2.1 0.9
v -6.95 -2.3 0.9
v -6.95 -2.0 1.25
v -6.95 -2.0 1.9
v -6.95 -2.0 1.21
v -6.95 -2.0 1.2
v -6.95 -1.6 1.25
v -6.95 -1.6 1.76
v -6.95 -0.071816 1.76
v -6.95 -0.05 1.76
v -6.95 -0.05 1.21
v 7.25 -2.0 1.41
v -7.35 -2.703528 1.93637
v -7.35 -2.8 1.89641
v -7.35 -2.882843 1.832843
v -7.35 -2.94641 1.75
v -7.35 -2.98637 1.653528
v -7.35 -3.0 1.55
v -6.3275 -1.833333 1.2
v -6.3275 -0.2 1.2
v -6.3275 -1.658333 1.0425
v -6.3275 -0.2 1.0425
v -6.285 1.4 0.65
v -6.285 1.1 0.65
v -6.95 -0.65 1.9
v -6.95 -0.65 2.05
v -6.95 -0.0 1.9
v -6.95 0.7 2.05
v -6.95 0.3 1.9
v -6.95 0.390587 1.888074
v -6.95 0.58 1.76
v -6.95 0.7 1.76
v -6.95 0.547487 1.797487
v -6.95 0.475 1.853109
v -5.75 -2.994282 1.22762
v -5.75 -3.0 1.275103
v -5.75 -3.0 0.95
v -5.75 -1.875 0.95
v -5.75 -2.826433 1.076858
v -5.75 -2.872744 1.088802
v -5.75 -2.914896 1.111399
v -5.75 -2.950477 1.143358
v -5.75 -2.977453 1.182851
v 6.95 -2.0 1.21
v -6.995 -1.6 1.76
v -7.1 -1.6 1.55
v -6.995 -2.0 1.76
v -7.1 -2.0 1.55
v -7.55 -1.0375 1.033253
v -7.55 -1.063388 1.013388
v -7.55 -2.0 2.05
v -7.55 -1.007352 1.045741
v -7.55 -1.083253 0.9875
v -7.55 -1.095741 0.957352
v -7.55 -2.0 0.3
v -7.55 -1.1 0.925
v -7.55 -1.095741 0.892648
v -7.55 -1.083253 0.8625
v -7.55 -1.063388 0.836612
v -7.55 -1.0375 0.816747
v -7.55 -1.007352 0.804259
v -7.55 -0.975 0.8
v -7.55 0.7 0.3
v -7.55 2.6 0.8
v -7.55 0.7 0.15
v -7.55 2.6 0.15
v -7.55 0.7 2.05
v -7.55 0.7 1.05
v -7.55 -0.975 1.05
v 6.285 -2.1 0.95
v 6.285 -3.0 0.2
v 6.285 -3.0 0.95
v 5.85 0.8 1.55
v 6.1725 0.8 1.55
v 6.1725 0.8 1.1
v 5.875 0.8 2.05
v 6.1725 -2.1 1.2
v 6.95 -2.0 1.2
v 6.95 -2.1 1.2
v 5.875 0.373205 2.05
v 5.95 0.1 1.55
v 6.1725 -2.1 0.95
v 6.1725 1.4 0.95
v 5.85 0.1 1.55
v -5.95 -0.0 1.9
v -6.285 -2.3 0.9
v -6.285 -2.1 0.9
v -6.285 -2.1 0.95
v -6.25 -2.1 0.95
v -6.25 -2.1 1.2
v -6.485 -2.0 1.2
v -6.25 -1.833333 1.2
v -6.485 -0.2 1.2
v -6.285 -1.555555 0.95
v -6.25 -1.555555 0.95
v -6.285 -1.611111 1.0
v -6.285 -1.8 1.0
v -6.285 1.4 0.95
v 5.35 2.404878 0.3
v 5.65 2.404878 0.3
v 5.45 2.6 0.3
v 5.55 2.6 0.3
v 5.55 2.6 1.75
v 5.45 2.6 1.75
v 5.65 2.404878 1.75
v 5.35 2.404878 1.75
v 5.65 0.1 1.55
v 5.65 0.2 1.55
v 5.35 0.1 1.55
v 5.35 0.2 1.55
v 4.1525 0.2 1.75
v 4.1525 0.2 1.692265
v 4.1525 0.3 1.75
v 4.15 0.126795 1.65
v 4.15 0.2 1.692265
v 4.15 0.112061 1.618404
v 4.15 0.2 1.55
v 4.15 0.103038 1.58473
v 4.15 0.1 1.55
v 4.35 0.126795 1.65
v 4.35 0.2 1.692265
v 4.3475 0.2 1.692265
v 4.3475 0.3 1.75
v 4.3475 0.2 1.75
v 5.15 0.1 1.55
v 5.15 0.2 1.55
v 4.85 0.1 1.55
v 4.85 0.2 1.55
v 4.85 0.103038 1.58473
v 4.85 0.2 1.692265
v 4.85 0.126795 1.65
v 4.85 0.112061 1.618404
v 4.65 0.2 1.55
v 4.35 0.2 1.55
v 4.65 0.1 1.55
v 4.35 0.1 1.55
v -0.15 0.1 1.55
v 0.15 0.1 1.55
v 3.85 0.1 1.55
v -0.35 0.1 1.55
v -0.65 0.1 1.55
v -0.85 0.1 1.55
v -1.15 0.1 1.55
v -1.35 0.1 1.55
v -1.65 0.1 1.55
v -1.85 0.1 1.55
v -2.15 0.1 1.55
v -2.35 0.1 1.55
v 3.65 0.1 1.55
v 3.35 0.1 1.55
v 3.15 0.1 1.55
v -2.65 0.1 1.55
v -2.85 0.1 1.55
v -3.15 0.1 1.55
v -3.35 0.1 1.55
v -3.65 0.1 1.55
v -3.85 0.1 1.55
v 2.85 0.1 1.55
v 2.65 0.1 1.55
v 2.35 0.1 1.55
v 2.15 0.1 1.55
v 1.85 0.1 1.55
v 1.65 0.1 1.55
v 1.35 0.1 1.55
v 1.15 0.1 1.55
v 0.85 0.1 1.55
v -4.15 0.1 1.55
v -4.35 0.1 1.55
v -4.65 0.1 1.55
v 0.65 0.1 1.55
v 0.35 0.1 1.55
v -4.85 0.1 1.55
v -5.15 0.1 1.55
v -5.35 0.1 1.55
v -5.65 0.1 1.55
v -5.85 0.1 1.55
v -5.95 0.1 1.55
v 4.35 0.103038 1.58473
v 4.35 0.112061 1.618404
v 4.6525 0.2 1.75
v 4.6525 0.2 1.692265
v 4.65 0.2 1.692265
v 4.65 0.126795 1.65
v 4.65 0.112061 1.618404
v 4.65 0.103038 1.58473
v 4.8475 0.2 1.692265
v 4.8475 0.3 1.75
v 4.6525 0.3 1.75
v 3.8475 0.2 1.75
v 3.85 0.2 1.692265
v 3.8475 0.2 1.692265
v 3.85 0.2 1.55
v 3.6525 0.2 1.692265
v 3.65 0.2 1.692265
v 3.65 0.126795 1.65
v 3.85 0.126795 1.65
v 3.8475 0.3 1.75
v 3.6525 0.3 1.75
v 3.6525 0.2 1.75
v 3.65 0.2 1.55
v 3.35 0.2 1.55
v 3.35 0.103038 1.58473
v 3.35 0.2 1.692265
v 3.35 0.126795 1.65
v 3.35 0.112061 1.618404
v 3.1525 0.2 1.75
v 2.8475 0.2 1.75
v 2.85 0.2 1.692265
v 2.8475 0.2 1.692265
v 3.1525 0.2 1.692265
v 3.15 0.2 1.692265
v 3.15 0.2 1.55
v 2.85 0.2 1.55
v 2.85 0.126795 1.65
v 2.65 0.126795 1.65
v 2.65 0.2 1.692265
v 2.6525 0.2 1.692265
v 2.6525 0.3 1.75
v 2.8475 0.3 1.75
v 2.6525 0.2 1.75
v 2.3475 0.2 1.75
v 2.35 0.2 1.692265
v 2.3475 0.2 1.692265
v 2.65 0.2 1.55
v 2.35 0.2 1.55
v 2.35 0.103038 1.58473
v 2.35 0.126795 1.65
v 2.35 0.112061 1.618404
v 2.15 0.2 1.55
v 1.85 0.2 1.55
v 1.85 0.103038 1.58473
v 1.85 0.2 1.692265
v 1.85 0.126795 1.65
v 1.85 0.112061 1.618404
v 1.6525 0.2 1.75
v 1.3475 0.2 1.75
v 1.35 0.2 1.692265
v 1.3475 0.2 1.692265
v 1.6525 0.2 1.692265
v 1.65 0.2 1.692265
v 1.65 0.2 1.55
v 1.35 0.2 1.55
v 1.35 0.103038 1.58473
v 1.35 0.126795 1.65
v 1.35 0.112061 1.618404
v 1.15 0.2 1.55
v 0.85 0.2 1.55
v 0.85 0.103038 1.58473
v 0.85 0.2 1.692265
v 0.85 0.126795 1.65
v 0.85 0.112061 1.618404
v 0.65 0.2 1.55
v 0.35 0.2 1.55
v 0.35 0.103038 1.58473
v 0.35 0.2 1.692265
v 0.35 0.126795 1.65
v 0.35 0.112061 1.618404
v 0.1525 0.2 1.75
v -0.1525 0.2 1.75
v -0.15 0.2 1.692265
v -0.1525 0.2 1.692265
v 0.1525 0.2 1.692265
v 0.15 0.2 1.692265
v 0.15 0.2 1.55
v -0.15 0.2 1.55
v -0.15 0.103038 1.58473
v -0.15 0.126795 1.65
v -0.15 0.112061 1.618404
v -0.35 0.2 1.55
v -0.65 0.2 1.55
v -0.65 0.103038 1.58473
v -0.65 0.2 1.692265
v -0.65 0.126795 1.65
v -0.65 0.112061 1.618404
v -0.8475 0.2 1.75
v -1.1525 0.2 1.75
v -1.15 0.2 1.692265
v -1.1525 0.2 1.692265
v -0.8475 0.2 1.692265
v -0.85 0.2 1.692265
v -0.85 0.2 1.55
v -1.15 0.2 1.55
v -1.35 0.2 1.55
v -1.65 0.2 1.55
v -1.65 0.103038 1.58473
v -1.65 0.2 1.692265
v -1.65 0.126795 1.65
v -1.65 0.112061 1.618404
v -1.8475 0.2 1.75
v -2.1525 0.2 1.75
v -2.15 0.2 1.692265
v -2.1525 0.2 1.692265
v -1.8475 0.2 1.692265
v -1.85 0.2 1.692265
v -1.85 0.2 1.55
v -2.15 0.2 1.55
v -2.15 0.103038 1.58473
v -2.15 0.126795 1.65
v -2.15 0.112061 1.618404
v -2.1525 0.3 1.75
v -2.35 0.126795 1.65
v -2.35 0.2 1.692265
v -2.3475 0.2 1.692265
v -2.3475 0.3 1.75
v -2.3475 0.2 1.75
v -2.6525 0.2 1.75
v -2.65 0.2 1.692265
v -2.6525 0.2 1.692265
v -2.35 0.2 1.55
v -2.65 0.2 1.55
v -2.65 0.126795 1.65
v -2.85 0.126795 1.65
v -2.85 0.2 1.692265
v -2.8475 0.2 1.692265
v -2.8475 0.3 1.75
v -2.6525 0.3 1.75
v -2.8475 0.2 1.75
v -3.1525 0.2 1.75
v -3.15 0.2 1.692265
v -3.1525 0.2 1.692265
v -2.85 0.2 1.55
v -3.15 0.2 1.55
v -3.15 0.103038 1.58473
v -3.15 0.126795 1.65
v -3.15 0.112061 1.618404
v -3.1525 0.3 1.75
v -3.35 0.126795 1.65
v -3.35 0.2 1.692265
v -3.3475 0.2 1.692265
v -3.3475 0.3 1.75
v -3.3475 0.2 1.75
v -3.6525 0.2 1.75
v -3.65 0.2 1.692265
v -3.6525 0.2 1.692265
v -3.35 0.2 1.55
v -3.65 0.2 1.55
v -4.35 0.2 1.55
v -4.65 0.2 1.55
v -4.65 0.103038 1.58473
v -4.65 0.2 1.692265
v -4.65 0.126795 1.65
v -4.65 0.112061 1.618404
v -4.8475 0.2 1.75
v -5.1525 0.2 1.75
v -5.15 0.2 1.692265
v -5.1525 0.2 1.692265
v -4.8475 0.2 1.692265
v -4.85 0.2 1.692265
v -4.85 0.2 1.55
v -5.15 0.2 1.55
v -5.35 0.2 1.55
v -5.65 0.2 1.55
v -5.65 0.103038 1.58473
v -5.65 0.2 1.692265
v -5.65 0.126795 1.65
v -5.65 0.112061 1.618404
v -5.875 0.8 1.75
v -5.85 0.8 1.75
v -5.85 0.3 1.75
v -5.6525 0.3 1.75
v -5.6525 0.2 1.75
v -5.875 0.2 1.75
v -5.6525 0.2 1.692265
v -5.85 0.126795 1.65
v -5.85 0.103038 1.58473
v -5.85 0.112061 1.618404
v -6.3275 0.3 1.2
v -6.95 0.3 1.2
v -6.95 0.346391 1.205455
v -6.3275 0.346391 1.205455
v -6.95 0.390251 1.221521
v -6.3275 0.390251 1.221521
v -6.95 0.429189 1.247323
v -6.3275 0.429189 1.247323
v -6.7 0.7 1.05
v -6.7 0.7 1.2
v -6.7 0.8 1.2
v -6.7 -1.0375 0.816747
v -6.7 -1.063388 0.836612
v -6.7 -0.975 1.05
v -6.7 -1.083253 0.8625
v -6.7 -1.095741 0.892648
v -6.7 -1.1 0.925
v -6.7 -1.095741 0.957352
v -6.7 -1.007352 1.045741
v -6.7 0.8 2.05
v -6.7 2.6 2.05
v -6.7 2.6 0.8
v -6.7 -0.975 0.8
v -6.7 -1.007352 0.804259
v -6.7 -1.083253 0.9875
v -6.7 -1.063388 1.013388
v -6.7 -1.0375 1.033253
v -6.95 0.7 1.2
v -6.95 0.7 1.26
v -6.95 0.444171 1.26
v -7.25 0.7 1.76
v -7.25 0.58 1.76
v -5.95 0.3 1.9
v -5.95 0.390587 1.888074
v -5.95 0.475 1.853109
v -5.95 0.547487 1.797487
v -7.25 0.603109 1.725
v -5.95 0.638074 1.640587
v -5.95 0.65 1.55
v -6.3275 0.65 1.55
v -5.95 0.603109 1.725
v -7.25 0.638074 1.640587
v -7.25 0.65 1.55
v -7.25 0.444171 1.26
v -7.25 0.55641 1.354972
v -6.3275 0.55641 1.354972
v -7.25 0.595779 1.394531
v -6.3275 0.595779 1.394531
v -7.25 0.625391 1.441839
v -6.3275 0.625391 1.441839
v -7.25 0.64377 1.494537
v -6.3275 0.64377 1.494537
v -7.25 0.7 1.26
v -7.25 -2.0 1.76
v -7.25 -0.65 1.76
v -7.25 -0.65 1.41
v -7.25 -2.0 1.41
v -6.35 -2.0 0.0
v -6.35 -2.0 0.15
v -7.1 -2.0 2.05
v -7.15 -2.0 0.3
v -7.15 -2.0 0.15
v -7.15 0.7 0.3
v -7.15 0.7 0.15
v -6.35 2.6 0.0
v -6.35 2.6 0.15
v -5.95 2.6 0.0
v -5.875 0.8 2.05
v -5.95 2.6 2.05
v -5.875 0.373205 2.05
v -7.15 -0.6 0.15
v -6.970871 -0.6 0.15
v -6.970871 0.6 0.15
v -7.15 0.6 0.15
v -7.15 -0.6 0.25
v -7.15 0.6 0.25
v -7.039795 0.6 0.058077
v -6.99998 0.6 0.100026
v -7.088182 0.6 0.0264
v -7.142554 0.6 0.00669
v -7.2 0.6 0.0
v -7.164645 0.6 0.214645
v -7.156699 0.6 0.225
v -7.151704 0.6 0.237059
v -7.187059 0.6 0.201704
v -7.175 0.6 0.206699
v -8.05 0.6 0.76
v -7.85 0.6 0.76
v -8.05 0.6 0.25
v -7.85 0.6 0.25
v -8.041481 0.6 0.185295
v -7.848296 0.6 0.237059
v -8.016506 0.6 0.125
v -7.843302 0.6 0.225
v -7.976777 0.6 0.073223
v -7.835356 0.6 0.214645
v -7.925 0.6 0.033494
v -7.825 0.6 0.206699
v -7.864704 0.6 0.008519
v -7.812941 0.6 0.201704
v -7.8 0.6 0.0
v -7.8 0.6 0.2
v -7.2 0.6 0.2
v -7.8 -0.6 0.0
v -7.2 -0.6 0.0
v -6.99998 -0.6 0.100026
v -7.039795 -0.6 0.058077
v -7.142554 -0.6 0.00669
v -7.088182 -0.6 0.0264
v -7.151704 -0.6 0.237059
v -7.156699 -0.6 0.225
v -7.164645 -0.6 0.214645
v -7.175 -0.6 0.206699
v -7.85 -0.6 0.76
v -8.05 -0.6 0.76
v -7.85 -0.6 0.25
v -8.05 -0.6 0.25
v -7.848296 -0.6 0.237059
v -8.041481 -0.6 0.185295
v -7.843302 -0.6 0.225
v -8.016506 -0.6 0.125
v -7.835356 -0.6 0.214645
v -7.976777 -0.6 0.073223
v -7.825 -0.6 0.206699
v -7.925 -0.6 0.033494
v -7.812941 -0.6 0.201704
v -7.864704 -0.6 0.008519
v -7.8 -0.6 0.2
v -7.2 -0.6 0.2
v -7.187059 -0.6 0.201704
v -7.1 -0.65 2.05
v -6.3275 0.8 1.2
v -6.3275 0.8 1.55
v -5.85 0.8 1.55
v -5.3475 0.2 1.692265
v -5.35 0.2 1.692265
v -5.35 0.126795 1.65
v -5.15 0.126795 1.65
v -5.1525 0.3 1.75
v -5.3475 0.3 1.75
v -5.3475 0.2 1.75
v 5.8475 0.2 1.692265
v 5.85 0.2 1.692265
v 5.8475 0.2 1.75
v 5.85 0.126795 1.65
v 5.65 0.126795 1.65
v 5.65 0.2 1.692265
v 5.6525 0.2 1.692265
v 5.6525 0.3 1.75
v 5.8475 0.3 1.75
v 5.6525 0.2 1.75
v 5.1525 0.2 1.75
v 5.1525 0.3 1.75
v 5.3475 0.2 1.75
v 5.3475 0.3 1.75
v 5.3475 0.2 1.692265
v 5.35 0.2 1.692265
v 5.35 0.103038 1.58473
v 5.35 0.126795 1.65
v 5.35 0.112061 1.618404
v 5.15 0.126795 1.65
v 5.15 0.2 1.692265
v 5.1525 0.2 1.692265
v 4.8475 0.2 1.75
v -3.8475 0.2 1.75
v 0.3475 0.2 1.75
v 0.6525 0.2 1.75
v 0.8475 0.2 1.75
v 1.1525 0.2 1.75
v -0.6525 0.2 1.75
v -0.3475 0.2 1.75
v -4.6525 0.2 1.75
v -4.3475 0.2 1.75
v -4.1525 0.2 1.75
v 1.8475 0.2 1.75
v 2.1525 0.2 1.75
v -1.6525 0.2 1.75
v -1.3475 0.2 1.75
v 3.3475 0.2 1.75
v 5.85 0.103038 1.58473
v 5.65 0.103038 1.58473
v 5.85 0.112061 1.618404
v 5.65 0.112061 1.618404
v -5.35 0.112061 1.618404
v -5.35 0.103038 1.58473
v -5.15 0.103038 1.58473
v -5.15 0.112061 1.618404
v -4.85 0.126795 1.65
v -4.85 0.112061 1.618404
v -4.85 0.103038 1.58473
v -4.6525 0.2 1.692265
v -4.6525 0.3 1.75
v -4.8475 0.3 1.75
v -4.3475 0.2 1.692265
v -4.35 0.2 1.692265
v -4.35 0.126795 1.65
v -4.35 0.112061 1.618404
v -4.35 0.103038 1.58473
v -4.15 0.103038 1.58473
v -4.15 0.112061 1.618404
v -4.15 0.126795 1.65
v -4.15 0.2 1.692265
v -4.1525 0.2 1.692265
v -4.1525 0.3 1.75
v -4.3475 0.3 1.75
v -3.65 0.103038 1.58473
v -3.65 0.126795 1.65
v -3.65 0.112061 1.618404
v -3.8475 0.2 1.692265
v -3.85 0.2 1.692265
v -3.85 0.2 1.55
v -4.15 0.2 1.55
v -3.85 0.126795 1.65
v -3.85 0.112061 1.618404
v -3.85 0.103038 1.58473
v -3.8475 0.3 1.75
v -3.6525 0.3 1.75
v -3.35 0.112061 1.618404
v -3.35 0.103038 1.58473
v -2.85 0.112061 1.618404
v -2.85 0.103038 1.58473
v -2.65 0.103038 1.58473
v -2.65 0.112061 1.618404
v -2.35 0.112061 1.618404
v -2.35 0.103038 1.58473
v -1.85 0.126795 1.65
v -1.85 0.112061 1.618404
v -1.85 0.103038 1.58473
v -1.6525 0.2 1.692265
v -1.8475 0.3 1.75
v -1.6525 0.3 1.75
v -1.15 0.126795 1.65
v -1.35 0.126795 1.65
v -1.35 0.2 1.692265
v -1.3475 0.2 1.692265
v -1.3475 0.3 1.75
v -1.1525 0.3 1.75
v -1.35 0.112061 1.618404
v -1.35 0.103038 1.58473
v -1.15 0.103038 1.58473
v -1.15 0.112061 1.618404
v -0.85 0.126795 1.65
v -0.85 0.112061 1.618404
v -0.85 0.103038 1.58473
v -0.6525 0.2 1.692265
v -0.6525 0.3 1.75
v -0.8475 0.3 1.75
v -0.1525 0.3 1.75
v -0.35 0.126795 1.65
v -0.35 0.2 1.692265
v -0.3475 0.2 1.692265
v -0.3475 0.3 1.75
v -0.35 0.112061 1.618404
v -0.35 0.103038 1.58473
v 0.15 0.126795 1.65
v 0.15 0.112061 1.618404
v 0.15 0.103038 1.58473
v 0.3475 0.2 1.692265
v 0.1525 0.3 1.75
v 0.3475 0.3 1.75
v 0.65 0.2 1.692265
v 0.6525 0.2 1.692265
v 0.65 0.126795 1.65
v 0.65 0.112061 1.618404
v 0.65 0.103038 1.58473
v 0.8475 0.2 1.692265
v 0.8475 0.3 1.75
v 0.6525 0.3 1.75
v 1.3475 0.3 1.75
v 1.15 0.126795 1.65
v 1.15 0.2 1.692265
v 1.1525 0.2 1.692265
v 1.1525 0.3 1.75
v 1.15 0.112061 1.618404
v 1.15 0.103038 1.58473
v 1.65 0.126795 1.65
v 1.65 0.112061 1.618404
v 1.65 0.103038 1.58473
v 1.8475 0.2 1.692265
v 1.6525 0.3 1.75
v 1.8475 0.3 1.75
v 2.1525 0.2 1.692265
v 2.15 0.2 1.692265
v 2.15 0.126795 1.65
v 2.15 0.112061 1.618404
v 2.15 0.103038 1.58473
v 2.3475 0.3 1.75
v 2.1525 0.3 1.75
v 2.65 0.112061 1.618404
v 2.65 0.103038 1.58473
v 2.85 0.103038 1.58473
v 2.85 0.112061 1.618404
v 3.15 0.126795 1.65
v 3.15 0.112061 1.618404
v 3.15 0.103038 1.58473
v 3.3475 0.2 1.692265
v 3.1525 0.3 1.75
v 3.3475 0.3 1.75
v 3.65 0.112061 1.618404
v 3.65 0.103038 1.58473
v 3.85 0.103038 1.58473
v 3.85 0.112061 1.618404
v 5.15 0.112061 1.618404
v 5.15 0.103038 1.58473
v -5.85 2.404878 0.1
v -5.85 2.404878 1.95
v -6.285 -3.0 0.95
v 5.85 2.7 1.95
v 5.65 2.7 1.95
newmtl 4
Ka 0.9686274509803922 0.8784313725490196 0.6
Kd 0.9686274509803922 0.8784313725490196 0.6
Ks 0.6784313725490196 0.615686274509804 0.4196078431372549
d 0.0
endmtl
v 5.65 2.7 0.65
v 5.85 2.7 0.65
v 5.65 2.703407 0.624118
v 5.85 2.703407 0.624118
v 5.65 2.713397 0.6
v 5.85 2.713397 0.6
v 5.65 2.729289 0.579289
v 5.85 2.729289 0.579289
v 5.65 2.75 0.563397
v 5.85 2.75 0.563397
v 5.65 2.774118 0.553407
v 5.85 2.774118 0.553407
v 5.65 2.8 0.55
v 5.85 2.8 0.55
v 5.65 3.0 0.55
v 5.85 3.0 0.55
v 5.85 3.025882 0.546593
v 5.65 3.025882 0.546593
v 5.85 3.05 0.536602
v 5.65 3.05 0.536602
v 5.85 3.070711 0.520711
v 5.65 3.070711 0.520711
v 5.85 3.086602 0.5
v 5.65 3.086602 0.5
v 5.85 3.096593 0.475882
v 5.65 3.096593 0.475882
v 5.85 3.1 0.45
v 5.65 3.1 0.45
v 5.65 3.1 0.42
v 5.85 3.1 0.42
v 5.65 3.103407 0.394118
v 5.85 3.103407 0.394118
v 5.65 3.113397 0.37
v 5.85 3.113397 0.37
v 5.65 3.129289 0.349289
v 5.85 3.129289 0.349289
v 5.65 3.15 0.333397
v 5.85 3.15 0.333397
v 5.65 3.174118 0.323407
v 5.85 3.174118 0.323407
v 5.65 3.2 0.32
v 5.85 3.2 0.32
v 5.65 3.4 0.32
v 5.85 3.4 0.32
v 5.65 3.4 0.05
v 5.85 3.4 0.05
v 5.85 3.396593 0.024118
v 5.65 3.396593 0.024118
v 5.85 3.386602 0.0
v 5.65 3.386602 0.0
v 5.85 3.370711 -0.020711
v 5.65 3.370711 -0.020711
v 5.85 3.35 -0.036603
v 5.65 3.35 -0.036603
v 5.85 3.325882 -0.046593
v 5.65 3.325882 -0.046593
v 5.85 3.3 -0.05
v 5.65 3.3 -0.05
v 5.65 3.0 -0.05
v 5.85 3.0 -0.05
v 5.85 2.977265 -0.047381
v 5.65 2.977265 -0.047381
v 5.85 2.955721 -0.039663
v 5.65 2.955721 -0.039663
v 5.85 2.936496 -0.027248
v 5.65 2.936496 -0.027248
v 5.85 2.920597 -0.010788
v 5.65 2.920597 -0.010788
v 5.85 2.908856 0.008856
v 5.65 2.908856 0.008856
v 5.65 2.8 0.25
v 5.85 2.8 0.25
v 5.65 2.6 0.25
v 5.85 2.6 0.25
v 5.65 2.6 0.1
v 5.85 2.6 0.1
v 5.15 2.7 1.95
v 5.35 2.7 1.95
v 5.15 2.7 0.65
v 5.35 2.7 0.65
v 5.15 2.703407 0.624118
v 5.35 2.703407 0.624118
v 5.15 2.713397 0.6
v 5.35 2.713397 0.6
v 5.15 2.729289 0.579289
v 5.35 2.729289 0.579289
v 5.15 2.75 0.563397
v 5.35 2.75 0.563397
v 5.15 2.774118 0.553407
v 5.35 2.774118 0.553407
v 5.15 2.8 0.55
v 5.35 2.8 0.55
v 5.15 3.0 0.55
v 5.35 3.0 0.55
v 5.35 3.025882 0.546593
v 5.15 3.025882 0.546593
v 5.35 3.05 0.536602
v 5.15 3.05 0.536602
v 5.35 3.070711 0.520711
v 5.15 3.070711 0.520711
v 5.35 3.086602 0.5
v 5.15 3.086602 0.5
v 5.35 3.096593 0.475882
v 5.15 3.096593 0.475882
v 5.35 3.1 0.45
v 5.15 3.1 0.45
v 5.15 3.1 0.42
v 5.35 3.1 0.42
v 5.15 3.103407 0.394118
v 5.35 3.103407 0.394118
v 5.15 3.113397 0.37
v 5.35 3.113397 0.37
v 5.15 3.129289 0.349289
v 5.35 3.129289 0.349289
v 5.15 3.15 0.333397
v 5.35 3.15 0.333397
v 5.15 3.174118 0.323407
v 5.35 3.174118 0.323407
v 5.15 3.2 0.32
v 5.35 3.2 0.32
v 5.15 3.4 0.32
v 5.35 3.4 0.32
v 5.15 3.4 0.05
v 5.35 3.4 0.05
v 5.35 3.396593 0.024118
v 5.15 3.396593 0.024118
v 5.35 3.386602 0.0
v 5.15 3.386602 0.0
v 5.35 3.370711 -0.020711
v 5.15 3.370711 -0.020711
v 5.35 3.35 -0.036603
v 5.15 3.35 -0.036603
v 5.35 3.325882 -0.046593
v 5.15 3.325882 -0.046593
v 5.35 3.3 -0.05
v 5.15 3.3 -0.05
v 5.15 3.0 -0.05
v 5.35 3.0 -0.05
v 5.35 2.977265 -0.047381
v 5.15 2.977265 -0.047381
v 5.35 2.955721 -0.039663
v 5.15 2.955721 -0.039663
v 5.35 2.936496 -0.027248
v 5.15 2.936496 -0.027248
v 5.35 2.920597 -0.010788
v 5.15 2.920597 -0.010788
v 5.35 2.908856 0.008856
v 5.15 2.908856 0.008856
v 5.15 2.8 0.25
v 5.35 2.8 0.25
v 5.15 2.6 0.25
v 5.35 2.6 0.25
v 5.15 2.6 0.1
v 5.35 2.6 0.1
v 4.65 2.7 1.95
v 4.85 2.7 1.95
v 4.65 2.7 0.65
v 4.85 2.7 0.65
v 4.65 2.703407 0.624118
v 4.85 2.703407 0.624118
v 4.65 2.713397 0.6
v 4.85 2.713397 0.6
v 4.65 2.729289 0.579289
v 4.85 2.729289 0.579289
v 4.65 2.75 0.563397
v 4.85 2.75 0.563397
v 4.65 2.774118 0.553407
v 4.85 2.774118 0.553407
v 4.65 2.8 0.55
v 4.85 2.8 0.55
v 4.65 3.0 0.55
v 4.85 3.0 0.55
v 4.85 3.025882 0.546593
v 4.65 3.025882 0.546593
v 4.85 3.05 0.536602
v 4.65 3.05 0.536602
v 4.85 3.070711 0.520711
v 4.65 3.070711 0.520711
v 4.85 3.086602 0.5
v 4.65 3.086602 0.5
v 4.85 3.096593 0.475882
v 4.65 3.096593 0.475882
v 4.85 3.1 0.45
v 4.65 3.1 0.45
v 4.65 3.1 0.42
v 4.85 3.1 0.42
v 4.65 3.103407 0.394118
v 4.85 3.103407 0.394118
v 4.65 3.113397 0.37
v 4.85 3.113397 0.37
v 4.65 3.129289 0.349289
v 4.85 3.129289 0.349289
v 4.65 3.15 0.333397
v 4.85 3.15 0.333397
v 4.65 3.174118 0.323407
v 4.85 3.174118 0.323407
v 4.65 3.2 0.32
v 4.85 3.2 0.32
v 4.65 3.4 0.32
v 4.85 3.4 0.32
v 4.65 3.4 0.05
v 4.85 3.4 0.05
v 4.85 3.396593 0.024118
v 4.65 3.396593 0.024118
v 4.85 3.386602 0.0
v 4.65 3.386602 0.0
v 4.85 3.370711 -0.020711
v 4.65 3.370711 -0.020711
v 4.85 3.35 -0.036603
v 4.65 3.35 -0.036603
v 4.85 3.325882 -0.046593
v 4.65 3.325882 -0.046593
v 4.85 3.3 -0.05
v 4.65 3.3 -0.05
v 4.65 3.0 -0.05
v 4.85 3.0 -0.05
v 4.85 2.977265 -0.047381
v 4.65 2.977265 -0.047381
v 4.85 2.955721 -0.039663
v 4.65 2.955721 -0.039663
v 4.85 2.936496 -0.027248
v 4.65 2.936496 -0.027248
v 4.85 2.920597 -0.010788
v 4.65 2.920597 -0.010788
v 4.85 2.908856 0.008856
v 4.65 2.908856 0.008856
v 4.65 2.8 0.25
v 4.85 2.8 0.25
v 4.65 2.6 0.25
v 4.85 2.6 0.25
v 4.65 2.6 0.1
v 4.85 2.6 0.1
v 4.15 2.7 1.95
v 4.35 2.7 1.95
v 4.15 2.7 0.65
v 4.35 2.7 0.65
v 4.15 2.703407 0.624118
v 4.35 2.703407 0.624118
v 4.15 2.713397 0.6
v 4.35 2.713397 0.6
v 4.15 2.729289 0.579289
v 4.35 2.729289 0.579289
v 4.15 2.75 0.563397
v 4.35 2.75 0.563397
v 4.15 2.774118 0.553407
v 4.35 2.774118 0.553407
v 4.15 2.8 0.55
v 4.35 2.8 0.55
v 4.15 3.0 0.55
v 4.35 3.0 0.55
v 4.35 3.025882 0.546593
v 4.15 3.025882 0.546593
v 4.35 3.05 0.536602
v 4.15 3.05 0.536602
v 4.35 3.070711 0.520711
v 4.15 3.070711 0.520711
v 4.35 3.086602 0.5
v 4.15 3.086602 0.5
v 4.35 3.096593 0.475882
v 4.15 3.096593 0.475882
v 4.35 3.1 0.45
v 4.15 3.1 0.45
v 4.15 3.1 0.42
v 4.35 3.1 0.42
v 4.15 3.103407 0.394118
v 4.35 3.103407 0.394118
v 4.15 3.113397 0.37
v 4.35 3.113397 0.37
v 4.15 3.129289 0.349289
v 4.35 3.129289 0.349289
v 4.15 3.15 0.333397
v 4.35 3.15 0.333397
v 4.15 3.174118 0.323407
v 4.35 3.174118 0.323407
v 4.15 3.2 0.32
v 4.35 3.2 0.32
v 4.15 3.4 0.32
v 4.35 3.4 0.32
v 4.15 3.4 0.05
v 4.35 3.4 0.05
v 4.35 3.396593 0.024118
v 4.15 3.396593 0.024118
v 4.35 3.386602 0.0
v 4.15 3.386602 0.0
v 4.35 3.370711 -0.020711
v 4.15 3.370711 -0.020711
v 4.35 3.35 -0.036603
v 4.15 3.35 -0.036603
v 4.35 3.325882 -0.046593
v 4.15 3.325882 -0.046593
v 4.35 3.3 -0.05
v 4.15 3.3 -0.05
v 4.15 3.0 -0.05
v 4.35 3.0 -0.05
v 4.35 2.977265 -0.047381
v 4.15 2.977265 -0.047381
v 4.35 2.955721 -0.039663
v 4.15 2.955721 -0.039663
v 4.35 2.936496 -0.027248
v 4.15 2.936496 -0.027248
v 4.35 2.920597 -0.010788
v 4.15 2.920597 -0.010788
v 4.35 2.908856 0.008856
v 4.15 2.908856 0.008856
v 4.15 2.8 0.25
v 4.35 2.8 0.25
v 4.15 2.6 0.25
v 4.35 2.6 0.25
v 4.15 2.6 0.1
v 4.35 2.6 0.1
v 3.65 2.7 1.95
v 3.85 2.7 1.95
v 3.65 2.7 0.65
v 3.85 2.7 0.65
v 3.65 2.703407 0.624118
v 3.85 2.703407 0.624118
v 3.65 2.713397 0.6
v 3.85 2.713397 0.6
v 3.65 2.729289 0.579289
v 3.85 2.729289 0.579289
v 3.65 2.75 0.563397
v 3.85 2.75 0.563397
v 3.65 2.774118 0.553407
v 3.85 2.774118 0.553407
v 3.65 2.8 0.55
v 3.85 2.8 0.55
v 3.65 3.0 0.55
v 3.85 3.0 0.55
v 3.85 3.025882 0.546593
v 3.65 3.025882 0.546593
v 3.85 3.05 0.536602
v 3.65 3.05 0.536602
v 3.85 3.070711 0.520711
v 3.65 3.070711 0.520711
v 3.85 3.086602 0.5
v 3.65 3.086602 0.5
v 3.85 3.096593 0.475882
v 3.65 3.096593 0.475882
v 3.85 3.1 0.45
v 3.65 3.1 0.45
v 3.65 3.1 0.42
v 3.85 3.1 0.42
v 3.65 3.103407 0.394118
v 3.85 3.103407 0.394118
v 3.65 3.113397 0.37
v 3.85 3.113397 0.37
v 3.65 3.129289 0.349289
v 3.85 3.129289 0.349289
v 3.65 3.15 0.333397
v 3.85 3.15 0.333397
v 3.65 3.174118 0.323407
v 3.85 3.174118 0.323407
v 3.65 3.2 0.32
v 3.85 3.2 0.32
v 3.65 3.4 0.32
v 3.85 3.4 0.32
v 3.65 3.4 0.05
v 3.85 3.4 0.05
v 3.85 3.396593 0.024118
v 3.65 3.396593 0.024118
v 3.85 3.386602 0.0
v 3.65 3.386602 0.0
v 3.85 3.370711 -0.020711
v 3.65 3.370711 -0.020711
v 3.85 3.35 -0.036603
v 3.65 3.35 -0.036603
v 3.85 3.325882 -0.046593
v 3.65 3.325882 -0.046593
v 3.85 3.3 -0.05
v 3.65 3.3 -0.05
v 3.65 3.0 -0.05
v 3.85 3.0 -0.05
v 3.85 2.977265 -0.047381
v 3.65 2.977265 -0.047381
v 3.85 2.955721 -0.039663
v 3.65 2.955721 -0.039663
v 3.85 2.936496 -0.027248
v 3.65 2.936496 -0.027248
v 3.85 2.920597 -0.010788
v 3.65 2.920597 -0.010788
v 3.85 2.908856 0.008856
v 3.65 2.908856 0.008856
v 3.65 2.8 0.25
v 3.85 2.8 0.25
v 3.65 2.6 0.25
v 3.85 2.6 0.25
v 3.65 2.6 0.1
v 3.85 2.6 0.1
v 3.15 2.7 1.95
v 3.35 2.7 1.95
v 3.15 2.7 0.65
v 3.35 2.7 0.65
v 3.15 2.703407 0.624118
v 3.35 2.703407 0.624118
v 3.15 2.713397 0.6
v 3.35 2.713397 0.6
v 3.15 2.729289 0.579289
v 3.35 2.729289 0.579289
v 3.15 2.75 0.563397
v 3.35 2.75 0.563397
v 3.15 2.774118 0.553407
v 3.35 2.774118 0.553407
v 3.15 2.8 0.55
v 3.35 2.8 0.55
v 3.15 3.0 0.55
v 3.35 3.0 0.55
v 3.35 3.025882 0.546593
v 3.15 3.025882 0.546593
v 3.35 3.05 0.536602
v 3.15 3.05 0.536602
v 3.35 3.070711 0.520711
v 3.15 3.070711 0.520711
v 3.35 3.086602 0.5
v 3.15 3.086602 0.5
v 3.35 3.096593 0.475882
v 3.15 3.096593 0.475882
v 3.35 3.1 0.45
v 3.15 3.1 0.45
v 3.15 3.1 0.42
v 3.35 3.1 0.42
v 3.15 3.103407 0.394118
v 3.35 3.103407 0.394118
v 3.15 3.113397 0.37
v 3.35 3.113397 0.37
v 3.15 3.129289 0.349289
v 3.35 3.129289 0.349289
v 3.15 3.15 0.333397
v 3.35 3.15 0.333397
v 3.15 3.174118 0.323407
v 3.35 3.174118 0.323407
v 3.15 3.2 0.32
v 3.35 3.2 0.32
v 3.15 3.4 0.32
v 3.35 3.4 0.32
v 3.15 3.4 0.05
v 3.35 3.4 0.05
v 3.35 3.396593 0.024118
v 3.15 3.396593 0.024118
v 3.35 3.386602 0.0
v 3.15 3.386602 0.0
v 3.35 3.370711 -0.020711
v 3.15 3.370711 -0.020711
v 3.35 3.35 -0.036603
v 3.15 3.35 -0.036603
v 3.35 3.325882 -0.046593
v 3.15 3.325882 -0.046593
v 3.35 3.3 -0.05
v 3.15 3.3 -0.05
v 3.15 3.0 -0.05
v 3.35 3.0 -0.05
v 3.35 2.977265 -0.047381
v 3.15 2.977265 -0.047381
v 3.35 2.955721 -0.039663
v 3.15 2.955721 -0.039663
v 3.35 2.936496 -0.027248
v 3.15 2.936496 -0.027248
v 3.35 2.920597 -0.010788
v 3.15 2.920597 -0.010788
v 3.35 2.908856 0.008856
v 3.15 2.908856 0.008856
v 3.15 2.8 0.25
v 3.35 2.8 0.25
v 3.15 2.6 0.25
v 3.35 2.6 0.25
v 3.15 2.6 0.1
v 3.35 2.6 0.1
v 2.65 2.7 1.95
v 2.85 2.7 1.95
v 2.65 2.7 0.65
v 2.85 2.7 0.65
v 2.65 2.703407 0.624118
v 2.85 2.703407 0.624118
v 2.65 2.713397 0.6
v 2.85 2.713397 0.6
v 2.65 2.729289 0.579289
v 2.85 2.729289 0.579289
v 2.65 2.75 0.563397
v 2.85 2.75 0.563397
v 2.65 2.774118 0.553407
v 2.85 2.774118 0.553407
v 2.65 2.8 0.55
v 2.85 2.8 0.55
v 2.65 3.0 0.55
v 2.85 3.0 0.55
v 2.85 3.025882 0.546593
v 2.65 3.025882 0.546593
v 2.85 3.05 0.536602
v 2.65 3.05 0.536602
v 2.85 3.070711 0.520711
v 2.65 3.070711 0.520711
v 2.85 3.086602 0.5
v 2.65 3.086602 0.5
v 2.85 3.096593 0.475882
v 2.65 3.096593 0.475882
v 2.85 3.1 0.45
v 2.65 3.1 0.45
v 2.65 3.1 0.42
v 2.85 3.1 0.42
v 2.65 3.103407 0.394118
v 2.85 3.103407 0.394118
v 2.65 3.113397 0.37
v 2.85 3.113397 0.37
v 2.65 3.129289 0.349289
v 2.85 3.129289 0.349289
v 2.65 3.15 0.333397
v 2.85 3.15 0.333397
v 2.65 3.174118 0.323407
v 2.85 3.174118 0.323407
v 2.65 3.2 0.32
v 2.85 3.2 0.32
v 2.65 3.4 0.32
v 2.85 3.4 0.32
v 2.65 3.4 0.05
v 2.85 3.4 0.05
v 2.85 3.396593 0.024118
v 2.65 3.396593 0.024118
v 2.85 3.386602 0.0
v 2.65 3.386602 0.0
v 2.85 3.370711 -0.020711
v 2.65 3.370711 -0.020711
v 2.85 3.35 -0.036603
v 2.65 3.35 -0.036603
v 2.85 3.325882 -0.046593
v 2.65 3.325882 -0.046593
v 2.85 3.3 -0.05
v 2.65 3.3 -0.05
v 2.65 3.0 -0.05
v 2.85 3.0 -0.05
v 2.85 2.977265 -0.047381
v 2.65 2.977265 -0.047381
v 2.85 2.955721 -0.039663
v 2.65 2.955721 -0.039663
v 2.85 2.936496 -0.027248
v 2.65 2.936496 -0.027248
v 2.85 2.920597 -0.010788
v 2.65 2.920597 -0.010788
v 2.85 2.908856 0.008856
v 2.65 2.908856 0.008856
v 2.65 2.8 0.25
v 2.85 2.8 0.25
v 2.65 2.6 0.25
v 2.85 2.6 0.25
v 2.65 2.6 0.1
v 2.85 2.6 0.1
v 2.15 2.7 1.95
v 2.35 2.7 1.95
v 2.15 2.7 0.65
v 2.35 2.7 0.65
v 2.15 2.703407 0.624118
v 2.35 2.703407 0.624118
v 2.15 2.713397 0.6
v 2.35 2.713397 0.6
v 2.15 2.729289 0.579289
v 2.35 2.729289 0.579289
v 2.15 2.75 0.563397
v 2.35 2.75 0.563397
v 2.15 2.774118 0.553407
v 2.35 2.774118 0.553407
v 2.15 2.8 0.55
v 2.35 2.8 0.55
v 2.15 3.0 0.55
v 2.35 3.0 0.55
v 2.35 3.025882 0.546593
v 2.15 3.025882 0.546593
v 2.35 3.05 0.536602
v 2.15 3.05 0.536602
v 2.35 3.070711 0.520711
v 2.15 3.070711 0.520711
v 2.35 3.086602 0.5
v 2.15 3.086602 0.5
v 2.35 3.096593 0.475882
v 2.15 3.096593 0.475882
v 2.35 3.1 0.45
v 2.15 3.1 0.45
v 2.15 3.1 0.42
v 2.35 3.1 0.42
v 2.15 3.103407 0.394118
v 2.35 3.103407 0.394118
v 2.15 3.113397 0.37
v 2.35 3.113397 0.37
v 2.15 3.129289 0.349289
v 2.35 3.129289 0.349289
v 2.15 3.15 0.333397
v 2.35 3.15 0.333397
v 2.15 3.174118 0.323407
v 2.35 3.174118 0.323407
v 2.15 3.2 0.32
v 2.35 3.2 0.32
v 2.15 3.4 0.32
v 2.35 3.4 0.32
v 2.15 3.4 0.05
v 2.35 3.4 0.05
v 2.35 3.396593 0.024118
v 2.15 3.396593 0.024118
v 2.35 3.386602 0.0
v 2.15 3.386602 0.0
v 2.35 3.370711 -0.020711
v 2.15 3.370711 -0.020711
v 2.35 3.35 -0.036603
v 2.15 3.35 -0.036603
v 2.35 3.325882 -0.046593
v 2.15 3.325882 -0.046593
v 2.35 3.3 -0.05
v 2.15 3.3 -0.05
v 2.15 3.0 -0.05
v 2.35 3.0 -0.05
v 2.35 2.977265 -0.047381
v 2.15 2.977265 -0.047381
v 2.35 2.955721 -0.039663
v 2.15 2.955721 -0.039663
v 2.35 2.936496 -0.027248
v 2.15 2.936496 -0.027248
v 2.35 2.920597 -0.010788
v 2.15 2.920597 -0.010788
v 2.35 2.908856 0.008856
v 2.15 2.908856 0.008856
v 2.15 2.8 0.25
v 2.35 2.8 0.25
v 2.15 2.6 0.25
v 2.35 2.6 0.25
v 2.15 2.6 0.1
v 2.35 2.6 0.1
v 1.65 2.7 1.95
v 1.85 2.7 1.95
v 1.65 2.7 0.65
v 1.85 2.7 0.65
v 1.65 2.703407 0.624118
v 1.85 2.703407 0.624118
v 1.65 2.713397 0.6
v 1.85 2.713397 0.6
v 1.65 2.729289 0.579289
v 1.85 2.729289 0.579289
v 1.65 2.75 0.563397
v 1.85 2.75 0.563397
v 1.65 2.774118 0.553407
v 1.85 2.774118 0.553407
v 1.65 2.8 0.55
v 1.85 2.8 0.55
v 1.65 3.0 0.55
v 1.85 3.0 0.55
v 1.85 3.025882 0.546593
v 1.65 3.025882 0.546593
v 1.85 3.05 0.536602
v 1.65 3.05 0.536602
v 1.85 3.070711 0.520711
v 1.65 3.070711 0.520711
v 1.85 3.086602 0.5
v 1.65 3.086602 0.5
v 1.85 3.096593 0.475882
v 1.65 3.096593 0.475882
v 1.85 3.1 0.45
v 1.65 3.1 0.45
v 1.65 3.1 0.42
v 1.85 3.1 0.42
v 1.65 3.103407 0.394118
v 1.85 3.103407 0.394118
v 1.65 3.113397 0.37
v 1.85 3.113397 0.37
v 1.65 3.129289 0.349289
v 1.85 3.129289 0.349289
v 1.65 3.15 0.333397
v 1.85 3.15 0.333397
v 1.65 3.174118 0.323407
v 1.85 3.174118 0.323407
v 1.65 3.2 0.32
v 1.85 3.2 0.32
v 1.65 3.4 0.32
v 1.85 3.4 0.32
v 1.65 3.4 0.05
v 1.85 3.4 0.05
v 1.85 3.396593 0.024118
v 1.65 3.396593 0.024118
v 1.85 3.386602 0.0
v 1.65 3.386602 0.0
v 1.85 3.370711 -0.020711
v 1.65 3.370711 -0.020711
v 1.85 3.35 -0.036603
v 1.65 3.35 -0.036603
v 1.85 3.325882 -0.046593
v 1.65 3.325882 -0.046593
v 1.85 3.3 -0.05
v 1.65 3.3 -0.05
v 1.65 3.0 -0.05
v 1.85 3.0 -0.05
v 1.85 2.977265 -0.047381
v 1.65 2.977265 -0.047381
v 1.85 2.955721 -0.039663
v 1.65 2.955721 -0.039663
v 1.85 2.936496 -0.027248
v 1.65 2.936496 -0.027248
v 1.85 2.920597 -0.010788
v 1.65 2.920597 -0.010788
v 1.85 2.908856 0.008856
v 1.65 2.908856 0.008856
v 1.65 2.8 0.25
v 1.85 2.8 0.25
v 1.65 2.6 0.25
v 1.85 2.6 0.25
v 1.65 2.6 0.1
v 1.85 2.6 0.1
v 1.15 2.7 1.95
v 1.35 2.7 1.95
v 1.15 2.7 0.65
v 1.35 2.7 0.65
v 1.15 2.703407 0.624118
v 1.35 2.703407 0.624118
v 1.15 2.713397 0.6
v 1.35 2.713397 0.6
v 1.15 2.729289 0.579289
v 1.35 2.729289 0.579289
v 1.15 2.75 0.563397
v 1.35 2.75 0.563397
v 1.15 2.774118 0.553407
v 1.35 2.774118 0.553407
v 1.15 2.8 0.55
v 1.35 2.8 0.55
v 1.15 3.0 0.55
v 1.35 3.0 0.55
v 1.35 3.025882 0.546593
v 1.15 3.025882 0.546593
v 1.35 3.05 0.536602
v 1.15 3.05 0.536602
v 1.35 3.070711 0.520711
v 1.15 3.070711 0.520711
v 1.35 3.086602 0.5
v 1.15 3.086602 0.5
v 1.35 3.096593 0.475882
v 1.15 3.096593 0.475882
v 1.35 3.1 0.45
v 1.15 3.1 0.45
v 1.15 3.1 0.42
v 1.35 3.1 0.42
v 1.15 3.103407 0.394118
v 1.35 3.103407 0.394118
v 1.15 3.113397 0.37
v 1.35 3.113397 0.37
v 1.15 3.129289 0.349289
v 1.35 3.129289 0.349289
v 1.15 3.15 0.333397
v 1.35 3.15 0.333397
v 1.15 3.174118 0.323407
v 1.35 3.174118 0.323407
v 1.15 3.2 0.32
v 1.35 3.2 0.32
v 1.15 3.4 0.32
v 1.35 3.4 0.32
v 1.15 3.4 0.05
v 1.35 3.4 0.05
v 1.35 3.396593 0.024118
v 1.15 3.396593 0.024118
v 1.35 3.386602 0.0
v 1.15 3.386602 0.0
v 1.35 3.370711 -0.020711
v 1.15 3.370711 -0.020711
v 1.35 3.35 -0.036603
v 1.15 3.35 -0.036603
v 1.35 3.325882 -0.046593
v 1.15 3.325882 -0.046593
v 1.35 3.3 -0.05
v 1.15 3.3 -0.05
v 1.15 3.0 -0.05
v 1.35 3.0 -0.05
v 1.35 2.977265 -0.047381
v 1.15 2.977265 -0.047381
v 1.35 2.955721 -0.039663
v 1.15 2.955721 -0.039663
v 1.35 2.936496 -0.027248
v 1.15 2.936496 -0.027248
v 1.35 2.920597 -0.010788
v 1.15 2.920597 -0.010788
v 1.35 2.908856 0.008856
v 1.15 2.908856 0.008856
v 1.15 2.8 0.25
v 1.35 2.8 0.25
v 1.15 2.6 0.25
v 1.35 2.6 0.25
v 1.15 2.6 0.1
v 1.35 2.6 0.1
v 0.65 2.7 1.95
v 0.85 2.7 1.95
v 0.65 2.7 0.65
v 0.85 2.7 0.65
v 0.65 2.703407 0.624118
v 0.85 2.703407 0.624118
v 0.65 2.713397 0.6
v 0.85 2.713397 0.6
v 0.65 2.729289 0.579289
v 0.85 2.729289 0.579289
v 0.65 2.75 0.563397
v 0.85 2.75 0.563397
v 0.65 2.774118 0.553407
v 0.85 2.774118 0.553407
v 0.65 2.8 0.55
v 0.85 2.8 0.55
v 0.65 3.0 0.55
v 0.85 3.0 0.55
v 0.85 3.025882 0.546593
v 0.65 3.025882 0.546593
v 0.85 3.05 0.536602
v 0.65 3.05 0.536602
v 0.85 3.070711 0.520711
v 0.65 3.070711 0.520711
v 0.85 3.086602 0.5
v 0.65 3.086602 0.5
v 0.85 3.096593 0.475882
v 0.65 3.096593 0.475882
v 0.85 3.1 0.45
v 0.65 3.1 0.45
v 0.65 3.1 0.42
v 0.85 3.1 0.42
v 0.65 3.103407 0.394118
v 0.85 3.103407 0.394118
v 0.65 3.113397 0.37
v 0.85 3.113397 0.37
v 0.65 3.129289 0.349289
v 0.85 3.129289 0.349289
v 0.65 3.15 0.333397
v 0.85 3.15 0.333397
v 0.65 3.174118 0.323407
v 0.85 3.174118 0.323407
v 0.65 3.2 0.32
v 0.85 3.2 0.32
v 0.65 3.4 0.32
v 0.85 3.4 0.32
v 0.65 3.4 0.05
v 0.85 3.4 0.05
v 0.85 3.396593 0.024118
v 0.65 3.396593 0.024118
v 0.85 3.386602 0.0
v 0.65 3.386602 0.0
v 0.85 3.370711 -0.020711
v 0.65 3.370711 -0.020711
v 0.85 3.35 -0.036603
v 0.65 3.35 -0.036603
v 0.85 3.325882 -0.046593
v 0.65 3.325882 -0.046593
v 0.85 3.3 -0.05
v 0.65 3.3 -0.05
v 0.65 3.0 -0.05
v 0.85 3.0 -0.05
v 0.85 2.977265 -0.047381
v 0.65 2.977265 -0.047381
v 0.85 2.955721 -0.039663
v 0.65 2.955721 -0.039663
v 0.85 2.936496 -0.027248
v 0.65 2.936496 -0.027248
v 0.85 2.920597 -0.010788
v 0.65 2.920597 -0.010788
v 0.85 2.908856 0.008856
v 0.65 2.908856 0.008856
v 0.65 2.8 0.25
v 0.85 2.8 0.25
v 0.65 2.6 0.25
v 0.85 2.6 0.25
v 0.65 2.6 0.1
v 0.85 2.6 0.1
v 0.15 2.7 1.95
v 0.35 2.7 1.95
v 0.15 2.7 0.65
v 0.35 2.7 0.65
v 0.15 2.703407 0.624118
v 0.35 2.703407 0.624118
v 0.15 2.713397 0.6
v 0.35 2.713397 0.6
v 0.15 2.729289 0.579289
v 0.35 2.729289 0.579289
v 0.15 2.75 0.563397
v 0.35 2.75 0.563397
v 0.15 2.774118 0.553407
v 0.35 2.774118 0.553407
v 0.15 2.8 0.55
v 0.35 2.8 0.55
v 0.15 3.0 0.55
v 0.35 3.0 0.55
v 0.35 3.025882 0.546593
v 0.15 3.025882 0.546593
v 0.35 3.05 0.536602
v 0.15 3.05 0.536602
v 0.35 3.070711 0.520711
v 0.15 3.070711 0.520711
v 0.35 3.086602 0.5
v 0.15 3.086602 0.5
v 0.35 3.096593 0.475882
v 0.15 3.096593 0.475882
v 0.35 3.1 0.45
v 0.15 3.1 0.45
v 0.15 3.1 0.42
v 0.35 3.1 0.42
v 0.15 3.103407 0.394118
v 0.35 3.103407 0.394118
v 0.15 3.113397 0.37
v 0.35 3.113397 0.37
v 0.15 3.129289 0.349289
v 0.35 3.129289 0.349289
v 0.15 3.15 0.333397
v 0.35 3.15 0.333397
v 0.15 3.174118 0.323407
v 0.35 3.174118 0.323407
v 0.15 3.2 0.32
v 0.35 3.2 0.32
v 0.15 3.4 0.32
v 0.35 3.4 0.32
v 0.15 3.4 0.05
v 0.35 3.4 0.05
v 0.35 3.396593 0.024118
v 0.15 3.396593 0.024118
v 0.35 3.386602 0.0
v 0.15 3.386602 0.0
v 0.35 3.370711 -0.020711
v 0.15 3.370711 -0.020711
v 0.35 3.35 -0.036603
v 0.15 3.35 -0.036603
v 0.35 3.325882 -0.046593
v 0.15 3.325882 -0.046593
v 0.35 3.3 -0.05
v 0.15 3.3 -0.05
v 0.15 3.0 -0.05
v 0.35 3.0 -0.05
v 0.35 2.977265 -0.047381
v 0.15 2.977265 -0.047381
v 0.35 2.955721 -0.039663
v 0.15 2.955721 -0.039663
v 0.35 2.936496 -0.027248
v 0.15 2.936496 -0.027248
v 0.35 2.920597 -0.010788
v 0.15 2.920597 -0.010788
v 0.35 2.908856 0.008856
v 0.15 2.908856 0.008856
v 0.15 2.8 0.25
v 0.35 2.8 0.25
v 0.15 2.6 0.25
v 0.35 2.6 0.25
v 0.15 2.6 0.1
v 0.35 2.6 0.1
v -0.35 2.7 1.95
v -0.15 2.7 1.95
v -0.35 2.7 0.65
v -0.15 2.7 0.65
v -0.35 2.703407 0.624118
v -0.15 2.703407 0.624118
v -0.35 2.713397 0.6
v -0.15 2.713397 0.6
v -0.35 2.729289 0.579289
v -0.15 2.729289 0.579289
v -0.35 2.75 0.563397
v -0.15 2.75 0.563397
v -0.35 2.774118 0.553407
v -0.15 2.774118 0.553407
v -0.35 2.8 0.55
v -0.15 2.8 0.55
v -0.35 3.0 0.55
v -0.15 3.0 0.55
v -0.15 3.025882 0.546593
v -0.35 3.025882 0.546593
v -0.15 3.05 0.536602
v -0.35 3.05 0.536602
v -0.15 3.070711 0.520711
v -0.35 3.070711 0.520711
v -0.15 3.086602 0.5
v -0.35 3.086602 0.5
v -0.15 3.096593 0.475882
v -0.35 3.096593 0.475882
v -0.15 3.1 0.45
v -0.35 3.1 0.45
v -0.35 3.1 0.42
v -0.15 3.1 0.42
v -0.35 3.103407 0.394118
v -0.15 3.103407 0.394118
v -0.35 3.113397 0.37
v -0.15 3.113397 0.37
v -0.35 3.129289 0.349289
v -0.15 3.129289 0.349289
v -0.35 3.15 0.333397
v -0.15 3.15 0.333397
v -0.35 3.174118 0.323407
v -0.15 3.174118 0.323407
v -0.35 3.2 0.32
v -0.15 3.2 0.32
v -0.35 3.4 0.32
v -0.15 3.4 0.32
v -0.35 3.4 0.05
v -0.15 3.4 0.05
v -0.15 3.396593 0.024118
v -0.35 3.396593 0.024118
v -0.15 3.386602 0.0
v -0.35 3.386602 0.0
v -0.15 3.370711 -0.020711
v -0.35 3.370711 -0.020711
v -0.15 3.35 -0.036603
v -0.35 3.35 -0.036603
v -0.15 3.325882 -0.046593
v -0.35 3.325882 -0.046593
v -0.15 3.3 -0.05
v -0.35 3.3 -0.05
v -0.35 3.0 -0.05
v -0.15 3.0 -0.05
v -0.15 2.977265 -0.047381
v -0.35 2.977265 -0.047381
v -0.15 2.955721 -0.039663
v -0.35 2.955721 -0.039663
v -0.15 2.936496 -0.027248
v -0.35 2.936496 -0.027248
v -0.15 2.920597 -0.010788
v -0.35 2.920597 -0.010788
v -0.15 2.908856 0.008856
v -0.35 2.908856 0.008856
v -0.35 2.8 0.25
v -0.15 2.8 0.25
v -0.35 2.6 0.25
v -0.15 2.6 0.25
v -0.35 2.6 0.1
v -0.15 2.6 0.1
v -0.85 2.7 1.95
v -0.65 2.7 1.95
v -0.85 2.7 0.65
v -0.65 2.7 0.65
v -0.85 2.703407 0.624118
v -0.65 2.703407 0.624118
v -0.85 2.713397 0.6
v -0.65 2.713397 0.6
v -0.85 2.729289 0.579289
v -0.65 2.729289 0.579289
v -0.85 2.75 0.563397
v -0.65 2.75 0.563397
v -0.85 2.774118 0.553407
v -0.65 2.774118 0.553407
v -0.85 2.8 0.55
v -0.65 2.8 0.55
v -0.85 3.0 0.55
v -0.65 3.0 0.55
v -0.65 3.025882 0.546593
v -0.85 3.025882 0.546593
v -0.65 3.05 0.536602
v -0.85 3.05 0.536602
v -0.65 3.070711 0.520711
v -0.85 3.070711 0.520711
v -0.65 3.086602 0.5
v -0.85 3.086602 0.5
v -0.65 3.096593 0.475882
v -0.85 3.096593 0.475882
v -0.65 3.1 0.45
v -0.85 3.1 0.45
v -0.85 3.1 0.42
v -0.65 3.1 0.42
v -0.85 3.103407 0.394118
v -0.65 3.103407 0.394118
v -0.85 3.113397 0.37
v -0.65 3.113397 0.37
v -0.85 3.129289 0.349289
v -0.65 3.129289 0.349289
v -0.85 3.15 0.333397
v -0.65 3.15 0.333397
v -0.85 3.174118 0.323407
v -0.65 3.174118 0.323407
v -0.85 3.2 0.32
v -0.65 3.2 0.32
v -0.85 3.4 0.32
v -0.65 3.4 0.32
v -0.85 3.4 0.05
v -0.65 3.4 0.05
v -0.65 3.396593 0.024118
v -0.85 3.396593 0.024118
v -0.65 3.386602 0.0
v -0.85 3.386602 0.0
v -0.65 3.370711 -0.020711
v -0.85 3.370711 -0.020711
v -0.65 3.35 -0.036603
v -0.85 3.35 -0.036603
v -0.65 3.325882 -0.046593
v -0.85 3.325882 -0.046593
v -0.65 3.3 -0.05
v -0.85 3.3 -0.05
v -0.85 3.0 -0.05
v -0.65 3.0 -0.05
v -0.65 2.977265 -0.047381
v -0.85 2.977265 -0.047381
v -0.65 2.955721 -0.039663
v -0.85 2.955721 -0.039663
v -0.65 2.936496 -0.027248
v -0.85 2.936496 -0.027248
v -0.65 2.920597 -0.010788
v -0.85 2.920597 -0.010788
v -0.65 2.908856 0.008856
v -0.85 2.908856 0.008856
v -0.85 2.8 0.25
v -0.65 2.8 0.25
v -0.85 2.6 0.25
v -0.65 2.6 0.25
v -0.85 2.6 0.1
v -0.65 2.6 0.1
v -1.35 2.7 1.95
v -1.15 2.7 1.95
v -1.35 2.7 0.65
v -1.15 2.7 0.65
v -1.35 2.703407 0.624118
v -1.15 2.703407 0.624118
v -1.35 2.713397 0.6
v -1.15 2.713397 0.6
v -1.35 2.729289 0.579289
v -1.15 2.729289 0.579289
v -1.35 2.75 0.563397
v -1.15 2.75 0.563397
v -1.35 2.774118 0.553407
v -1.15 2.774118 0.553407
v -1.35 2.8 0.55
v -1.15 2.8 0.55
v -1.35 3.0 0.55
v -1.15 3.0 0.55
v -1.15 3.025882 0.546593
v -1.35 3.025882 0.546593
v -1.15 3.05 0.536602
v -1.35 3.05 0.536602
v -1.15 3.070711 0.520711
v -1.35 3.070711 0.520711
v -1.15 3.086602 0.5
v -1.35 3.086602 0.5
v -1.15 3.096593 0.475882
v -1.35 3.096593 0.475882
v -1.15 3.1 0.45
v -1.35 3.1 0.45
v -1.35 3.1 0.42
v -1.15 3.1 0.42
v -1.35 3.103407 0.394118
v -1.15 3.103407 0.394118
v -1.35 3.113397 0.37
v -1.15 3.113397 0.37
v -1.35 3.129289 0.349289
v -1.15 3.129289 0.349289
v -1.35 3.15 0.333397
v -1.15 3.15 0.333397
v -1.35 3.174118 0.323407
v -1.15 3.174118 0.323407
v -1.35 3.2 0.32
v -1.15 3.2 0.32
v -1.35 3.4 0.32
v -1.15 3.4 0.32
v -1.35 3.4 0.05
v -1.15 3.4 0.05
v -1.15 3.396593 0.024118
v -1.35 3.396593 0.024118
v -1.15 3.386602 0.0
v -1.35 3.386602 0.0
v -1.15 3.370711 -0.020711
v -1.35 3.370711 -0.020711
v -1.15 3.35 -0.036603
v -1.35 3.35 -0.036603
v -1.15 3.325882 -0.046593
v -1.35 3.325882 -0.046593
v -1.15 3.3 -0.05
v -1.35 3.3 -0.05
v -1.35 3.0 -0.05
v -1.15 3.0 -0.05
v -1.15 2.977265 -0.047381
v -1.35 2.977265 -0.047381
v -1.15 2.955721 -0.039663
v -1.35 2.955721 -0.039663
v -1.15 2.936496 -0.027248
v -1.35 2.936496 -0.027248
v -1.15 2.920597 -0.010788
v -1.35 2.920597 -0.010788
v -1.15 2.908856 0.008856
v -1.35 2.908856 0.008856
v -1.35 2.8 0.25
v -1.15 2.8 0.25
v -1.35 2.6 0.25
v -1.15 2.6 0.25
v -1.35 2.6 0.1
v -1.15 2.6 0.1
v -1.85 2.7 1.95
v -1.65 2.7 1.95
v -1.85 2.7 0.65
v -1.65 2.7 0.65
v -1.85 2.703407 0.624118
v -1.65 2.703407 0.624118
v -1.85 2.713397 0.6
v -1.65 2.713397 0.6
v -1.85 2.729289 0.579289
v -1.65 2.729289 0.579289
v -1.85 2.75 0.563397
v -1.65 2.75 0.563397
v -1.85 2.774118 0.553407
v -1.65 2.774118 0.553407
v -1.85 2.8 0.55
v -1.65 2.8 0.55
v -1.85 3.0 0.55
v -1.65 3.0 0.55
v -1.65 3.025882 0.546593
v -1.85 3.025882 0.546593
v -1.65 3.05 0.536602
v -1.85 3.05 0.536602
v -1.65 3.070711 0.520711
v -1.85 3.070711 0.520711
v -1.65 3.086602 0.5
v -1.85 3.086602 0.5
v -1.65 3.096593 0.475882
v -1.85 3.096593 0.475882
v -1.65 3.1 0.45
v -1.85 3.1 0.45
v -1.85 3.1 0.42
v -1.65 3.1 0.42
v -1.85 3.103407 0.394118
v -1.65 3.103407 0.394118
v -1.85 3.113397 0.37
v -1.65 3.113397 0.37
v -1.85 3.129289 0.349289
v -1.65 3.129289 0.349289
v -1.85 3.15 0.333397
v -1.65 3.15 0.333397
v -1.85 3.174118 0.323407
v -1.65 3.174118 0.323407
v -1.85 3.2 0.32
v -1.65 3.2 0.32
v -1.85 3.4 0.32
v -1.65 3.4 0.32
v -1.85 3.4 0.05
v -1.65 3.4 0.05
v -1.65 3.396593 0.024118
v -1.85 3.396593 0.024118
v -1.65 3.386602 0.0
v -1.85 3.386602 0.0
v -1.65 3.370711 -0.020711
v -1.85 3.370711 -0.020711
v -1.65 3.35 -0.036603
v -1.85 3.35 -0.036603
v -1.65 3.325882 -0.046593
v -1.85 3.325882 -0.046593
v -1.65 3.3 -0.05
v -1.85 3.3 -0.05
v -1.85 3.0 -0.05
v -1.65 3.0 -0.05
v -1.65 2.977265 -0.047381
v -1.85 2.977265 -0.047381
v -1.65 2.955721 -0.039663
v -1.85 2.955721 -0.039663
v -1.65 2.936496 -0.027248
v -1.85 2.936496 -0.027248
v -1.65 2.920597 -0.010788
v -1.85 2.920597 -0.010788
v -1.65 2.908856 0.008856
v -1.85 2.908856 0.008856
v -1.85 2.8 0.25
v -1.65 2.8 0.25
v -1.85 2.6 0.25
v -1.65 2.6 0.25
v -1.85 2.6 0.1
v -1.65 2.6 0.1
v -2.35 2.7 1.95
v -2.15 2.7 1.95
v -2.35 2.7 0.65
v -2.15 2.7 0.65
v -2.35 2.703407 0.624118
v -2.15 2.703407 0.624118
v -2.35 2.713397 0.6
v -2.15 2.713397 0.6
v -2.35 2.729289 0.579289
v -2.15 2.729289 0.579289
v -2.35 2.75 0.563397
v -2.15 2.75 0.563397
v -2.35 2.774118 0.553407
v -2.15 2.774118 0.553407
v -2.35 2.8 0.55
v -2.15 2.8 0.55
v -2.35 3.0 0.55
v -2.15 3.0 0.55
v -2.15 3.025882 0.546593
v -2.35 3.025882 0.546593
v -2.15 3.05 0.536602
v -2.35 3.05 0.536602
v -2.15 3.070711 0.520711
v -2.35 3.070711 0.520711
v -2.15 3.086602 0.5
v -2.35 3.086602 0.5
v -2.15 3.096593 0.475882
v -2.35 3.096593 0.475882
v -2.15 3.1 0.45
v -2.35 3.1 0.45
v -2.35 3.1 0.42
v -2.15 3.1 0.42
v -2.35 3.103407 0.394118
v -2.15 3.103407 0.394118
v -2.35 3.113397 0.37
v -2.15 3.113397 0.37
v -2.35 3.129289 0.349289
v -2.15 3.129289 0.349289
v -2.35 3.15 0.333397
v -2.15 3.15 0.333397
v -2.35 3.174118 0.323407
v -2.15 3.174118 0.323407
v -2.35 3.2 0.32
v -2.15 3.2 0.32
v -2.35 3.4 0.32
v -2.15 3.4 0.32
v -2.35 3.4 0.05
v -2.15 3.4 0.05
v -2.15 3.396593 0.024118
v -2.35 3.396593 0.024118
v -2.15 3.386602 0.0
v -2.35 3.386602 0.0
v -2.15 3.370711 -0.020711
v -2.35 3.370711 -0.020711
v -2.15 3.35 -0.036603
v -2.35 3.35 -0.036603
v -2.15 3.325882 -0.046593
v -2.35 3.325882 -0.046593
v -2.15 3.3 -0.05
v -2.35 3.3 -0.05
v -2.35 3.0 -0.05
v -2.15 3.0 -0.05
v -2.15 2.977265 -0.047381
v -2.35 2.977265 -0.047381
v -2.15 2.955721 -0.039663
v -2.35 2.955721 -0.039663
v -2.15 2.936496 -0.027248
v -2.35 2.936496 -0.027248
v -2.15 2.920597 -0.010788
v -2.35 2.920597 -0.010788
v -2.15 2.908856 0.008856
v -2.35 2.908856 0.008856
v -2.35 2.8 0.25
v -2.15 2.8 0.25
v -2.35 2.6 0.25
v -2.15 2.6 0.25
v -2.35 2.6 0.1
v -2.15 2.6 0.1
v -2.85 2.7 1.95
v -2.65 2.7 1.95
v -2.85 2.7 0.65
v -2.65 2.7 0.65
v -2.85 2.703407 0.624118
v -2.65 2.703407 0.624118
v -2.85 2.713397 0.6
v -2.65 2.713397 0.6
v -2.85 2.729289 0.579289
v -2.65 2.729289 0.579289
v -2.85 2.75 0.563397
v -2.65 2.75 0.563397
v -2.85 2.774118 0.553407
v -2.65 2.774118 0.553407
v -2.85 2.8 0.55
v -2.65 2.8 0.55
v -2.85 3.0 0.55
v -2.65 3.0 0.55
v -2.65 3.025882 0.546593
v -2.85 3.025882 0.546593
v -2.65 3.05 0.536602
v -2.85 3.05 0.536602
v -2.65 3.070711 0.520711
v -2.85 3.070711 0.520711
v -2.65 3.086602 0.5
v -2.85 3.086602 0.5
v -2.65 3.096593 0.475882
v -2.85 3.096593 0.475882
v -2.65 3.1 0.45
v -2.85 3.1 0.45
v -2.85 3.1 0.42
v -2.65 3.1 0.42
v -2.85 3.103407 0.394118
v -2.65 3.103407 0.394118
v -2.85 3.113397 0.37
v -2.65 3.113397 0.37
v -2.85 3.129289 0.349289
v -2.65 3.129289 0.349289
v -2.85 3.15 0.333397
v -2.65 3.15 0.333397
v -2.85 3.174118 0.323407
v -2.65 3.174118 0.323407
v -2.85 3.2 0.32
v -2.65 3.2 0.32
v -2.85 3.4 0.32
v -2.65 3.4 0.32
v -2.85 3.4 0.05
v -2.65 3.4 0.05
v -2.65 3.396593 0.024118
v -2.85 3.396593 0.024118
v -2.65 3.386602 0.0
v -2.85 3.386602 0.0
v -2.65 3.370711 -0.020711
v -2.85 3.370711 -0.020711
v -2.65 3.35 -0.036603
v -2.85 3.35 -0.036603
v -2.65 3.325882 -0.046593
v -2.85 3.325882 -0.046593
v -2.65 3.3 -0.05
v -2.85 3.3 -0.05
v -2.85 3.0 -0.05
v -2.65 3.0 -0.05
v -2.65 2.977265 -0.047381
v -2.85 2.977265 -0.047381
v -2.65 2.955721 -0.039663
v -2.85 2.955721 -0.039663
v -2.65 2.936496 -0.027248
v -2.85 2.936496 -0.027248
v -2.65 2.920597 -0.010788
v -2.85 2.920597 -0.010788
v -2.65 2.908856 0.008856
v -2.85 2.908856 0.008856
v -2.85 2.8 0.25
v -2.65 2.8 0.25
v -2.85 2.6 0.25
v -2.65 2.6 0.25
v -2.85 2.6 0.1
v -2.65 2.6 0.1
v -3.35 2.7 1.95
v -3.15 2.7 1.95
v -3.35 2.7 0.65
v -3.15 2.7 0.65
v -3.35 2.703407 0.624118
v -3.15 2.703407 0.624118
v -3.35 2.713397 0.6
v -3.15 2.713397 0.6
v -3.35 2.729289 0.579289
v -3.15 2.729289 0.579289
v -3.35 2.75 0.563397
v -3.15 2.75 0.563397
v -3.35 2.774118 0.553407
v -3.15 2.774118 0.553407
v -3.35 2.8 0.55
v -3.15 2.8 0.55
v -3.35 3.0 0.55
v -3.15 3.0 0.55
v -3.15 3.025882 0.546593
v -3.35 3.025882 0.546593
v -3.15 3.05 0.536602
v -3.35 3.05 0.536602
v -3.15 3.070711 0.520711
v -3.35 3.070711 0.520711
v -3.15 3.086602 0.5
v -3.35 3.086602 0.5
v -3.15 3.096593 0.475882
v -3.35 3.096593 0.475882
v -3.15 3.1 0.45
v -3.35 3.1 0.45
v -3.35 3.1 0.42
v -3.15 3.1 0.42
v -3.35 3.103407 0.394118
v -3.15 3.103407 0.394118
v -3.35 3.113397 0.37
v -3.15 3.113397 0.37
v -3.35 3.129289 0.349289
v -3.15 3.129289 0.349289
v -3.35 3.15 0.333397
v -3.15 3.15 0.333397
v -3.35 3.174118 0.323407
v -3.15 3.174118 0.323407
v -3.35 3.2 0.32
v -3.15 3.2 0.32
v -3.35 3.4 0.32
v -3.15 3.4 0.32
v -3.35 3.4 0.05
v -3.15 3.4 0.05
v -3.15 3.396593 0.024118
v -3.35 3.396593 0.024118
v -3.15 3.386602 0.0
v -3.35 3.386602 0.0
v -3.15 3.370711 -0.020711
v -3.35 3.370711 -0.020711
v -3.15 3.35 -0.036603
v -3.35 3.35 -0.036603
v -3.15 3.325882 -0.046593
v -3.35 3.325882 -0.046593
v -3.15 3.3 -0.05
v -3.35 3.3 -0.05
v -3.35 3.0 -0.05
v -3.15 3.0 -0.05
v -3.15 2.977265 -0.047381
v -3.35 2.977265 -0.047381
v -3.15 2.955721 -0.039663
v -3.35 2.955721 -0.039663
v -3.15 2.936496 -0.027248
v -3.35 2.936496 -0.027248
v -3.15 2.920597 -0.010788
v -3.35 2.920597 -0.010788
v -3.15 2.908856 0.008856
v -3.35 2.908856 0.008856
v -3.35 2.8 0.25
v -3.15 2.8 0.25
v -3.35 2.6 0.25
v -3.15 2.6 0.25
v -3.35 2.6 0.1
v -3.15 2.6 0.1
v -3.85 2.7 1.95
v -3.65 2.7 1.95
v -3.85 2.7 0.65
v -3.65 2.7 0.65
v -3.85 2.703407 0.624118
v -3.65 2.703407 0.624118
v -3.85 2.713397 0.6
v -3.65 2.713397 0.6
v -3.85 2.729289 0.579289
v -3.65 2.729289 0.579289
v -3.85 2.75 0.563397
v -3.65 2.75 0.563397
v -3.85 2.774118 0.553407
v -3.65 2.774118 0.553407
v -3.85 2.8 0.55
v -3.65 2.8 0.55
v -3.85 3.0 0.55
v -3.65 3.0 0.55
v -3.65 3.025882 0.546593
v -3.85 3.025882 0.546593
v -3.65 3.05 0.536602
v -3.85 3.05 0.536602
v -3.65 3.070711 0.520711
v -3.85 3.070711 0.520711
v -3.65 3.086602 0.5
v -3.85 3.086602 0.5
v -3.65 3.096593 0.475882
v -3.85 3.096593 0.475882
v -3.65 3.1 0.45
v -3.85 3.1 0.45
v -3.85 3.1 0.42
v -3.65 3.1 0.42
v -3.85 3.103407 0.394118
v -3.65 3.103407 0.394118
v -3.85 3.113397 0.37
v -3.65 3.113397 0.37
v -3.85 3.129289 0.349289
v -3.65 3.129289 0.349289
v -3.85 3.15 0.333397
v -3.65 3.15 0.333397
v -3.85 3.174118 0.323407
v -3.65 3.174118 0.323407
v -3.85 3.2 0.32
v -3.65 3.2 0.32
v -3.85 3.4 0.32
v -3.65 3.4 0.32
v -3.85 3.4 0.05
v -3.65 3.4 0.05
v -3.65 3.396593 0.024118
v -3.85 3.396593 0.024118
v -3.65 3.386602 0.0
v -3.85 3.386602 0.0
v -3.65 3.370711 -0.020711
v -3.85 3.370711 -0.020711
v -3.65 3.35 -0.036603
v -3.85 3.35 -0.036603
v -3.65 3.325882 -0.046593
v -3.85 3.325882 -0.046593
v -3.65 3.3 -0.05
v -3.85 3.3 -0.05
v -3.85 3.0 -0.05
v -3.65 3.0 -0.05
v -3.65 2.977265 -0.047381
v -3.85 2.977265 -0.047381
v -3.65 2.955721 -0.039663
v -3.85 2.955721 -0.039663
v -3.65 2.936496 -0.027248
v -3.85 2.936496 -0.027248
v -3.65 2.920597 -0.010788
v -3.85 2.920597 -0.010788
v -3.65 2.908856 0.008856
v -3.85 2.908856 0.008856
v -3.85 2.8 0.25
v -3.65 2.8 0.25
v -3.85 2.6 0.25
v -3.65 2.6 0.25
v -3.85 2.6 0.1
v -3.65 2.6 0.1
v -4.35 2.7 1.95
v -4.15 2.7 1.95
v -4.35 2.7 0.65
v -4.15 2.7 0.65
v -4.35 2.703407 0.624118
v -4.15 2.703407 0.624118
v -4.35 2.713397 0.6
v -4.15 2.713397 0.6
v -4.35 2.729289 0.579289
v -4.15 2.729289 0.579289
v -4.35 2.75 0.563397
v -4.15 2.75 0.563397
v -4.35 2.774118 0.553407
v -4.15 2.774118 0.553407
v -4.35 2.8 0.55
v -4.15 2.8 0.55
v -4.35 3.0 0.55
v -4.15 3.0 0.55
v -4.15 3.025882 0.546593
v -4.35 3.025882 0.546593
v -4.15 3.05 0.536602
v -4.35 3.05 0.536602
v -4.15 3.070711 0.520711
v -4.35 3.070711 0.520711
v -4.15 3.086602 0.5
v -4.35 3.086602 0.5
v -4.15 3.096593 0.475882
v -4.35 3.096593 0.475882
v -4.15 3.1 0.45
v -4.35 3.1 0.45
v -4.35 3.1 0.42
v -4.15 3.1 0.42
v -4.35 3.103407 0.394118
v -4.15 3.103407 0.394118
v -4.35 3.113397 0.37
v -4.15 3.113397 0.37
v -4.35 3.129289 0.349289
v -4.15 3.129289 0.349289
v -4.35 3.15 0.333397
v -4.15 3.15 0.333397
v -4.35 3.174118 0.323407
v -4.15 3.174118 0.323407
v -4.35 3.2 0.32
v -4.15 3.2 0.32
v -4.35 3.4 0.32
v -4.15 3.4 0.32
v -4.35 3.4 0.05
v -4.15 3.4 0.05
v -4.15 3.396593 0.024118
v -4.35 3.396593 0.024118
v -4.15 3.386602 0.0
v -4.35 3.386602 0.0
v -4.15 3.370711 -0.020711
v -4.35 3.370711 -0.020711
v -4.15 3.35 -0.036603
v -4.35 3.35 -0.036603
v -4.15 3.325882 -0.046593
v -4.35 3.325882 -0.046593
v -4.15 3.3 -0.05
v -4.35 3.3 -0.05
v -4.35 3.0 -0.05
v -4.15 3.0 -0.05
v -4.15 2.977265 -0.047381
v -4.35 2.977265 -0.047381
v -4.15 2.955721 -0.039663
v -4.35 2.955721 -0.039663
v -4.15 2.936496 -0.027248
v -4.35 2.936496 -0.027248
v -4.15 2.920597 -0.010788
v -4.35 2.920597 -0.010788
v -4.15 2.908856 0.008856
v -4.35 2.908856 0.008856
v -4.35 2.8 0.25
v -4.15 2.8 0.25
v -4.35 2.6 0.25
v -4.15 2.6 0.25
v -4.35 2.6 0.1
v -4.15 2.6 0.1
v -4.85 2.7 1.95
v -4.65 2.7 1.95
v -4.85 2.7 0.65
v -4.65 2.7 0.65
v -4.85 2.703407 0.624118
v -4.65 2.703407 0.624118
v -4.85 2.713397 0.6
v -4.65 2.713397 0.6
v -4.85 2.729289 0.579289
v -4.65 2.729289 0.579289
v -4.85 2.75 0.563397
v -4.65 2.75 0.563397
v -4.85 2.774118 0.553407
v -4.65 2.774118 0.553407
v -4.85 2.8 0.55
v -4.65 2.8 0.55
v -4.85 3.0 0.55
v -4.65 3.0 0.55
v -4.65 3.025882 0.546593
v -4.85 3.025882 0.546593
v -4.65 3.05 0.536602
v -4.85 3.05 0.536602
v -4.65 3.070711 0.520711
v -4.85 3.070711 0.520711
v -4.65 3.086602 0.5
v -4.85 3.086602 0.5
v -4.65 3.096593 0.475882
v -4.85 3.096593 0.475882
v -4.65 3.1 0.45
v -4.85 3.1 0.45
v -4.85 3.1 0.42
v -4.65 3.1 0.42
v -4.85 3.103407 0.394118
v -4.65 3.103407 0.394118
v -4.85 3.113397 0.37
v -4.65 3.113397 0.37
v -4.85 3.129289 0.349289
v -4.65 3.129289 0.349289
v -4.85 3.15 0.333397
v -4.65 3.15 0.333397
v -4.85 3.174118 0.323407
v -4.65 3.174118 0.323407
v -4.85 3.2 0.32
v -4.65 3.2 0.32
v -4.85 3.4 0.32
v -4.65 3.4 0.32
v -4.85 3.4 0.05
v -4.65 3.4 0.05
v -4.65 3.396593 0.024118
v -4.85 3.396593 0.024118
v -4.65 3.386602 0.0
v -4.85 3.386602 0.0
v -4.65 3.370711 -0.020711
v -4.85 3.370711 -0.020711
v -4.65 3.35 -0.036603
v -4.85 3.35 -0.036603
v -4.65 3.325882 -0.046593
v -4.85 3.325882 -0.046593
v -4.65 3.3 -0.05
v -4.85 3.3 -0.05
v -4.85 3.0 -0.05
v -4.65 3.0 -0.05
v -4.65 2.977265 -0.047381
v -4.85 2.977265 -0.047381
v -4.65 2.955721 -0.039663
v -4.85 2.955721 -0.039663
v -4.65 2.936496 -0.027248
v -4.85 2.936496 -0.027248
v -4.65 2.920597 -0.010788
v -4.85 2.920597 -0.010788
v -4.65 2.908856 0.008856
v -4.85 2.908856 0.008856
v -4.85 2.8 0.25
v -4.65 2.8 0.25
v -4.85 2.6 0.25
v -4.65 2.6 0.25
v -4.85 2.6 0.1
v -4.65 2.6 0.1
v -5.35 2.7 1.95
v -5.15 2.7 1.95
v -5.35 2.7 0.65
v -5.15 2.7 0.65
v -5.35 2.703407 0.624118
v -5.15 2.703407 0.624118
v -5.35 2.713397 0.6
v -5.15 2.713397 0.6
v -5.35 2.729289 0.579289
v -5.15 2.729289 0.579289
v -5.35 2.75 0.563397
v -5.15 2.75 0.563397
v -5.35 2.774118 0.553407
v -5.15 2.774118 0.553407
v -5.35 2.8 0.55
v -5.15 2.8 0.55
v -5.35 3.0 0.55
v -5.15 3.0 0.55
v -5.15 3.025882 0.546593
v -5.35 3.025882 0.546593
v -5.15 3.05 0.536602
v -5.35 3.05 0.536602
v -5.15 3.070711 0.520711
v -5.35 3.070711 0.520711
v -5.15 3.086602 0.5
v -5.35 3.086602 0.5
v -5.15 3.096593 0.475882
v -5.35 3.096593 0.475882
v -5.15 3.1 0.45
v -5.35 3.1 0.45
v -5.35 3.1 0.42
v -5.15 3.1 0.42
v -5.35 3.103407 0.394118
v -5.15 3.103407 0.394118
v -5.35 3.113397 0.37
v -5.15 3.113397 0.37
v -5.35 3.129289 0.349289
v -5.15 3.129289 0.349289
v -5.35 3.15 0.333397
v -5.15 3.15 0.333397
v -5.35 3.174118 0.323407
v -5.15 3.174118 0.323407
v -5.35 3.2 0.32
v -5.15 3.2 0.32
v -5.35 3.4 0.32
v -5.15 3.4 0.32
v -5.35 3.4 0.05
v -5.15 3.4 0.05
v -5.15 3.396593 0.024118
v -5.35 3.396593 0.024118
v -5.15 3.386602 0.0
v -5.35 3.386602 0.0
v -5.15 3.370711 -0.020711
v -5.35 3.370711 -0.020711
v -5.15 3.35 -0.036603
v -5.35 3.35 -0.036603
v -5.15 3.325882 -0.046593
v -5.35 3.325882 -0.046593
v -5.15 3.3 -0.05
v -5.35 3.3 -0.05
v -5.35 3.0 -0.05
v -5.15 3.0 -0.05
v -5.15 2.977265 -0.047381
v -5.35 2.977265 -0.047381
v -5.15 2.955721 -0.039663
v -5.35 2.955721 -0.039663
v -5.15 2.936496 -0.027248
v -5.35 2.936496 -0.027248
v -5.15 2.920597 -0.010788
v -5.35 2.920597 -0.010788
v -5.15 2.908856 0.008856
v -5.35 2.908856 0.008856
v -5.35 2.8 0.25
v -5.15 2.8 0.25
v -5.35 2.6 0.25
v -5.15 2.6 0.25
v -5.35 2.6 0.1
v -5.15 2.6 0.1
v -5.65 2.7 1.95
v -5.85 2.7 1.95
v -5.85 2.7 0.65
v -5.65 2.7 0.65
v -5.85 2.703407 0.624118
v -5.65 2.703407 0.624118
v -5.85 2.713397 0.6
v -5.65 2.713397 0.6
v -5.85 2.729289 0.579289
v -5.65 2.729289 0.579289
v -5.85 2.75 0.563397
v -5.65 2.75 0.563397
v -5.85 2.774118 0.553407
v -5.65 2.774118 0.553407
v -5.85 2.8 0.55
v -5.65 2.8 0.55
v -5.85 3.0 0.55
v -5.65 3.0 0.55
v -5.65 3.025882 0.546593
v -5.85 3.025882 0.546593
v -5.65 3.05 0.536602
v -5.85 3.05 0.536602
v -5.65 3.070711 0.520711
v -5.85 3.070711 0.520711
v -5.65 3.086602 0.5
v -5.85 3.086602 0.5
v -5.65 3.096593 0.475882
v -5.85 3.096593 0.475882
v -5.65 3.1 0.45
v -5.85 3.1 0.45
v -5.85 3.1 0.42
v -5.65 3.1 0.42
v -5.85 3.103407 0.394118
v -5.65 3.103407 0.394118
v -5.85 3.113397 0.37
v -5.65 3.113397 0.37
v -5.85 3.129289 0.349289
v -5.65 3.129289 0.349289
v -5.85 3.15 0.333397
v -5.65 3.15 0.333397
v -5.85 3.174118 0.323407
v -5.65 3.174118 0.323407
v -5.85 3.2 0.32
v -5.65 3.2 0.32
v -5.85 3.4 0.32
v -5.65 3.4 0.32
v -5.85 3.4 0.05
v -5.65 3.4 0.05
v -5.65 3.396593 0.024118
v -5.85 3.396593 0.024118
v -5.65 3.386602 0.0
v -5.85 3.386602 0.0
v -5.65 3.370711 -0.020711
v -5.85 3.370711 -0.020711
v -5.65 3.35 -0.036603
v -5.85 3.35 -0.036603
v -5.65 3.325882 -0.046593
v -5.85 3.325882 -0.046593
v -5.65 3.3 -0.05
v -5.85 3.3 -0.05
v -5.85 3.0 -0.05
v -5.65 3.0 -0.05
v -5.65 2.977265 -0.047381
v -5.85 2.977265 -0.047381
v -5.65 2.955721 -0.039663
v -5.85 2.955721 -0.039663
v -5.65 2.936496 -0.027248
v -5.85 2.936496 -0.027248
v -5.65 2.920597 -0.010788
v -5.85 2.920597 -0.010788
v -5.65 2.908856 0.008856
v -5.85 2.908856 0.008856
v -5.85 2.8 0.25
v -5.65 2.8 0.25
v -5.85 2.6 0.25
v -5.65 2.6 0.25
v -5.85 2.6 0.1
v -5.65 2.6 0.1
v 7.5501 -0.560205 1.576362
v 7.5501 -0.560205 1.557813
newmtl 5
Ka 0.0 0.0 0.0
Kd 0.0 0.0 0.0
Ks 0.0 0.0 0.0
d 0.0
endmtl
v 7.5501 -0.625003 1.576362
v 7.5501 -0.625003 1.720514
v 7.5501 -0.646006 1.720514
v 7.5501 -0.646006 1.557813
v 7.5501 -0.431733 1.564551
v 7.5501 -0.433744 1.563532
v 7.5501 -0.45092 1.557667
v 7.5501 -0.476775 1.555068
v 7.5501 -0.431733 1.58468
v 7.5501 -0.448387 1.577294
v 7.5501 -0.466912 1.574011
v 7.5501 -0.473739 1.573784
v 7.5501 -0.488908 1.57546
v 7.5501 -0.50071 1.579723
v 7.5501 -0.511552 1.587052
v 7.5501 -0.515537 1.590919
v 7.5501 -0.523819 1.602584
v 7.5501 -0.528939 1.615841
v 7.5501 -0.531497 1.635815
v 7.5501 -0.531508 1.637334
v 7.5501 -0.528946 1.659228
v 7.5501 -0.523564 1.673384
v 7.5501 -0.515765 1.684754
v 7.5501 -0.514414 1.686244
v 7.5501 -0.504019 1.694952
v 7.5501 -0.491314 1.701063
v 7.5501 -0.477285 1.703962
v 7.5501 -0.470079 1.704294
v 7.5501 -0.431733 1.694645
v 7.5501 -0.449393 1.701735
v 7.5501 -0.431733 1.716605
v 7.5501 -0.470287 1.723259
v 7.5501 -0.468792 1.723252
v 7.5501 -0.447749 1.721363
v 7.5501 -0.492628 1.720698
v 7.5501 -0.509812 1.714324
v 7.5501 -0.525721 1.703417
v 7.5501 -0.530052 1.699303
v 7.5501 -0.542126 1.683412
v 7.5501 -0.549738 1.665256
v 7.5501 -0.55331 1.643881
v 7.5501 -0.553551 1.636086
v 7.5501 -0.550969 1.612122
v 7.5501 -0.544735 1.594591
v 7.5501 -0.53541 1.580355
v 7.5501 -0.532672 1.577277
v 7.5501 -0.487671 1.555643
v 7.5501 -0.520354 1.5669
v 7.5501 -0.505122 1.559463
v 7.5501 -0.311661 1.576362
v 7.5501 -0.311661 1.557813
v 7.5501 -0.378164 1.576362
v 7.5501 -0.378164 1.631095
v 7.5501 -0.319979 1.631095
v 7.5501 -0.319979 1.649728
v 7.5501 -0.378164 1.649728
v 7.5501 -0.378164 1.701799
v 7.5501 -0.315363 1.701799
v 7.5501 -0.315363 1.720514
v 7.5501 -0.399167 1.720514
v 7.5501 -0.399167 1.557813
v 7.5501 -0.170975 1.63141
v 7.5501 -0.148856 1.631901
v 7.5501 -0.170545 1.640661
v 7.5501 -0.148461 1.641243
v 7.5501 -0.172549 1.659379
v 7.5501 -0.151017 1.663055
v 7.5501 -0.176927 1.671703
v 7.5501 -0.156929 1.67868
v 7.5501 -0.183032 1.681071
v 7.5501 -0.166911 1.692974
v 7.5501 -0.188388 1.686493
v 7.5501 -0.172999 1.69897
v 7.5501 -0.200896 1.694699
v 7.5501 -0.190017 1.71059
v 7.5501 -0.215141 1.699662
v 7.5501 -0.209651 1.717767
v 7.5501 -0.235343 1.701799
v 7.5501 -0.234511 1.720514
v 7.5501 -0.259923 1.701799
v 7.5501 -0.280926 1.720514
v 7.5501 -0.259923 1.576362
v 7.5501 -0.280926 1.557813
v 7.5501 -0.2363 1.576362
v 7.5501 -0.236175 1.557813
v 7.5501 -0.214248 1.578927
v 7.5501 -0.211721 1.560399
v 7.5501 -0.200688 1.584075
v 7.5501 -0.192552 1.567106
v 7.5501 -0.19012 1.591304
v 7.5501 -0.176502 1.577519
v 7.5501 -0.18793 1.593331
v 7.5501 -0.172999 1.580604
v 7.5501 -0.179431 1.604038
v 7.5501 -0.160432 1.595746
v 7.5501 -0.173976 1.616264
v 7.5501 -0.152613 1.612687
v 7.55 -0.235343 1.701799
v 7.55 -0.259923 1.701799
v 7.55 -0.259923 1.576362
v 7.55 -0.2363 1.576362
v 7.55 -0.18793 1.593331
v 7.55 -0.19012 1.591304
v 7.55 -0.200688 1.584075
v 7.55 -0.214248 1.578927
v 7.55 -0.170545 1.640661
v 7.55 -0.170975 1.63141
v 7.55 -0.173976 1.616264
v 7.55 -0.179431 1.604038
v 7.55 -0.188388 1.686493
v 7.55 -0.183032 1.681071
v 7.55 -0.176927 1.671703
v 7.55 -0.172549 1.659379
v 7.55 -0.215141 1.699662
v 7.55 -0.200896 1.694699
v 7.5501 -0.093936 1.620697
v 7.5501 -0.10059 1.602315
v 7.5501 -0.039328 1.620697
v 7.5501 -0.03284 1.602315
v 7.5501 -0.069606 1.688323
v 7.5501 -0.077466 1.720514
v 7.5501 -0.139436 1.557813
v 7.5501 -0.116228 1.557813
v 7.5501 -0.068197 1.693179
v 7.5501 -0.066944 1.699719
v 7.5501 -0.055007 1.720514
v 7.5501 -0.066445 1.699719
v 7.5501 -0.065129 1.692836
v 7.5501 -0.063908 1.688323
v 7.5501 0.006962 1.557813
v 7.5501 -0.016245 1.557813
v 7.55 -0.093936 1.620697
v 7.55 -0.039328 1.620697
v 7.55 -0.063908 1.688323
v 7.55 -0.066445 1.699719
v 7.55 -0.065129 1.692836
v 7.55 -0.066944 1.699719
v 7.55 -0.069606 1.688323
v 7.55 -0.068197 1.693179
v 7.5501 -0.5585 1.318253
v 7.5501 -0.5585 1.299703
v 7.5501 -0.625003 1.318253
v 7.5501 -0.625003 1.372986
v 7.5501 -0.566818 1.372986
v 7.5501 -0.566818 1.391618
v 7.5501 -0.625003 1.391618
v 7.5501 -0.625003 1.443689
v 7.5501 -0.562201 1.443689
v 7.5501 -0.562201 1.462405
v 7.5501 -0.646006 1.462405
v 7.5501 -0.646006 1.299703
v 7.5501 -0.515611 1.365039
v 7.5501 -0.509677 1.349588
v 7.5501 -0.504447 1.351875
v 7.5501 -0.466544 1.31767
v 7.5501 -0.466003 1.31767
v 7.5501 -0.467335 1.336421
v 7.5501 -0.466023 1.345514
v 7.5501 -0.445624 1.374483
v 7.5501 -0.466003 1.346867
v 7.5501 -0.466003 1.358013
v 7.5501 -0.466003 1.299703
v 7.5501 -0.445624 1.299703
v 7.5501 -0.50044 1.368743
v 7.5501 -0.493203 1.354353
v 7.5501 -0.466003 1.373568
v 7.5501 -0.466712 1.382579
v 7.5501 -0.447191 1.389884
v 7.5501 -0.468819 1.389835
v 7.5501 -0.450378 1.399174
v 7.5501 -0.471213 1.394032
v 7.5501 -0.454543 1.405767
v 7.5501 -0.474294 1.39731
v 7.5501 -0.459975 1.41097
v 7.5501 -0.477912 1.399641
v 7.5501 -0.466742 1.414844
v 7.5501 -0.482639 1.401292
v 7.5501 -0.475326 1.417455
v 7.5501 -0.489543 1.402016
v 7.5501 -0.48763 1.418568
v 7.5501 -0.501869 1.400714
v 7.5501 -0.508461 1.416017
v 7.5501 -0.514602 1.396315
v 7.5501 -0.523586 1.41011
v 7.5501 -0.52764 1.387958
v 7.5501 -0.52764 1.407755
v 7.5501 -0.470324 1.329151
v 7.5501 -0.474737 1.32316
v 7.5501 -0.469719 1.312838
v 7.5501 -0.477292 1.320663
v 7.5501 -0.476155 1.305908
v 7.5501 -0.483051 1.316777
v 7.5501 -0.483374 1.301107
v 7.5501 -0.489235 1.314531
v 7.5501 -0.491637 1.298122
v 7.5501 -0.496863 1.313678
v 7.5501 -0.502145 1.296959
v 7.5501 -0.503746 1.314453
v 7.5501 -0.514336 1.298374
v 7.5501 -0.508357 1.316145
v 7.5501 -0.522149 1.30132
v 7.5501 -0.512418 1.318918
v 7.5501 -0.529012 1.306108
v 7.5501 -0.514151 1.32066
v 7.5501 -0.512917 1.3472
v 7.5501 -0.524378 1.360603
v 7.5501 -0.515356 1.34418
v 7.5501 -0.53067 1.355203
v 7.5501 -0.517145 1.340378
v 7.5501 -0.534772 1.349388
v 7.5501 -0.518151 1.335711
v 7.5501 -0.537597 1.342223
v 7.5501 -0.538927 1.333471
v 7.5501 -0.518324 1.332477
v 7.5501 -0.538994 1.330813
v 7.5501 -0.517806 1.327798
v 7.5501 -0.537991 1.321576
v 7.5501 -0.516467 1.324095
v 7.5501 -0.535526 1.314681
v 7.5501 -0.531291 1.308419
v 7.55 -0.512917 1.3472
v 7.55 -0.509677 1.349588
v 7.55 -0.504447 1.351875
v 7.55 -0.493203 1.354353
v 7.55 -0.518324 1.332477
v 7.55 -0.518151 1.335711
v 7.55 -0.517145 1.340378
v 7.55 -0.515356 1.34418
v 7.55 -0.512418 1.318918
v 7.55 -0.514151 1.32066
v 7.55 -0.516467 1.324095
v 7.55 -0.517806 1.327798
v 7.55 -0.496863 1.313678
v 7.55 -0.503746 1.314453
v 7.55 -0.508357 1.316145
v 7.55 -0.474737 1.32316
v 7.55 -0.477292 1.320663
v 7.55 -0.483051 1.316777
v 7.55 -0.489235 1.314531
v 7.55 -0.466003 1.346867
v 7.55 -0.466023 1.345514
v 7.55 -0.467335 1.336421
v 7.55 -0.470324 1.329151
v 7.55 -0.466003 1.358013
v 7.5501 -0.418008 1.324824
v 7.5501 -0.41004 1.319897
v 7.5501 -0.384486 1.313595
v 7.5501 -0.397263 1.315088
v 7.5501 -0.418008 1.303779
v 7.5501 -0.403426 1.29869
v 7.5501 -0.386482 1.296959
v 7.5501 -0.369686 1.298745
v 7.5501 -0.358577 1.302658
v 7.5501 -0.352628 1.306192
v 7.5501 -0.346797 1.311291
v 7.5501 -0.342999 1.316666
v 7.5501 -0.340496 1.323124
v 7.5501 -0.339527 1.331312
v 7.5501 -0.340369 1.338904
v 7.5501 -0.342544 1.344913
v 7.5501 -0.346348 1.350527
v 7.5501 -0.351207 1.354862
v 7.5501 -0.364742 1.36239
v 7.5501 -0.372633 1.365582
v 7.5501 -0.385245 1.371073
v 7.5501 -0.39243 1.375564
v 7.5501 -0.394417 1.377752
v 7.5501 -0.395886 1.380501
v 7.5501 -0.396694 1.383667
v 7.5501 -0.39688 1.386378
v 7.5501 -0.396511 1.389628
v 7.5501 -0.395505 1.392379
v 7.5501 -0.393758 1.394973
v 7.5501 -0.390683 1.39769
v 7.5501 -0.386113 1.40012
v 7.5501 -0.380662 1.401563
v 7.5501 -0.374629 1.402016
v 7.5501 -0.361246 1.400495
v 7.5501 -0.349752 1.39628
v 7.5501 -0.3451 1.393614
v 7.5501 -0.3451 1.413411
v 7.5501 -0.361397 1.417801
v 7.5501 -0.372633 1.418568
v 7.5501 -0.387637 1.416934
v 7.5501 -0.398809 1.412931
v 7.5501 -0.404824 1.409335
v 7.5501 -0.410865 1.403904
v 7.5501 -0.414652 1.398396
v 7.5501 -0.417079 1.391835
v 7.5501 -0.417883 1.384548
v 7.5501 -0.417007 1.376635
v 7.5501 -0.414759 1.370412
v 7.5501 -0.412102 1.366165
v 7.5501 -0.387023 1.350776
v 7.5501 -0.39917 1.356344
v 7.5501 -0.408768 1.362678
v 7.5501 -0.373641 1.345172
v 7.5501 -0.365687 1.340379
v 7.5501 -0.363148 1.337734
v 7.5501 -0.361572 1.335033
v 7.5501 -0.360646 1.331851
v 7.5501 -0.360447 1.329316
v 7.5501 -0.360869 1.325428
v 7.5501 -0.361905 1.32253
v 7.5501 -0.363684 1.319899
v 7.5501 -0.366022 1.317823
v 7.5501 -0.36788 1.316696
v 7.5501 -0.373139 1.314771
v 7.5501 -0.383586 1.3136
v 7.5501 -0.238504 1.415907
v 7.5501 -0.217376 1.415907
v 7.5501 -0.270237 1.328401
v 7.5501 -0.271797 1.322984
v 7.5501 -0.272733 1.319001
v 7.5501 -0.273273 1.319001
v 7.5501 -0.275769 1.328567
v 7.5501 -0.30613 1.415907
v 7.5501 -0.328921 1.415907
v 7.5501 -0.283338 1.299953
v 7.5501 -0.29228 1.278825
v 7.5501 -0.296267 1.27151
v 7.5501 -0.300062 1.267257
v 7.5501 -0.303802 1.26466
v 7.5501 -0.308265 1.262987
v 7.5501 -0.313159 1.262439
v 7.5501 -0.320551 1.263401
v 7.5501 -0.324721 1.264768
v 7.5501 -0.324721 1.246634
v 7.5501 -0.316077 1.245132
v 7.5501 -0.311578 1.244971
v 7.5501 -0.303345 1.245917
v 7.5501 -0.295303 1.248981
v 7.5501 -0.288185 1.253955
v 7.5501 -0.286796 1.255229
v 7.5501 -0.279338 1.264185
v 7.5501 -0.270113 1.282152
v 7.5501 -0.10791 1.318253
v 7.5501 -0.10791 1.299703
v 7.5501 -0.174413 1.318253
v 7.5501 -0.174413 1.372986
v 7.5501 -0.116228 1.372986
v 7.5501 -0.116228 1.391618
v 7.5501 -0.174413 1.391618
v 7.5501 -0.174413 1.443689
v 7.5501 -0.111612 1.443689
v 7.5501 -0.111612 1.462405
v 7.5501 -0.195416 1.462405
v 7.5501 -0.195416 1.299703
v 7.5501 0.032776 1.373301
v 7.5501 0.054895 1.373792
v 7.5501 0.033206 1.382551
v 7.5501 0.05529 1.383134
v 7.5501 0.031202 1.401269
v 7.5501 0.052734 1.404946
v 7.5501 0.026824 1.413594
v 7.5501 0.046822 1.42057
v 7.5501 0.020719 1.422961
v 7.5501 0.03684 1.434864
v 7.5501 0.015363 1.428384
v 7.5501 0.030752 1.440861
v 7.5501 0.002855 1.43659
v 7.5501 0.013734 1.45248
v 7.5501 -0.01139 1.441552
v 7.5501 -0.0059 1.459657
v 7.5501 -0.031592 1.443689
v 7.5501 -0.03076 1.462405
v 7.5501 -0.056172 1.443689
v 7.5501 -0.077175 1.462405
v 7.5501 -0.056172 1.318253
v 7.5501 -0.077175 1.299703
v 7.5501 -0.032549 1.318253
v 7.5501 -0.032424 1.299703
v 7.5501 -0.010497 1.320818
v 7.5501 -0.00797 1.302289
v 7.5501 0.003063 1.325965
v 7.5501 0.011199 1.308996
v 7.5501 0.013631 1.333194
v 7.5501 0.027249 1.31941
v 7.5501 0.015821 1.335222
v 7.5501 0.030752 1.322495
v 7.5501 0.02432 1.345928
v 7.5501 0.043319 1.337636
v 7.5501 0.029775 1.358154
v 7.5501 0.051138 1.354578
v 7.55 -0.031592 1.443689
v 7.55 -0.056172 1.443689
v 7.55 -0.056172 1.318253
v 7.55 -0.032549 1.318253
v 7.55 0.015821 1.335222
v 7.55 0.013631 1.333194
v 7.55 0.003063 1.325965
v 7.55 -0.010497 1.320818
v 7.55 0.033206 1.382551
v 7.55 0.032776 1.373301
v 7.55 0.029775 1.358154
v 7.55 0.02432 1.345928
v 7.55 0.015363 1.428384
v 7.55 0.020719 1.422961
v 7.55 0.026824 1.413594
v 7.55 0.031202 1.401269
v 7.55 -0.01139 1.441552
v 7.55 0.002855 1.43659
v 7.5501 0.109815 1.362588
v 7.5501 0.103161 1.344205
v 7.5501 0.164423 1.362588
v 7.5501 0.170911 1.344205
v 7.5501 0.134145 1.430214
v 7.5501 0.126285 1.462405
v 7.5501 0.064315 1.299703
v 7.5501 0.087523 1.299703
v 7.5501 0.135554 1.435069
v 7.5501 0.136807 1.44161
v 7.5501 0.148744 1.462405
v 7.5501 0.137306 1.44161
v 7.5501 0.138621 1.434726
v 7.5501 0.139843 1.430214
v 7.5501 0.210713 1.299703
v 7.5501 0.187506 1.299703
v 7.55 0.109815 1.362588
v 7.55 0.164423 1.362588
v 7.55 0.139843 1.430214
v 7.55 0.137306 1.44161
v 7.55 0.138621 1.434726
v 7.55 0.136807 1.44161
v 7.55 0.134145 1.430214
v 7.55 0.135554 1.435069
v 7.5501 -1.39547 1.579724
v 7.5501 -1.369755 1.593503
v 7.5501 -1.375539 1.664819
v 7.5501 -1.171922 1.27173
v 7.5501 -1.158143 1.297445
v 7.5501 -1.15126 1.325972
v 7.5501 -1.303281 1.668155
v 7.5501 -1.26742 1.583709
v 7.5501 -1.249688 1.620394
v 7.5501 -1.328081 1.240357
v 7.5501 -1.375002 1.378958
v 7.5501 -1.350119 1.258173
v 7.5501 -1.366528 1.279897
v 7.5501 -0.900042 1.54021
v 7.5501 -0.881961 1.527927
v 7.5501 -0.822438 1.567247
v 7.5501 -1.400314 1.394568
v 7.5501 -1.390899 1.305868
v 7.5501 -1.376159 1.301453
v 7.5501 -1.329887 1.670469
v 7.5501 -0.988634 1.43564
v 7.5501 -1.024494 1.49695
v 7.5501 -1.150585 1.350038
v 7.5501 -1.179504 1.415975
v 7.5501 -1.150585 1.33847
v 7.5501 -1.212333 1.236219
v 7.5501 -1.18931 1.252284
v 7.5501 -1.290233 1.298425
v 7.5501 -1.279776 1.293935
v 7.5501 -1.301882 1.228282
v 7.5501 -1.269391 1.292242
v 7.5501 -1.274749 1.223093
v 7.5501 -1.26742 1.292198
v 7.5501 -1.266263 1.222791
v 7.5501 -1.255834 1.293692
v 7.5501 -1.238122 1.226275
v 7.5501 -1.245814 1.297695
v 7.5501 -1.237027 1.303997
v 7.5501 -1.230747 1.31109
v 7.5501 -0.798786 1.534366
v 7.5501 -0.867013 1.511222
v 7.5501 -0.784599 1.499048
v 7.5501 -0.856512 1.491059
v 7.5501 -0.779255 1.46109
v 7.5501 -1.279567 1.695773
v 7.5501 -1.22372 1.651374
v 7.5501 -1.252382 1.719054
v 7.5501 -1.192887 1.673903
v 7.5501 -1.224165 1.736535
v 7.5501 -1.341228 1.600386
v 7.5501 -1.32873 1.601061
v 7.5501 -1.316584 1.669746
v 7.5501 -1.301095 1.597575
v 7.5501 -1.275174 1.587973
v 7.5501 -1.225264 1.353439
v 7.5501 -1.222623 1.342713
v 7.5501 -1.222606 1.332128
v 7.5501 -1.225368 1.321026
v 7.5501 -0.95046 1.550163
v 7.5501 -0.941206 1.550163
v 7.5501 -0.893777 1.612629
v 7.5501 -0.920321 1.547722
v 7.5501 -0.888293 1.610789
v 7.5501 -0.85385 1.59375
v 7.5501 -0.822056 1.351195
v 7.5501 -0.878942 1.39415
v 7.5501 -0.853454 1.324601
v 7.5501 -0.896724 1.380974
v 7.5501 -0.888742 1.307308
v 7.5501 -0.917603 1.372488
v 7.5501 -0.927324 1.299139
v 7.5501 -0.934265 1.369703
v 7.5501 -0.995575 1.299139
v 7.5501 -0.98632 1.369703
v 7.5501 -1.002091 1.300189
v 7.5501 -1.310274 1.323145
v 7.5501 -1.305695 1.313421
v 7.5501 -1.299087 1.305212
v 7.5501 -1.312416 1.333993
v 7.5501 -1.311841 1.345268
v 7.5501 -1.373178 1.383593
v 7.5501 -1.308432 1.356155
v 7.5501 -1.359752 1.407326
v 7.5501 -1.302453 1.365723
v 7.5501 -1.339939 1.428413
v 7.5501 -1.29788 1.370558
v 7.5501 -1.315711 1.444003
v 7.5501 -1.288836 1.376989
v 7.5501 -1.289882 1.452829
v 7.5501 -1.278733 1.380977
v 7.5501 -1.266263 1.455306
v 7.5501 -1.26742 1.382428
v 7.5501 -1.248296 1.453939
v 7.5501 -1.25779 1.381382
v 7.5501 -1.220747 1.44611
v 7.5501 -1.247047 1.377536
v 7.5501 -1.196781 1.43223
v 7.5501 -1.237741 1.371254
v 7.5501 -1.230289 1.362936
v 7.5501 -0.851404 1.468753
v 7.5501 -0.850976 1.459933
v 7.5501 -0.784525 1.419951
v 7.5501 -0.853427 1.438748
v 7.5501 -0.799024 1.383311
v 7.5501 -0.861085 1.418015
v 7.5501 -0.873527 1.399787
v 7.5501 -0.956244 1.704015
v 7.5501 -1.001848 1.651161
v 7.5501 -0.918032 1.659826
v 7.5501 -0.975664 1.620071
v 7.5501 -0.9577 1.582857
v 7.5501 -1.440925 1.513524
v 7.5501 -1.516968 1.494022
v 7.5501 -1.444409 1.485382
v 7.5501 -1.517287 1.483069
v 7.5501 -1.442958 1.467129
v 7.5501 -1.511649 1.437594
v 7.5501 -1.434564 1.438865
v 7.5501 -1.495034 1.394538
v 7.5501 -1.421032 1.415901
v 7.5501 -1.468702 1.356979
v 7.5501 -1.432693 1.326256
v 7.5501 -1.418385 1.648161
v 7.5501 -1.455169 1.62228
v 7.5501 -1.414916 1.562336
v 7.5501 -1.462918 1.614943
v 7.5501 -1.430982 1.539313
v 7.5501 -1.490805 1.579166
v 7.5501 -1.509235 1.537502
v 7.5501 -1.170826 1.757112
v 7.5501 -1.155115 1.689244
v 7.5501 -1.113567 1.764169
v 7.5501 -1.11241 1.694761
v 7.5501 -1.065886 1.759159
v 7.5501 -1.073033 1.689901
v 7.5501 -1.007835 1.738703
v 7.5501 -1.036769 1.675966
v 7.5501 -1.004286 1.653377
v 7.5501 -0.992135 1.370779
v 7.5501 -1.019935 1.311272
v 7.5501 -1.017246 1.308535
v 7.5501 -0.988665 1.37001
v 7.5501 -1.009743 1.303201
v 7.5501 -1.029122 1.335
v 7.5501 -1.028024 1.326383
v 7.5501 -1.024977 1.318539
v 7.5501 -1.002225 1.36971
v 7.5501 -1.010163 1.366574
v 7.5501 -1.028828 1.339565
v 7.5501 -1.017276 1.361533
v 7.5501 -1.022056 1.356262
v 7.5501 -1.026505 1.348369
v 7.5501 -0.993261 1.37086
v 7.55 -1.26742 1.382428
v 7.55 -1.25779 1.381382
v 7.55 -1.247047 1.377536
v 7.55 -1.237741 1.371254
v 7.55 -1.230289 1.362936
v 7.55 -1.225264 1.353439
v 7.55 -1.222623 1.342713
v 7.55 -1.222606 1.332128
v 7.55 -1.225368 1.321026
v 7.55 -1.230747 1.31109
v 7.55 -1.237027 1.303997
v 7.55 -1.245814 1.297695
v 7.55 -1.255834 1.293692
v 7.55 -1.26742 1.292198
v 7.55 -1.269391 1.292242
v 7.55 -1.279776 1.293935
v 7.55 -1.290233 1.298425
v 7.55 -1.299087 1.305212
v 7.55 -1.305695 1.313421
v 7.55 -1.310274 1.323145
v 7.55 -1.312416 1.333993
v 7.55 -1.311841 1.345268
v 7.55 -1.308432 1.356155
v 7.55 -1.302453 1.365723
v 7.55 -1.29788 1.370558
v 7.55 -1.288836 1.376989
v 7.55 -1.278733 1.380977
usemtl 1
f 1// 2// 3//
f 4// 5// 6//
f 7// 8// 9//
f 10// 11// 12//
f 13// 14// 15//
f 15// 14// 16//
f 17// 18// 15//
f 15// 18// 19//
f 15// 19// 20//
f 20// 21// 15//
f 15// 21// 22//
f 15// 22// 13//
f 23// 24// 25//
f 25// 24// 26//
f 26// 24// 27//
f 26// 27// 28//
f 23// 25// 29//
f 29// 25// 30//
f 29// 30// 31//
f 32// 33// 30//
f 30// 33// 34//
f 30// 34// 35//
f 30// 36// 31//
f 31// 36// 37//
f 31// 37// 38//
f 38// 37// 39//
f 38// 39// 40//
f 35// 41// 30//
f 30// 41// 42//
f 30// 42// 36//
f 43// 44// 45//
f 43// 45// 46//
f 44// 47// 45//
f 45// 47// 48//
f 45// 48// 49//
f 49// 48// 50//
f 50// 51// 49//
f 49// 51// 52//
f 49// 52// 32//
f 32// 52// 53//
f 32// 53// 33//
f 54// 46// 55//
f 55// 46// 45//
f 55// 45// 56//
f 56// 45// 57//
f 56// 57// 58//
f 58// 57// 59//
f 60// 61// 57//
f 62// 63// 64//
f 64// 63// 65//
f 64// 65// 57//
f 57// 65// 66//
f 57// 66// 60//
f 67// 68// 69//
f 69// 68// 70//
f 69// 70// 64//
f 64// 70// 71//
f 64// 71// 62//
f 72// 73// 74//
f 74// 73// 75//
f 74// 75// 76//
f 77// 78// 75//
f 75// 78// 79//
f 75// 79// 76//
f 77// 80// 78//
f 78// 80// 81//
f 78// 81// 61//
f 61// 81// 82//
f 61// 82// 57//
f 57// 82// 83//
f 57// 83// 59//
f 84// 85// 73//
f 73// 85// 86//
f 73// 86// 87//
f 87// 88// 73//
f 73// 88// 89//
f 73// 89// 75//
f 90// 91// 92//
f 93// 94// 95//
f 96// 97// 84//
f 98// 99// 100//
f 100// 99// 101//
f 93// 95// 102//
f 96// 84// 103//
f 92// 91// 84//
f 84// 91// 104//
f 84// 104// 103//
f 94// 105// 95//
f 95// 105// 106//
f 95// 106// 107//
f 108// 109// 110//
f 110// 109// 111//
f 110// 111// 112//
f 112// 111// 113//
f 108// 114// 109//
f 109// 114// 115//
f 109// 115// 116//
f 116// 115// 117//
f 116// 117// 118//
f 119// 120// 121//
f 121// 120// 122//
f 121// 122// 95//
f 95// 122// 123//
f 95// 123// 102//
f 113// 124// 112//
f 112// 124// 125//
f 112// 125// 99//
f 99// 125// 126//
f 99// 126// 101//
f 127// 128// 85//
f 85// 128// 129//
f 85// 129// 130//
f 130// 131// 85//
f 85// 131// 132//
f 85// 132// 133//
f 133// 132// 119//
f 133// 119// 134//
f 134// 119// 121//
f 135// 136// 95//
f 95// 136// 137//
f 95// 137// 99//
f 99// 137// 138//
f 99// 138// 139//
f 97// 140// 84//
f 84// 140// 141//
f 84// 141// 85//
f 85// 141// 142//
f 85// 142// 127//
f 107// 143// 95//
f 95// 143// 144//
f 95// 144// 145//
f 145// 146// 95//
f 95// 146// 147//
f 95// 147// 135//
f 148// 149// 150//
f 148// 150// 151//
f 139// 152// 99//
f 99// 152// 150//
f 99// 150// 112//
f 112// 150// 149//
f 112// 149// 153//
f 153// 149// 154//
f 155// 156// 150//
f 150// 156// 157//
f 150// 157// 151//
f 158// 159// 160//
f 159// 161// 160//
f 160// 161// 162//
f 160// 162// 163//
f 164// 160// 165//
f 154// 149// 164//
f 164// 149// 166//
f 164// 166// 160//
f 160// 166// 167//
f 160// 167// 158//
f 165// 168// 164//
f 164// 168// 169//
f 164// 169// 170//
f 163// 162// 171//
f 171// 162// 172//
f 171// 172// 173//
f 173// 172// 174//
f 173// 174// 175//
f 176// 177// 170//
f 170// 177// 178//
f 170// 178// 164//
f 14// 179// 16//
f 16// 179// 180//
f 16// 180// 92//
f 92// 180// 181//
f 92// 181// 90//
f 182// 183// 184//
f 183// 182// 185//
f 185// 182// 186//
f 185// 186// 187//
f 188// 189// 190//
f 191// 192// 193//
f 190// 189// 194//
f 194// 189// 195//
f 194// 195// 187//
f 187// 195// 196//
f 187// 196// 185//
f 197// 198// 199//
f 197// 199// 200//
f 200// 199// 201//
f 200// 201// 202//
f 203// 204// 205//
f 205// 204// 206//
f 205// 206// 207//
f 208// 209// 202//
f 202// 209// 210//
f 211// 212// 213//
f 213// 212// 214//
f 213// 214// 201//
f 201// 214// 215//
f 201// 215// 202//
f 202// 215// 207//
f 202// 207// 208//
f 208// 207// 206//
f 198// 197// 216//
f 216// 197// 217//
f 216// 217// 218//
f 219// 220// 217//
f 217// 220// 221//
f 217// 221// 222//
f 223// 224// 225//
f 209// 226// 210//
f 210// 226// 218//
f 210// 218// 227//
f 227// 218// 217//
f 227// 217// 228//
f 228// 217// 222//
f 228// 222// 229//
f 229// 222// 225//
f 229// 225// 230//
f 230// 225// 224//
f 231// 232// 225//
f 225// 232// 233//
f 234// 235// 236//
f 236// 235// 237//
f 236// 237// 238//
f 233// 239// 225//
f 225// 239// 240//
f 225// 240// 241//
f 242// 243// 225//
f 225// 243// 244//
f 225// 244// 223//
f 231// 225// 236//
f 236// 225// 245//
f 236// 245// 234//
f 241// 246// 225//
f 225// 246// 247//
f 225// 247// 242//
f 248// 249// 219//
f 219// 249// 250//
f 219// 250// 220//
f 251// 252// 253//
f 253// 252// 254//
f 255// 256// 257//
f 257// 256// 258//
f 258// 259// 257//
f 257// 259// 260//
f 257// 260// 261//
f 255// 257// 262//
f 262// 257// 263//
f 262// 263// 264//
f 264// 263// 265//
f 265// 263// 266//
f 265// 266// 267//
f 268// 269// 12//
f 269// 270// 12//
f 12// 270// 271//
f 12// 271// 10//
f 268// 12// 272//
f 272// 12// 273//
f 272// 273// 274//
f 274// 273// 275//
f 275// 273// 276//
f 275// 276// 277//
f 228// 278// 227//
f 227// 278// 279//
f 227// 279// 280//
f 280// 279// 281//
f 280// 281// 282//
f 283// 3// 284//
f 284// 3// 285//
f 284// 285// 286//
f 286// 285// 287//
f 286// 287// 288//
f 288// 287// 289//
f 288// 289// 182//
f 182// 289// 290//
f 182// 290// 186//
f 291// 292// 283//
f 283// 292// 293//
f 283// 293// 3//
f 3// 293// 294//
f 3// 294// 288//
f 288// 294// 295//
f 288// 295// 286//
f 296// 297// 298//
f 298// 297// 299//
f 298// 299// 300//
f 300// 299// 301//
f 300// 301// 302//
f 302// 301// 303//
f 302// 303// 304//
f 304// 303// 305//
f 304// 305// 306//
f 306// 305// 307//
f 306// 307// 308//
f 9// 8// 309//
f 72// 310// 311//
f 67// 69// 312//
f 312// 69// 313//
f 312// 313// 314//
f 314// 313// 315//
f 314// 315// 316//
f 316// 315// 317//
f 316// 317// 318//
f 318// 317// 319//
f 318// 319// 320//
f 320// 319// 321//
f 320// 321// 322//
f 322// 321// 323//
f 322// 323// 324//
f 324// 323// 325//
f 324// 325// 326//
f 326// 325// 327//
f 326// 327// 328//
f 328// 327// 329//
f 328// 329// 330//
f 329// 4// 330//
f 330// 4// 6//
f 330// 6// 331//
f 331// 6// 332//
f 333// 334// 335//
f 335// 334// 336//
f 337// 338// 339//
f 340// 341// 342//
f 343// 344// 339//
f 339// 344// 345//
f 339// 345// 346//
f 333// 347// 334//
f 334// 347// 348//
f 334// 348// 349//
f 349// 348// 350//
f 351// 352// 350//
f 350// 352// 353//
f 350// 353// 349//
f 354// 355// 276//
f 276// 355// 356//
f 276// 356// 357//
f 358// 359// 340//
f 340// 359// 360//
f 340// 360// 341//
f 361// 362// 273//
f 273// 362// 363//
f 273// 363// 276//
f 276// 363// 364//
f 276// 364// 354//
f 365// 366// 350//
f 350// 366// 367//
f 350// 367// 368//
f 342// 369// 340//
f 340// 369// 370//
f 340// 370// 273//
f 273// 370// 336//
f 273// 336// 361//
f 361// 336// 334//
f 357// 371// 276//
f 276// 371// 372//
f 276// 372// 373//
f 368// 374// 350//
f 350// 374// 375//
f 350// 375// 351//
f 376// 377// 8//
f 8// 377// 378//
f 8// 378// 309//
f 309// 378// 310//
f 377// 379// 378//
f 378// 379// 380//
f 378// 380// 340//
f 340// 380// 381//
f 340// 381// 358//
f 382// 383// 276//
f 384// 385// 386//
f 387// 388// 389//
f 384// 386// 390//
f 385// 382// 386//
f 386// 382// 276//
f 386// 276// 337//
f 337// 276// 373//
f 337// 373// 338//
f 387// 389// 386//
f 386// 389// 391//
f 386// 391// 390//
f 392// 393// 394//
f 394// 393// 395//
f 394// 395// 337//
f 337// 395// 396//
f 337// 396// 386//
f 397// 398// 7//
f 9// 308// 7//
f 7// 308// 307//
f 7// 307// 397//
f 397// 307// 399//
f 397// 399// 400//
f 401// 402// 399//
f 403// 404// 405//
f 406// 407// 399//
f 399// 407// 408//
f 383// 409// 276//
f 276// 409// 410//
f 276// 410// 405//
f 405// 410// 411//
f 405// 411// 403//
f 404// 412// 405//
f 405// 412// 413//
f 405// 413// 414//
f 414// 413// 415//
f 414// 415// 401//
f 416// 417// 402//
f 402// 417// 418//
f 402// 418// 399//
f 399// 418// 419//
f 399// 419// 406//
f 408// 420// 399//
f 399// 420// 421//
f 399// 421// 400//
f 422// 423// 424//
f 424// 423// 425//
f 424// 425// 426//
f 424// 427// 422//
f 422// 427// 428//
f 422// 428// 429//
f 429// 430// 422//
f 422// 430// 431//
f 422// 431// 432//
f 432// 431// 433//
f 432// 433// 434//
f 434// 433// 435//
f 434// 435// 402//
f 402// 435// 436//
f 402// 436// 416//
f 437// 438// 426//
f 426// 438// 439//
f 426// 439// 424//
f 440// 441// 388//
f 388// 441// 442//
f 388// 442// 389//
f 440// 443// 441//
f 441// 443// 444//
f 441// 444// 445//
f 445// 444// 446//
f 445// 447// 448//
f 446// 449// 445//
f 445// 449// 450//
f 445// 450// 451//
f 451// 452// 445//
f 445// 452// 453//
f 445// 453// 447//
f 448// 454// 445//
f 445// 454// 455//
f 445// 455// 456//
f 457// 458// 459//
f 460// 461// 462//
f 463// 464// 465//
f 465// 464// 466//
f 465// 466// 467//
f 467// 466// 460//
f 467// 460// 468//
f 468// 460// 462//
f 469// 470// 399//
f 401// 399// 414//
f 414// 399// 470//
f 414// 470// 464//
f 464// 470// 471//
f 464// 471// 466//
f 472// 473// 469//
f 474// 475// 476//
f 476// 475// 477//
f 476// 477// 472//
f 472// 469// 476//
f 476// 469// 399//
f 476// 399// 478//
f 478// 399// 307//
f 478// 307// 479//
f 478// 480// 476//
f 476// 480// 481//
f 476// 481// 482//
f 483// 484// 305//
f 305// 484// 485//
f 305// 485// 307//
f 307// 485// 486//
f 307// 486// 479//
f 482// 487// 476//
f 476// 487// 488//
f 476// 488// 474//
f 489// 490// 303//
f 489// 303// 491//
f 490// 492// 303//
f 303// 492// 493//
f 303// 493// 305//
f 305// 493// 494//
f 305// 494// 483//
f 495// 496// 497//
f 497// 496// 498//
f 497// 498// 499//
f 500// 501// 502//
f 500// 503// 504//
f 504// 503// 505//
f 504// 505// 506//
f 506// 505// 507//
f 506// 507// 508//
f 509// 510// 511//
f 511// 510// 512//
f 511// 512// 502//
f 502// 512// 513//
f 502// 513// 500//
f 500// 513// 499//
f 500// 499// 503//
f 503// 499// 498//
f 514// 515// 516//
f 15// 517// 514//
f 15// 514// 263//
f 263// 514// 516//
f 263// 516// 266//
f 266// 516// 518//
f 266// 518// 519//
f 517// 15// 519//
f 519// 15// 16//
f 519// 16// 266//
f 266// 16// 92//
f 266// 92// 520//
f 521// 522// 523//
f 523// 522// 524//
f 523// 524// 525//
f 526// 527// 528//
f 528// 527// 525//
f 528// 525// 520//
f 520// 525// 524//
f 520// 524// 529//
f 529// 524// 530//
f 529// 530// 531//
f 72// 311// 73//
f 73// 311// 529//
f 73// 529// 84//
f 84// 529// 531//
f 84// 531// 92//
f 92// 531// 532//
f 92// 532// 520//
f 520// 532// 533//
f 520// 533// 528//
f 28// 17// 26//
f 26// 17// 15//
f 26// 15// 534//
f 534// 15// 263//
f 534// 263// 254//
f 254// 263// 257//
f 254// 257// 253//
f 253// 257// 261//
f 310// 378// 311//
f 311// 378// 340//
f 311// 340// 529//
f 529// 340// 273//
f 529// 273// 520//
f 520// 273// 12//
f 520// 12// 266//
f 266// 12// 11//
f 266// 11// 267//
f 346// 535// 339//
f 339// 535// 376//
f 339// 376// 337//
f 337// 376// 8//
f 337// 8// 394//
f 394// 8// 7//
f 394// 7// 392//
f 392// 7// 398//
f 282// 277// 280//
f 280// 277// 276//
f 280// 276// 227//
f 227// 276// 405//
f 227// 405// 210//
f 210// 405// 414//
f 210// 414// 202//
f 202// 414// 464//
f 202// 464// 190//
f 536// 537// 190//
f 200// 538// 194//
f 194// 538// 539//
f 194// 539// 540//
f 537// 541// 190//
f 190// 541// 542//
f 190// 542// 543//
f 543// 544// 190//
f 190// 544// 545//
f 190// 545// 202//
f 202// 545// 546//
f 202// 546// 200//
f 200// 546// 547//
f 200// 547// 538//
f 540// 548// 194//
f 194// 548// 549//
f 194// 549// 550//
f 550// 551// 194//
f 194// 551// 552//
f 194// 552// 190//
f 190// 552// 553//
f 190// 553// 536//
f 191// 459// 500//
f 500// 459// 458//
f 500// 458// 501//
f 251// 248// 252//
f 252// 248// 219//
f 252// 219// 554//
f 554// 219// 217//
f 554// 217// 555//
f 555// 217// 197//
f 555// 197// 556//
f 556// 197// 200//
f 556// 200// 557//
f 557// 200// 194//
f 557// 194// 558//
f 558// 194// 187//
f 558// 187// 559//
f 559// 187// 186//
f 559// 186// 560//
f 560// 186// 290//
f 561// 562// 288//
f 563// 564// 3//
f 3// 564// 565//
f 3// 2// 504//
f 504// 2// 566//
f 504// 566// 500//
f 500// 566// 567//
f 500// 567// 568//
f 565// 569// 3//
f 3// 569// 570//
f 3// 570// 1//
f 571// 192// 184//
f 184// 192// 191//
f 184// 191// 182//
f 182// 191// 500//
f 182// 500// 288//
f 288// 500// 568//
f 288// 568// 561//
f 562// 572// 288//
f 288// 572// 573//
f 288// 573// 574//
f 574// 575// 288//
f 288// 575// 576//
f 288// 576// 3//
f 3// 576// 577//
f 3// 577// 563//
f 193// 188// 191//
f 191// 188// 190//
f 191// 190// 459//
f 459// 190// 464//
f 459// 464// 457//
f 457// 464// 463//
f 457// 463// 508//
f 508// 463// 491//
f 508// 491// 506//
f 506// 491// 303//
f 506// 303// 504//
f 504// 303// 301//
f 504// 301// 3//
f 3// 301// 299//
f 3// 299// 285//
f 285// 299// 297//
f 578// 579// 580//
f 578// 580// 581//
f 581// 580// 582//
f 581// 582// 583//
f 584// 585// 586//
f 586// 585// 587//
f 586// 587// 588//
f 588// 587// 589//
f 590// 591// 592//
f 579// 578// 592//
f 592// 578// 593//
f 592// 593// 590//
f 590// 593// 594//
f 595// 596// 594//
f 594// 596// 597//
f 594// 597// 590//
f 590// 597// 598//
f 599// 600// 601//
f 602// 603// 604//
f 605// 606// 607//
f 608// 609// 610//
f 610// 609// 611//
f 612// 613// 604//
f 614// 615// 616//
f 617// 618// 598//
f 598// 618// 619//
f 598// 619// 590//
f 590// 619// 620//
f 621// 604// 622//
f 622// 604// 613//
f 622// 613// 623//
f 623// 613// 624//
f 625// 626// 627//
f 628// 629// 604//
f 590// 630// 631//
f 632// 633// 620//
f 620// 633// 634//
f 620// 634// 590//
f 590// 634// 635//
f 636// 637// 638//
f 639// 640// 641//
f 642// 643// 635//
f 635// 643// 644//
f 635// 644// 590//
f 590// 644// 645//
f 646// 647// 631//
f 631// 647// 648//
f 631// 648// 590//
f 590// 648// 649//
f 627// 628// 625//
f 625// 628// 604//
f 625// 604// 650//
f 650// 604// 621//
f 650// 621// 651//
f 651// 621// 652//
f 641// 602// 639//
f 639// 602// 604//
f 639// 604// 653//
f 653// 604// 629//
f 653// 629// 654//
f 654// 629// 655//
f 656// 657// 590//
f 601// 656// 599//
f 599// 656// 590//
f 599// 590// 658//
f 658// 590// 645//
f 658// 645// 659//
f 659// 645// 660//
f 661// 662// 657//
f 657// 662// 663//
f 657// 663// 590//
f 590// 663// 614//
f 590// 614// 630//
f 630// 614// 616//
f 664// 665// 649//
f 649// 665// 666//
f 649// 666// 590//
f 590// 666// 667//
f 668// 669// 667//
f 667// 669// 670//
f 667// 670// 590//
f 590// 670// 671//
f 607// 612// 605//
f 605// 612// 604//
f 605// 604// 611//
f 611// 604// 590//
f 611// 590// 610//
f 610// 590// 672//
f 673// 674// 671//
f 671// 674// 675//
f 671// 675// 590//
f 590// 675// 676//
f 677// 678// 676//
f 676// 678// 679//
f 676// 679// 590//
f 590// 679// 680//
f 681// 682// 680//
f 680// 682// 683//
f 680// 683// 590//
f 590// 683// 636//
f 590// 636// 672//
f 672// 636// 638//
f 684// 685// 686//
f 687// 688// 689//
f 687// 690// 691//
f 692// 693// 694//
f 695// 588// 589//
f 696// 697// 689//
f 689// 697// 698//
f 689// 698// 687//
f 687// 698// 699//
f 700// 701// 699//
f 699// 701// 702//
f 699// 702// 687//
f 687// 702// 684//
f 687// 684// 690//
f 690// 684// 686//
f 703// 704// 691//
f 691// 704// 705//
f 691// 705// 687//
f 687// 705// 706//
f 707// 708// 709//
f 710// 711// 694//
f 712// 713// 714//
f 714// 713// 715//
f 716// 717// 711//
f 711// 717// 718//
f 711// 718// 694//
f 694// 718// 719//
f 720// 721// 722//
f 723// 724// 719//
f 719// 724// 725//
f 719// 725// 694//
f 694// 725// 726//
f 727// 728// 729//
f 730// 731// 726//
f 726// 731// 732//
f 726// 732// 694//
f 694// 732// 695//
f 694// 695// 692//
f 692// 695// 589//
f 687// 733// 734//
f 735// 736// 737//
f 737// 736// 710//
f 737// 710// 687//
f 687// 710// 694//
f 738// 739// 706//
f 706// 739// 740//
f 706// 740// 687//
f 687// 740// 741//
f 742// 743// 744//
f 745// 746// 741//
f 741// 746// 747//
f 741// 747// 687//
f 687// 747// 748//
f 749// 714// 687//
f 687// 714// 715//
f 687// 715// 737//
f 722// 733// 720//
f 720// 733// 687//
f 720// 687// 750//
f 750// 687// 748//
f 750// 748// 751//
f 751// 748// 752//
f 687// 753// 754//
f 755// 756// 754//
f 754// 756// 757//
f 754// 757// 687//
f 687// 757// 758//
f 759// 760// 758//
f 758// 760// 761//
f 758// 761// 687//
f 687// 761// 707//
f 687// 707// 749//
f 749// 707// 709//
f 762// 763// 734//
f 734// 763// 764//
f 734// 764// 687//
f 687// 764// 765//
f 687// 766// 767//
f 768// 769// 767//
f 767// 769// 770//
f 767// 770// 687//
f 687// 770// 742//
f 687// 742// 753//
f 753// 742// 744//
f 771// 772// 765//
f 765// 772// 773//
f 765// 773// 687//
f 687// 773// 774//
f 775// 776// 774//
f 774// 776// 777//
f 774// 777// 687//
f 687// 777// 727//
f 687// 727// 766//
f 766// 727// 729//
f 596// 595// 778//
f 596// 778// 779//
f 779// 778// 780//
f 779// 780// 781//
f 782// 783// 784//
f 784// 783// 785//
f 784// 785// 730//
f 730// 785// 731//
f 786// 787// 788//
f 788// 787// 789//
f 788// 789// 617//
f 617// 789// 618//
f 724// 723// 790//
f 724// 790// 791//
f 791// 790// 792//
f 791// 792// 793//
f 794// 795// 796//
f 796// 795// 797//
f 796// 797// 632//
f 632// 797// 633//
f 717// 716// 798//
f 717// 798// 799//
f 799// 798// 800//
f 799// 800// 801//
f 643// 642// 802//
f 643// 802// 803//
f 803// 802// 804//
f 803// 804// 805//
f 806// 807// 808//
f 808// 807// 809//
f 808// 809// 735//
f 735// 809// 736//
f 810// 811// 812//
f 812// 811// 813//
f 812// 813// 660//
f 660// 813// 659//
f 713// 712// 814//
f 713// 814// 815//
f 815// 814// 816//
f 815// 816// 817//
f 818// 819// 820//
f 820// 819// 821//
f 820// 821// 600//
f 600// 821// 601//
f 709// 708// 822//
f 709// 822// 823//
f 823// 822// 824//
f 823// 824// 825//
f 662// 661// 826//
f 662// 826// 827//
f 827// 826// 828//
f 827// 828// 829//
f 830// 831// 832//
f 832// 831// 833//
f 832// 833// 759//
f 759// 833// 760//
f 616// 615// 834//
f 616// 834// 835//
f 835// 834// 836//
f 835// 836// 837//
f 838// 839// 840//
f 840// 839// 841//
f 840// 841// 755//
f 755// 841// 756//
f 842// 843// 844//
f 844// 843// 845//
f 844// 845// 646//
f 646// 845// 647//
f 744// 743// 846//
f 744// 846// 847//
f 847// 846// 848//
f 847// 848// 849//
f 850// 851// 852//
f 852// 851// 853//
f 852// 853// 664//
f 664// 853// 665//
f 769// 768// 854//
f 769// 854// 855//
f 855// 854// 856//
f 855// 856// 857//
f 858// 859// 860//
f 860// 859// 861//
f 860// 861// 668//
f 668// 861// 669//
f 729// 728// 862//
f 729// 862// 863//
f 863// 862// 864//
f 863// 864// 865//
f 674// 673// 866//
f 674// 866// 867//
f 867// 866// 868//
f 867// 868// 869//
f 870// 871// 872//
f 872// 871// 873//
f 872// 873// 775//
f 775// 873// 776//
f 874// 875// 876//
f 876// 875// 877//
f 876// 877// 677//
f 677// 877// 678//
f 772// 771// 878//
f 772// 878// 879//
f 879// 878// 880//
f 879// 880// 881//
f 882// 883// 884//
f 884// 883// 885//
f 884// 885// 681//
f 681// 885// 682//
f 763// 762// 886//
f 763// 886// 887//
f 887// 886// 888//
f 887// 888// 889//
f 638// 637// 890//
f 638// 890// 891//
f 891// 890// 892//
f 891// 892// 893//
f 894// 895// 896//
f 896// 895// 897//
f 896// 897// 721//
f 721// 897// 722//
f 609// 608// 898//
f 609// 898// 899//
f 899// 898// 900//
f 899// 900// 901//
f 902// 903// 904//
f 904// 903// 905//
f 904// 905// 752//
f 752// 905// 751//
f 607// 606// 906//
f 607// 906// 907//
f 907// 906// 908//
f 907// 908// 909//
f 910// 911// 912//
f 912// 911// 913//
f 912// 913// 745//
f 745// 913// 746//
f 914// 915// 916//
f 916// 915// 917//
f 916// 917// 624//
f 624// 917// 623//
f 739// 738// 918//
f 739// 918// 919//
f 919// 918// 920//
f 919// 920// 921//
f 651// 652// 922//
f 651// 922// 923//
f 923// 922// 924//
f 923// 924// 925//
f 926// 927// 928//
f 928// 927// 929//
f 928// 929// 703//
f 703// 929// 704//
f 627// 626// 930//
f 627// 930// 931//
f 931// 930// 932//
f 931// 932// 933//
f 934// 935// 936//
f 936// 935// 937//
f 936// 937// 685//
f 685// 937// 686//
f 654// 655// 938//
f 654// 938// 939//
f 939// 938// 940//
f 939// 940// 941//
f 942// 943// 944//
f 944// 943// 945//
f 944// 945// 700//
f 700// 945// 701//
f 946// 947// 948//
f 948// 947// 949//
usemtl 2
f 950// 951// 952//
f 952// 951// 953//
usemtl 1
f 954// 955// 956//
f 956// 955// 957//
f 957// 955// 958//
f 957// 958// 959//
f 959// 958// 960//
f 961// 962// 963//
f 964// 965// 966//
f 966// 965// 961//
f 966// 961// 967//
f 967// 961// 963//
usemtl 2
f 968// 969// 964//
f 966// 970// 964//
f 964// 970// 971//
f 964// 971// 968//
usemtl 1
f 972// 973// 974//
f 960// 958// 975//
f 975// 958// 955//
f 975// 955// 954//
f 974// 976// 977//
f 954// 972// 975//
f 975// 972// 974//
f 975// 974// 978//
f 978// 974// 977//
usemtl 2
f 979// 980// 981//
f 981// 980// 982//
f 981// 982// 983//
f 984// 981// 985//
f 985// 981// 986//
f 983// 987// 981//
f 981// 987// 988//
f 981// 988// 986//
usemtl 1
f 331// 989// 68//
f 68// 989// 990//
f 991// 992// 993//
f 993// 992// 994//
f 993// 994// 995//
f 991// 996// 992//
f 997// 998// 992//
f 992// 998// 999//
f 992// 999// 994//
f 1000// 1001// 1002//
f 1003// 1004// 1000//
f 1000// 1004// 1005//
f 1000// 1005// 1001//
f 1002// 1006// 1000//
f 1000// 1006// 997//
f 1000// 997// 996//
f 996// 997// 992//
usemtl 2
f 997// 1007// 998//
f 998// 1007// 1008//
f 998// 1008// 1009//
f 997// 1006// 1007//
f 1007// 1006// 1010//
usemtl 1
f 1011// 1012// 1013//
f 969// 968// 1014//
f 1014// 968// 1015//
f 1014// 1015// 1016//
f 1016// 1017// 1014//
f 1014// 1017// 1018//
f 1014// 1018// 1013//
f 1013// 1018// 1019//
f 1013// 1019// 1011//
usemtl 2
f 1020// 1018// 1017//
f 1020// 1017// 1021//
f 1021// 1017// 1016//
f 1021// 1016// 1022//
f 1022// 1016// 1015//
f 1022// 1015// 1023//
f 1023// 1015// 968//
f 1023// 968// 971//
f 1020// 1024// 1025//
f 1004// 1012// 1011//
f 1005// 1004// 1026//
f 1026// 1027// 1005//
f 1005// 1027// 1028//
f 1005// 1028// 1001//
f 1001// 1028// 1029//
f 1001// 1029// 1002//
f 1002// 1029// 1010//
f 1002// 1010// 1006//
f 1004// 1011// 1026//
f 1026// 1011// 1019//
f 1026// 1019// 1025//
f 1025// 1019// 1018//
f 1025// 1018// 1020//
usemtl 1
f 1003// 1013// 1004//
f 1004// 1013// 1012//
f 993// 25// 991//
f 991// 25// 560//
f 991// 560// 996//
f 996// 560// 1000//
f 4// 64// 1030//
f 1030// 64// 1031//
f 1032// 1033// 1034//
f 1034// 1033// 1030//
f 1034// 1030// 1035//
f 1035// 1030// 1031//
f 1035// 1031// 1036//
f 1036// 1031// 1037//
f 989// 1038// 1039//
f 1040// 1041// 1042//
f 1039// 1040// 989//
f 989// 1040// 1042//
f 989// 1042// 990//
f 990// 1042// 1043//
f 1044// 1045// 990//
f 1043// 1046// 990//
f 990// 1046// 1047//
f 990// 1047// 1048//
f 1048// 1049// 990//
f 990// 1049// 1050//
f 990// 1050// 1044//
f 1045// 1051// 990//
f 990// 1051// 1052//
f 990// 1052// 1053//
f 1053// 1052// 1054//
f 1055// 1038// 1056//
f 1056// 1038// 989//
f 331// 332// 989//
f 989// 332// 1057//
f 989// 1057// 1056//
f 1056// 1057// 1058//
usemtl 3
f 1059// 1060// 1061//
f 1061// 1060// 1062//
f 1063// 1036// 1064//
f 1064// 1036// 1065//
f 1063// 1066// 1036//
f 1036// 1066// 1067//
f 1036// 1067// 1062//
f 1068// 1069// 1036//
f 1036// 1069// 1070//
f 1036// 1070// 1035//
f 1062// 1071// 1036//
f 1036// 1071// 1072//
f 1036// 1072// 1068//
f 1073// 1074// 1075//
f 1075// 1074// 1076//
f 1075// 1076// 1077//
f 1077// 1076// 1078//
f 1077// 1078// 1079//
f 1079// 1078// 1080//
f 1079// 1080// 1081//
f 1081// 1080// 1082//
f 1081// 1082// 1083//
f 1083// 1082// 1084//
f 1083// 1084// 1085//
f 1085// 1084// 1086//
f 1085// 1086// 1060//
f 1060// 1086// 1087//
f 1060// 1087// 1062//
f 1062// 1087// 1088//
f 1062// 1088// 1071//
f 1060// 1059// 1089//
f 1060// 1089// 1085//
f 1085// 1089// 1090//
f 1085// 1090// 1083//
f 1083// 1090// 1091//
f 1083// 1091// 1081//
f 1081// 1091// 1092//
f 1081// 1092// 1079//
f 1079// 1092// 1093//
f 1079// 1093// 1077//
f 1077// 1093// 1094//
f 1077// 1094// 1075//
f 1095// 1073// 1094//
f 1094// 1073// 1075//
f 1096// 1074// 1095//
f 1095// 1074// 1073//
f 1097// 1076// 1096//
f 1096// 1076// 1074//
f 1076// 1097// 1078//
f 1078// 1097// 1098//
f 1078// 1098// 1080//
f 1080// 1098// 1099//
f 1080// 1099// 1082//
f 1082// 1099// 1100//
f 1082// 1100// 1084//
f 1084// 1100// 1101//
f 1084// 1101// 1086//
f 1086// 1101// 1102//
f 1086// 1102// 1087//
f 1087// 1102// 1103//
f 1104// 1105// 1032//
f 1032// 1061// 1106//
f 1106// 1107// 1032//
f 1032// 1107// 1108//
f 1032// 1108// 1104//
f 1034// 1109// 1032//
f 1032// 1109// 1110//
f 1110// 1111// 1032//
f 1032// 1111// 1112//
f 1032// 1112// 1061//
f 1096// 1095// 1097//
f 1097// 1095// 1094//
f 1097// 1094// 1098//
f 1098// 1094// 1093//
f 1098// 1093// 1099//
f 1099// 1093// 1092//
f 1099// 1092// 1100//
f 1100// 1092// 1091//
f 1100// 1091// 1101//
f 1101// 1091// 1090//
f 1101// 1090// 1102//
f 1102// 1090// 1089//
f 1102// 1089// 1103//
f 1103// 1089// 1059//
f 1103// 1059// 1113//
f 1113// 1059// 1061//
f 1113// 1061// 1114//
f 1114// 1061// 1112//
f 1113// 1088// 1103//
f 1103// 1088// 1087//
f 1088// 1113// 1071//
f 1071// 1113// 1114//
f 1071// 1114// 1072//
f 1072// 1114// 1112//
f 1072// 1112// 1068//
f 1068// 1112// 1111//
f 1068// 1111// 1069//
f 1069// 1111// 1110//
f 1069// 1110// 1070//
f 1070// 1110// 1109//
f 1070// 1109// 1035//
f 1035// 1109// 1034//
f 1065// 1105// 1104//
f 1065// 1104// 1064//
f 1064// 1104// 1108//
f 1064// 1108// 1063//
f 1063// 1108// 1107//
f 1063// 1107// 1066//
f 1066// 1107// 1106//
f 1066// 1106// 1067//
f 1067// 1106// 1061//
f 1067// 1061// 1062//
usemtl 1
f 332// 5// 1057//
f 1057// 5// 1033//
f 1036// 1037// 1065//
f 1065// 1037// 1115//
f 1065// 1115// 1105//
f 1105// 1115// 1057//
f 1105// 1057// 1032//
f 1032// 1057// 1033//
usemtl 2
f 1116// 1117// 1118//
f 1118// 1119// 1116//
f 1116// 1119// 1120//
f 1116// 1120// 1121//
f 1121// 1122// 1116//
f 1116// 1122// 1123//
f 1116// 1123// 1124//
f 1125// 1126// 1127//
f 1128// 1129// 1008//
f 1008// 1129// 1125//
f 1125// 1127// 1130//
f 1130// 1127// 1131//
f 1130// 1131// 1132//
f 1130// 994// 1125//
f 1125// 994// 999//
f 1125// 999// 1008//
f 1008// 999// 1009//
usemtl 1
f 969// 1014// 964//
f 964// 1014// 965//
usemtl 2
f 972// 1133// 1134//
f 970// 966// 967//
f 970// 967// 1135//
f 1135// 967// 963//
f 1135// 963// 1134//
f 1134// 963// 962//
f 1134// 962// 972//
usemtl 1
f 296// 1042// 961//
f 961// 1042// 1041//
f 1003// 1000// 1013//
f 1013// 1000// 560//
f 1013// 560// 1014//
f 1014// 560// 296//
f 1014// 296// 965//
f 965// 296// 961//
usemtl 2
f 1136// 982// 1137//
f 1137// 982// 980//
f 1137// 980// 1138//
f 1138// 980// 1139//
usemtl 1
f 1140// 1141// 1142//
f 1142// 1141// 1143//
usemtl 2
f 1144// 983// 1136//
f 1136// 983// 982//
f 1145// 1144// 1146//
f 1146// 1144// 1136//
f 1146// 1136// 1132//
f 1132// 1136// 1130//
usemtl 1
f 1147// 953// 1148//
f 1148// 953// 951//
usemtl 2
f 1149// 1150// 1151//
f 1151// 1150// 1152//
usemtl 1
f 4// 1030// 5//
f 5// 1030// 1033//
usemtl 2
f 1147// 1153// 953//
f 953// 1153// 952//
usemtl 1
f 1154// 959// 960//
f 975// 1155// 960//
f 960// 1155// 1156//
f 960// 1156// 1154//
f 1157// 1058// 1115//
f 1115// 1058// 1057//
f 1148// 948// 1147//
f 1147// 948// 1158//
f 1147// 1158// 1153//
f 1148// 999// 948//
f 948// 999// 998//
f 948// 998// 946//
f 1159// 1160// 1055//
f 1159// 1055// 1161//
f 1161// 1055// 1056//
f 1161// 1056// 1162//
usemtl 2
f 1137// 1138// 1163//
f 1163// 1138// 1164//
f 1165// 1166// 1167//
f 1168// 1146// 1169//
f 1169// 1146// 1132//
f 1169// 1132// 1131//
f 1170// 1171// 1165//
f 1172// 1173// 1127//
f 1174// 1175// 1126//
f 1126// 1175// 1176//
f 1167// 1146// 1165//
f 1165// 1146// 1168//
f 1165// 1168// 1170//
f 1170// 1168// 1172//
f 1170// 1172// 1176//
f 1176// 1172// 1127//
f 1176// 1127// 1126//
usemtl 1
f 949// 1177// 948//
f 948// 1177// 1158//
usemtl 2
f 983// 1144// 1178//
f 983// 1178// 987//
f 987// 1178// 1179//
f 987// 1179// 988//
f 988// 1179// 1180//
f 988// 1180// 986//
f 986// 1180// 1181//
f 986// 1181// 985//
f 985// 1181// 1182//
f 985// 1182// 984//
f 984// 1182// 1183//
f 984// 1183// 981//
usemtl 1
f 1184// 1185// 1186//
f 1186// 1185// 1187//
f 1188// 1189// 977//
f 977// 1189// 978//
f 1131// 1127// 1190//
f 1190// 1127// 1174//
f 1190// 1174// 1191//
f 1191// 1174// 1192//
f 1191// 1192// 1193//
f 1193// 1192// 1194//
f 1193// 1194// 1195//
f 1196// 1197// 1198//
f 1198// 1197// 1193//
f 1198// 1193// 1199//
f 1199// 1193// 1195//
usemtl 2
f 1200// 1201// 1202//
f 1203// 1204// 1202//
f 1202// 1204// 1205//
f 1202// 1205// 1206//
f 1206// 1207// 1202//
f 1202// 1207// 1208//
f 1202// 1208// 1200//
usemtl 1
f 1189// 1155// 978//
f 978// 1155// 975//
f 947// 1209// 949//
f 949// 1209// 1177//
f 1043// 74// 1046//
f 1046// 74// 76//
f 1046// 76// 1047//
f 1047// 76// 79//
f 1047// 79// 1048//
f 1048// 79// 78//
f 1048// 78// 1049//
f 1049// 78// 61//
f 1049// 61// 1050//
f 1050// 61// 60//
f 1050// 60// 1044//
f 1044// 60// 66//
f 1044// 66// 1045//
f 1045// 66// 65//
f 1045// 65// 1051//
f 1051// 65// 63//
f 1051// 63// 1052//
f 1052// 63// 62//
f 1052// 62// 1054//
f 1054// 62// 71//
f 1054// 71// 1053//
f 1053// 71// 70//
f 1053// 70// 990//
f 990// 70// 68//
usemtl 2
f 1210// 1211// 1212//
f 1212// 1211// 1213//
usemtl 1
f 1040// 973// 1041//
f 1041// 973// 972//
f 1041// 972// 961//
f 961// 972// 962//
f 1043// 1042// 74//
f 74// 1042// 296//
f 1214// 1215// 1216//
f 1214// 1216// 1217//
f 1215// 1218// 1216//
f 1216// 1218// 1219//
f 1216// 1219// 1220//
f 1220// 1219// 1221//
f 1220// 1221// 1222//
f 1222// 1223// 1220//
f 1220// 1223// 1224//
f 1220// 1224// 1225//
f 1225// 1226// 1220//
f 1220// 1226// 1227//
f 1220// 1227// 1228//
f 1228// 1227// 1229//
f 1228// 1229// 1230//
f 1230// 1229// 1231//
f 1232// 1233// 1216//
f 1216// 1233// 1234//
f 1216// 1234// 1217//
usemtl 2
f 1235// 1164// 1138//
f 1139// 1236// 1138//
f 1138// 1236// 1237//
f 1138// 1237// 1235//
usemtl 1
f 1141// 1238// 1143//
f 1143// 1238// 1239//
f 1239// 1240// 973//
f 973// 1240// 974//
f 973// 1040// 1239//
f 1239// 1040// 1039//
f 1239// 1039// 1143//
f 1143// 1039// 1241//
usemtl 2
f 1242// 1133// 954//
f 954// 1133// 972//
f 1243// 1244// 957//
f 957// 1244// 1242//
f 957// 1242// 956//
f 956// 1242// 954//
usemtl 1
f 1245// 1142// 1241//
f 1241// 1142// 1143//
usemtl 2
f 995// 994// 1130//
f 999// 1148// 951//
f 947// 946// 998//
f 999// 951// 1009//
f 1244// 1243// 1209//
f 1136// 1137// 1244//
f 1244// 1137// 1163//
f 1130// 1136// 995//
f 995// 1136// 1244//
f 995// 1244// 950//
f 950// 1244// 1209//
f 950// 1209// 951//
f 951// 1209// 947//
f 951// 947// 1009//
f 1009// 947// 998//
f 1025// 1024// 1246//
f 1128// 1008// 1246//
f 1246// 1008// 1007//
f 1007// 1010// 1246//
f 1246// 1010// 1029//
f 1246// 1029// 1028//
f 1028// 1027// 1246//
f 1246// 1027// 1026//
f 1246// 1026// 1025//
f 1247// 1248// 1240//
f 1240// 1022// 1023//
f 1022// 1240// 1021//
f 1021// 1240// 1239//
f 1021// 1239// 1020//
f 1242// 1247// 1133//
f 1133// 1247// 1240//
f 1133// 1240// 1134//
f 1134// 1240// 1135//
f 1023// 971// 1240//
f 1240// 971// 970//
f 1240// 970// 1135//
usemtl 1
f 974// 1240// 976//
f 976// 1240// 1248//
f 1020// 1239// 1024//
f 1024// 1239// 1238//
f 1024// 1238// 1246//
f 1246// 1238// 1249//
usemtl 2
f 1139// 980// 1236//
f 1236// 980// 979//
f 1247// 1242// 1235//
f 1235// 1242// 1244//
f 1235// 1244// 1164//
f 1164// 1244// 1163//
f 1168// 1213// 1172//
f 1172// 1213// 1211//
usemtl 1
f 688// 687// 1159//
f 1159// 687// 1160//
f 1161// 1162// 603//
f 603// 1162// 604//
usemtl 2
f 1144// 1145// 1151//
f 1179// 1178// 1144//
f 1151// 1152// 1144//
f 1144// 1152// 1183//
f 1144// 1183// 1182//
f 1182// 1181// 1144//
f 1144// 1181// 1180//
f 1144// 1180// 1179//
f 1126// 1125// 1174//
f 1174// 1125// 1250//
f 1174// 1250// 1192//
f 1251// 1149// 1167//
f 1167// 1149// 1151//
f 1167// 1151// 1146//
f 1146// 1151// 1145//
f 1166// 1252// 1167//
f 1167// 1252// 1251//
f 1252// 1166// 1253//
f 1253// 1166// 1165//
f 1253// 1165// 1254//
f 1254// 1165// 1255//
f 1165// 1171// 1255//
f 1255// 1171// 1256//
f 1257// 1255// 1184//
f 1184// 1255// 1256//
f 1184// 1256// 1185//
f 1185// 1256// 1258//
usemtl 1
f 1259// 1260// 1261//
f 1261// 1260// 1257//
f 1261// 1257// 1186//
f 1186// 1257// 1184//
f 1187// 1258// 1186//
f 1186// 1258// 1256//
f 1186// 1256// 1261//
f 1261// 1256// 1262//
f 1189// 1188// 1263//
f 1261// 1262// 1259//
f 1259// 1262// 1156//
f 1259// 1156// 1263//
f 1263// 1156// 1155//
f 1263// 1155// 1189//
f 1263// 1188// 1248//
f 1248// 1188// 977//
f 1248// 977// 976//
usemtl 2
f 1203// 1124// 1204//
f 1204// 1124// 1123//
f 1204// 1123// 1122//
f 1204// 1122// 1205//
f 1205// 1122// 1121//
f 1205// 1121// 1206//
f 1206// 1121// 1120//
f 1206// 1120// 1207//
f 1207// 1120// 1119//
f 1207// 1119// 1208//
f 1208// 1119// 1118//
f 1208// 1118// 1200//
f 1200// 1118// 1117//
f 1200// 1117// 1201//
usemtl 1
f 942// 944// 941//
f 941// 944// 939//
f 902// 904// 901//
f 901// 904// 899//
f 888// 886// 883//
f 883// 886// 885//
f 856// 854// 851//
f 851// 854// 853//
f 824// 822// 819//
f 819// 822// 821//
f 794// 796// 801//
f 801// 796// 799//
f 800// 798// 795//
f 795// 798// 797//
f 641// 640// 1264//
f 641// 1264// 1265//
f 1265// 1264// 1266//
f 1265// 1266// 1267//
f 1268// 1269// 1270//
f 1270// 1269// 1271//
f 1270// 1271// 696//
f 696// 1271// 697//
f 795// 794// 800//
f 800// 794// 801//
f 804// 802// 807//
f 807// 802// 809//
f 806// 808// 805//
f 805// 808// 803//
f 805// 804// 806//
f 806// 804// 807//
f 810// 812// 817//
f 817// 812// 815//
f 828// 826// 831//
f 831// 826// 833//
f 830// 832// 829//
f 829// 832// 827//
f 829// 828// 830//
f 830// 828// 831//
f 836// 834// 839//
f 839// 834// 841//
f 858// 860// 865//
f 865// 860// 863//
f 864// 862// 859//
f 859// 862// 861//
f 859// 858// 864//
f 864// 858// 865//
f 868// 866// 871//
f 871// 866// 873//
f 870// 872// 869//
f 869// 872// 867//
f 869// 868// 870//
f 870// 868// 871//
f 874// 876// 881//
f 881// 876// 879//
f 892// 890// 895//
f 895// 890// 897//
f 908// 906// 911//
f 911// 906// 913//
f 910// 912// 909//
f 909// 912// 907//
f 909// 908// 910//
f 910// 908// 911//
f 914// 916// 921//
f 921// 916// 919//
f 920// 918// 915//
f 915// 918// 917//
f 915// 914// 920//
f 920// 914// 921//
f 924// 922// 927//
f 927// 922// 929//
f 1266// 1264// 1269//
f 1269// 1264// 1271//
f 1272// 1273// 1274//
f 1274// 1273// 1275//
f 1276// 1277// 1278//
f 1279// 1280// 1281//
f 1281// 1280// 1282//
f 1281// 1282// 1283//
f 1283// 1282// 1284//
f 1277// 1280// 1279//
f 1285// 1286// 1287//
f 1288// 1278// 1287//
f 1287// 1278// 1277//
f 1287// 1277// 1285//
f 1285// 1277// 1279//
f 1289// 1288// 1287//
f 1290// 1291// 1292//
f 1292// 1291// 1293//
f 1294// 1292// 1293//
f 1295// 1296// 1293//
f 1293// 1296// 1297//
f 1293// 1297// 1294//
f 1298// 1299// 1300//
f 1300// 1299// 1301//
f 1302// 1129// 1303//
f 1303// 1129// 1128//
f 1246// 1249// 1128//
f 1128// 1249// 1272//
f 1128// 1272// 1274//
f 1274// 1290// 1128//
f 1128// 1290// 1292//
f 1128// 1292// 1300//
f 1300// 1301// 1128//
f 1128// 1301// 1284//
f 1128// 1284// 1304//
f 1302// 1305// 1129//
f 1129// 1305// 1306//
f 1129// 1306// 1307//
f 1307// 1308// 1129//
f 1129// 1308// 1309//
f 1129// 1309// 1310//
f 1310// 1311// 1129//
f 1129// 1311// 1312//
f 1129// 1312// 1313//
f 1304// 1314// 1128//
f 1128// 1314// 1315//
f 1128// 1315// 1316//
f 1313// 1317// 1129//
f 1129// 1317// 1318//
f 1129// 1318// 1319//
f 1319// 1320// 1129//
f 1129// 1320// 1321//
f 1129// 1321// 1322//
f 1316// 1323// 1128//
f 1128// 1323// 1324//
f 1128// 1324// 1325//
f 1325// 1326// 1128//
f 1128// 1326// 1327//
f 1128// 1327// 1328//
f 1328// 1329// 1128//
f 1128// 1329// 1330//
f 1128// 1330// 1331//
f 1322// 1332// 1129//
f 1129// 1332// 1333//
f 1129// 1333// 1334//
f 1331// 1335// 1128//
f 1128// 1335// 1336//
f 1128// 1336// 1303//
f 1334// 1337// 1129//
f 1129// 1337// 1338//
f 1129// 1338// 1339//
f 1339// 1340// 1129//
f 1129// 1340// 1341//
f 1129// 1341// 1342//
f 1284// 1301// 1343//
f 1284// 1343// 1283//
f 1283// 1343// 1344//
f 1283// 1344// 1281//
f 1281// 1344// 1285//
f 1281// 1285// 1279//
f 1343// 1301// 1299//
f 1286// 1285// 1299//
f 1299// 1285// 1344//
f 1299// 1344// 1343//
f 1345// 1289// 1286//
f 1286// 1289// 1287//
f 1346// 1345// 1347//
f 1347// 1345// 1286//
f 1347// 1286// 1298//
f 1298// 1286// 1299//
f 1348// 1347// 1349//
f 1349// 1347// 1298//
f 1349// 1298// 1350//
f 1350// 1298// 1300//
f 1346// 1347// 1348//
f 1296// 1295// 1351//
f 1352// 1353// 1351//
f 1351// 1353// 1346//
f 1351// 1346// 1296//
f 1296// 1346// 1348//
f 1300// 1292// 1294//
f 1300// 1294// 1350//
f 1350// 1294// 1297//
f 1350// 1297// 1349//
f 1349// 1297// 1296//
f 1349// 1296// 1348//
f 1345// 1346// 1353//
f 1276// 1354// 1355//
f 1355// 1354// 1356//
f 1277// 1276// 1280//
f 1280// 1276// 1355//
f 1280// 1355// 1282//
f 1282// 1355// 1357//
f 1358// 1359// 1360//
f 1361// 1355// 1356//
f 1362// 1363// 1356//
f 1356// 1363// 1358//
f 1356// 1358// 1361//
f 1361// 1358// 1360//
f 1364// 1358// 1363//
f 1314// 1365// 1315//
f 1315// 1365// 1366//
f 1367// 1315// 1366//
f 1368// 1369// 1366//
f 1366// 1369// 1370//
f 1366// 1370// 1367//
f 1371// 1372// 1373//
f 1373// 1372// 1374//
f 1375// 1371// 1376//
f 1376// 1371// 1373//
f 1376// 1373// 1377//
f 1377// 1373// 1378//
f 1377// 1378// 1316//
f 1316// 1378// 1323//
f 1379// 1373// 1380//
f 1380// 1373// 1374//
f 1381// 1380// 1382//
f 1382// 1380// 1374//
f 1382// 1374// 1383//
f 1383// 1374// 1384//
f 1385// 1382// 1383//
f 1385// 1386// 1387//
f 1387// 1386// 1388//
f 1382// 1385// 1381//
f 1381// 1385// 1387//
f 1381// 1387// 1389//
f 1389// 1387// 1390//
f 1324// 1389// 1325//
f 1325// 1389// 1390//
f 1391// 1325// 1390//
f 1387// 1392// 1390//
f 1390// 1392// 1393//
f 1390// 1393// 1391//
f 1326// 1394// 1327//
f 1327// 1394// 1395//
f 1396// 1327// 1395//
f 1397// 1398// 1395//
f 1395// 1398// 1399//
f 1395// 1399// 1396//
f 1400// 1401// 1402//
f 1402// 1401// 1403//
f 1404// 1400// 1405//
f 1405// 1400// 1402//
f 1405// 1402// 1406//
f 1406// 1402// 1407//
f 1406// 1407// 1328//
f 1328// 1407// 1329//
f 1408// 1329// 1407//
f 1402// 1409// 1407//
f 1407// 1409// 1410//
f 1407// 1410// 1408//
f 1330// 1411// 1331//
f 1331// 1411// 1412//
f 1413// 1331// 1412//
f 1414// 1415// 1412//
f 1412// 1415// 1416//
f 1412// 1416// 1413//
f 1335// 1417// 1336//
f 1336// 1417// 1418//
f 1419// 1336// 1418//
f 1420// 1421// 1418//
f 1418// 1421// 1422//
f 1418// 1422// 1419//
f 1423// 1424// 1425//
f 1425// 1424// 1426//
f 1427// 1423// 1428//
f 1428// 1423// 1425//
f 1428// 1425// 1429//
f 1429// 1425// 1430//
f 1303// 1429// 1302//
f 1302// 1429// 1430//
f 1431// 1302// 1430//
f 1425// 1432// 1430//
f 1430// 1432// 1433//
f 1430// 1433// 1431//
f 1305// 1434// 1306//
f 1306// 1434// 1435//
f 1436// 1306// 1435//
f 1437// 1438// 1435//
f 1435// 1438// 1439//
f 1435// 1439// 1436//
f 1440// 1441// 1442//
f 1442// 1441// 1443//
f 1444// 1440// 1445//
f 1445// 1440// 1442//
f 1445// 1442// 1446//
f 1446// 1442// 1447//
f 1307// 1446// 1308//
f 1308// 1446// 1447//
f 1309// 1448// 1310//
f 1310// 1448// 1449//
f 1450// 1310// 1449//
f 1451// 1452// 1449//
f 1449// 1452// 1453//
f 1449// 1453// 1450//
f 1454// 1455// 1456//
f 1456// 1455// 1457//
f 1458// 1454// 1459//
f 1459// 1454// 1456//
f 1459// 1456// 1460//
f 1460// 1456// 1461//
f 1311// 1460// 1312//
f 1312// 1460// 1461//
f 1462// 1312// 1461//
f 1456// 1463// 1461//
f 1461// 1463// 1464//
f 1461// 1464// 1462//
f 1455// 1465// 1457//
f 1463// 1456// 1466//
f 1466// 1456// 1457//
f 1467// 1466// 1468//
f 1468// 1466// 1457//
f 1468// 1457// 1469//
f 1469// 1457// 1465//
f 1470// 1468// 1469//
f 1470// 1471// 1472//
f 1472// 1471// 1473//
f 1468// 1470// 1467//
f 1467// 1470// 1472//
f 1467// 1472// 1474//
f 1474// 1472// 1475//
f 1476// 1472// 1477//
f 1477// 1472// 1473//
f 1478// 1477// 1479//
f 1479// 1477// 1473//
f 1479// 1473// 1480//
f 1480// 1473// 1481//
f 1482// 1479// 1480//
f 1482// 1483// 1484//
f 1484// 1483// 1485//
f 1479// 1482// 1478//
f 1478// 1482// 1484//
f 1478// 1484// 1486//
f 1486// 1484// 1487//
f 1319// 1318// 1487//
f 1487// 1318// 1486//
f 1488// 1319// 1487//
f 1484// 1489// 1487//
f 1487// 1489// 1490//
f 1487// 1490// 1488//
f 1483// 1491// 1485//
f 1489// 1484// 1492//
f 1492// 1484// 1485//
f 1493// 1492// 1494//
f 1494// 1492// 1485//
f 1494// 1485// 1495//
f 1495// 1485// 1491//
f 1496// 1497// 1498//
f 1498// 1497// 1499//
f 1494// 1496// 1493//
f 1493// 1496// 1498//
f 1493// 1498// 1500//
f 1500// 1498// 1501//
f 1496// 1494// 1495//
f 1502// 1503// 1333//
f 1333// 1503// 1334//
f 1504// 1334// 1503//
f 1505// 1506// 1503//
f 1503// 1506// 1507//
f 1503// 1507// 1504//
f 1508// 1509// 1510//
f 1510// 1509// 1511//
f 1512// 1508// 1513//
f 1513// 1508// 1510//
f 1513// 1510// 1514//
f 1514// 1510// 1515//
f 1337// 1514// 1338//
f 1338// 1514// 1515//
f 1339// 1516// 1340//
f 1340// 1516// 1517//
f 1518// 1340// 1517//
f 1519// 1520// 1517//
f 1517// 1520// 1521//
f 1517// 1521// 1518//
f 1522// 1523// 1524//
f 1525// 1526// 1524//
f 1524// 1526// 1527//
f 1524// 1527// 1522//
f 1525// 1524// 1528//
f 1528// 1524// 1529//
f 1528// 1529// 1519//
f 1519// 1529// 1520//
f 1341// 1340// 1518//
f 1341// 1518// 1530//
f 1530// 1518// 1521//
f 1530// 1521// 1531//
f 1531// 1521// 1520//
f 1531// 1520// 1529//
usemtl 2
f 1532// 1533// 1534//
f 1532// 1534// 1535//
f 1535// 1534// 1536//
f 1535// 1536// 1537//
f 1537// 1536// 1538//
f 1537// 1538// 1539//
usemtl 1
f 1540// 1541// 1542//
f 1543// 1544// 1545//
f 1545// 1544// 1546//
f 1545// 1546// 1547//
f 1547// 1548// 1545//
f 1545// 1548// 1549//
f 1545// 1549// 1550//
f 1551// 1552// 1542//
f 1542// 1552// 1553//
f 1542// 1553// 1540//
f 1540// 1553// 1554//
f 1540// 1554// 1545//
f 1545// 1554// 1555//
f 1545// 1555// 1543//
f 1556// 1557// 1549//
f 1549// 1557// 1558//
f 1549// 1558// 1550//
f 1545// 1234// 1540//
f 1540// 1234// 1233//
f 1234// 1545// 1217//
f 1217// 1545// 1550//
f 1217// 1550// 1214//
f 1214// 1550// 1558//
f 1214// 1558// 1215//
f 1215// 1558// 1557//
f 1215// 1557// 1218//
f 1218// 1557// 1556//
f 1218// 1556// 1219//
f 1219// 1556// 1549//
f 1219// 1549// 1221//
f 1221// 1549// 1548//
f 1221// 1548// 1222//
f 1222// 1548// 1547//
f 1222// 1547// 1223//
f 1223// 1547// 1546//
f 1223// 1546// 1224//
f 1224// 1546// 1544//
f 1224// 1544// 1225//
f 1225// 1544// 1543//
f 1225// 1543// 1226//
f 1226// 1543// 1555//
f 1226// 1555// 1227//
f 1227// 1555// 1554//
f 1534// 1533// 1559//
f 1534// 1559// 1536//
f 1560// 1561// 1559//
f 1559// 1561// 1538//
f 1559// 1538// 1536//
f 1562// 1197// 1563//
f 1563// 1197// 1196//
usemtl 2
f 1194// 1564// 1565//
f 1194// 1565// 1195//
f 1195// 1565// 1566//
f 1195// 1566// 1199//
f 1199// 1566// 1567//
f 1199// 1567// 1198//
f 1568// 1563// 1196//
f 1569// 1570// 1571//
f 1198// 1567// 1196//
f 1196// 1567// 1572//
f 1196// 1572// 1568//
f 1568// 1572// 1569//
f 1568// 1569// 1573//
f 1573// 1569// 1571//
f 1573// 1571// 1574//
f 1192// 1250// 1194//
f 1194// 1250// 1564//
f 1575// 1576// 1561//
f 1561// 1576// 1577//
f 1561// 1577// 1538//
f 1538// 1577// 1539//
f 1577// 1576// 1578//
f 1577// 1578// 1579//
f 1579// 1578// 1580//
f 1579// 1580// 1581//
f 1581// 1580// 1582//
f 1581// 1582// 1583//
f 1583// 1582// 1574//
f 1583// 1574// 1571//
usemtl 1
f 1562// 1563// 1568//
f 1568// 1573// 1562//
f 1562// 1573// 1574//
f 1562// 1574// 1584//
f 1584// 1574// 1582//
f 1584// 1582// 1580//
f 1580// 1578// 1584//
f 1584// 1578// 1576//
f 1584// 1576// 1575//
f 1193// 1197// 1232//
f 1232// 1197// 1562//
f 1232// 1562// 1233//
f 1233// 1562// 1584//
f 1541// 1540// 1559//
f 1559// 1540// 1233//
f 1559// 1233// 1560//
f 1560// 1233// 1584//
f 1584// 1575// 1560//
f 1560// 1575// 1561//
f 1211// 1210// 1172//
f 1172// 1210// 1173//
f 1212// 1585// 1210//
f 1210// 1585// 1586//
f 1173// 1210// 1127//
f 1127// 1210// 1586//
f 1127// 1586// 1174//
f 1174// 1586// 1175//
f 1176// 1587// 1170//
f 1170// 1587// 1588//
f 1175// 1586// 1176//
f 1176// 1586// 1587//
f 1587// 1586// 1588//
f 1588// 1586// 1585//
f 950// 952// 1153//
f 1177// 1209// 1243//
f 1213// 1168// 1212//
f 1212// 1168// 1169//
f 1212// 1169// 1585//
f 950// 1153// 995//
f 995// 1153// 1158//
f 995// 1158// 993//
f 993// 1158// 25//
f 25// 1158// 1177//
f 25// 1177// 64//
f 64// 1177// 1243//
f 64// 1243// 1031//
f 1031// 1243// 957//
f 1031// 957// 1037//
f 1037// 957// 959//
f 1037// 959// 1115//
f 1589// 1157// 1590//
f 1590// 1157// 1115//
f 1590// 1115// 1154//
f 1154// 1115// 959//
f 1169// 1591// 1585//
f 1585// 1591// 1216//
f 1585// 1216// 1588//
f 1588// 1216// 1220//
f 1588// 1220// 1170//
f 1170// 1220// 1171//
f 1171// 1220// 1256//
f 1256// 1220// 1592//
f 1256// 1592// 1154//
f 1154// 1592// 1593//
f 1154// 1593// 1590//
f 1220// 1228// 1592//
f 1592// 1228// 1594//
f 1230// 1595// 1228//
f 1228// 1595// 1594//
f 1589// 1590// 1596//
f 1596// 1590// 1597//
f 604// 1162// 1056//
f 1596// 1598// 1589//
f 1589// 1598// 590//
f 1589// 590// 1157//
f 1157// 590// 604//
f 1157// 604// 1058//
f 1058// 604// 1056//
f 1599// 687// 694//
f 1600// 1552// 694//
f 694// 1552// 1551//
f 694// 1551// 1599//
f 687// 1599// 1241//
f 1241// 1599// 1601//
f 1241// 1601// 1245//
f 1241// 1039// 687//
f 687// 1039// 1038//
f 687// 1038// 1160//
f 1160// 1038// 1055//
f 1590// 1593// 1602//
f 1602// 1603// 1590//
f 1590// 1603// 1604//
f 1590// 1604// 1597//
f 1230// 1231// 1595//
f 1595// 1231// 1597//
f 1595// 1597// 1605//
f 1605// 1597// 1604//
f 1600// 1598// 1597//
f 1597// 1598// 1596//
f 1552// 1600// 1553//
f 1553// 1600// 1597//
f 1553// 1597// 1229//
f 1229// 1597// 1231//
f 1606// 1602// 1593//
f 1594// 1595// 1605//
f 1605// 1607// 1594//
f 1594// 1607// 1606//
f 1594// 1606// 1592//
f 1592// 1606// 1593//
usemtl 3
f 1608// 1605// 1609//
f 1609// 1605// 1604//
f 1608// 1610// 1605//
f 1605// 1610// 1611//
f 1605// 1611// 1612//
f 1613// 1614// 1605//
f 1605// 1614// 1615//
f 1605// 1615// 1607//
f 1612// 1616// 1605//
f 1605// 1616// 1617//
f 1605// 1617// 1613//
f 1618// 1619// 1620//
f 1620// 1619// 1621//
f 1620// 1621// 1622//
f 1622// 1621// 1623//
f 1622// 1623// 1624//
f 1624// 1623// 1625//
f 1624// 1625// 1626//
f 1626// 1625// 1627//
f 1626// 1627// 1628//
f 1628// 1627// 1629//
f 1628// 1629// 1630//
f 1630// 1629// 1631//
f 1630// 1631// 1632//
f 1632// 1631// 1633//
f 1632// 1633// 1612//
f 1612// 1633// 1634//
f 1612// 1634// 1616//
f 1632// 1612// 1635//
f 1635// 1612// 1636//
f 1637// 1603// 1602//
f 1637// 1602// 1638//
f 1636// 1639// 1602//
f 1602// 1639// 1640//
f 1602// 1640// 1638//
f 1606// 1641// 1602//
f 1602// 1641// 1642//
f 1642// 1643// 1602//
f 1602// 1643// 1644//
f 1602// 1644// 1636//
f 1645// 1646// 1647//
f 1647// 1646// 1648//
f 1647// 1648// 1649//
f 1649// 1648// 1650//
f 1649// 1650// 1651//
f 1651// 1650// 1652//
f 1651// 1652// 1653//
f 1653// 1652// 1654//
f 1653// 1654// 1655//
f 1655// 1654// 1656//
f 1655// 1656// 1657//
f 1657// 1656// 1658//
f 1657// 1658// 1659//
f 1659// 1658// 1635//
f 1659// 1635// 1660//
f 1660// 1635// 1636//
f 1660// 1636// 1661//
f 1661// 1636// 1644//
f 1648// 1620// 1622//
f 1648// 1622// 1650//
f 1650// 1622// 1624//
f 1650// 1624// 1652//
f 1652// 1624// 1626//
f 1652// 1626// 1654//
f 1654// 1626// 1628//
f 1654// 1628// 1656//
f 1656// 1628// 1630//
f 1656// 1630// 1658//
f 1658// 1630// 1632//
f 1658// 1632// 1635//
f 1618// 1620// 1646//
f 1646// 1620// 1648//
f 1619// 1618// 1645//
f 1645// 1618// 1646//
f 1621// 1619// 1647//
f 1647// 1619// 1645//
f 1659// 1633// 1657//
f 1657// 1633// 1631//
f 1657// 1631// 1655//
f 1655// 1631// 1629//
f 1655// 1629// 1653//
f 1653// 1629// 1627//
f 1653// 1627// 1651//
f 1651// 1627// 1625//
f 1651// 1625// 1649//
f 1649// 1625// 1623//
f 1649// 1623// 1647//
f 1647// 1623// 1621//
f 1606// 1607// 1641//
f 1641// 1607// 1615//
f 1641// 1615// 1642//
f 1642// 1615// 1614//
f 1642// 1614// 1643//
f 1643// 1614// 1613//
f 1643// 1613// 1644//
f 1644// 1613// 1617//
f 1644// 1617// 1661//
f 1661// 1617// 1616//
f 1661// 1616// 1660//
f 1660// 1616// 1634//
f 1634// 1633// 1660//
f 1660// 1633// 1659//
f 1636// 1612// 1611//
f 1636// 1611// 1639//
f 1639// 1611// 1610//
f 1639// 1610// 1640//
f 1640// 1610// 1608//
f 1640// 1608// 1638//
f 1638// 1608// 1609//
f 1638// 1609// 1637//
f 1637// 1609// 1604//
f 1637// 1604// 1603//
usemtl 1
f 1191// 1193// 1662//
f 1662// 1193// 1232//
f 1662// 1232// 1591//
f 1591// 1232// 1216//
f 1190// 1662// 1131//
f 1131// 1662// 1591//
f 1131// 1591// 1169//
f 1191// 1662// 1190//
f 1663// 1532// 1535//
f 1535// 1537// 1663//
f 1663// 1537// 1539//
f 1663// 1539// 1577//
f 1577// 1579// 1663//
f 1663// 1579// 1581//
f 1663// 1581// 1664//
f 1664// 1581// 1583//
f 1664// 1583// 1571//
f 1342// 1341// 1570//
f 1570// 1341// 1665//
f 1570// 1665// 1571//
f 1571// 1665// 1664//
usemtl 2
f 1125// 1129// 1342//
f 1565// 1564// 1342//
f 1342// 1564// 1250//
f 1342// 1250// 1125//
f 1572// 1342// 1569//
f 1569// 1342// 1570//
f 1572// 1567// 1342//
f 1342// 1567// 1566//
f 1342// 1566// 1565//
usemtl 1
f 1341// 1530// 1665//
f 1665// 1530// 1531//
f 1531// 1529// 1665//
f 1665// 1529// 1524//
f 1665// 1524// 1523//
f 1526// 1525// 1528//
f 1666// 1667// 1668//
f 1669// 1510// 1511//
f 1670// 1671// 1511//
f 1511// 1671// 1666//
f 1511// 1666// 1669//
f 1669// 1666// 1668//
f 1672// 1666// 1671//
f 1672// 1526// 1519//
f 1519// 1526// 1528//
f 1666// 1672// 1667//
f 1667// 1672// 1519//
f 1667// 1519// 1516//
f 1516// 1519// 1517//
f 1673// 1674// 1675//
f 1675// 1674// 1140//
f 1676// 1674// 1677//
f 1677// 1674// 1673//
f 1678// 1677// 1679//
f 1679// 1677// 1673//
f 1679// 1673// 1680//
f 1680// 1673// 1681//
f 1675// 1681// 1673//
f 1682// 1680// 1675//
f 1675// 1680// 1681//
f 1683// 1684// 1685//
f 1685// 1684// 1686//
f 1685// 1686// 1687//
f 1682// 1679// 1680//
f 1682// 1685// 1688//
f 1688// 1685// 1687//
f 1679// 1682// 1678//
f 1678// 1682// 1688//
f 1678// 1688// 1273//
f 1273// 1688// 1275//
f 1689// 1274// 1275//
f 1688// 1690// 1275//
f 1275// 1690// 1691//
f 1275// 1691// 1689//
f 1690// 1688// 1692//
f 1692// 1688// 1687//
f 1693// 1692// 1694//
f 1694// 1692// 1687//
f 1694// 1687// 1684//
f 1684// 1687// 1686//
f 1683// 1695// 1295//
f 1295// 1695// 1351//
f 1694// 1683// 1693//
f 1693// 1683// 1295//
f 1693// 1295// 1291//
f 1291// 1295// 1293//
f 1140// 1142// 1245//
f 1696// 1497// 1601//
f 1697// 1698// 1245//
f 1245// 1698// 1699//
f 1245// 1699// 1700//
f 1701// 1702// 1601//
f 1601// 1702// 1424//
f 1601// 1424// 1245//
f 1245// 1424// 1423//
f 1245// 1423// 1697//
f 1527// 1526// 1601//
f 1601// 1526// 1672//
f 1672// 1509// 1601//
f 1601// 1509// 1508//
f 1601// 1508// 1703//
f 1703// 1704// 1601//
f 1601// 1704// 1705//
f 1601// 1705// 1696//
f 1497// 1496// 1601//
f 1601// 1496// 1483//
f 1601// 1483// 1482//
f 1700// 1401// 1245//
f 1245// 1401// 1400//
f 1245// 1400// 1706//
f 1482// 1471// 1601//
f 1601// 1471// 1470//
f 1601// 1470// 1455//
f 1706// 1707// 1245//
f 1245// 1707// 1386//
f 1245// 1386// 1385//
f 1455// 1454// 1601//
f 1601// 1454// 1708//
f 1601// 1708// 1709//
f 1385// 1372// 1245//
f 1245// 1372// 1371//
f 1245// 1371// 1710//
f 1345// 1245// 1289//
f 1289// 1245// 1276//
f 1709// 1441// 1601//
f 1601// 1441// 1440//
f 1601// 1440// 1701//
f 1345// 1695// 1245//
f 1245// 1695// 1683//
f 1245// 1683// 1685//
f 1710// 1364// 1245//
f 1245// 1364// 1354//
f 1245// 1354// 1276//
f 1685// 1682// 1245//
f 1245// 1682// 1675//
f 1245// 1675// 1140//
f 1272// 1249// 1711//
f 1272// 1711// 1712//
f 1712// 1711// 1713//
f 1712// 1713// 1714//
f 1714// 1713// 1676//
f 1714// 1676// 1677//
f 1141// 1140// 1238//
f 1238// 1140// 1674//
f 1238// 1674// 1676//
f 1676// 1713// 1238//
f 1238// 1713// 1711//
f 1238// 1711// 1249//
f 1668// 1667// 1715//
f 1715// 1667// 1516//
f 1715// 1516// 1716//
f 1716// 1516// 1339//
f 1339// 1338// 1717//
f 1339// 1717// 1716//
f 1716// 1717// 1718//
f 1716// 1718// 1715//
f 1715// 1718// 1669//
f 1715// 1669// 1668//
f 1717// 1338// 1515//
f 1510// 1669// 1515//
f 1515// 1669// 1718//
f 1515// 1718// 1717//
f 1719// 1513// 1720//
f 1720// 1513// 1514//
f 1720// 1514// 1721//
f 1721// 1514// 1337//
f 1512// 1513// 1719//
f 1506// 1505// 1722//
f 1723// 1724// 1722//
f 1722// 1724// 1512//
f 1722// 1512// 1506//
f 1506// 1512// 1719//
f 1337// 1334// 1504//
f 1337// 1504// 1721//
f 1721// 1504// 1507//
f 1721// 1507// 1720//
f 1720// 1507// 1506//
f 1720// 1506// 1719//
f 1508// 1724// 1703//
f 1703// 1724// 1723//
f 1703// 1723// 1722//
f 1704// 1703// 1505//
f 1505// 1703// 1722//
f 1725// 1704// 1726//
f 1726// 1704// 1505//
f 1726// 1505// 1502//
f 1502// 1505// 1503//
f 1727// 1726// 1728//
f 1728// 1726// 1502//
f 1728// 1502// 1729//
f 1729// 1502// 1333//
f 1333// 1332// 1730//
f 1333// 1730// 1729//
f 1729// 1730// 1731//
f 1729// 1731// 1728//
f 1728// 1731// 1732//
f 1728// 1732// 1727//
f 1725// 1726// 1727//
f 1732// 1733// 1734//
f 1735// 1736// 1734//
f 1734// 1736// 1725//
f 1734// 1725// 1732//
f 1732// 1725// 1727//
f 1704// 1725// 1736//
f 1704// 1736// 1705//
f 1705// 1736// 1735//
f 1705// 1735// 1734//
f 1500// 1501// 1320//
f 1320// 1501// 1321//
f 1737// 1321// 1501//
f 1498// 1738// 1501//
f 1501// 1738// 1739//
f 1501// 1739// 1737//
f 1696// 1705// 1733//
f 1733// 1705// 1734//
f 1740// 1696// 1741//
f 1741// 1696// 1733//
f 1741// 1733// 1742//
f 1742// 1733// 1743//
f 1744// 1741// 1745//
f 1745// 1741// 1742//
f 1745// 1742// 1746//
f 1746// 1742// 1322//
f 1738// 1498// 1744//
f 1744// 1498// 1499//
f 1741// 1744// 1740//
f 1740// 1744// 1499//
f 1740// 1499// 1747//
f 1747// 1499// 1748//
f 1322// 1321// 1737//
f 1322// 1737// 1746//
f 1746// 1737// 1739//
f 1746// 1739// 1745//
f 1745// 1739// 1738//
f 1745// 1738// 1744//
f 1497// 1748// 1499//
f 1696// 1747// 1497//
f 1497// 1747// 1748//
f 1696// 1740// 1747//
f 1730// 1332// 1743//
f 1733// 1732// 1743//
f 1743// 1732// 1731//
f 1743// 1731// 1730//
f 1322// 1742// 1332//
f 1332// 1742// 1743//
f 1492// 1493// 1749//
f 1749// 1493// 1500//
f 1749// 1500// 1750//
f 1750// 1500// 1320//
f 1320// 1319// 1488//
f 1320// 1488// 1750//
f 1750// 1488// 1490//
f 1750// 1490// 1749//
f 1749// 1490// 1489//
f 1749// 1489// 1492//
f 1477// 1478// 1751//
f 1751// 1478// 1486//
f 1751// 1486// 1752//
f 1752// 1486// 1318//
f 1313// 1474// 1317//
f 1317// 1474// 1475//
f 1318// 1317// 1753//
f 1318// 1753// 1752//
f 1752// 1753// 1754//
f 1752// 1754// 1751//
f 1751// 1754// 1476//
f 1751// 1476// 1477//
f 1753// 1317// 1475//
f 1472// 1476// 1475//
f 1475// 1476// 1754//
f 1475// 1754// 1753//
f 1466// 1467// 1755//
f 1755// 1467// 1474//
f 1755// 1474// 1756//
f 1756// 1474// 1313//
f 1313// 1312// 1462//
f 1313// 1462// 1756//
f 1756// 1462// 1464//
f 1756// 1464// 1755//
f 1755// 1464// 1463//
f 1755// 1463// 1466//
f 1757// 1459// 1758//
f 1758// 1459// 1460//
f 1758// 1460// 1759//
f 1759// 1460// 1311//
f 1452// 1451// 1757//
f 1757// 1451// 1760//
f 1459// 1757// 1458//
f 1458// 1757// 1760//
f 1458// 1760// 1761//
f 1761// 1760// 1762//
f 1311// 1310// 1450//
f 1311// 1450// 1759//
f 1759// 1450// 1453//
f 1759// 1453// 1758//
f 1758// 1453// 1452//
f 1758// 1452// 1757//
f 1454// 1458// 1761//
f 1454// 1761// 1708//
f 1708// 1761// 1762//
f 1708// 1762// 1760//
f 1763// 1442// 1764//
f 1764// 1442// 1443//
f 1765// 1764// 1766//
f 1766// 1764// 1443//
f 1766// 1443// 1767//
f 1767// 1443// 1768//
f 1709// 1766// 1767//
f 1709// 1708// 1451//
f 1451// 1708// 1760//
f 1766// 1709// 1765//
f 1765// 1709// 1451//
f 1765// 1451// 1448//
f 1448// 1451// 1449//
f 1764// 1765// 1769//
f 1769// 1765// 1448//
f 1769// 1448// 1770//
f 1770// 1448// 1309//
f 1309// 1308// 1771//
f 1309// 1771// 1770//
f 1770// 1771// 1772//
f 1770// 1772// 1769//
f 1769// 1772// 1763//
f 1769// 1763// 1764//
f 1771// 1308// 1447//
f 1442// 1763// 1447//
f 1447// 1763// 1772//
f 1447// 1772// 1771//
f 1773// 1445// 1774//
f 1774// 1445// 1446//
f 1774// 1446// 1775//
f 1775// 1446// 1307//
f 1444// 1445// 1773//
f 1438// 1437// 1776//
f 1777// 1778// 1776//
f 1776// 1778// 1444//
f 1776// 1444// 1438//
f 1438// 1444// 1773//
f 1307// 1306// 1436//
f 1307// 1436// 1775//
f 1775// 1436// 1439//
f 1775// 1439// 1774//
f 1774// 1439// 1438//
f 1774// 1438// 1773//
f 1440// 1444// 1778//
f 1440// 1778// 1701//
f 1701// 1778// 1777//
f 1701// 1777// 1776//
f 1424// 1779// 1426//
f 1432// 1425// 1780//
f 1780// 1425// 1426//
f 1781// 1780// 1782//
f 1782// 1780// 1426//
f 1782// 1426// 1783//
f 1783// 1426// 1779//
f 1702// 1782// 1783//
f 1781// 1782// 1702//
f 1701// 1776// 1437//
f 1435// 1434// 1437//
f 1437// 1434// 1781//
f 1437// 1781// 1701//
f 1701// 1781// 1702//
f 1780// 1781// 1784//
f 1784// 1781// 1434//
f 1784// 1434// 1785//
f 1785// 1434// 1305//
f 1305// 1302// 1431//
f 1305// 1431// 1785//
f 1785// 1431// 1433//
f 1785// 1433// 1784//
f 1784// 1433// 1432//
f 1784// 1432// 1780//
f 1786// 1428// 1787//
f 1787// 1428// 1429//
f 1787// 1429// 1788//
f 1788// 1429// 1303//
f 1421// 1420// 1786//
f 1786// 1420// 1789//
f 1428// 1786// 1427//
f 1427// 1786// 1789//
f 1427// 1789// 1790//
f 1790// 1789// 1791//
f 1303// 1336// 1419//
f 1303// 1419// 1788//
f 1788// 1419// 1422//
f 1788// 1422// 1787//
f 1787// 1422// 1421//
f 1787// 1421// 1786//
f 1423// 1427// 1790//
f 1423// 1790// 1697//
f 1697// 1790// 1791//
f 1697// 1791// 1789//
f 1792// 1793// 1698//
f 1697// 1789// 1420//
f 1418// 1417// 1420//
f 1420// 1417// 1792//
f 1420// 1792// 1697//
f 1697// 1792// 1698//
f 1794// 1792// 1795//
f 1795// 1792// 1417//
f 1795// 1417// 1796//
f 1796// 1417// 1335//
f 1793// 1792// 1794//
f 1415// 1414// 1797//
f 1798// 1799// 1797//
f 1797// 1799// 1793//
f 1797// 1793// 1415//
f 1415// 1793// 1794//
f 1335// 1331// 1413//
f 1335// 1413// 1796//
f 1796// 1413// 1416//
f 1796// 1416// 1795//
f 1795// 1416// 1415//
f 1795// 1415// 1794//
f 1698// 1793// 1799//
f 1698// 1799// 1699//
f 1699// 1799// 1798//
f 1699// 1798// 1797//
f 1401// 1800// 1403//
f 1409// 1402// 1801//
f 1801// 1402// 1403//
f 1802// 1801// 1803//
f 1803// 1801// 1403//
f 1803// 1403// 1804//
f 1804// 1403// 1800//
f 1700// 1803// 1804//
f 1700// 1699// 1414//
f 1414// 1699// 1797//
f 1803// 1700// 1802//
f 1802// 1700// 1414//
f 1802// 1414// 1411//
f 1411// 1414// 1412//
f 1801// 1802// 1805//
f 1805// 1802// 1411//
f 1805// 1411// 1806//
f 1806// 1411// 1330//
f 1330// 1329// 1408//
f 1330// 1408// 1806//
f 1806// 1408// 1410//
f 1806// 1410// 1805//
f 1805// 1410// 1409//
f 1805// 1409// 1801//
f 1807// 1405// 1808//
f 1808// 1405// 1406//
f 1808// 1406// 1809//
f 1809// 1406// 1328//
f 1398// 1397// 1807//
f 1807// 1397// 1810//
f 1405// 1807// 1404//
f 1404// 1807// 1810//
f 1404// 1810// 1811//
f 1811// 1810// 1812//
f 1328// 1327// 1396//
f 1328// 1396// 1809//
f 1809// 1396// 1399//
f 1809// 1399// 1808//
f 1808// 1399// 1398//
f 1808// 1398// 1807//
f 1400// 1404// 1811//
f 1400// 1811// 1706//
f 1706// 1811// 1812//
f 1706// 1812// 1810//
f 1707// 1706// 1397//
f 1397// 1706// 1810//
f 1813// 1707// 1814//
f 1814// 1707// 1397//
f 1814// 1397// 1394//
f 1394// 1397// 1395//
f 1815// 1814// 1816//
f 1816// 1814// 1394//
f 1816// 1394// 1817//
f 1817// 1394// 1326//
f 1813// 1814// 1815//
f 1392// 1387// 1388//
f 1818// 1819// 1388//
f 1388// 1819// 1813//
f 1388// 1813// 1392//
f 1392// 1813// 1815//
f 1326// 1325// 1391//
f 1326// 1391// 1817//
f 1817// 1391// 1393//
f 1817// 1393// 1816//
f 1816// 1393// 1392//
f 1816// 1392// 1815//
f 1386// 1818// 1388//
f 1707// 1813// 1819//
f 1380// 1381// 1820//
f 1820// 1381// 1389//
f 1820// 1389// 1821//
f 1821// 1389// 1324//
f 1324// 1323// 1822//
f 1324// 1822// 1821//
f 1821// 1822// 1823//
f 1821// 1823// 1820//
f 1820// 1823// 1379//
f 1820// 1379// 1380//
f 1822// 1323// 1378//
f 1373// 1379// 1378//
f 1378// 1379// 1823//
f 1378// 1823// 1822//
f 1824// 1376// 1825//
f 1825// 1376// 1377//
f 1825// 1377// 1826//
f 1826// 1377// 1316//
f 1369// 1368// 1824//
f 1824// 1368// 1827//
f 1376// 1824// 1375//
f 1375// 1824// 1827//
f 1375// 1827// 1828//
f 1828// 1827// 1829//
f 1316// 1315// 1367//
f 1316// 1367// 1826//
f 1826// 1367// 1370//
f 1826// 1370// 1825//
f 1825// 1370// 1369//
f 1825// 1369// 1824//
f 1371// 1375// 1828//
f 1371// 1828// 1710//
f 1710// 1828// 1829//
f 1710// 1829// 1827//
f 1364// 1710// 1368//
f 1368// 1710// 1827//
f 1358// 1364// 1359//
f 1359// 1364// 1368//
f 1359// 1368// 1365//
f 1365// 1368// 1366//
f 1360// 1359// 1830//
f 1830// 1359// 1365//
f 1830// 1365// 1831//
f 1831// 1365// 1314//
f 1314// 1304// 1832//
f 1314// 1832// 1831//
f 1831// 1832// 1833//
f 1831// 1833// 1830//
f 1830// 1833// 1361//
f 1830// 1361// 1360//
f 1832// 1304// 1357//
f 1355// 1361// 1357//
f 1357// 1361// 1833//
f 1357// 1833// 1832//
f 1304// 1284// 1357//
f 1357// 1284// 1282//
f 1276// 1278// 1289//
f 1289// 1278// 1288//
f 1345// 1353// 1695//
f 1695// 1353// 1352//
f 1695// 1352// 1351//
f 1692// 1693// 1834//
f 1834// 1693// 1291//
f 1834// 1291// 1835//
f 1835// 1291// 1290//
f 1290// 1274// 1689//
f 1290// 1689// 1835//
f 1835// 1689// 1691//
f 1835// 1691// 1834//
f 1834// 1691// 1690//
f 1834// 1690// 1692//
f 1677// 1678// 1714//
f 1714// 1678// 1273//
f 1714// 1273// 1712//
f 1712// 1273// 1272//
f 1683// 1694// 1684//
f 1354// 1362// 1356//
f 1364// 1363// 1354//
f 1354// 1363// 1362//
f 1372// 1384// 1374//
f 1385// 1383// 1372//
f 1372// 1383// 1384//
f 1707// 1819// 1386//
f 1386// 1819// 1818//
f 1700// 1804// 1401//
f 1401// 1804// 1800//
f 1702// 1783// 1424//
f 1424// 1783// 1779//
f 1441// 1768// 1443//
f 1709// 1767// 1441//
f 1441// 1767// 1768//
f 1470// 1469// 1455//
f 1455// 1469// 1465//
f 1471// 1481// 1473//
f 1482// 1480// 1471//
f 1471// 1480// 1481//
f 1496// 1495// 1483//
f 1483// 1495// 1491//
f 1508// 1512// 1724//
f 1509// 1670// 1511//
f 1672// 1671// 1509//
f 1509// 1671// 1670//
f 1601// 1599// 1527//
f 1527// 1599// 1522//
f 1542// 1663// 1551//
f 1551// 1663// 1664//
f 1599// 1551// 1522//
f 1522// 1551// 1664//
f 1522// 1664// 1523//
f 1523// 1664// 1665//
f 1559// 1533// 1541//
f 1541// 1533// 1532//
f 1541// 1532// 1542//
f 1542// 1532// 1663//
f 1227// 1554// 1229//
f 1229// 1554// 1553//
f 1268// 1270// 1267//
f 1267// 1270// 1265//
f 1267// 1266// 1268//
f 1268// 1266// 1269//
f 926// 928// 925//
f 925// 928// 923//
f 925// 924// 926//
f 926// 924// 927//
f 894// 896// 893//
f 893// 896// 891//
f 893// 892// 894//
f 894// 892// 895//
f 880// 878// 875//
f 875// 878// 877//
f 875// 874// 880//
f 880// 874// 881//
f 838// 840// 837//
f 837// 840// 835//
f 837// 836// 838//
f 838// 836// 839//
f 816// 814// 811//
f 811// 814// 813//
f 811// 810// 816//
f 816// 810// 817//
f 786// 788// 793//
f 793// 788// 791//
f 792// 790// 787//
f 787// 790// 789//
f 786// 793// 787//
f 787// 793// 792//
f 780// 778// 783//
f 783// 778// 785//
f 781// 782// 779//
f 779// 782// 784//
f 780// 783// 781//
f 781// 783// 782//
f 582// 580// 585//
f 585// 580// 587//
f 583// 584// 581//
f 581// 584// 586//
f 582// 585// 583//
f 583// 585// 584//
f 591// 590// 1836//
f 1836// 590// 1598//
f 1836// 1598// 1837//
f 1837// 1598// 1600//
f 1837// 1600// 693//
f 693// 1600// 694//
f 818// 820// 825//
f 825// 820// 823//
f 819// 818// 824//
f 824// 818// 825//
f 842// 844// 849//
f 849// 844// 847//
f 843// 842// 848//
f 848// 842// 849//
f 848// 846// 843//
f 843// 846// 845//
f 850// 852// 857//
f 857// 852// 855//
f 851// 850// 856//
f 856// 850// 857//
f 882// 884// 889//
f 889// 884// 887//
f 883// 882// 888//
f 888// 882// 889//
f 900// 898// 903//
f 903// 898// 905//
f 901// 900// 902//
f 902// 900// 903//
f 932// 930// 935//
f 935// 930// 937//
f 933// 932// 934//
f 934// 932// 935//
f 934// 936// 933//
f 933// 936// 931//
f 940// 938// 943//
f 943// 938// 945//
f 941// 940// 942//
f 942// 940// 943//
usemtl 2
f 1252// 1253// 1251//
f 1251// 1253// 1838//
f 1251// 1838// 1149//
f 1149// 1838// 1150//
f 1838// 1202// 1201//
f 1183// 1152// 1150//
f 1117// 981// 1201//
f 1201// 981// 1183//
f 1201// 1183// 1838//
f 1838// 1183// 1150//
f 1236// 979// 1237//
f 1237// 979// 981//
f 1237// 981// 1116//
f 1116// 981// 1117//
f 1247// 1235// 1237//
f 1237// 1116// 1247//
f 1247// 1116// 1124//
f 1247// 1124// 1248//
f 1248// 1124// 1203//
f 1248// 1203// 1263//
f 1259// 1263// 1260//
f 1260// 1263// 1203//
f 1260// 1203// 1254//
f 1254// 1203// 1202//
f 1254// 1202// 1253//
f 1253// 1202// 1838//
f 1260// 1254// 1257//
f 1257// 1254// 1255//
usemtl 1
f 1256// 1154// 1262//
f 1262// 1154// 1156//
f 1258// 1187// 1185//
usemtl 4
f 1839// 1840// 1159//
f 1159// 1840// 689//
f 1159// 689// 688//
f 1841// 1840// 1842//
f 1842// 1840// 1839//
f 1841// 1842// 1843//
f 1843// 1842// 1844//
f 1843// 1844// 1845//
f 1845// 1844// 1846//
f 1845// 1846// 1847//
f 1847// 1846// 1848//
f 1847// 1848// 1849//
f 1849// 1848// 1850//
f 1849// 1850// 1851//
f 1851// 1850// 1852//
f 1851// 1852// 1853//
f 1853// 1852// 1854//
f 1855// 1853// 1856//
f 1856// 1853// 1854//
f 1855// 1856// 1857//
f 1855// 1857// 1858//
f 1858// 1857// 1859//
f 1858// 1859// 1860//
f 1860// 1859// 1861//
f 1860// 1861// 1862//
f 1862// 1861// 1863//
f 1862// 1863// 1864//
f 1864// 1863// 1865//
f 1864// 1865// 1866//
f 1866// 1865// 1867//
f 1866// 1867// 1868//
f 1869// 1868// 1870//
f 1870// 1868// 1867//
f 1869// 1870// 1871//
f 1871// 1870// 1872//
f 1871// 1872// 1873//
f 1873// 1872// 1874//
f 1873// 1874// 1875//
f 1875// 1874// 1876//
f 1875// 1876// 1877//
f 1877// 1876// 1878//
f 1877// 1878// 1879//
f 1879// 1878// 1880//
f 1879// 1880// 1881//
f 1881// 1880// 1882//
f 1883// 1881// 1884//
f 1884// 1881// 1882//
f 1885// 1883// 1886//
f 1886// 1883// 1884//
f 1885// 1886// 1887//
f 1885// 1887// 1888//
f 1888// 1887// 1889//
f 1888// 1889// 1890//
f 1890// 1889// 1891//
f 1890// 1891// 1892//
f 1892// 1891// 1893//
f 1892// 1893// 1894//
f 1894// 1893// 1895//
f 1894// 1895// 1896//
f 1896// 1895// 1897//
f 1896// 1897// 1898//
f 1899// 1898// 1900//
f 1900// 1898// 1897//
f 1899// 1900// 1901//
f 1899// 1901// 1902//
f 1902// 1901// 1903//
f 1902// 1903// 1904//
f 1904// 1903// 1905//
f 1904// 1905// 1906//
f 1906// 1905// 1907//
f 1906// 1907// 1908//
f 1908// 1907// 1909//
f 1908// 1909// 1910//
f 1911// 1910// 1912//
f 1912// 1910// 1909//
f 1913// 1911// 1914//
f 1914// 1911// 1912//
f 1915// 1913// 1916//
f 1916// 1913// 1914//
f 603// 602// 1161//
f 1161// 602// 1915//
f 1161// 1915// 1916//
f 1913// 1915// 1265//
f 1265// 1915// 602//
f 1265// 602// 641//
f 696// 689// 1270//
f 1270// 689// 1840//
f 1270// 1840// 1265//
f 1265// 1840// 1841//
f 1265// 1841// 1843//
f 1843// 1845// 1265//
f 1265// 1845// 1847//
f 1265// 1847// 1913//
f 1847// 1849// 1913//
f 1913// 1849// 1851//
f 1913// 1851// 1911//
f 1869// 1871// 1911//
f 1911// 1871// 1873//
f 1911// 1873// 1910//
f 1910// 1873// 1875//
f 1910// 1875// 1908//
f 1908// 1875// 1877//
f 1908// 1877// 1906//
f 1906// 1877// 1904//
f 1851// 1853// 1911//
f 1911// 1853// 1855//
f 1911// 1855// 1858//
f 1881// 1898// 1879//
f 1879// 1898// 1899//
f 1879// 1899// 1877//
f 1877// 1899// 1902//
f 1877// 1902// 1904//
f 1858// 1860// 1911//
f 1911// 1860// 1862//
f 1911// 1862// 1864//
f 1864// 1866// 1911//
f 1911// 1866// 1868//
f 1911// 1868// 1869//
f 1881// 1883// 1898//
f 1898// 1883// 1885//
f 1898// 1885// 1896//
f 1896// 1885// 1888//
f 1888// 1890// 1896//
f 1896// 1890// 1892//
f 1896// 1892// 1894//
f 1159// 1161// 1914//
f 1914// 1161// 1916//
f 1876// 1874// 1912//
f 1852// 1914// 1854//
f 1854// 1914// 1912//
f 1854// 1912// 1856//
f 1852// 1850// 1914//
f 1914// 1850// 1848//
f 1914// 1848// 1846//
f 1839// 1159// 1842//
f 1842// 1159// 1914//
f 1842// 1914// 1844//
f 1844// 1914// 1846//
f 1905// 1878// 1907//
f 1907// 1878// 1876//
f 1907// 1876// 1909//
f 1909// 1876// 1912//
f 1874// 1872// 1912//
f 1912// 1872// 1870//
f 1912// 1870// 1867//
f 1897// 1882// 1900//
f 1900// 1882// 1880//
f 1900// 1880// 1901//
f 1901// 1880// 1878//
f 1901// 1878// 1903//
f 1903// 1878// 1905//
f 1884// 1882// 1886//
f 1886// 1882// 1897//
f 1886// 1897// 1887//
f 1887// 1897// 1889//
f 1867// 1865// 1912//
f 1912// 1865// 1863//
f 1912// 1863// 1861//
f 1861// 1859// 1912//
f 1912// 1859// 1857//
f 1912// 1857// 1856//
f 1889// 1897// 1891//
f 1891// 1897// 1895//
f 1891// 1895// 1893//
f 1917// 699// 1918//
f 1918// 699// 698//
f 1919// 1917// 1920//
f 1920// 1917// 1918//
f 1919// 1920// 1921//
f 1921// 1920// 1922//
f 1921// 1922// 1923//
f 1923// 1922// 1924//
f 1923// 1924// 1925//
f 1925// 1924// 1926//
f 1925// 1926// 1927//
f 1927// 1926// 1928//
f 1927// 1928// 1929//
f 1929// 1928// 1930//
f 1929// 1930// 1931//
f 1931// 1930// 1932//
f 1933// 1931// 1934//
f 1934// 1931// 1932//
f 1933// 1934// 1935//
f 1933// 1935// 1936//
f 1936// 1935// 1937//
f 1936// 1937// 1938//
f 1938// 1937// 1939//
f 1938// 1939// 1940//
f 1940// 1939// 1941//
f 1940// 1941// 1942//
f 1942// 1941// 1943//
f 1942// 1943// 1944//
f 1944// 1943// 1945//
f 1944// 1945// 1946//
f 1947// 1946// 1948//
f 1948// 1946// 1945//
f 1947// 1948// 1949//
f 1949// 1948// 1950//
f 1949// 1950// 1951//
f 1951// 1950// 1952//
f 1951// 1952// 1953//
f 1953// 1952// 1954//
f 1953// 1954// 1955//
f 1955// 1954// 1956//
f 1955// 1956// 1957//
f 1957// 1956// 1958//
f 1957// 1958// 1959//
f 1959// 1958// 1960//
f 1961// 1959// 1962//
f 1962// 1959// 1960//
f 1963// 1961// 1964//
f 1964// 1961// 1962//
f 1963// 1964// 1965//
f 1963// 1965// 1966//
f 1966// 1965// 1967//
f 1966// 1967// 1968//
f 1968// 1967// 1969//
f 1968// 1969// 1970//
f 1970// 1969// 1971//
f 1970// 1971// 1972//
f 1972// 1971// 1973//
f 1972// 1973// 1974//
f 1974// 1973// 1975//
f 1974// 1975// 1976//
f 1977// 1976// 1978//
f 1978// 1976// 1975//
f 1977// 1978// 1979//
f 1977// 1979// 1980//
f 1980// 1979// 1981//
f 1980// 1981// 1982//
f 1982// 1981// 1983//
f 1982// 1983// 1984//
f 1984// 1983// 1985//
f 1984// 1985// 1986//
f 1986// 1985// 1987//
f 1986// 1987// 1988//
f 1989// 1988// 1990//
f 1990// 1988// 1987//
f 1991// 1989// 1992//
f 1992// 1989// 1990//
f 1993// 1991// 1994//
f 1994// 1991// 1992//
f 653// 1993// 639//
f 639// 1993// 1994//
f 1991// 1993// 939//
f 939// 1993// 653//
f 939// 653// 654//
f 700// 699// 944//
f 944// 699// 1917//
f 944// 1917// 939//
f 939// 1917// 1919//
f 939// 1919// 1921//
f 1921// 1923// 939//
f 939// 1923// 1925//
f 939// 1925// 1991//
f 1925// 1927// 1991//
f 1991// 1927// 1929//
f 1991// 1929// 1989//
f 1947// 1949// 1989//
f 1989// 1949// 1951//
f 1989// 1951// 1988//
f 1988// 1951// 1953//
f 1988// 1953// 1986//
f 1986// 1953// 1955//
f 1986// 1955// 1984//
f 1984// 1955// 1982//
f 1929// 1931// 1989//
f 1989// 1931// 1933//
f 1989// 1933// 1936//
f 1959// 1976// 1957//
f 1957// 1976// 1977//
f 1957// 1977// 1955//
f 1955// 1977// 1980//
f 1955// 1980// 1982//
f 1936// 1938// 1989//
f 1989// 1938// 1940//
f 1989// 1940// 1942//
f 1942// 1944// 1989//
f 1989// 1944// 1946//
f 1989// 1946// 1947//
f 1959// 1961// 1976//
f 1976// 1961// 1963//
f 1976// 1963// 1974//
f 1974// 1963// 1966//
f 1966// 1968// 1974//
f 1974// 1968// 1970//
f 1974// 1970// 1972//
f 640// 639// 1264//
f 1264// 639// 1994//
f 1264// 1994// 1992//
f 1954// 1952// 1990//
f 1990// 1934// 1932//
f 1990// 1932// 1992//
f 698// 697// 1918//
f 1918// 697// 1271//
f 1918// 1271// 1920//
f 1920// 1271// 1264//
f 1920// 1264// 1922//
f 1922// 1264// 1924//
f 1983// 1956// 1985//
f 1985// 1956// 1954//
f 1985// 1954// 1987//
f 1987// 1954// 1990//
f 1952// 1950// 1990//
f 1990// 1950// 1948//
f 1990// 1948// 1945//
f 1932// 1930// 1992//
f 1992// 1930// 1928//
f 1992// 1928// 1264//
f 1264// 1928// 1926//
f 1264// 1926// 1924//
f 1975// 1960// 1978//
f 1978// 1960// 1958//
f 1978// 1958// 1979//
f 1979// 1958// 1956//
f 1979// 1956// 1981//
f 1981// 1956// 1983//
f 1962// 1960// 1964//
f 1964// 1960// 1975//
f 1964// 1975// 1965//
f 1965// 1975// 1967//
f 1945// 1943// 1990//
f 1990// 1943// 1941//
f 1990// 1941// 1939//
f 1939// 1937// 1990//
f 1990// 1937// 1935//
f 1990// 1935// 1934//
f 1967// 1975// 1969//
f 1969// 1975// 1973//
f 1969// 1973// 1971//
f 1995// 684// 1996//
f 1996// 684// 702//
f 1997// 1995// 1998//
f 1998// 1995// 1996//
f 1997// 1998// 1999//
f 1999// 1998// 2000//
f 1999// 2000// 2001//
f 2001// 2000// 2002//
f 2001// 2002// 2003//
f 2003// 2002// 2004//
f 2003// 2004// 2005//
f 2005// 2004// 2006//
f 2005// 2006// 2007//
f 2007// 2006// 2008//
f 2007// 2008// 2009//
f 2009// 2008// 2010//
f 2011// 2009// 2012//
f 2012// 2009// 2010//
f 2011// 2012// 2013//
f 2011// 2013// 2014//
f 2014// 2013// 2015//
f 2014// 2015// 2016//
f 2016// 2015// 2017//
f 2016// 2017// 2018//
f 2018// 2017// 2019//
f 2018// 2019// 2020//
f 2020// 2019// 2021//
f 2020// 2021// 2022//
f 2022// 2021// 2023//
f 2022// 2023// 2024//
f 2025// 2024// 2026//
f 2026// 2024// 2023//
f 2025// 2026// 2027//
f 2027// 2026// 2028//
f 2027// 2028// 2029//
f 2029// 2028// 2030//
f 2029// 2030// 2031//
f 2031// 2030// 2032//
f 2031// 2032// 2033//
f 2033// 2032// 2034//
f 2033// 2034// 2035//
f 2035// 2034// 2036//
f 2035// 2036// 2037//
f 2037// 2036// 2038//
f 2039// 2037// 2040//
f 2040// 2037// 2038//
f 2041// 2039// 2042//
f 2042// 2039// 2040//
f 2041// 2042// 2043//
f 2041// 2043// 2044//
f 2044// 2043// 2045//
f 2044// 2045// 2046//
f 2046// 2045// 2047//
f 2046// 2047// 2048//
f 2048// 2047// 2049//
f 2048// 2049// 2050//
f 2050// 2049// 2051//
f 2050// 2051// 2052//
f 2052// 2051// 2053//
f 2052// 2053// 2054//
f 2055// 2054// 2056//
f 2056// 2054// 2053//
f 2055// 2056// 2057//
f 2055// 2057// 2058//
f 2058// 2057// 2059//
f 2058// 2059// 2060//
f 2060// 2059// 2061//
f 2060// 2061// 2062//
f 2062// 2061// 2063//
f 2062// 2063// 2064//
f 2064// 2063// 2065//
f 2064// 2065// 2066//
f 2067// 2066// 2068//
f 2068// 2066// 2065//
f 2069// 2067// 2070//
f 2070// 2067// 2068//
f 2071// 2069// 2072//
f 2072// 2069// 2070//
f 628// 2071// 629//
f 629// 2071// 2072//
f 2069// 2071// 931//
f 931// 2071// 628//
f 931// 628// 627//
f 685// 684// 936//
f 936// 684// 1995//
f 936// 1995// 931//
f 931// 1995// 1997//
f 931// 1997// 1999//
f 1999// 2001// 931//
f 931// 2001// 2003//
f 931// 2003// 2069//
f 2003// 2005// 2069//
f 2069// 2005// 2007//
f 2069// 2007// 2067//
f 2025// 2027// 2067//
f 2067// 2027// 2029//
f 2067// 2029// 2066//
f 2066// 2029// 2031//
f 2066// 2031// 2064//
f 2064// 2031// 2033//
f 2064// 2033// 2062//
f 2062// 2033// 2060//
f 2007// 2009// 2067//
f 2067// 2009// 2011//
f 2067// 2011// 2014//
f 2037// 2054// 2035//
f 2035// 2054// 2055//
f 2035// 2055// 2033//
f 2033// 2055// 2058//
f 2033// 2058// 2060//
f 2014// 2016// 2067//
f 2067// 2016// 2018//
f 2067// 2018// 2020//
f 2020// 2022// 2067//
f 2067// 2022// 2024//
f 2067// 2024// 2025//
f 2037// 2039// 2054//
f 2054// 2039// 2041//
f 2054// 2041// 2052//
f 2052// 2041// 2044//
f 2044// 2046// 2052//
f 2052// 2046// 2048//
f 2052// 2048// 2050//
f 655// 629// 938//
f 938// 629// 2072//
f 938// 2072// 2070//
f 2032// 2030// 2068//
f 2068// 2012// 2010//
f 2068// 2010// 2070//
f 702// 701// 1996//
f 1996// 701// 945//
f 1996// 945// 1998//
f 1998// 945// 938//
f 1998// 938// 2000//
f 2000// 938// 2002//
f 2061// 2034// 2063//
f 2063// 2034// 2032//
f 2063// 2032// 2065//
f 2065// 2032// 2068//
f 2030// 2028// 2068//
f 2068// 2028// 2026//
f 2068// 2026// 2023//
f 2010// 2008// 2070//
f 2070// 2008// 2006//
f 2070// 2006// 938//
f 938// 2006// 2004//
f 938// 2004// 2002//
f 2053// 2038// 2056//
f 2056// 2038// 2036//
f 2056// 2036// 2057//
f 2057// 2036// 2034//
f 2057// 2034// 2059//
f 2059// 2034// 2061//
f 2040// 2038// 2042//
f 2042// 2038// 2053//
f 2042// 2053// 2043//
f 2043// 2053// 2045//
f 2023// 2021// 2068//
f 2068// 2021// 2019//
f 2068// 2019// 2017//
f 2017// 2015// 2068//
f 2068// 2015// 2013//
f 2068// 2013// 2012//
f 2045// 2053// 2047//
f 2047// 2053// 2051//
f 2047// 2051// 2049//
f 2073// 691// 2074//
f 2074// 691// 690//
f 2075// 2073// 2076//
f 2076// 2073// 2074//
f 2075// 2076// 2077//
f 2077// 2076// 2078//
f 2077// 2078// 2079//
f 2079// 2078// 2080//
f 2079// 2080// 2081//
f 2081// 2080// 2082//
f 2081// 2082// 2083//
f 2083// 2082// 2084//
f 2083// 2084// 2085//
f 2085// 2084// 2086//
f 2085// 2086// 2087//
f 2087// 2086// 2088//
f 2089// 2087// 2090//
f 2090// 2087// 2088//
f 2089// 2090// 2091//
f 2089// 2091// 2092//
f 2092// 2091// 2093//
f 2092// 2093// 2094//
f 2094// 2093// 2095//
f 2094// 2095// 2096//
f 2096// 2095// 2097//
f 2096// 2097// 2098//
f 2098// 2097// 2099//
f 2098// 2099// 2100//
f 2100// 2099// 2101//
f 2100// 2101// 2102//
f 2103// 2102// 2104//
f 2104// 2102// 2101//
f 2103// 2104// 2105//
f 2105// 2104// 2106//
f 2105// 2106// 2107//
f 2107// 2106// 2108//
f 2107// 2108// 2109//
f 2109// 2108// 2110//
f 2109// 2110// 2111//
f 2111// 2110// 2112//
f 2111// 2112// 2113//
f 2113// 2112// 2114//
f 2113// 2114// 2115//
f 2115// 2114// 2116//
f 2117// 2115// 2118//
f 2118// 2115// 2116//
f 2119// 2117// 2120//
f 2120// 2117// 2118//
f 2119// 2120// 2121//
f 2119// 2121// 2122//
f 2122// 2121// 2123//
f 2122// 2123// 2124//
f 2124// 2123// 2125//
f 2124// 2125// 2126//
f 2126// 2125// 2127//
f 2126// 2127// 2128//
f 2128// 2127// 2129//
f 2128// 2129// 2130//
f 2130// 2129// 2131//
f 2130// 2131// 2132//
f 2133// 2132// 2134//
f 2134// 2132// 2131//
f 2133// 2134// 2135//
f 2133// 2135// 2136//
f 2136// 2135// 2137//
f 2136// 2137// 2138//
f 2138// 2137// 2139//
f 2138// 2139// 2140//
f 2140// 2139// 2141//
f 2140// 2141// 2142//
f 2142// 2141// 2143//
f 2142// 2143// 2144//
f 2145// 2144// 2146//
f 2146// 2144// 2143//
f 2147// 2145// 2148//
f 2148// 2145// 2146//
f 2149// 2147// 2150//
f 2150// 2147// 2148//
f 650// 2149// 625//
f 625// 2149// 2150//
f 2147// 2149// 923//
f 923// 2149// 650//
f 923// 650// 651//
f 703// 691// 928//
f 928// 691// 2073//
f 928// 2073// 923//
f 923// 2073// 2075//
f 923// 2075// 2077//
f 2077// 2079// 923//
f 923// 2079// 2081//
f 923// 2081// 2147//
f 2081// 2083// 2147//
f 2147// 2083// 2085//
f 2147// 2085// 2145//
f 2103// 2105// 2145//
f 2145// 2105// 2107//
f 2145// 2107// 2144//
f 2144// 2107// 2109//
f 2144// 2109// 2142//
f 2142// 2109// 2111//
f 2142// 2111// 2140//
f 2140// 2111// 2138//
f 2085// 2087// 2145//
f 2145// 2087// 2089//
f 2145// 2089// 2092//
f 2115// 2132// 2113//
f 2113// 2132// 2133//
f 2113// 2133// 2111//
f 2111// 2133// 2136//
f 2111// 2136// 2138//
f 2092// 2094// 2145//
f 2145// 2094// 2096//
f 2145// 2096// 2098//
f 2098// 2100// 2145//
f 2145// 2100// 2102//
f 2145// 2102// 2103//
f 2115// 2117// 2132//
f 2132// 2117// 2119//
f 2132// 2119// 2130//
f 2130// 2119// 2122//
f 2122// 2124// 2130//
f 2130// 2124// 2126//
f 2130// 2126// 2128//
f 626// 625// 930//
f 930// 625// 2150//
f 930// 2150// 2148//
f 2110// 2108// 2146//
f 2146// 2090// 2088//
f 2146// 2088// 2148//
f 690// 686// 2074//
f 2074// 686// 937//
f 2074// 937// 2076//
f 2076// 937// 930//
f 2076// 930// 2078//
f 2078// 930// 2080//
f 2139// 2112// 2141//
f 2141// 2112// 2110//
f 2141// 2110// 2143//
f 2143// 2110// 2146//
f 2108// 2106// 2146//
f 2146// 2106// 2104//
f 2146// 2104// 2101//
f 2088// 2086// 2148//
f 2148// 2086// 2084//
f 2148// 2084// 930//
f 930// 2084// 2082//
f 930// 2082// 2080//
f 2131// 2116// 2134//
f 2134// 2116// 2114//
f 2134// 2114// 2135//
f 2135// 2114// 2112//
f 2135// 2112// 2137//
f 2137// 2112// 2139//
f 2118// 2116// 2120//
f 2120// 2116// 2131//
f 2120// 2131// 2121//
f 2121// 2131// 2123//
f 2101// 2099// 2146//
f 2146// 2099// 2097//
f 2146// 2097// 2095//
f 2095// 2093// 2146//
f 2146// 2093// 2091//
f 2146// 2091// 2090//
f 2123// 2131// 2125//
f 2125// 2131// 2129//
f 2125// 2129// 2127//
f 2151// 706// 2152//
f 2152// 706// 705//
f 2153// 2151// 2154//
f 2154// 2151// 2152//
f 2153// 2154// 2155//
f 2155// 2154// 2156//
f 2155// 2156// 2157//
f 2157// 2156// 2158//
f 2157// 2158// 2159//
f 2159// 2158// 2160//
f 2159// 2160// 2161//
f 2161// 2160// 2162//
f 2161// 2162// 2163//
f 2163// 2162// 2164//
f 2163// 2164// 2165//
f 2165// 2164// 2166//
f 2167// 2165// 2168//
f 2168// 2165// 2166//
f 2167// 2168// 2169//
f 2167// 2169// 2170//
f 2170// 2169// 2171//
f 2170// 2171// 2172//
f 2172// 2171// 2173//
f 2172// 2173// 2174//
f 2174// 2173// 2175//
f 2174// 2175// 2176//
f 2176// 2175// 2177//
f 2176// 2177// 2178//
f 2178// 2177// 2179//
f 2178// 2179// 2180//
f 2181// 2180// 2182//
f 2182// 2180// 2179//
f 2181// 2182// 2183//
f 2183// 2182// 2184//
f 2183// 2184// 2185//
f 2185// 2184// 2186//
f 2185// 2186// 2187//
f 2187// 2186// 2188//
f 2187// 2188// 2189//
f 2189// 2188// 2190//
f 2189// 2190// 2191//
f 2191// 2190// 2192//
f 2191// 2192// 2193//
f 2193// 2192// 2194//
f 2195// 2193// 2196//
f 2196// 2193// 2194//
f 2197// 2195// 2198//
f 2198// 2195// 2196//
f 2197// 2198// 2199//
f 2197// 2199// 2200//
f 2200// 2199// 2201//
f 2200// 2201// 2202//
f 2202// 2201// 2203//
f 2202// 2203// 2204//
f 2204// 2203// 2205//
f 2204// 2205// 2206//
f 2206// 2205// 2207//
f 2206// 2207// 2208//
f 2208// 2207// 2209//
f 2208// 2209// 2210//
f 2211// 2210// 2212//
f 2212// 2210// 2209//
f 2211// 2212// 2213//
f 2211// 2213// 2214//
f 2214// 2213// 2215//
f 2214// 2215// 2216//
f 2216// 2215// 2217//
f 2216// 2217// 2218//
f 2218// 2217// 2219//
f 2218// 2219// 2220//
f 2220// 2219// 2221//
f 2220// 2221// 2222//
f 2223// 2222// 2224//
f 2224// 2222// 2221//
f 2225// 2223// 2226//
f 2226// 2223// 2224//
f 2227// 2225// 2228//
f 2228// 2225// 2226//
f 622// 2227// 621//
f 621// 2227// 2228//
f 2225// 2227// 917//
f 917// 2227// 622//
f 917// 622// 623//
f 738// 706// 918//
f 918// 706// 2151//
f 918// 2151// 917//
f 917// 2151// 2153//
f 917// 2153// 2155//
f 2155// 2157// 917//
f 917// 2157// 2159//
f 917// 2159// 2225//
f 2159// 2161// 2225//
f 2225// 2161// 2163//
f 2225// 2163// 2223//
f 2181// 2183// 2223//
f 2223// 2183// 2185//
f 2223// 2185// 2222//
f 2222// 2185// 2187//
f 2222// 2187// 2220//
f 2220// 2187// 2189//
f 2220// 2189// 2218//
f 2218// 2189// 2216//
f 2163// 2165// 2223//
f 2223// 2165// 2167//
f 2223// 2167// 2170//
f 2193// 2210// 2191//
f 2191// 2210// 2211//
f 2191// 2211// 2189//
f 2189// 2211// 2214//
f 2189// 2214// 2216//
f 2170// 2172// 2223//
f 2223// 2172// 2174//
f 2223// 2174// 2176//
f 2176// 2178// 2223//
f 2223// 2178// 2180//
f 2223// 2180// 2181//
f 2193// 2195// 2210//
f 2210// 2195// 2197//
f 2210// 2197// 2208//
f 2208// 2197// 2200//
f 2200// 2202// 2208//
f 2208// 2202// 2204//
f 2208// 2204// 2206//
f 652// 621// 922//
f 922// 621// 2228//
f 922// 2228// 2226//
f 2188// 2186// 2224//
f 2224// 2168// 2166//
f 2224// 2166// 2226//
f 705// 704// 2152//
f 2152// 704// 929//
f 2152// 929// 2154//
f 2154// 929// 922//
f 2154// 922// 2156//
f 2156// 922// 2158//
f 2217// 2190// 2219//
f 2219// 2190// 2188//
f 2219// 2188// 2221//
f 2221// 2188// 2224//
f 2186// 2184// 2224//
f 2224// 2184// 2182//
f 2224// 2182// 2179//
f 2166// 2164// 2226//
f 2226// 2164// 2162//
f 2226// 2162// 922//
f 922// 2162// 2160//
f 922// 2160// 2158//
f 2209// 2194// 2212//
f 2212// 2194// 2192//
f 2212// 2192// 2213//
f 2213// 2192// 2190//
f 2213// 2190// 2215//
f 2215// 2190// 2217//
f 2196// 2194// 2198//
f 2198// 2194// 2209//
f 2198// 2209// 2199//
f 2199// 2209// 2201//
f 2179// 2177// 2224//
f 2224// 2177// 2175//
f 2224// 2175// 2173//
f 2173// 2171// 2224//
f 2224// 2171// 2169//
f 2224// 2169// 2168//
f 2201// 2209// 2203//
f 2203// 2209// 2207//
f 2203// 2207// 2205//
f 2229// 741// 2230//
f 2230// 741// 740//
f 2231// 2229// 2232//
f 2232// 2229// 2230//
f 2231// 2232// 2233//
f 2233// 2232// 2234//
f 2233// 2234// 2235//
f 2235// 2234// 2236//
f 2235// 2236// 2237//
f 2237// 2236// 2238//
f 2237// 2238// 2239//
f 2239// 2238// 2240//
f 2239// 2240// 2241//
f 2241// 2240// 2242//
f 2241// 2242// 2243//
f 2243// 2242// 2244//
f 2245// 2243// 2246//
f 2246// 2243// 2244//
f 2245// 2246// 2247//
f 2245// 2247// 2248//
f 2248// 2247// 2249//
f 2248// 2249// 2250//
f 2250// 2249// 2251//
f 2250// 2251// 2252//
f 2252// 2251// 2253//
f 2252// 2253// 2254//
f 2254// 2253// 2255//
f 2254// 2255// 2256//
f 2256// 2255// 2257//
f 2256// 2257// 2258//
f 2259// 2258// 2260//
f 2260// 2258// 2257//
f 2259// 2260// 2261//
f 2261// 2260// 2262//
f 2261// 2262// 2263//
f 2263// 2262// 2264//
f 2263// 2264// 2265//
f 2265// 2264// 2266//
f 2265// 2266// 2267//
f 2267// 2266// 2268//
f 2267// 2268// 2269//
f 2269// 2268// 2270//
f 2269// 2270// 2271//
f 2271// 2270// 2272//
f 2273// 2271// 2274//
f 2274// 2271// 2272//
f 2275// 2273// 2276//
f 2276// 2273// 2274//
f 2275// 2276// 2277//
f 2275// 2277// 2278//
f 2278// 2277// 2279//
f 2278// 2279// 2280//
f 2280// 2279// 2281//
f 2280// 2281// 2282//
f 2282// 2281// 2283//
f 2282// 2283// 2284//
f 2284// 2283// 2285//
f 2284// 2285// 2286//
f 2286// 2285// 2287//
f 2286// 2287// 2288//
f 2289// 2288// 2290//
f 2290// 2288// 2287//
f 2289// 2290// 2291//
f 2289// 2291// 2292//
f 2292// 2291// 2293//
f 2292// 2293// 2294//
f 2294// 2293// 2295//
f 2294// 2295// 2296//
f 2296// 2295// 2297//
f 2296// 2297// 2298//
f 2298// 2297// 2299//
f 2298// 2299// 2300//
f 2301// 2300// 2302//
f 2302// 2300// 2299//
f 2303// 2301// 2304//
f 2304// 2301// 2302//
f 2305// 2303// 2306//
f 2306// 2303// 2304//
f 612// 2305// 613//
f 613// 2305// 2306//
f 2303// 2305// 907//
f 907// 2305// 612//
f 907// 612// 607//
f 745// 741// 912//
f 912// 741// 2229//
f 912// 2229// 907//
f 907// 2229// 2231//
f 907// 2231// 2233//
f 2233// 2235// 907//
f 907// 2235// 2237//
f 907// 2237// 2303//
f 2237// 2239// 2303//
f 2303// 2239// 2241//
f 2303// 2241// 2301//
f 2259// 2261// 2301//
f 2301// 2261// 2263//
f 2301// 2263// 2300//
f 2300// 2263// 2265//
f 2300// 2265// 2298//
f 2298// 2265// 2267//
f 2298// 2267// 2296//
f 2296// 2267// 2294//
f 2241// 2243// 2301//
f 2301// 2243// 2245//
f 2301// 2245// 2248//
f 2271// 2288// 2269//
f 2269// 2288// 2289//
f 2269// 2289// 2267//
f 2267// 2289// 2292//
f 2267// 2292// 2294//
f 2248// 2250// 2301//
f 2301// 2250// 2252//
f 2301// 2252// 2254//
f 2254// 2256// 2301//
f 2301// 2256// 2258//
f 2301// 2258// 2259//
f 2271// 2273// 2288//
f 2288// 2273// 2275//
f 2288// 2275// 2286//
f 2286// 2275// 2278//
f 2278// 2280// 2286//
f 2286// 2280// 2282//
f 2286// 2282// 2284//
f 624// 613// 916//
f 916// 613// 2306//
f 916// 2306// 2304//
f 2266// 2264// 2302//
f 2302// 2246// 2244//
f 2302// 2244// 2304//
f 740// 739// 2230//
f 2230// 739// 919//
f 2230// 919// 2232//
f 2232// 919// 916//
f 2232// 916// 2234//
f 2234// 916// 2236//
f 2295// 2268// 2297//
f 2297// 2268// 2266//
f 2297// 2266// 2299//
f 2299// 2266// 2302//
f 2264// 2262// 2302//
f 2302// 2262// 2260//
f 2302// 2260// 2257//
f 2244// 2242// 2304//
f 2304// 2242// 2240//
f 2304// 2240// 916//
f 916// 2240// 2238//
f 916// 2238// 2236//
f 2287// 2272// 2290//
f 2290// 2272// 2270//
f 2290// 2270// 2291//
f 2291// 2270// 2268//
f 2291// 2268// 2293//
f 2293// 2268// 2295//
f 2274// 2272// 2276//
f 2276// 2272// 2287//
f 2276// 2287// 2277//
f 2277// 2287// 2279//
f 2257// 2255// 2302//
f 2302// 2255// 2253//
f 2302// 2253// 2251//
f 2251// 2249// 2302//
f 2302// 2249// 2247//
f 2302// 2247// 2246//
f 2279// 2287// 2281//
f 2281// 2287// 2285//
f 2281// 2285// 2283//
f 2307// 748// 2308//
f 2308// 748// 747//
f 2309// 2307// 2310//
f 2310// 2307// 2308//
f 2309// 2310// 2311//
f 2311// 2310// 2312//
f 2311// 2312// 2313//
f 2313// 2312// 2314//
f 2313// 2314// 2315//
f 2315// 2314// 2316//
f 2315// 2316// 2317//
f 2317// 2316// 2318//
f 2317// 2318// 2319//
f 2319// 2318// 2320//
f 2319// 2320// 2321//
f 2321// 2320// 2322//
f 2323// 2321// 2324//
f 2324// 2321// 2322//
f 2323// 2324// 2325//
f 2323// 2325// 2326//
f 2326// 2325// 2327//
f 2326// 2327// 2328//
f 2328// 2327// 2329//
f 2328// 2329// 2330//
f 2330// 2329// 2331//
f 2330// 2331// 2332//
f 2332// 2331// 2333//
f 2332// 2333// 2334//
f 2334// 2333// 2335//
f 2334// 2335// 2336//
f 2337// 2336// 2338//
f 2338// 2336// 2335//
f 2337// 2338// 2339//
f 2339// 2338// 2340//
f 2339// 2340// 2341//
f 2341// 2340// 2342//
f 2341// 2342// 2343//
f 2343// 2342// 2344//
f 2343// 2344// 2345//
f 2345// 2344// 2346//
f 2345// 2346// 2347//
f 2347// 2346// 2348//
f 2347// 2348// 2349//
f 2349// 2348// 2350//
f 2351// 2349// 2352//
f 2352// 2349// 2350//
f 2353// 2351// 2354//
f 2354// 2351// 2352//
f 2353// 2354// 2355//
f 2353// 2355// 2356//
f 2356// 2355// 2357//
f 2356// 2357// 2358//
f 2358// 2357// 2359//
f 2358// 2359// 2360//
f 2360// 2359// 2361//
f 2360// 2361// 2362//
f 2362// 2361// 2363//
f 2362// 2363// 2364//
f 2364// 2363// 2365//
f 2364// 2365// 2366//
f 2367// 2366// 2368//
f 2368// 2366// 2365//
f 2367// 2368// 2369//
f 2367// 2369// 2370//
f 2370// 2369// 2371//
f 2370// 2371// 2372//
f 2372// 2371// 2373//
f 2372// 2373// 2374//
f 2374// 2373// 2375//
f 2374// 2375// 2376//
f 2376// 2375// 2377//
f 2376// 2377// 2378//
f 2379// 2378// 2380//
f 2380// 2378// 2377//
f 2381// 2379// 2382//
f 2382// 2379// 2380//
f 2383// 2381// 2384//
f 2384// 2381// 2382//
f 611// 2383// 605//
f 605// 2383// 2384//
f 2381// 2383// 899//
f 899// 2383// 611//
f 899// 611// 609//
f 752// 748// 904//
f 904// 748// 2307//
f 904// 2307// 899//
f 899// 2307// 2309//
f 899// 2309// 2311//
f 2311// 2313// 899//
f 899// 2313// 2315//
f 899// 2315// 2381//
f 2315// 2317// 2381//
f 2381// 2317// 2319//
f 2381// 2319// 2379//
f 2337// 2339// 2379//
f 2379// 2339// 2341//
f 2379// 2341// 2378//
f 2378// 2341// 2343//
f 2378// 2343// 2376//
f 2376// 2343// 2345//
f 2376// 2345// 2374//
f 2374// 2345// 2372//
f 2319// 2321// 2379//
f 2379// 2321// 2323//
f 2379// 2323// 2326//
f 2349// 2366// 2347//
f 2347// 2366// 2367//
f 2347// 2367// 2345//
f 2345// 2367// 2370//
f 2345// 2370// 2372//
f 2326// 2328// 2379//
f 2379// 2328// 2330//
f 2379// 2330// 2332//
f 2332// 2334// 2379//
f 2379// 2334// 2336//
f 2379// 2336// 2337//
f 2349// 2351// 2366//
f 2366// 2351// 2353//
f 2366// 2353// 2364//
f 2364// 2353// 2356//
f 2356// 2358// 2364//
f 2364// 2358// 2360//
f 2364// 2360// 2362//
f 606// 605// 906//
f 906// 605// 2384//
f 906// 2384// 2382//
f 2344// 2342// 2380//
f 2380// 2324// 2322//
f 2380// 2322// 2382//
f 747// 746// 2308//
f 2308// 746// 913//
f 2308// 913// 2310//
f 2310// 913// 906//
f 2310// 906// 2312//
f 2312// 906// 2314//
f 2373// 2346// 2375//
f 2375// 2346// 2344//
f 2375// 2344// 2377//
f 2377// 2344// 2380//
f 2342// 2340// 2380//
f 2380// 2340// 2338//
f 2380// 2338// 2335//
f 2322// 2320// 2382//
f 2382// 2320// 2318//
f 2382// 2318// 906//
f 906// 2318// 2316//
f 906// 2316// 2314//
f 2365// 2350// 2368//
f 2368// 2350// 2348//
f 2368// 2348// 2369//
f 2369// 2348// 2346//
f 2369// 2346// 2371//
f 2371// 2346// 2373//
f 2352// 2350// 2354//
f 2354// 2350// 2365//
f 2354// 2365// 2355//
f 2355// 2365// 2357//
f 2335// 2333// 2380//
f 2380// 2333// 2331//
f 2380// 2331// 2329//
f 2329// 2327// 2380//
f 2380// 2327// 2325//
f 2380// 2325// 2324//
f 2357// 2365// 2359//
f 2359// 2365// 2363//
f 2359// 2363// 2361//
f 2385// 720// 2386//
f 2386// 720// 750//
f 2387// 2385// 2388//
f 2388// 2385// 2386//
f 2387// 2388// 2389//
f 2389// 2388// 2390//
f 2389// 2390// 2391//
f 2391// 2390// 2392//
f 2391// 2392// 2393//
f 2393// 2392// 2394//
f 2393// 2394// 2395//
f 2395// 2394// 2396//
f 2395// 2396// 2397//
f 2397// 2396// 2398//
f 2397// 2398// 2399//
f 2399// 2398// 2400//
f 2401// 2399// 2402//
f 2402// 2399// 2400//
f 2401// 2402// 2403//
f 2401// 2403// 2404//
f 2404// 2403// 2405//
f 2404// 2405// 2406//
f 2406// 2405// 2407//
f 2406// 2407// 2408//
f 2408// 2407// 2409//
f 2408// 2409// 2410//
f 2410// 2409// 2411//
f 2410// 2411// 2412//
f 2412// 2411// 2413//
f 2412// 2413// 2414//
f 2415// 2414// 2416//
f 2416// 2414// 2413//
f 2415// 2416// 2417//
f 2417// 2416// 2418//
f 2417// 2418// 2419//
f 2419// 2418// 2420//
f 2419// 2420// 2421//
f 2421// 2420// 2422//
f 2421// 2422// 2423//
f 2423// 2422// 2424//
f 2423// 2424// 2425//
f 2425// 2424// 2426//
f 2425// 2426// 2427//
f 2427// 2426// 2428//
f 2429// 2427// 2430//
f 2430// 2427// 2428//
f 2431// 2429// 2432//
f 2432// 2429// 2430//
f 2431// 2432// 2433//
f 2431// 2433// 2434//
f 2434// 2433// 2435//
f 2434// 2435// 2436//
f 2436// 2435// 2437//
f 2436// 2437// 2438//
f 2438// 2437// 2439//
f 2438// 2439// 2440//
f 2440// 2439// 2441//
f 2440// 2441// 2442//
f 2442// 2441// 2443//
f 2442// 2443// 2444//
f 2445// 2444// 2446//
f 2446// 2444// 2443//
f 2445// 2446// 2447//
f 2445// 2447// 2448//
f 2448// 2447// 2449//
f 2448// 2449// 2450//
f 2450// 2449// 2451//
f 2450// 2451// 2452//
f 2452// 2451// 2453//
f 2452// 2453// 2454//
f 2454// 2453// 2455//
f 2454// 2455// 2456//
f 2457// 2456// 2458//
f 2458// 2456// 2455//
f 2459// 2457// 2460//
f 2460// 2457// 2458//
f 2461// 2459// 2462//
f 2462// 2459// 2460//
f 672// 2461// 610//
f 610// 2461// 2462//
f 2459// 2461// 891//
f 891// 2461// 672//
f 891// 672// 638//
f 721// 720// 896//
f 896// 720// 2385//
f 896// 2385// 891//
f 891// 2385// 2387//
f 891// 2387// 2389//
f 2389// 2391// 891//
f 891// 2391// 2393//
f 891// 2393// 2459//
f 2393// 2395// 2459//
f 2459// 2395// 2397//
f 2459// 2397// 2457//
f 2415// 2417// 2457//
f 2457// 2417// 2419//
f 2457// 2419// 2456//
f 2456// 2419// 2421//
f 2456// 2421// 2454//
f 2454// 2421// 2423//
f 2454// 2423// 2452//
f 2452// 2423// 2450//
f 2397// 2399// 2457//
f 2457// 2399// 2401//
f 2457// 2401// 2404//
f 2427// 2444// 2425//
f 2425// 2444// 2445//
f 2425// 2445// 2423//
f 2423// 2445// 2448//
f 2423// 2448// 2450//
f 2404// 2406// 2457//
f 2457// 2406// 2408//
f 2457// 2408// 2410//
f 2410// 2412// 2457//
f 2457// 2412// 2414//
f 2457// 2414// 2415//
f 2427// 2429// 2444//
f 2444// 2429// 2431//
f 2444// 2431// 2442//
f 2442// 2431// 2434//
f 2434// 2436// 2442//
f 2442// 2436// 2438//
f 2442// 2438// 2440//
f 608// 610// 898//
f 898// 610// 2462//
f 898// 2462// 2460//
f 2422// 2420// 2458//
f 2458// 2402// 2400//
f 2458// 2400// 2460//
f 750// 751// 2386//
f 2386// 751// 905//
f 2386// 905// 2388//
f 2388// 905// 898//
f 2388// 898// 2390//
f 2390// 898// 2392//
f 2451// 2424// 2453//
f 2453// 2424// 2422//
f 2453// 2422// 2455//
f 2455// 2422// 2458//
f 2420// 2418// 2458//
f 2458// 2418// 2416//
f 2458// 2416// 2413//
f 2400// 2398// 2460//
f 2460// 2398// 2396//
f 2460// 2396// 898//
f 898// 2396// 2394//
f 898// 2394// 2392//
f 2443// 2428// 2446//
f 2446// 2428// 2426//
f 2446// 2426// 2447//
f 2447// 2426// 2424//
f 2447// 2424// 2449//
f 2449// 2424// 2451//
f 2430// 2428// 2432//
f 2432// 2428// 2443//
f 2432// 2443// 2433//
f 2433// 2443// 2435//
f 2413// 2411// 2458//
f 2458// 2411// 2409//
f 2458// 2409// 2407//
f 2407// 2405// 2458//
f 2458// 2405// 2403//
f 2458// 2403// 2402//
f 2435// 2443// 2437//
f 2437// 2443// 2441//
f 2437// 2441// 2439//
f 2463// 734// 2464//
f 2464// 734// 733//
f 2465// 2463// 2466//
f 2466// 2463// 2464//
f 2465// 2466// 2467//
f 2467// 2466// 2468//
f 2467// 2468// 2469//
f 2469// 2468// 2470//
f 2469// 2470// 2471//
f 2471// 2470// 2472//
f 2471// 2472// 2473//
f 2473// 2472// 2474//
f 2473// 2474// 2475//
f 2475// 2474// 2476//
f 2475// 2476// 2477//
f 2477// 2476// 2478//
f 2479// 2477// 2480//
f 2480// 2477// 2478//
f 2479// 2480// 2481//
f 2479// 2481// 2482//
f 2482// 2481// 2483//
f 2482// 2483// 2484//
f 2484// 2483// 2485//
f 2484// 2485// 2486//
f 2486// 2485// 2487//
f 2486// 2487// 2488//
f 2488// 2487// 2489//
f 2488// 2489// 2490//
f 2490// 2489// 2491//
f 2490// 2491// 2492//
f 2493// 2492// 2494//
f 2494// 2492// 2491//
f 2493// 2494// 2495//
f 2495// 2494// 2496//
f 2495// 2496// 2497//
f 2497// 2496// 2498//
f 2497// 2498// 2499//
f 2499// 2498// 2500//
f 2499// 2500// 2501//
f 2501// 2500// 2502//
f 2501// 2502// 2503//
f 2503// 2502// 2504//
f 2503// 2504// 2505//
f 2505// 2504// 2506//
f 2507// 2505// 2508//
f 2508// 2505// 2506//
f 2509// 2507// 2510//
f 2510// 2507// 2508//
f 2509// 2510// 2511//
f 2509// 2511// 2512//
f 2512// 2511// 2513//
f 2512// 2513// 2514//
f 2514// 2513// 2515//
f 2514// 2515// 2516//
f 2516// 2515// 2517//
f 2516// 2517// 2518//
f 2518// 2517// 2519//
f 2518// 2519// 2520//
f 2520// 2519// 2521//
f 2520// 2521// 2522//
f 2523// 2522// 2524//
f 2524// 2522// 2521//
f 2523// 2524// 2525//
f 2523// 2525// 2526//
f 2526// 2525// 2527//
f 2526// 2527// 2528//
f 2528// 2527// 2529//
f 2528// 2529// 2530//
f 2530// 2529// 2531//
f 2530// 2531// 2532//
f 2532// 2531// 2533//
f 2532// 2533// 2534//
f 2535// 2534// 2536//
f 2536// 2534// 2533//
f 2537// 2535// 2538//
f 2538// 2535// 2536//
f 2539// 2537// 2540//
f 2540// 2537// 2538//
f 683// 2539// 636//
f 636// 2539// 2540//
f 2537// 2539// 885//
f 885// 2539// 683//
f 885// 683// 682//
f 762// 734// 886//
f 886// 734// 2463//
f 886// 2463// 885//
f 885// 2463// 2465//
f 885// 2465// 2467//
f 2467// 2469// 885//
f 885// 2469// 2471//
f 885// 2471// 2537//
f 2471// 2473// 2537//
f 2537// 2473// 2475//
f 2537// 2475// 2535//
f 2493// 2495// 2535//
f 2535// 2495// 2497//
f 2535// 2497// 2534//
f 2534// 2497// 2499//
f 2534// 2499// 2532//
f 2532// 2499// 2501//
f 2532// 2501// 2530//
f 2530// 2501// 2528//
f 2475// 2477// 2535//
f 2535// 2477// 2479//
f 2535// 2479// 2482//
f 2505// 2522// 2503//
f 2503// 2522// 2523//
f 2503// 2523// 2501//
f 2501// 2523// 2526//
f 2501// 2526// 2528//
f 2482// 2484// 2535//
f 2535// 2484// 2486//
f 2535// 2486// 2488//
f 2488// 2490// 2535//
f 2535// 2490// 2492//
f 2535// 2492// 2493//
f 2505// 2507// 2522//
f 2522// 2507// 2509//
f 2522// 2509// 2520//
f 2520// 2509// 2512//
f 2512// 2514// 2520//
f 2520// 2514// 2516//
f 2520// 2516// 2518//
f 637// 636// 890//
f 890// 636// 2540//
f 890// 2540// 2538//
f 2500// 2498// 2536//
f 2536// 2480// 2478//
f 2536// 2478// 2538//
f 733// 722// 2464//
f 2464// 722// 897//
f 2464// 897// 2466//
f 2466// 897// 890//
f 2466// 890// 2468//
f 2468// 890// 2470//
f 2529// 2502// 2531//
f 2531// 2502// 2500//
f 2531// 2500// 2533//
f 2533// 2500// 2536//
f 2498// 2496// 2536//
f 2536// 2496// 2494//
f 2536// 2494// 2491//
f 2478// 2476// 2538//
f 2538// 2476// 2474//
f 2538// 2474// 890//
f 890// 2474// 2472//
f 890// 2472// 2470//
f 2521// 2506// 2524//
f 2524// 2506// 2504//
f 2524// 2504// 2525//
f 2525// 2504// 2502//
f 2525// 2502// 2527//
f 2527// 2502// 2529//
f 2508// 2506// 2510//
f 2510// 2506// 2521//
f 2510// 2521// 2511//
f 2511// 2521// 2513//
f 2491// 2489// 2536//
f 2536// 2489// 2487//
f 2536// 2487// 2485//
f 2485// 2483// 2536//
f 2536// 2483// 2481//
f 2536// 2481// 2480//
f 2513// 2521// 2515//
f 2515// 2521// 2519//
f 2515// 2519// 2517//
f 2541// 765// 2542//
f 2542// 765// 764//
f 2543// 2541// 2544//
f 2544// 2541// 2542//
f 2543// 2544// 2545//
f 2545// 2544// 2546//
f 2545// 2546// 2547//
f 2547// 2546// 2548//
f 2547// 2548// 2549//
f 2549// 2548// 2550//
f 2549// 2550// 2551//
f 2551// 2550// 2552//
f 2551// 2552// 2553//
f 2553// 2552// 2554//
f 2553// 2554// 2555//
f 2555// 2554// 2556//
f 2557// 2555// 2558//
f 2558// 2555// 2556//
f 2557// 2558// 2559//
f 2557// 2559// 2560//
f 2560// 2559// 2561//
f 2560// 2561// 2562//
f 2562// 2561// 2563//
f 2562// 2563// 2564//
f 2564// 2563// 2565//
f 2564// 2565// 2566//
f 2566// 2565// 2567//
f 2566// 2567// 2568//
f 2568// 2567// 2569//
f 2568// 2569// 2570//
f 2571// 2570// 2572//
f 2572// 2570// 2569//
f 2571// 2572// 2573//
f 2573// 2572// 2574//
f 2573// 2574// 2575//
f 2575// 2574// 2576//
f 2575// 2576// 2577//
f 2577// 2576// 2578//
f 2577// 2578// 2579//
f 2579// 2578// 2580//
f 2579// 2580// 2581//
f 2581// 2580// 2582//
f 2581// 2582// 2583//
f 2583// 2582// 2584//
f 2585// 2583// 2586//
f 2586// 2583// 2584//
f 2587// 2585// 2588//
f 2588// 2585// 2586//
f 2587// 2588// 2589//
f 2587// 2589// 2590//
f 2590// 2589// 2591//
f 2590// 2591// 2592//
f 2592// 2591// 2593//
f 2592// 2593// 2594//
f 2594// 2593// 2595//
f 2594// 2595// 2596//
f 2596// 2595// 2597//
f 2596// 2597// 2598//
f 2598// 2597// 2599//
f 2598// 2599// 2600//
f 2601// 2600// 2602//
f 2602// 2600// 2599//
f 2601// 2602// 2603//
f 2601// 2603// 2604//
f 2604// 2603// 2605//
f 2604// 2605// 2606//
f 2606// 2605// 2607//
f 2606// 2607// 2608//
f 2608// 2607// 2609//
f 2608// 2609// 2610//
f 2610// 2609// 2611//
f 2610// 2611// 2612//
f 2613// 2612// 2614//
f 2614// 2612// 2611//
f 2615// 2613// 2616//
f 2616// 2613// 2614//
f 2617// 2615// 2618//
f 2618// 2615// 2616//
f 679// 2617// 680//
f 680// 2617// 2618//
f 2615// 2617// 877//
f 877// 2617// 679//
f 877// 679// 678//
f 771// 765// 878//
f 878// 765// 2541//
f 878// 2541// 877//
f 877// 2541// 2543//
f 877// 2543// 2545//
f 2545// 2547// 877//
f 877// 2547// 2549//
f 877// 2549// 2615//
f 2549// 2551// 2615//
f 2615// 2551// 2553//
f 2615// 2553// 2613//
f 2571// 2573// 2613//
f 2613// 2573// 2575//
f 2613// 2575// 2612//
f 2612// 2575// 2577//
f 2612// 2577// 2610//
f 2610// 2577// 2579//
f 2610// 2579// 2608//
f 2608// 2579// 2606//
f 2553// 2555// 2613//
f 2613// 2555// 2557//
f 2613// 2557// 2560//
f 2583// 2600// 2581//
f 2581// 2600// 2601//
f 2581// 2601// 2579//
f 2579// 2601// 2604//
f 2579// 2604// 2606//
f 2560// 2562// 2613//
f 2613// 2562// 2564//
f 2613// 2564// 2566//
f 2566// 2568// 2613//
f 2613// 2568// 2570//
f 2613// 2570// 2571//
f 2583// 2585// 2600//
f 2600// 2585// 2587//
f 2600// 2587// 2598//
f 2598// 2587// 2590//
f 2590// 2592// 2598//
f 2598// 2592// 2594//
f 2598// 2594// 2596//
f 681// 680// 884//
f 884// 680// 2618//
f 884// 2618// 2616//
f 2578// 2576// 2614//
f 2614// 2558// 2556//
f 2614// 2556// 2616//
f 764// 763// 2542//
f 2542// 763// 887//
f 2542// 887// 2544//
f 2544// 887// 884//
f 2544// 884// 2546//
f 2546// 884// 2548//
f 2607// 2580// 2609//
f 2609// 2580// 2578//
f 2609// 2578// 2611//
f 2611// 2578// 2614//
f 2576// 2574// 2614//
f 2614// 2574// 2572//
f 2614// 2572// 2569//
f 2556// 2554// 2616//
f 2616// 2554// 2552//
f 2616// 2552// 884//
f 884// 2552// 2550//
f 884// 2550// 2548//
f 2599// 2584// 2602//
f 2602// 2584// 2582//
f 2602// 2582// 2603//
f 2603// 2582// 2580//
f 2603// 2580// 2605//
f 2605// 2580// 2607//
f 2586// 2584// 2588//
f 2588// 2584// 2599//
f 2588// 2599// 2589//
f 2589// 2599// 2591//
f 2569// 2567// 2614//
f 2614// 2567// 2565//
f 2614// 2565// 2563//
f 2563// 2561// 2614//
f 2614// 2561// 2559//
f 2614// 2559// 2558//
f 2591// 2599// 2593//
f 2593// 2599// 2597//
f 2593// 2597// 2595//
f 2619// 774// 2620//
f 2620// 774// 773//
f 2621// 2619// 2622//
f 2622// 2619// 2620//
f 2621// 2622// 2623//
f 2623// 2622// 2624//
f 2623// 2624// 2625//
f 2625// 2624// 2626//
f 2625// 2626// 2627//
f 2627// 2626// 2628//
f 2627// 2628// 2629//
f 2629// 2628// 2630//
f 2629// 2630// 2631//
f 2631// 2630// 2632//
f 2631// 2632// 2633//
f 2633// 2632// 2634//
f 2635// 2633// 2636//
f 2636// 2633// 2634//
f 2635// 2636// 2637//
f 2635// 2637// 2638//
f 2638// 2637// 2639//
f 2638// 2639// 2640//
f 2640// 2639// 2641//
f 2640// 2641// 2642//
f 2642// 2641// 2643//
f 2642// 2643// 2644//
f 2644// 2643// 2645//
f 2644// 2645// 2646//
f 2646// 2645// 2647//
f 2646// 2647// 2648//
f 2649// 2648// 2650//
f 2650// 2648// 2647//
f 2649// 2650// 2651//
f 2651// 2650// 2652//
f 2651// 2652// 2653//
f 2653// 2652// 2654//
f 2653// 2654// 2655//
f 2655// 2654// 2656//
f 2655// 2656// 2657//
f 2657// 2656// 2658//
f 2657// 2658// 2659//
f 2659// 2658// 2660//
f 2659// 2660// 2661//
f 2661// 2660// 2662//
f 2663// 2661// 2664//
f 2664// 2661// 2662//
f 2665// 2663// 2666//
f 2666// 2663// 2664//
f 2665// 2666// 2667//
f 2665// 2667// 2668//
f 2668// 2667// 2669//
f 2668// 2669// 2670//
f 2670// 2669// 2671//
f 2670// 2671// 2672//
f 2672// 2671// 2673//
f 2672// 2673// 2674//
f 2674// 2673// 2675//
f 2674// 2675// 2676//
f 2676// 2675// 2677//
f 2676// 2677// 2678//
f 2679// 2678// 2680//
f 2680// 2678// 2677//
f 2679// 2680// 2681//
f 2679// 2681// 2682//
f 2682// 2681// 2683//
f 2682// 2683// 2684//
f 2684// 2683// 2685//
f 2684// 2685// 2686//
f 2686// 2685// 2687//
f 2686// 2687// 2688//
f 2688// 2687// 2689//
f 2688// 2689// 2690//
f 2691// 2690// 2692//
f 2692// 2690// 2689//
f 2693// 2691// 2694//
f 2694// 2691// 2692//
f 2695// 2693// 2696//
f 2696// 2693// 2694//
f 675// 2695// 676//
f 676// 2695// 2696//
f 2693// 2695// 867//
f 867// 2695// 675//
f 867// 675// 674//
f 775// 774// 872//
f 872// 774// 2619//
f 872// 2619// 867//
f 867// 2619// 2621//
f 867// 2621// 2623//
f 2623// 2625// 867//
f 867// 2625// 2627//
f 867// 2627// 2693//
f 2627// 2629// 2693//
f 2693// 2629// 2631//
f 2693// 2631// 2691//
f 2649// 2651// 2691//
f 2691// 2651// 2653//
f 2691// 2653// 2690//
f 2690// 2653// 2655//
f 2690// 2655// 2688//
f 2688// 2655// 2657//
f 2688// 2657// 2686//
f 2686// 2657// 2684//
f 2631// 2633// 2691//
f 2691// 2633// 2635//
f 2691// 2635// 2638//
f 2661// 2678// 2659//
f 2659// 2678// 2679//
f 2659// 2679// 2657//
f 2657// 2679// 2682//
f 2657// 2682// 2684//
f 2638// 2640// 2691//
f 2691// 2640// 2642//
f 2691// 2642// 2644//
f 2644// 2646// 2691//
f 2691// 2646// 2648//
f 2691// 2648// 2649//
f 2661// 2663// 2678//
f 2678// 2663// 2665//
f 2678// 2665// 2676//
f 2676// 2665// 2668//
f 2668// 2670// 2676//
f 2676// 2670// 2672//
f 2676// 2672// 2674//
f 677// 676// 876//
f 876// 676// 2696//
f 876// 2696// 2694//
f 2656// 2654// 2692//
f 2692// 2636// 2634//
f 2692// 2634// 2694//
f 773// 772// 2620//
f 2620// 772// 879//
f 2620// 879// 2622//
f 2622// 879// 876//
f 2622// 876// 2624//
f 2624// 876// 2626//
f 2685// 2658// 2687//
f 2687// 2658// 2656//
f 2687// 2656// 2689//
f 2689// 2656// 2692//
f 2654// 2652// 2692//
f 2692// 2652// 2650//
f 2692// 2650// 2647//
f 2634// 2632// 2694//
f 2694// 2632// 2630//
f 2694// 2630// 876//
f 876// 2630// 2628//
f 876// 2628// 2626//
f 2677// 2662// 2680//
f 2680// 2662// 2660//
f 2680// 2660// 2681//
f 2681// 2660// 2658//
f 2681// 2658// 2683//
f 2683// 2658// 2685//
f 2664// 2662// 2666//
f 2666// 2662// 2677//
f 2666// 2677// 2667//
f 2667// 2677// 2669//
f 2647// 2645// 2692//
f 2692// 2645// 2643//
f 2692// 2643// 2641//
f 2641// 2639// 2692//
f 2692// 2639// 2637//
f 2692// 2637// 2636//
f 2669// 2677// 2671//
f 2671// 2677// 2675//
f 2671// 2675// 2673//
f 2697// 727// 2698//
f 2698// 727// 777//
f 2699// 2697// 2700//
f 2700// 2697// 2698//
f 2699// 2700// 2701//
f 2701// 2700// 2702//
f 2701// 2702// 2703//
f 2703// 2702// 2704//
f 2703// 2704// 2705//
f 2705// 2704// 2706//
f 2705// 2706// 2707//
f 2707// 2706// 2708//
f 2707// 2708// 2709//
f 2709// 2708// 2710//
f 2709// 2710// 2711//
f 2711// 2710// 2712//
f 2713// 2711// 2714//
f 2714// 2711// 2712//
f 2713// 2714// 2715//
f 2713// 2715// 2716//
f 2716// 2715// 2717//
f 2716// 2717// 2718//
f 2718// 2717// 2719//
f 2718// 2719// 2720//
f 2720// 2719// 2721//
f 2720// 2721// 2722//
f 2722// 2721// 2723//
f 2722// 2723// 2724//
f 2724// 2723// 2725//
f 2724// 2725// 2726//
f 2727// 2726// 2728//
f 2728// 2726// 2725//
f 2727// 2728// 2729//
f 2729// 2728// 2730//
f 2729// 2730// 2731//
f 2731// 2730// 2732//
f 2731// 2732// 2733//
f 2733// 2732// 2734//
f 2733// 2734// 2735//
f 2735// 2734// 2736//
f 2735// 2736// 2737//
f 2737// 2736// 2738//
f 2737// 2738// 2739//
f 2739// 2738// 2740//
f 2741// 2739// 2742//
f 2742// 2739// 2740//
f 2743// 2741// 2744//
f 2744// 2741// 2742//
f 2743// 2744// 2745//
f 2743// 2745// 2746//
f 2746// 2745// 2747//
f 2746// 2747// 2748//
f 2748// 2747// 2749//
f 2748// 2749// 2750//
f 2750// 2749// 2751//
f 2750// 2751// 2752//
f 2752// 2751// 2753//
f 2752// 2753// 2754//
f 2754// 2753// 2755//
f 2754// 2755// 2756//
f 2757// 2756// 2758//
f 2758// 2756// 2755//
f 2757// 2758// 2759//
f 2757// 2759// 2760//
f 2760// 2759// 2761//
f 2760// 2761// 2762//
f 2762// 2761// 2763//
f 2762// 2763// 2764//
f 2764// 2763// 2765//
f 2764// 2765// 2766//
f 2766// 2765// 2767//
f 2766// 2767// 2768//
f 2769// 2768// 2770//
f 2770// 2768// 2767//
f 2771// 2769// 2772//
f 2772// 2769// 2770//
f 2773// 2771// 2774//
f 2774// 2771// 2772//
f 670// 2773// 671//
f 671// 2773// 2774//
f 2771// 2773// 861//
f 861// 2773// 670//
f 861// 670// 669//
f 728// 727// 862//
f 862// 727// 2697//
f 862// 2697// 861//
f 861// 2697// 2699//
f 861// 2699// 2701//
f 2701// 2703// 861//
f 861// 2703// 2705//
f 861// 2705// 2771//
f 2705// 2707// 2771//
f 2771// 2707// 2709//
f 2771// 2709// 2769//
f 2727// 2729// 2769//
f 2769// 2729// 2731//
f 2769// 2731// 2768//
f 2768// 2731// 2733//
f 2768// 2733// 2766//
f 2766// 2733// 2735//
f 2766// 2735// 2764//
f 2764// 2735// 2762//
f 2709// 2711// 2769//
f 2769// 2711// 2713//
f 2769// 2713// 2716//
f 2739// 2756// 2737//
f 2737// 2756// 2757//
f 2737// 2757// 2735//
f 2735// 2757// 2760//
f 2735// 2760// 2762//
f 2716// 2718// 2769//
f 2769// 2718// 2720//
f 2769// 2720// 2722//
f 2722// 2724// 2769//
f 2769// 2724// 2726//
f 2769// 2726// 2727//
f 2739// 2741// 2756//
f 2756// 2741// 2743//
f 2756// 2743// 2754//
f 2754// 2743// 2746//
f 2746// 2748// 2754//
f 2754// 2748// 2750//
f 2754// 2750// 2752//
f 673// 671// 866//
f 866// 671// 2774//
f 866// 2774// 2772//
f 2734// 2732// 2770//
f 2770// 2714// 2712//
f 2770// 2712// 2772//
f 777// 776// 2698//
f 2698// 776// 873//
f 2698// 873// 2700//
f 2700// 873// 866//
f 2700// 866// 2702//
f 2702// 866// 2704//
f 2763// 2736// 2765//
f 2765// 2736// 2734//
f 2765// 2734// 2767//
f 2767// 2734// 2770//
f 2732// 2730// 2770//
f 2770// 2730// 2728//
f 2770// 2728// 2725//
f 2712// 2710// 2772//
f 2772// 2710// 2708//
f 2772// 2708// 866//
f 866// 2708// 2706//
f 866// 2706// 2704//
f 2755// 2740// 2758//
f 2758// 2740// 2738//
f 2758// 2738// 2759//
f 2759// 2738// 2736//
f 2759// 2736// 2761//
f 2761// 2736// 2763//
f 2742// 2740// 2744//
f 2744// 2740// 2755//
f 2744// 2755// 2745//
f 2745// 2755// 2747//
f 2725// 2723// 2770//
f 2770// 2723// 2721//
f 2770// 2721// 2719//
f 2719// 2717// 2770//
f 2770// 2717// 2715//
f 2770// 2715// 2714//
f 2747// 2755// 2749//
f 2749// 2755// 2753//
f 2749// 2753// 2751//
f 2775// 767// 2776//
f 2776// 767// 766//
f 2777// 2775// 2778//
f 2778// 2775// 2776//
f 2777// 2778// 2779//
f 2779// 2778// 2780//
f 2779// 2780// 2781//
f 2781// 2780// 2782//
f 2781// 2782// 2783//
f 2783// 2782// 2784//
f 2783// 2784// 2785//
f 2785// 2784// 2786//
f 2785// 2786// 2787//
f 2787// 2786// 2788//
f 2787// 2788// 2789//
f 2789// 2788// 2790//
f 2791// 2789// 2792//
f 2792// 2789// 2790//
f 2791// 2792// 2793//
f 2791// 2793// 2794//
f 2794// 2793// 2795//
f 2794// 2795// 2796//
f 2796// 2795// 2797//
f 2796// 2797// 2798//
f 2798// 2797// 2799//
f 2798// 2799// 2800//
f 2800// 2799// 2801//
f 2800// 2801// 2802//
f 2802// 2801// 2803//
f 2802// 2803// 2804//
f 2805// 2804// 2806//
f 2806// 2804// 2803//
f 2805// 2806// 2807//
f 2807// 2806// 2808//
f 2807// 2808// 2809//
f 2809// 2808// 2810//
f 2809// 2810// 2811//
f 2811// 2810// 2812//
f 2811// 2812// 2813//
f 2813// 2812// 2814//
f 2813// 2814// 2815//
f 2815// 2814// 2816//
f 2815// 2816// 2817//
f 2817// 2816// 2818//
f 2819// 2817// 2820//
f 2820// 2817// 2818//
f 2821// 2819// 2822//
f 2822// 2819// 2820//
f 2821// 2822// 2823//
f 2821// 2823// 2824//
f 2824// 2823// 2825//
f 2824// 2825// 2826//
f 2826// 2825// 2827//
f 2826// 2827// 2828//
f 2828// 2827// 2829//
f 2828// 2829// 2830//
f 2830// 2829// 2831//
f 2830// 2831// 2832//
f 2832// 2831// 2833//
f 2832// 2833// 2834//
f 2835// 2834// 2836//
f 2836// 2834// 2833//
f 2835// 2836// 2837//
f 2835// 2837// 2838//
f 2838// 2837// 2839//
f 2838// 2839// 2840//
f 2840// 2839// 2841//
f 2840// 2841// 2842//
f 2842// 2841// 2843//
f 2842// 2843// 2844//
f 2844// 2843// 2845//
f 2844// 2845// 2846//
f 2847// 2846// 2848//
f 2848// 2846// 2845//
f 2849// 2847// 2850//
f 2850// 2847// 2848//
f 2851// 2849// 2852//
f 2852// 2849// 2850//
f 666// 2851// 667//
f 667// 2851// 2852//
f 2849// 2851// 853//
f 853// 2851// 666//
f 853// 666// 665//
f 768// 767// 854//
f 854// 767// 2775//
f 854// 2775// 853//
f 853// 2775// 2777//
f 853// 2777// 2779//
f 2779// 2781// 853//
f 853// 2781// 2783//
f 853// 2783// 2849//
f 2783// 2785// 2849//
f 2849// 2785// 2787//
f 2849// 2787// 2847//
f 2805// 2807// 2847//
f 2847// 2807// 2809//
f 2847// 2809// 2846//
f 2846// 2809// 2811//
f 2846// 2811// 2844//
f 2844// 2811// 2813//
f 2844// 2813// 2842//
f 2842// 2813// 2840//
f 2787// 2789// 2847//
f 2847// 2789// 2791//
f 2847// 2791// 2794//
f 2817// 2834// 2815//
f 2815// 2834// 2835//
f 2815// 2835// 2813//
f 2813// 2835// 2838//
f 2813// 2838// 2840//
f 2794// 2796// 2847//
f 2847// 2796// 2798//
f 2847// 2798// 2800//
f 2800// 2802// 2847//
f 2847// 2802// 2804//
f 2847// 2804// 2805//
f 2817// 2819// 2834//
f 2834// 2819// 2821//
f 2834// 2821// 2832//
f 2832// 2821// 2824//
f 2824// 2826// 2832//
f 2832// 2826// 2828//
f 2832// 2828// 2830//
f 668// 667// 860//
f 860// 667// 2852//
f 860// 2852// 2850//
f 2812// 2810// 2848//
f 2848// 2792// 2790//
f 2848// 2790// 2850//
f 766// 729// 2776//
f 2776// 729// 863//
f 2776// 863// 2778//
f 2778// 863// 860//
f 2778// 860// 2780//
f 2780// 860// 2782//
f 2841// 2814// 2843//
f 2843// 2814// 2812//
f 2843// 2812// 2845//
f 2845// 2812// 2848//
f 2810// 2808// 2848//
f 2848// 2808// 2806//
f 2848// 2806// 2803//
f 2790// 2788// 2850//
f 2850// 2788// 2786//
f 2850// 2786// 860//
f 860// 2786// 2784//
f 860// 2784// 2782//
f 2833// 2818// 2836//
f 2836// 2818// 2816//
f 2836// 2816// 2837//
f 2837// 2816// 2814//
f 2837// 2814// 2839//
f 2839// 2814// 2841//
f 2820// 2818// 2822//
f 2822// 2818// 2833//
f 2822// 2833// 2823//
f 2823// 2833// 2825//
f 2803// 2801// 2848//
f 2848// 2801// 2799//
f 2848// 2799// 2797//
f 2797// 2795// 2848//
f 2848// 2795// 2793//
f 2848// 2793// 2792//
f 2825// 2833// 2827//
f 2827// 2833// 2831//
f 2827// 2831// 2829//
f 2853// 742// 2854//
f 2854// 742// 770//
f 2855// 2853// 2856//
f 2856// 2853// 2854//
f 2855// 2856// 2857//
f 2857// 2856// 2858//
f 2857// 2858// 2859//
f 2859// 2858// 2860//
f 2859// 2860// 2861//
f 2861// 2860// 2862//
f 2861// 2862// 2863//
f 2863// 2862// 2864//
f 2863// 2864// 2865//
f 2865// 2864// 2866//
f 2865// 2866// 2867//
f 2867// 2866// 2868//
f 2869// 2867// 2870//
f 2870// 2867// 2868//
f 2869// 2870// 2871//
f 2869// 2871// 2872//
f 2872// 2871// 2873//
f 2872// 2873// 2874//
f 2874// 2873// 2875//
f 2874// 2875// 2876//
f 2876// 2875// 2877//
f 2876// 2877// 2878//
f 2878// 2877// 2879//
f 2878// 2879// 2880//
f 2880// 2879// 2881//
f 2880// 2881// 2882//
f 2883// 2882// 2884//
f 2884// 2882// 2881//
f 2883// 2884// 2885//
f 2885// 2884// 2886//
f 2885// 2886// 2887//
f 2887// 2886// 2888//
f 2887// 2888// 2889//
f 2889// 2888// 2890//
f 2889// 2890// 2891//
f 2891// 2890// 2892//
f 2891// 2892// 2893//
f 2893// 2892// 2894//
f 2893// 2894// 2895//
f 2895// 2894// 2896//
f 2897// 2895// 2898//
f 2898// 2895// 2896//
f 2899// 2897// 2900//
f 2900// 2897// 2898//
f 2899// 2900// 2901//
f 2899// 2901// 2902//
f 2902// 2901// 2903//
f 2902// 2903// 2904//
f 2904// 2903// 2905//
f 2904// 2905// 2906//
f 2906// 2905// 2907//
f 2906// 2907// 2908//
f 2908// 2907// 2909//
f 2908// 2909// 2910//
f 2910// 2909// 2911//
f 2910// 2911// 2912//
f 2913// 2912// 2914//
f 2914// 2912// 2911//
f 2913// 2914// 2915//
f 2913// 2915// 2916//
f 2916// 2915// 2917//
f 2916// 2917// 2918//
f 2918// 2917// 2919//
f 2918// 2919// 2920//
f 2920// 2919// 2921//
f 2920// 2921// 2922//
f 2922// 2921// 2923//
f 2922// 2923// 2924//
f 2925// 2924// 2926//
f 2926// 2924// 2923//
f 2927// 2925// 2928//
f 2928// 2925// 2926//
f 2929// 2927// 2930//
f 2930// 2927// 2928//
f 648// 2929// 649//
f 649// 2929// 2930//
f 2927// 2929// 845//
f 845// 2929// 648//
f 845// 648// 647//
f 743// 742// 846//
f 846// 742// 2853//
f 846// 2853// 845//
f 845// 2853// 2855//
f 845// 2855// 2857//
f 2857// 2859// 845//
f 845// 2859// 2861//
f 845// 2861// 2927//
f 2861// 2863// 2927//
f 2927// 2863// 2865//
f 2927// 2865// 2925//
f 2883// 2885// 2925//
f 2925// 2885// 2887//
f 2925// 2887// 2924//
f 2924// 2887// 2889//
f 2924// 2889// 2922//
f 2922// 2889// 2891//
f 2922// 2891// 2920//
f 2920// 2891// 2918//
f 2865// 2867// 2925//
f 2925// 2867// 2869//
f 2925// 2869// 2872//
f 2895// 2912// 2893//
f 2893// 2912// 2913//
f 2893// 2913// 2891//
f 2891// 2913// 2916//
f 2891// 2916// 2918//
f 2872// 2874// 2925//
f 2925// 2874// 2876//
f 2925// 2876// 2878//
f 2878// 2880// 2925//
f 2925// 2880// 2882//
f 2925// 2882// 2883//
f 2895// 2897// 2912//
f 2912// 2897// 2899//
f 2912// 2899// 2910//
f 2910// 2899// 2902//
f 2902// 2904// 2910//
f 2910// 2904// 2906//
f 2910// 2906// 2908//
f 664// 649// 852//
f 852// 649// 2930//
f 852// 2930// 2928//
f 2890// 2888// 2926//
f 2926// 2870// 2868//
f 2926// 2868// 2928//
f 770// 769// 2854//
f 2854// 769// 855//
f 2854// 855// 2856//
f 2856// 855// 852//
f 2856// 852// 2858//
f 2858// 852// 2860//
f 2919// 2892// 2921//
f 2921// 2892// 2890//
f 2921// 2890// 2923//
f 2923// 2890// 2926//
f 2888// 2886// 2926//
f 2926// 2886// 2884//
f 2926// 2884// 2881//
f 2868// 2866// 2928//
f 2928// 2866// 2864//
f 2928// 2864// 852//
f 852// 2864// 2862//
f 852// 2862// 2860//
f 2911// 2896// 2914//
f 2914// 2896// 2894//
f 2914// 2894// 2915//
f 2915// 2894// 2892//
f 2915// 2892// 2917//
f 2917// 2892// 2919//
f 2898// 2896// 2900//
f 2900// 2896// 2911//
f 2900// 2911// 2901//
f 2901// 2911// 2903//
f 2881// 2879// 2926//
f 2926// 2879// 2877//
f 2926// 2877// 2875//
f 2875// 2873// 2926//
f 2926// 2873// 2871//
f 2926// 2871// 2870//
f 2903// 2911// 2905//
f 2905// 2911// 2909//
f 2905// 2909// 2907//
f 2931// 754// 2932//
f 2932// 754// 753//
f 2933// 2931// 2934//
f 2934// 2931// 2932//
f 2933// 2934// 2935//
f 2935// 2934// 2936//
f 2935// 2936// 2937//
f 2937// 2936// 2938//
f 2937// 2938// 2939//
f 2939// 2938// 2940//
f 2939// 2940// 2941//
f 2941// 2940// 2942//
f 2941// 2942// 2943//
f 2943// 2942// 2944//
f 2943// 2944// 2945//
f 2945// 2944// 2946//
f 2947// 2945// 2948//
f 2948// 2945// 2946//
f 2947// 2948// 2949//
f 2947// 2949// 2950//
f 2950// 2949// 2951//
f 2950// 2951// 2952//
f 2952// 2951// 2953//
f 2952// 2953// 2954//
f 2954// 2953// 2955//
f 2954// 2955// 2956//
f 2956// 2955// 2957//
f 2956// 2957// 2958//
f 2958// 2957// 2959//
f 2958// 2959// 2960//
f 2961// 2960// 2962//
f 2962// 2960// 2959//
f 2961// 2962// 2963//
f 2963// 2962// 2964//
f 2963// 2964// 2965//
f 2965// 2964// 2966//
f 2965// 2966// 2967//
f 2967// 2966// 2968//
f 2967// 2968// 2969//
f 2969// 2968// 2970//
f 2969// 2970// 2971//
f 2971// 2970// 2972//
f 2971// 2972// 2973//
f 2973// 2972// 2974//
f 2975// 2973// 2976//
f 2976// 2973// 2974//
f 2977// 2975// 2978//
f 2978// 2975// 2976//
f 2977// 2978// 2979//
f 2977// 2979// 2980//
f 2980// 2979// 2981//
f 2980// 2981// 2982//
f 2982// 2981// 2983//
f 2982// 2983// 2984//
f 2984// 2983// 2985//
f 2984// 2985// 2986//
f 2986// 2985// 2987//
f 2986// 2987// 2988//
f 2988// 2987// 2989//
f 2988// 2989// 2990//
f 2991// 2990// 2992//
f 2992// 2990// 2989//
f 2991// 2992// 2993//
f 2991// 2993// 2994//
f 2994// 2993// 2995//
f 2994// 2995// 2996//
f 2996// 2995// 2997//
f 2996// 2997// 2998//
f 2998// 2997// 2999//
f 2998// 2999// 3000//
f 3000// 2999// 3001//
f 3000// 3001// 3002//
f 3003// 3002// 3004//
f 3004// 3002// 3001//
f 3005// 3003// 3006//
f 3006// 3003// 3004//
f 3007// 3005// 3008//
f 3008// 3005// 3006//
f 630// 3007// 631//
f 631// 3007// 3008//
f 3005// 3007// 835//
f 835// 3007// 630//
f 835// 630// 616//
f 755// 754// 840//
f 840// 754// 2931//
f 840// 2931// 835//
f 835// 2931// 2933//
f 835// 2933// 2935//
f 2935// 2937// 835//
f 835// 2937// 2939//
f 835// 2939// 3005//
f 2939// 2941// 3005//
f 3005// 2941// 2943//
f 3005// 2943// 3003//
f 2961// 2963// 3003//
f 3003// 2963// 2965//
f 3003// 2965// 3002//
f 3002// 2965// 2967//
f 3002// 2967// 3000//
f 3000// 2967// 2969//
f 3000// 2969// 2998//
f 2998// 2969// 2996//
f 2943// 2945// 3003//
f 3003// 2945// 2947//
f 3003// 2947// 2950//
f 2973// 2990// 2971//
f 2971// 2990// 2991//
f 2971// 2991// 2969//
f 2969// 2991// 2994//
f 2969// 2994// 2996//
f 2950// 2952// 3003//
f 3003// 2952// 2954//
f 3003// 2954// 2956//
f 2956// 2958// 3003//
f 3003// 2958// 2960//
f 3003// 2960// 2961//
f 2973// 2975// 2990//
f 2990// 2975// 2977//
f 2990// 2977// 2988//
f 2988// 2977// 2980//
f 2980// 2982// 2988//
f 2988// 2982// 2984//
f 2988// 2984// 2986//
f 646// 631// 844//
f 844// 631// 3008//
f 844// 3008// 3006//
f 2968// 2966// 3004//
f 3004// 2948// 2946//
f 3004// 2946// 3006//
f 753// 744// 2932//
f 2932// 744// 847//
f 2932// 847// 2934//
f 2934// 847// 844//
f 2934// 844// 2936//
f 2936// 844// 2938//
f 2997// 2970// 2999//
f 2999// 2970// 2968//
f 2999// 2968// 3001//
f 3001// 2968// 3004//
f 2966// 2964// 3004//
f 3004// 2964// 2962//
f 3004// 2962// 2959//
f 2946// 2944// 3006//
f 3006// 2944// 2942//
f 3006// 2942// 844//
f 844// 2942// 2940//
f 844// 2940// 2938//
f 2989// 2974// 2992//
f 2992// 2974// 2972//
f 2992// 2972// 2993//
f 2993// 2972// 2970//
f 2993// 2970// 2995//
f 2995// 2970// 2997//
f 2976// 2974// 2978//
f 2978// 2974// 2989//
f 2978// 2989// 2979//
f 2979// 2989// 2981//
f 2959// 2957// 3004//
f 3004// 2957// 2955//
f 3004// 2955// 2953//
f 2953// 2951// 3004//
f 3004// 2951// 2949//
f 3004// 2949// 2948//
f 2981// 2989// 2983//
f 2983// 2989// 2987//
f 2983// 2987// 2985//
f 3009// 758// 3010//
f 3010// 758// 757//
f 3011// 3009// 3012//
f 3012// 3009// 3010//
f 3011// 3012// 3013//
f 3013// 3012// 3014//
f 3013// 3014// 3015//
f 3015// 3014// 3016//
f 3015// 3016// 3017//
f 3017// 3016// 3018//
f 3017// 3018// 3019//
f 3019// 3018// 3020//
f 3019// 3020// 3021//
f 3021// 3020// 3022//
f 3021// 3022// 3023//
f 3023// 3022// 3024//
f 3025// 3023// 3026//
f 3026// 3023// 3024//
f 3025// 3026// 3027//
f 3025// 3027// 3028//
f 3028// 3027// 3029//
f 3028// 3029// 3030//
f 3030// 3029// 3031//
f 3030// 3031// 3032//
f 3032// 3031// 3033//
f 3032// 3033// 3034//
f 3034// 3033// 3035//
f 3034// 3035// 3036//
f 3036// 3035// 3037//
f 3036// 3037// 3038//
f 3039// 3038// 3040//
f 3040// 3038// 3037//
f 3039// 3040// 3041//
f 3041// 3040// 3042//
f 3041// 3042// 3043//
f 3043// 3042// 3044//
f 3043// 3044// 3045//
f 3045// 3044// 3046//
f 3045// 3046// 3047//
f 3047// 3046// 3048//
f 3047// 3048// 3049//
f 3049// 3048// 3050//
f 3049// 3050// 3051//
f 3051// 3050// 3052//
f 3053// 3051// 3054//
f 3054// 3051// 3052//
f 3055// 3053// 3056//
f 3056// 3053// 3054//
f 3055// 3056// 3057//
f 3055// 3057// 3058//
f 3058// 3057// 3059//
f 3058// 3059// 3060//
f 3060// 3059// 3061//
f 3060// 3061// 3062//
f 3062// 3061// 3063//
f 3062// 3063// 3064//
f 3064// 3063// 3065//
f 3064// 3065// 3066//
f 3066// 3065// 3067//
f 3066// 3067// 3068//
f 3069// 3068// 3070//
f 3070// 3068// 3067//
f 3069// 3070// 3071//
f 3069// 3071// 3072//
f 3072// 3071// 3073//
f 3072// 3073// 3074//
f 3074// 3073// 3075//
f 3074// 3075// 3076//
f 3076// 3075// 3077//
f 3076// 3077// 3078//
f 3078// 3077// 3079//
f 3078// 3079// 3080//
f 3081// 3080// 3082//
f 3082// 3080// 3079//
f 3083// 3081// 3084//
f 3084// 3081// 3082//
f 3085// 3083// 3086//
f 3086// 3083// 3084//
f 663// 3085// 614//
f 614// 3085// 3086//
f 3083// 3085// 827//
f 827// 3085// 663//
f 827// 663// 662//
f 759// 758// 832//
f 832// 758// 3009//
f 832// 3009// 827//
f 827// 3009// 3011//
f 827// 3011// 3013//
f 3013// 3015// 827//
f 827// 3015// 3017//
f 827// 3017// 3083//
f 3017// 3019// 3083//
f 3083// 3019// 3021//
f 3083// 3021// 3081//
f 3039// 3041// 3081//
f 3081// 3041// 3043//
f 3081// 3043// 3080//
f 3080// 3043// 3045//
f 3080// 3045// 3078//
f 3078// 3045// 3047//
f 3078// 3047// 3076//
f 3076// 3047// 3074//
f 3021// 3023// 3081//
f 3081// 3023// 3025//
f 3081// 3025// 3028//
f 3051// 3068// 3049//
f 3049// 3068// 3069//
f 3049// 3069// 3047//
f 3047// 3069// 3072//
f 3047// 3072// 3074//
f 3028// 3030// 3081//
f 3081// 3030// 3032//
f 3081// 3032// 3034//
f 3034// 3036// 3081//
f 3081// 3036// 3038//
f 3081// 3038// 3039//
f 3051// 3053// 3068//
f 3068// 3053// 3055//
f 3068// 3055// 3066//
f 3066// 3055// 3058//
f 3058// 3060// 3066//
f 3066// 3060// 3062//
f 3066// 3062// 3064//
f 615// 614// 834//
f 834// 614// 3086//
f 834// 3086// 3084//
f 3046// 3044// 3082//
f 3082// 3026// 3024//
f 3082// 3024// 3084//
f 757// 756// 3010//
f 3010// 756// 841//
f 3010// 841// 3012//
f 3012// 841// 834//
f 3012// 834// 3014//
f 3014// 834// 3016//
f 3075// 3048// 3077//
f 3077// 3048// 3046//
f 3077// 3046// 3079//
f 3079// 3046// 3082//
f 3044// 3042// 3082//
f 3082// 3042// 3040//
f 3082// 3040// 3037//
f 3024// 3022// 3084//
f 3084// 3022// 3020//
f 3084// 3020// 834//
f 834// 3020// 3018//
f 834// 3018// 3016//
f 3067// 3052// 3070//
f 3070// 3052// 3050//
f 3070// 3050// 3071//
f 3071// 3050// 3048//
f 3071// 3048// 3073//
f 3073// 3048// 3075//
f 3054// 3052// 3056//
f 3056// 3052// 3067//
f 3056// 3067// 3057//
f 3057// 3067// 3059//
f 3037// 3035// 3082//
f 3082// 3035// 3033//
f 3082// 3033// 3031//
f 3031// 3029// 3082//
f 3082// 3029// 3027//
f 3082// 3027// 3026//
f 3059// 3067// 3061//
f 3061// 3067// 3065//
f 3061// 3065// 3063//
f 3087// 707// 3088//
f 3088// 707// 761//
f 3089// 3087// 3090//
f 3090// 3087// 3088//
f 3089// 3090// 3091//
f 3091// 3090// 3092//
f 3091// 3092// 3093//
f 3093// 3092// 3094//
f 3093// 3094// 3095//
f 3095// 3094// 3096//
f 3095// 3096// 3097//
f 3097// 3096// 3098//
f 3097// 3098// 3099//
f 3099// 3098// 3100//
f 3099// 3100// 3101//
f 3101// 3100// 3102//
f 3103// 3101// 3104//
f 3104// 3101// 3102//
f 3103// 3104// 3105//
f 3103// 3105// 3106//
f 3106// 3105// 3107//
f 3106// 3107// 3108//
f 3108// 3107// 3109//
f 3108// 3109// 3110//
f 3110// 3109// 3111//
f 3110// 3111// 3112//
f 3112// 3111// 3113//
f 3112// 3113// 3114//
f 3114// 3113// 3115//
f 3114// 3115// 3116//
f 3117// 3116// 3118//
f 3118// 3116// 3115//
f 3117// 3118// 3119//
f 3119// 3118// 3120//
f 3119// 3120// 3121//
f 3121// 3120// 3122//
f 3121// 3122// 3123//
f 3123// 3122// 3124//
f 3123// 3124// 3125//
f 3125// 3124// 3126//
f 3125// 3126// 3127//
f 3127// 3126// 3128//
f 3127// 3128// 3129//
f 3129// 3128// 3130//
f 3131// 3129// 3132//
f 3132// 3129// 3130//
f 3133// 3131// 3134//
f 3134// 3131// 3132//
f 3133// 3134// 3135//
f 3133// 3135// 3136//
f 3136// 3135// 3137//
f 3136// 3137// 3138//
f 3138// 3137// 3139//
f 3138// 3139// 3140//
f 3140// 3139// 3141//
f 3140// 3141// 3142//
f 3142// 3141// 3143//
f 3142// 3143// 3144//
f 3144// 3143// 3145//
f 3144// 3145// 3146//
f 3147// 3146// 3148//
f 3148// 3146// 3145//
f 3147// 3148// 3149//
f 3147// 3149// 3150//
f 3150// 3149// 3151//
f 3150// 3151// 3152//
f 3152// 3151// 3153//
f 3152// 3153// 3154//
f 3154// 3153// 3155//
f 3154// 3155// 3156//
f 3156// 3155// 3157//
f 3156// 3157// 3158//
f 3159// 3158// 3160//
f 3160// 3158// 3157//
f 3161// 3159// 3162//
f 3162// 3159// 3160//
f 3163// 3161// 3164//
f 3164// 3161// 3162//
f 656// 3163// 657//
f 657// 3163// 3164//
f 3161// 3163// 821//
f 821// 3163// 656//
f 821// 656// 601//
f 708// 707// 822//
f 822// 707// 3087//
f 822// 3087// 821//
f 821// 3087// 3089//
f 821// 3089// 3091//
f 3091// 3093// 821//
f 821// 3093// 3095//
f 821// 3095// 3161//
f 3095// 3097// 3161//
f 3161// 3097// 3099//
f 3161// 3099// 3159//
f 3117// 3119// 3159//
f 3159// 3119// 3121//
f 3159// 3121// 3158//
f 3158// 3121// 3123//
f 3158// 3123// 3156//
f 3156// 3123// 3125//
f 3156// 3125// 3154//
f 3154// 3125// 3152//
f 3099// 3101// 3159//
f 3159// 3101// 3103//
f 3159// 3103// 3106//
f 3129// 3146// 3127//
f 3127// 3146// 3147//
f 3127// 3147// 3125//
f 3125// 3147// 3150//
f 3125// 3150// 3152//
f 3106// 3108// 3159//
f 3159// 3108// 3110//
f 3159// 3110// 3112//
f 3112// 3114// 3159//
f 3159// 3114// 3116//
f 3159// 3116// 3117//
f 3129// 3131// 3146//
f 3146// 3131// 3133//
f 3146// 3133// 3144//
f 3144// 3133// 3136//
f 3136// 3138// 3144//
f 3144// 3138// 3140//
f 3144// 3140// 3142//
f 661// 657// 826//
f 826// 657// 3164//
f 826// 3164// 3162//
f 3124// 3122// 3160//
f 3160// 3104// 3102//
f 3160// 3102// 3162//
f 761// 760// 3088//
f 3088// 760// 833//
f 3088// 833// 3090//
f 3090// 833// 826//
f 3090// 826// 3092//
f 3092// 826// 3094//
f 3153// 3126// 3155//
f 3155// 3126// 3124//
f 3155// 3124// 3157//
f 3157// 3124// 3160//
f 3122// 3120// 3160//
f 3160// 3120// 3118//
f 3160// 3118// 3115//
f 3102// 3100// 3162//
f 3162// 3100// 3098//
f 3162// 3098// 826//
f 826// 3098// 3096//
f 826// 3096// 3094//
f 3145// 3130// 3148//
f 3148// 3130// 3128//
f 3148// 3128// 3149//
f 3149// 3128// 3126//
f 3149// 3126// 3151//
f 3151// 3126// 3153//
f 3132// 3130// 3134//
f 3134// 3130// 3145//
f 3134// 3145// 3135//
f 3135// 3145// 3137//
f 3115// 3113// 3160//
f 3160// 3113// 3111//
f 3160// 3111// 3109//
f 3109// 3107// 3160//
f 3160// 3107// 3105//
f 3160// 3105// 3104//
f 3137// 3145// 3139//
f 3139// 3145// 3143//
f 3139// 3143// 3141//
f 3165// 714// 3166//
f 3166// 714// 749//
f 3167// 3165// 3168//
f 3168// 3165// 3166//
f 3167// 3168// 3169//
f 3169// 3168// 3170//
f 3169// 3170// 3171//
f 3171// 3170// 3172//
f 3171// 3172// 3173//
f 3173// 3172// 3174//
f 3173// 3174// 3175//
f 3175// 3174// 3176//
f 3175// 3176// 3177//
f 3177// 3176// 3178//
f 3177// 3178// 3179//
f 3179// 3178// 3180//
f 3181// 3179// 3182//
f 3182// 3179// 3180//
f 3181// 3182// 3183//
f 3181// 3183// 3184//
f 3184// 3183// 3185//
f 3184// 3185// 3186//
f 3186// 3185// 3187//
f 3186// 3187// 3188//
f 3188// 3187// 3189//
f 3188// 3189// 3190//
f 3190// 3189// 3191//
f 3190// 3191// 3192//
f 3192// 3191// 3193//
f 3192// 3193// 3194//
f 3195// 3194// 3196//
f 3196// 3194// 3193//
f 3195// 3196// 3197//
f 3197// 3196// 3198//
f 3197// 3198// 3199//
f 3199// 3198// 3200//
f 3199// 3200// 3201//
f 3201// 3200// 3202//
f 3201// 3202// 3203//
f 3203// 3202// 3204//
f 3203// 3204// 3205//
f 3205// 3204// 3206//
f 3205// 3206// 3207//
f 3207// 3206// 3208//
f 3209// 3207// 3210//
f 3210// 3207// 3208//
f 3211// 3209// 3212//
f 3212// 3209// 3210//
f 3211// 3212// 3213//
f 3211// 3213// 3214//
f 3214// 3213// 3215//
f 3214// 3215// 3216//
f 3216// 3215// 3217//
f 3216// 3217// 3218//
f 3218// 3217// 3219//
f 3218// 3219// 3220//
f 3220// 3219// 3221//
f 3220// 3221// 3222//
f 3222// 3221// 3223//
f 3222// 3223// 3224//
f 3225// 3224// 3226//
f 3226// 3224// 3223//
f 3225// 3226// 3227//
f 3225// 3227// 3228//
f 3228// 3227// 3229//
f 3228// 3229// 3230//
f 3230// 3229// 3231//
f 3230// 3231// 3232//
f 3232// 3231// 3233//
f 3232// 3233// 3234//
f 3234// 3233// 3235//
f 3234// 3235// 3236//
f 3237// 3236// 3238//
f 3238// 3236// 3235//
f 3239// 3237// 3240//
f 3240// 3237// 3238//
f 3241// 3239// 3242//
f 3242// 3239// 3240//
f 658// 3241// 599//
f 599// 3241// 3242//
f 3239// 3241// 813//
f 813// 3241// 658//
f 813// 658// 659//
f 712// 714// 814//
f 814// 714// 3165//
f 814// 3165// 813//
f 813// 3165// 3167//
f 813// 3167// 3169//
f 3169// 3171// 813//
f 813// 3171// 3173//
f 813// 3173// 3239//
f 3173// 3175// 3239//
f 3239// 3175// 3177//
f 3239// 3177// 3237//
f 3195// 3197// 3237//
f 3237// 3197// 3199//
f 3237// 3199// 3236//
f 3236// 3199// 3201//
f 3236// 3201// 3234//
f 3234// 3201// 3203//
f 3234// 3203// 3232//
f 3232// 3203// 3230//
f 3177// 3179// 3237//
f 3237// 3179// 3181//
f 3237// 3181// 3184//
f 3207// 3224// 3205//
f 3205// 3224// 3225//
f 3205// 3225// 3203//
f 3203// 3225// 3228//
f 3203// 3228// 3230//
f 3184// 3186// 3237//
f 3237// 3186// 3188//
f 3237// 3188// 3190//
f 3190// 3192// 3237//
f 3237// 3192// 3194//
f 3237// 3194// 3195//
f 3207// 3209// 3224//
f 3224// 3209// 3211//
f 3224// 3211// 3222//
f 3222// 3211// 3214//
f 3214// 3216// 3222//
f 3222// 3216// 3218//
f 3222// 3218// 3220//
f 600// 599// 820//
f 820// 599// 3242//
f 820// 3242// 3240//
f 3202// 3200// 3238//
f 3238// 3182// 3180//
f 3238// 3180// 3240//
f 749// 709// 3166//
f 3166// 709// 823//
f 3166// 823// 3168//
f 3168// 823// 820//
f 3168// 820// 3170//
f 3170// 820// 3172//
f 3231// 3204// 3233//
f 3233// 3204// 3202//
f 3233// 3202// 3235//
f 3235// 3202// 3238//
f 3200// 3198// 3238//
f 3238// 3198// 3196//
f 3238// 3196// 3193//
f 3180// 3178// 3240//
f 3240// 3178// 3176//
f 3240// 3176// 820//
f 820// 3176// 3174//
f 820// 3174// 3172//
f 3223// 3208// 3226//
f 3226// 3208// 3206//
f 3226// 3206// 3227//
f 3227// 3206// 3204//
f 3227// 3204// 3229//
f 3229// 3204// 3231//
f 3210// 3208// 3212//
f 3212// 3208// 3223//
f 3212// 3223// 3213//
f 3213// 3223// 3215//
f 3193// 3191// 3238//
f 3238// 3191// 3189//
f 3238// 3189// 3187//
f 3187// 3185// 3238//
f 3238// 3185// 3183//
f 3238// 3183// 3182//
f 3215// 3223// 3217//
f 3217// 3223// 3221//
f 3217// 3221// 3219//
f 3243// 737// 3244//
f 3244// 737// 715//
f 3245// 3243// 3246//
f 3246// 3243// 3244//
f 3245// 3246// 3247//
f 3247// 3246// 3248//
f 3247// 3248// 3249//
f 3249// 3248// 3250//
f 3249// 3250// 3251//
f 3251// 3250// 3252//
f 3251// 3252// 3253//
f 3253// 3252// 3254//
f 3253// 3254// 3255//
f 3255// 3254// 3256//
f 3255// 3256// 3257//
f 3257// 3256// 3258//
f 3259// 3257// 3260//
f 3260// 3257// 3258//
f 3259// 3260// 3261//
f 3259// 3261// 3262//
f 3262// 3261// 3263//
f 3262// 3263// 3264//
f 3264// 3263// 3265//
f 3264// 3265// 3266//
f 3266// 3265// 3267//
f 3266// 3267// 3268//
f 3268// 3267// 3269//
f 3268// 3269// 3270//
f 3270// 3269// 3271//
f 3270// 3271// 3272//
f 3273// 3272// 3274//
f 3274// 3272// 3271//
f 3273// 3274// 3275//
f 3275// 3274// 3276//
f 3275// 3276// 3277//
f 3277// 3276// 3278//
f 3277// 3278// 3279//
f 3279// 3278// 3280//
f 3279// 3280// 3281//
f 3281// 3280// 3282//
f 3281// 3282// 3283//
f 3283// 3282// 3284//
f 3283// 3284// 3285//
f 3285// 3284// 3286//
f 3287// 3285// 3288//
f 3288// 3285// 3286//
f 3289// 3287// 3290//
f 3290// 3287// 3288//
f 3289// 3290// 3291//
f 3289// 3291// 3292//
f 3292// 3291// 3293//
f 3292// 3293// 3294//
f 3294// 3293// 3295//
f 3294// 3295// 3296//
f 3296// 3295// 3297//
f 3296// 3297// 3298//
f 3298// 3297// 3299//
f 3298// 3299// 3300//
f 3300// 3299// 3301//
f 3300// 3301// 3302//
f 3303// 3302// 3304//
f 3304// 3302// 3301//
f 3303// 3304// 3305//
f 3303// 3305// 3306//
f 3306// 3305// 3307//
f 3306// 3307// 3308//
f 3308// 3307// 3309//
f 3308// 3309// 3310//
f 3310// 3309// 3311//
f 3310// 3311// 3312//
f 3312// 3311// 3313//
f 3312// 3313// 3314//
f 3315// 3314// 3316//
f 3316// 3314// 3313//
f 3317// 3315// 3318//
f 3318// 3315// 3316//
f 3319// 3317// 3320//
f 3320// 3317// 3318//
f 644// 3319// 645//
f 645// 3319// 3320//
f 3317// 3319// 803//
f 803// 3319// 644//
f 803// 644// 643//
f 735// 737// 808//
f 808// 737// 3243//
f 808// 3243// 803//
f 803// 3243// 3245//
f 803// 3245// 3247//
f 3247// 3249// 803//
f 803// 3249// 3251//
f 803// 3251// 3317//
f 3251// 3253// 3317//
f 3317// 3253// 3255//
f 3317// 3255// 3315//
f 3273// 3275// 3315//
f 3315// 3275// 3277//
f 3315// 3277// 3314//
f 3314// 3277// 3279//
f 3314// 3279// 3312//
f 3312// 3279// 3281//
f 3312// 3281// 3310//
f 3310// 3281// 3308//
f 3255// 3257// 3315//
f 3315// 3257// 3259//
f 3315// 3259// 3262//
f 3285// 3302// 3283//
f 3283// 3302// 3303//
f 3283// 3303// 3281//
f 3281// 3303// 3306//
f 3281// 3306// 3308//
f 3262// 3264// 3315//
f 3315// 3264// 3266//
f 3315// 3266// 3268//
f 3268// 3270// 3315//
f 3315// 3270// 3272//
f 3315// 3272// 3273//
f 3285// 3287// 3302//
f 3302// 3287// 3289//
f 3302// 3289// 3300//
f 3300// 3289// 3292//
f 3292// 3294// 3300//
f 3300// 3294// 3296//
f 3300// 3296// 3298//
f 660// 645// 812//
f 812// 645// 3320//
f 812// 3320// 3318//
f 3280// 3278// 3316//
f 3316// 3260// 3258//
f 3316// 3258// 3318//
f 715// 713// 3244//
f 3244// 713// 815//
f 3244// 815// 3246//
f 3246// 815// 812//
f 3246// 812// 3248//
f 3248// 812// 3250//
f 3309// 3282// 3311//
f 3311// 3282// 3280//
f 3311// 3280// 3313//
f 3313// 3280// 3316//
f 3278// 3276// 3316//
f 3316// 3276// 3274//
f 3316// 3274// 3271//
f 3258// 3256// 3318//
f 3318// 3256// 3254//
f 3318// 3254// 812//
f 812// 3254// 3252//
f 812// 3252// 3250//
f 3301// 3286// 3304//
f 3304// 3286// 3284//
f 3304// 3284// 3305//
f 3305// 3284// 3282//
f 3305// 3282// 3307//
f 3307// 3282// 3309//
f 3288// 3286// 3290//
f 3290// 3286// 3301//
f 3290// 3301// 3291//
f 3291// 3301// 3293//
f 3271// 3269// 3316//
f 3316// 3269// 3267//
f 3316// 3267// 3265//
f 3265// 3263// 3316//
f 3316// 3263// 3261//
f 3316// 3261// 3260//
f 3293// 3301// 3295//
f 3295// 3301// 3299//
f 3295// 3299// 3297//
f 3321// 711// 3322//
f 3322// 711// 710//
f 3323// 3321// 3324//
f 3324// 3321// 3322//
f 3323// 3324// 3325//
f 3325// 3324// 3326//
f 3325// 3326// 3327//
f 3327// 3326// 3328//
f 3327// 3328// 3329//
f 3329// 3328// 3330//
f 3329// 3330// 3331//
f 3331// 3330// 3332//
f 3331// 3332// 3333//
f 3333// 3332// 3334//
f 3333// 3334// 3335//
f 3335// 3334// 3336//
f 3337// 3335// 3338//
f 3338// 3335// 3336//
f 3337// 3338// 3339//
f 3337// 3339// 3340//
f 3340// 3339// 3341//
f 3340// 3341// 3342//
f 3342// 3341// 3343//
f 3342// 3343// 3344//
f 3344// 3343// 3345//
f 3344// 3345// 3346//
f 3346// 3345// 3347//
f 3346// 3347// 3348//
f 3348// 3347// 3349//
f 3348// 3349// 3350//
f 3351// 3350// 3352//
f 3352// 3350// 3349//
f 3351// 3352// 3353//
f 3353// 3352// 3354//
f 3353// 3354// 3355//
f 3355// 3354// 3356//
f 3355// 3356// 3357//
f 3357// 3356// 3358//
f 3357// 3358// 3359//
f 3359// 3358// 3360//
f 3359// 3360// 3361//
f 3361// 3360// 3362//
f 3361// 3362// 3363//
f 3363// 3362// 3364//
f 3365// 3363// 3366//
f 3366// 3363// 3364//
f 3367// 3365// 3368//
f 3368// 3365// 3366//
f 3367// 3368// 3369//
f 3367// 3369// 3370//
f 3370// 3369// 3371//
f 3370// 3371// 3372//
f 3372// 3371// 3373//
f 3372// 3373// 3374//
f 3374// 3373// 3375//
f 3374// 3375// 3376//
f 3376// 3375// 3377//
f 3376// 3377// 3378//
f 3378// 3377// 3379//
f 3378// 3379// 3380//
f 3381// 3380// 3382//
f 3382// 3380// 3379//
f 3381// 3382// 3383//
f 3381// 3383// 3384//
f 3384// 3383// 3385//
f 3384// 3385// 3386//
f 3386// 3385// 3387//
f 3386// 3387// 3388//
f 3388// 3387// 3389//
f 3388// 3389// 3390//
f 3390// 3389// 3391//
f 3390// 3391// 3392//
f 3393// 3392// 3394//
f 3394// 3392// 3391//
f 3395// 3393// 3396//
f 3396// 3393// 3394//
f 3397// 3395// 3398//
f 3398// 3395// 3396//
f 634// 3397// 635//
f 635// 3397// 3398//
f 3395// 3397// 797//
f 797// 3397// 634//
f 797// 634// 633//
f 716// 711// 798//
f 798// 711// 3321//
f 798// 3321// 797//
f 797// 3321// 3323//
f 797// 3323// 3325//
f 3325// 3327// 797//
f 797// 3327// 3329//
f 797// 3329// 3395//
f 3329// 3331// 3395//
f 3395// 3331// 3333//
f 3395// 3333// 3393//
f 3351// 3353// 3393//
f 3393// 3353// 3355//
f 3393// 3355// 3392//
f 3392// 3355// 3357//
f 3392// 3357// 3390//
f 3390// 3357// 3359//
f 3390// 3359// 3388//
f 3388// 3359// 3386//
f 3333// 3335// 3393//
f 3393// 3335// 3337//
f 3393// 3337// 3340//
f 3363// 3380// 3361//
f 3361// 3380// 3381//
f 3361// 3381// 3359//
f 3359// 3381// 3384//
f 3359// 3384// 3386//
f 3340// 3342// 3393//
f 3393// 3342// 3344//
f 3393// 3344// 3346//
f 3346// 3348// 3393//
f 3393// 3348// 3350//
f 3393// 3350// 3351//
f 3363// 3365// 3380//
f 3380// 3365// 3367//
f 3380// 3367// 3378//
f 3378// 3367// 3370//
f 3370// 3372// 3378//
f 3378// 3372// 3374//
f 3378// 3374// 3376//
f 642// 635// 802//
f 802// 635// 3398//
f 802// 3398// 3396//
f 3358// 3356// 3394//
f 3394// 3338// 3336//
f 3394// 3336// 3396//
f 710// 736// 3322//
f 3322// 736// 809//
f 3322// 809// 3324//
f 3324// 809// 802//
f 3324// 802// 3326//
f 3326// 802// 3328//
f 3387// 3360// 3389//
f 3389// 3360// 3358//
f 3389// 3358// 3391//
f 3391// 3358// 3394//
f 3356// 3354// 3394//
f 3394// 3354// 3352//
f 3394// 3352// 3349//
f 3336// 3334// 3396//
f 3396// 3334// 3332//
f 3396// 3332// 802//
f 802// 3332// 3330//
f 802// 3330// 3328//
f 3379// 3364// 3382//
f 3382// 3364// 3362//
f 3382// 3362// 3383//
f 3383// 3362// 3360//
f 3383// 3360// 3385//
f 3385// 3360// 3387//
f 3366// 3364// 3368//
f 3368// 3364// 3379//
f 3368// 3379// 3369//
f 3369// 3379// 3371//
f 3349// 3347// 3394//
f 3394// 3347// 3345//
f 3394// 3345// 3343//
f 3343// 3341// 3394//
f 3394// 3341// 3339//
f 3394// 3339// 3338//
f 3371// 3379// 3373//
f 3373// 3379// 3377//
f 3373// 3377// 3375//
f 3399// 719// 3400//
f 3400// 719// 718//
f 3401// 3399// 3402//
f 3402// 3399// 3400//
f 3401// 3402// 3403//
f 3403// 3402// 3404//
f 3403// 3404// 3405//
f 3405// 3404// 3406//
f 3405// 3406// 3407//
f 3407// 3406// 3408//
f 3407// 3408// 3409//
f 3409// 3408// 3410//
f 3409// 3410// 3411//
f 3411// 3410// 3412//
f 3411// 3412// 3413//
f 3413// 3412// 3414//
f 3415// 3413// 3416//
f 3416// 3413// 3414//
f 3415// 3416// 3417//
f 3415// 3417// 3418//
f 3418// 3417// 3419//
f 3418// 3419// 3420//
f 3420// 3419// 3421//
f 3420// 3421// 3422//
f 3422// 3421// 3423//
f 3422// 3423// 3424//
f 3424// 3423// 3425//
f 3424// 3425// 3426//
f 3426// 3425// 3427//
f 3426// 3427// 3428//
f 3429// 3428// 3430//
f 3430// 3428// 3427//
f 3429// 3430// 3431//
f 3431// 3430// 3432//
f 3431// 3432// 3433//
f 3433// 3432// 3434//
f 3433// 3434// 3435//
f 3435// 3434// 3436//
f 3435// 3436// 3437//
f 3437// 3436// 3438//
f 3437// 3438// 3439//
f 3439// 3438// 3440//
f 3439// 3440// 3441//
f 3441// 3440// 3442//
f 3443// 3441// 3444//
f 3444// 3441// 3442//
f 3445// 3443// 3446//
f 3446// 3443// 3444//
f 3445// 3446// 3447//
f 3445// 3447// 3448//
f 3448// 3447// 3449//
f 3448// 3449// 3450//
f 3450// 3449// 3451//
f 3450// 3451// 3452//
f 3452// 3451// 3453//
f 3452// 3453// 3454//
f 3454// 3453// 3455//
f 3454// 3455// 3456//
f 3456// 3455// 3457//
f 3456// 3457// 3458//
f 3459// 3458// 3460//
f 3460// 3458// 3457//
f 3459// 3460// 3461//
f 3459// 3461// 3462//
f 3462// 3461// 3463//
f 3462// 3463// 3464//
f 3464// 3463// 3465//
f 3464// 3465// 3466//
f 3466// 3465// 3467//
f 3466// 3467// 3468//
f 3468// 3467// 3469//
f 3468// 3469// 3470//
f 3471// 3470// 3472//
f 3472// 3470// 3469//
f 3473// 3471// 3474//
f 3474// 3471// 3472//
f 3475// 3473// 3476//
f 3476// 3473// 3474//
f 619// 3475// 620//
f 620// 3475// 3476//
f 3473// 3475// 789//
f 789// 3475// 619//
f 789// 619// 618//
f 723// 719// 790//
f 790// 719// 3399//
f 790// 3399// 789//
f 789// 3399// 3401//
f 789// 3401// 3403//
f 3403// 3405// 789//
f 789// 3405// 3407//
f 789// 3407// 3473//
f 3407// 3409// 3473//
f 3473// 3409// 3411//
f 3473// 3411// 3471//
f 3429// 3431// 3471//
f 3471// 3431// 3433//
f 3471// 3433// 3470//
f 3470// 3433// 3435//
f 3470// 3435// 3468//
f 3468// 3435// 3437//
f 3468// 3437// 3466//
f 3466// 3437// 3464//
f 3411// 3413// 3471//
f 3471// 3413// 3415//
f 3471// 3415// 3418//
f 3441// 3458// 3439//
f 3439// 3458// 3459//
f 3439// 3459// 3437//
f 3437// 3459// 3462//
f 3437// 3462// 3464//
f 3418// 3420// 3471//
f 3471// 3420// 3422//
f 3471// 3422// 3424//
f 3424// 3426// 3471//
f 3471// 3426// 3428//
f 3471// 3428// 3429//
f 3441// 3443// 3458//
f 3458// 3443// 3445//
f 3458// 3445// 3456//
f 3456// 3445// 3448//
f 3448// 3450// 3456//
f 3456// 3450// 3452//
f 3456// 3452// 3454//
f 632// 620// 796//
f 796// 620// 3476//
f 796// 3476// 3474//
f 3436// 3434// 3472//
f 3472// 3416// 3414//
f 3472// 3414// 3474//
f 718// 717// 3400//
f 3400// 717// 799//
f 3400// 799// 3402//
f 3402// 799// 796//
f 3402// 796// 3404//
f 3404// 796// 3406//
f 3465// 3438// 3467//
f 3467// 3438// 3436//
f 3467// 3436// 3469//
f 3469// 3436// 3472//
f 3434// 3432// 3472//
f 3472// 3432// 3430//
f 3472// 3430// 3427//
f 3414// 3412// 3474//
f 3474// 3412// 3410//
f 3474// 3410// 796//
f 796// 3410// 3408//
f 796// 3408// 3406//
f 3457// 3442// 3460//
f 3460// 3442// 3440//
f 3460// 3440// 3461//
f 3461// 3440// 3438//
f 3461// 3438// 3463//
f 3463// 3438// 3465//
f 3444// 3442// 3446//
f 3446// 3442// 3457//
f 3446// 3457// 3447//
f 3447// 3457// 3449//
f 3427// 3425// 3472//
f 3472// 3425// 3423//
f 3472// 3423// 3421//
f 3421// 3419// 3472//
f 3472// 3419// 3417//
f 3472// 3417// 3416//
f 3449// 3457// 3451//
f 3451// 3457// 3455//
f 3451// 3455// 3453//
f 3477// 726// 3478//
f 3478// 726// 725//
f 3479// 3477// 3480//
f 3480// 3477// 3478//
f 3479// 3480// 3481//
f 3481// 3480// 3482//
f 3481// 3482// 3483//
f 3483// 3482// 3484//
f 3483// 3484// 3485//
f 3485// 3484// 3486//
f 3485// 3486// 3487//
f 3487// 3486// 3488//
f 3487// 3488// 3489//
f 3489// 3488// 3490//
f 3489// 3490// 3491//
f 3491// 3490// 3492//
f 3493// 3491// 3494//
f 3494// 3491// 3492//
f 3493// 3494// 3495//
f 3493// 3495// 3496//
f 3496// 3495// 3497//
f 3496// 3497// 3498//
f 3498// 3497// 3499//
f 3498// 3499// 3500//
f 3500// 3499// 3501//
f 3500// 3501// 3502//
f 3502// 3501// 3503//
f 3502// 3503// 3504//
f 3504// 3503// 3505//
f 3504// 3505// 3506//
f 3507// 3506// 3508//
f 3508// 3506// 3505//
f 3507// 3508// 3509//
f 3509// 3508// 3510//
f 3509// 3510// 3511//
f 3511// 3510// 3512//
f 3511// 3512// 3513//
f 3513// 3512// 3514//
f 3513// 3514// 3515//
f 3515// 3514// 3516//
f 3515// 3516// 3517//
f 3517// 3516// 3518//
f 3517// 3518// 3519//
f 3519// 3518// 3520//
f 3521// 3519// 3522//
f 3522// 3519// 3520//
f 3523// 3521// 3524//
f 3524// 3521// 3522//
f 3523// 3524// 3525//
f 3523// 3525// 3526//
f 3526// 3525// 3527//
f 3526// 3527// 3528//
f 3528// 3527// 3529//
f 3528// 3529// 3530//
f 3530// 3529// 3531//
f 3530// 3531// 3532//
f 3532// 3531// 3533//
f 3532// 3533// 3534//
f 3534// 3533// 3535//
f 3534// 3535// 3536//
f 3537// 3536// 3538//
f 3538// 3536// 3535//
f 3537// 3538// 3539//
f 3537// 3539// 3540//
f 3540// 3539// 3541//
f 3540// 3541// 3542//
f 3542// 3541// 3543//
f 3542// 3543// 3544//
f 3544// 3543// 3545//
f 3544// 3545// 3546//
f 3546// 3545// 3547//
f 3546// 3547// 3548//
f 3549// 3548// 3550//
f 3550// 3548// 3547//
f 3551// 3549// 3552//
f 3552// 3549// 3550//
f 3553// 3551// 3554//
f 3554// 3551// 3552//
f 597// 3553// 598//
f 598// 3553// 3554//
f 3551// 3553// 779//
f 779// 3553// 597//
f 779// 597// 596//
f 730// 726// 784//
f 784// 726// 3477//
f 784// 3477// 779//
f 779// 3477// 3479//
f 779// 3479// 3481//
f 3481// 3483// 779//
f 779// 3483// 3485//
f 779// 3485// 3551//
f 3485// 3487// 3551//
f 3551// 3487// 3489//
f 3551// 3489// 3549//
f 3507// 3509// 3549//
f 3549// 3509// 3511//
f 3549// 3511// 3548//
f 3548// 3511// 3513//
f 3548// 3513// 3546//
f 3546// 3513// 3515//
f 3546// 3515// 3544//
f 3544// 3515// 3542//
f 3489// 3491// 3549//
f 3549// 3491// 3493//
f 3549// 3493// 3496//
f 3519// 3536// 3517//
f 3517// 3536// 3537//
f 3517// 3537// 3515//
f 3515// 3537// 3540//
f 3515// 3540// 3542//
f 3496// 3498// 3549//
f 3549// 3498// 3500//
f 3549// 3500// 3502//
f 3502// 3504// 3549//
f 3549// 3504// 3506//
f 3549// 3506// 3507//
f 3519// 3521// 3536//
f 3536// 3521// 3523//
f 3536// 3523// 3534//
f 3534// 3523// 3526//
f 3526// 3528// 3534//
f 3534// 3528// 3530//
f 3534// 3530// 3532//
f 617// 598// 788//
f 788// 598// 3554//
f 788// 3554// 3552//
f 3514// 3512// 3550//
f 3550// 3494// 3492//
f 3550// 3492// 3552//
f 725// 724// 3478//
f 3478// 724// 791//
f 3478// 791// 3480//
f 3480// 791// 788//
f 3480// 788// 3482//
f 3482// 788// 3484//
f 3543// 3516// 3545//
f 3545// 3516// 3514//
f 3545// 3514// 3547//
f 3547// 3514// 3550//
f 3512// 3510// 3550//
f 3550// 3510// 3508//
f 3550// 3508// 3505//
f 3492// 3490// 3552//
f 3552// 3490// 3488//
f 3552// 3488// 788//
f 788// 3488// 3486//
f 788// 3486// 3484//
f 3535// 3520// 3538//
f 3538// 3520// 3518//
f 3538// 3518// 3539//
f 3539// 3518// 3516//
f 3539// 3516// 3541//
f 3541// 3516// 3543//
f 3522// 3520// 3524//
f 3524// 3520// 3535//
f 3524// 3535// 3525//
f 3525// 3535// 3527//
f 3505// 3503// 3550//
f 3550// 3503// 3501//
f 3550// 3501// 3499//
f 3499// 3497// 3550//
f 3550// 3497// 3495//
f 3550// 3495// 3494//
f 3527// 3535// 3529//
f 3529// 3535// 3533//
f 3529// 3533// 3531//
f 3555// 695// 3556//
f 3556// 695// 732//
f 3557// 3555// 3558//
f 3558// 3555// 3556//
f 3557// 3558// 3559//
f 3559// 3558// 3560//
f 3559// 3560// 3561//
f 3561// 3560// 3562//
f 3561// 3562// 3563//
f 3563// 3562// 3564//
f 3563// 3564// 3565//
f 3565// 3564// 3566//
f 3565// 3566// 3567//
f 3567// 3566// 3568//
f 3567// 3568// 3569//
f 3569// 3568// 3570//
f 3571// 3569// 3572//
f 3572// 3569// 3570//
f 3571// 3572// 3573//
f 3571// 3573// 3574//
f 3574// 3573// 3575//
f 3574// 3575// 3576//
f 3576// 3575// 3577//
f 3576// 3577// 3578//
f 3578// 3577// 3579//
f 3578// 3579// 3580//
f 3580// 3579// 3581//
f 3580// 3581// 3582//
f 3582// 3581// 3583//
f 3582// 3583// 3584//
f 3585// 3584// 3586//
f 3586// 3584// 3583//
f 3585// 3586// 3587//
f 3587// 3586// 3588//
f 3587// 3588// 3589//
f 3589// 3588// 3590//
f 3589// 3590// 3591//
f 3591// 3590// 3592//
f 3591// 3592// 3593//
f 3593// 3592// 3594//
f 3593// 3594// 3595//
f 3595// 3594// 3596//
f 3595// 3596// 3597//
f 3597// 3596// 3598//
f 3599// 3597// 3600//
f 3600// 3597// 3598//
f 3601// 3599// 3602//
f 3602// 3599// 3600//
f 3601// 3602// 3603//
f 3601// 3603// 3604//
f 3604// 3603// 3605//
f 3604// 3605// 3606//
f 3606// 3605// 3607//
f 3606// 3607// 3608//
f 3608// 3607// 3609//
f 3608// 3609// 3610//
f 3610// 3609// 3611//
f 3610// 3611// 3612//
f 3612// 3611// 3613//
f 3612// 3613// 3614//
f 3615// 3614// 3616//
f 3616// 3614// 3613//
f 3615// 3616// 3617//
f 3615// 3617// 3618//
f 3618// 3617// 3619//
f 3618// 3619// 3620//
f 3620// 3619// 3621//
f 3620// 3621// 3622//
f 3622// 3621// 3623//
f 3622// 3623// 3624//
f 3624// 3623// 3625//
f 3624// 3625// 3626//
f 3627// 3626// 3628//
f 3628// 3626// 3625//
f 3629// 3627// 3630//
f 3630// 3627// 3628//
f 3631// 3629// 3632//
f 3632// 3629// 3630//
f 593// 3631// 594//
f 594// 3631// 3632//
f 3629// 3631// 581//
f 581// 3631// 593//
f 581// 593// 578//
f 588// 695// 586//
f 586// 695// 3555//
f 586// 3555// 581//
f 581// 3555// 3557//
f 581// 3557// 3559//
f 3559// 3561// 581//
f 581// 3561// 3563//
f 581// 3563// 3629//
f 3563// 3565// 3629//
f 3629// 3565// 3567//
f 3629// 3567// 3627//
f 3585// 3587// 3627//
f 3627// 3587// 3589//
f 3627// 3589// 3626//
f 3626// 3589// 3591//
f 3626// 3591// 3624//
f 3624// 3591// 3593//
f 3624// 3593// 3622//
f 3622// 3593// 3620//
f 3567// 3569// 3627//
f 3627// 3569// 3571//
f 3627// 3571// 3574//
f 3597// 3614// 3595//
f 3595// 3614// 3615//
f 3595// 3615// 3593//
f 3593// 3615// 3618//
f 3593// 3618// 3620//
f 3574// 3576// 3627//
f 3627// 3576// 3578//
f 3627// 3578// 3580//
f 3580// 3582// 3627//
f 3627// 3582// 3584//
f 3627// 3584// 3585//
f 3597// 3599// 3614//
f 3614// 3599// 3601//
f 3614// 3601// 3612//
f 3612// 3601// 3604//
f 3604// 3606// 3612//
f 3612// 3606// 3608//
f 3612// 3608// 3610//
f 595// 594// 778//
f 778// 594// 3632//
f 778// 3632// 3630//
f 3592// 3590// 3628//
f 3628// 3572// 3570//
f 3628// 3570// 3630//
f 732// 731// 3556//
f 3556// 731// 785//
f 3556// 785// 3558//
f 3558// 785// 778//
f 3558// 778// 3560//
f 3560// 778// 3562//
f 3621// 3594// 3623//
f 3623// 3594// 3592//
f 3623// 3592// 3625//
f 3625// 3592// 3628//
f 3590// 3588// 3628//
f 3628// 3588// 3586//
f 3628// 3586// 3583//
f 3570// 3568// 3630//
f 3630// 3568// 3566//
f 3630// 3566// 778//
f 778// 3566// 3564//
f 778// 3564// 3562//
f 3613// 3598// 3616//
f 3616// 3598// 3596//
f 3616// 3596// 3617//
f 3617// 3596// 3594//
f 3617// 3594// 3619//
f 3619// 3594// 3621//
f 3600// 3598// 3602//
f 3602// 3598// 3613//
f 3602// 3613// 3603//
f 3603// 3613// 3605//
f 3583// 3581// 3628//
f 3628// 3581// 3579//
f 3628// 3579// 3577//
f 3577// 3575// 3628//
f 3628// 3575// 3573//
f 3628// 3573// 3572//
f 3605// 3613// 3607//
f 3607// 3613// 3611//
f 3607// 3611// 3609//
f 693// 692// 1837//
f 1837// 692// 3633//
f 1837// 3633// 3634//
f 3635// 3634// 3636//
f 3636// 3634// 3633//
f 3635// 3636// 3637//
f 3637// 3636// 3638//
f 3637// 3638// 3639//
f 3639// 3638// 3640//
f 3639// 3640// 3641//
f 3641// 3640// 3642//
f 3641// 3642// 3643//
f 3643// 3642// 3644//
f 3643// 3644// 3645//
f 3645// 3644// 3646//
f 3645// 3646// 3647//
f 3647// 3646// 3648//
f 3649// 3647// 3650//
f 3650// 3647// 3648//
f 3649// 3650// 3651//
f 3649// 3651// 3652//
f 3652// 3651// 3653//
f 3652// 3653// 3654//
f 3654// 3653// 3655//
f 3654// 3655// 3656//
f 3656// 3655// 3657//
f 3656// 3657// 3658//
f 3658// 3657// 3659//
f 3658// 3659// 3660//
f 3660// 3659// 3661//
f 3660// 3661// 3662//
f 3663// 3662// 3664//
f 3664// 3662// 3661//
f 3663// 3664// 3665//
f 3665// 3664// 3666//
f 3665// 3666// 3667//
f 3667// 3666// 3668//
f 3667// 3668// 3669//
f 3669// 3668// 3670//
f 3669// 3670// 3671//
f 3671// 3670// 3672//
f 3671// 3672// 3673//
f 3673// 3672// 3674//
f 3673// 3674// 3675//
f 3675// 3674// 3676//
f 3677// 3675// 3678//
f 3678// 3675// 3676//
f 3679// 3677// 3680//
f 3680// 3677// 3678//
f 3679// 3680// 3681//
f 3679// 3681// 3682//
f 3682// 3681// 3683//
f 3682// 3683// 3684//
f 3684// 3683// 3685//
f 3684// 3685// 3686//
f 3686// 3685// 3687//
f 3686// 3687// 3688//
f 3688// 3687// 3689//
f 3688// 3689// 3690//
f 3690// 3689// 3691//
f 3690// 3691// 3692//
f 3693// 3692// 3694//
f 3694// 3692// 3691//
f 3693// 3694// 3695//
f 3693// 3695// 3696//
f 3696// 3695// 3697//
f 3696// 3697// 3698//
f 3698// 3697// 3699//
f 3698// 3699// 3700//
f 3700// 3699// 3701//
f 3700// 3701// 3702//
f 3702// 3701// 3703//
f 3702// 3703// 3704//
f 3705// 3704// 3706//
f 3706// 3704// 3703//
f 3707// 3705// 3708//
f 3708// 3705// 3706//
f 3709// 3707// 3710//
f 3710// 3707// 3708//
f 3709// 3710// 1836//
f 1836// 3710// 592//
f 1836// 592// 591//
f 3635// 3637// 3707//
f 3707// 3637// 3639//
f 3707// 3639// 3641//
f 3709// 1836// 3707//
f 3707// 1836// 1837//
f 3707// 1837// 3635//
f 3635// 1837// 3634//
f 3641// 3643// 3707//
f 3707// 3643// 3645//
f 3707// 3645// 3705//
f 3663// 3665// 3705//
f 3705// 3665// 3667//
f 3705// 3667// 3704//
f 3704// 3667// 3669//
f 3704// 3669// 3702//
f 3702// 3669// 3671//
f 3702// 3671// 3700//
f 3700// 3671// 3698//
f 3645// 3647// 3705//
f 3705// 3647// 3649//
f 3705// 3649// 3652//
f 3675// 3692// 3673//
f 3673// 3692// 3693//
f 3673// 3693// 3671//
f 3671// 3693// 3696//
f 3671// 3696// 3698//
f 3652// 3654// 3705//
f 3705// 3654// 3656//
f 3705// 3656// 3658//
f 3658// 3660// 3705//
f 3705// 3660// 3662//
f 3705// 3662// 3663//
f 3675// 3677// 3692//
f 3692// 3677// 3679//
f 3692// 3679// 3690//
f 3690// 3679// 3682//
f 3682// 3684// 3690//
f 3690// 3684// 3686//
f 3690// 3686// 3688//
f 579// 592// 580//
f 580// 592// 3710//
f 580// 3710// 3708//
f 3670// 3668// 3706//
f 3706// 3650// 3648//
f 3706// 3648// 3708//
f 692// 589// 3633//
f 3633// 589// 587//
f 3633// 587// 3636//
f 3636// 587// 580//
f 3636// 580// 3638//
f 3638// 580// 3640//
f 3699// 3672// 3701//
f 3701// 3672// 3670//
f 3701// 3670// 3703//
f 3703// 3670// 3706//
f 3668// 3666// 3706//
f 3706// 3666// 3664//
f 3706// 3664// 3661//
f 3648// 3646// 3708//
f 3708// 3646// 3644//
f 3708// 3644// 580//
f 580// 3644// 3642//
f 580// 3642// 3640//
f 3691// 3676// 3694//
f 3694// 3676// 3674//
f 3694// 3674// 3695//
f 3695// 3674// 3672//
f 3695// 3672// 3697//
f 3697// 3672// 3699//
f 3678// 3676// 3680//
f 3680// 3676// 3691//
f 3680// 3691// 3681//
f 3681// 3691// 3683//
f 3661// 3659// 3706//
f 3706// 3659// 3657//
f 3706// 3657// 3655//
f 3655// 3653// 3706//
f 3706// 3653// 3651//
f 3706// 3651// 3650//
f 3683// 3691// 3685//
f 3685// 3691// 3689//
f 3685// 3689// 3687//
usemtl 5
f 3711// 3712// 516//
f 516// 3712// 518//
f 3713// 3711// 515//
f 515// 3711// 516//
f 3714// 3713// 514//
f 514// 3713// 515//
f 3715// 3714// 517//
f 517// 3714// 514//
f 3716// 3715// 519//
f 519// 3715// 517//
f 3712// 3716// 518//
f 518// 3716// 519//
f 3714// 3715// 3713//
f 3713// 3715// 3716//
f 3713// 3716// 3711//
f 3711// 3716// 3712//
f 278// 3717// 3718//
f 3719// 3720// 277//
f 277// 3720// 275//
f 277// 282// 3719//
f 3719// 282// 281//
f 3719// 281// 3718//
f 3718// 281// 279//
f 3718// 279// 278//
f 3721// 3717// 228//
f 228// 3717// 278//
f 3721// 228// 229//
f 3721// 229// 3722//
f 229// 230// 3722//
f 3722// 230// 224//
f 3722// 224// 3723//
f 3723// 224// 223//
f 3723// 223// 3724//
f 3724// 223// 244//
f 3724// 244// 3725//
f 3725// 244// 243//
f 3725// 243// 3726//
f 3726// 243// 242//
f 3726// 242// 3727//
f 3727// 242// 247//
f 3727// 247// 3728//
f 3728// 247// 246//
f 3728// 246// 3729//
f 3729// 246// 241//
f 3729// 241// 3730//
f 3730// 241// 240//
f 3730// 240// 3731//
f 3731// 240// 239//
f 3731// 239// 3732//
f 3732// 239// 233//
f 3732// 233// 3733//
f 3733// 233// 232//
f 3733// 232// 3734//
f 3734// 232// 231//
f 3734// 231// 3735//
f 3735// 231// 236//
f 3735// 236// 3736//
f 3736// 236// 238//
f 3736// 238// 3737//
f 3737// 238// 237//
f 3737// 237// 3738//
f 3738// 237// 235//
f 3738// 235// 3739//
f 3739// 235// 234//
f 3739// 234// 3740//
f 222// 3741// 225//
f 225// 3741// 3742//
f 225// 3742// 245//
f 245// 3742// 3740//
f 245// 3740// 234//
f 3743// 3741// 221//
f 221// 3741// 222//
f 251// 3744// 3745//
f 3743// 221// 220//
f 3743// 220// 3746//
f 220// 250// 3746//
f 3746// 250// 249//
f 3746// 249// 3745//
f 3745// 249// 248//
f 3745// 248// 251//
f 3747// 3744// 253//
f 253// 3744// 251//
f 253// 261// 3747//
f 3747// 261// 260//
f 3747// 260// 3748//
f 3748// 260// 259//
f 3748// 259// 3749//
f 3749// 259// 258//
f 3749// 258// 3750//
f 3750// 258// 256//
f 3750// 256// 3751//
f 3751// 256// 255//
f 3751// 255// 3752//
f 255// 262// 3752//
f 3752// 262// 264//
f 3752// 264// 3753//
f 3753// 264// 265//
f 3753// 265// 3754//
f 3754// 265// 267//
f 3754// 267// 3755//
f 3755// 267// 11//
f 3755// 11// 3756//
f 11// 10// 3756//
f 3756// 10// 271//
f 3756// 271// 3757//
f 3757// 271// 270//
f 3757// 270// 3758//
f 275// 3720// 3759//
f 3758// 270// 269//
f 3758// 269// 3760//
f 3760// 269// 268//
f 3760// 268// 3761//
f 3761// 268// 272//
f 3761// 272// 3759//
f 3759// 272// 274//
f 3759// 274// 275//
f 3729// 3730// 3755//
f 3741// 3743// 3742//
f 3742// 3743// 3746//
f 3742// 3746// 3740//
f 3740// 3746// 3745//
f 3740// 3745// 3739//
f 3739// 3745// 3744//
f 3739// 3744// 3738//
f 3738// 3744// 3747//
f 3738// 3747// 3737//
f 3755// 3730// 3754//
f 3750// 3736// 3749//
f 3749// 3736// 3737//
f 3749// 3737// 3748//
f 3748// 3737// 3747//
f 3717// 3721// 3718//
f 3718// 3721// 3722//
f 3718// 3722// 3719//
f 3719// 3722// 3720//
f 3730// 3731// 3754//
f 3754// 3731// 3732//
f 3754// 3732// 3753//
f 3753// 3732// 3733//
f 3753// 3733// 3752//
f 3752// 3733// 3751//
f 3751// 3733// 3734//
f 3751// 3734// 3750//
f 3750// 3734// 3735//
f 3750// 3735// 3736//
f 3755// 3756// 3729//
f 3729// 3756// 3757//
f 3729// 3757// 3728//
f 3728// 3757// 3758//
f 3728// 3758// 3727//
f 3727// 3758// 3760//
f 3727// 3760// 3726//
f 3726// 3760// 3761//
f 3726// 3761// 3725//
f 3725// 3761// 3759//
f 3725// 3759// 3724//
f 3724// 3759// 3720//
f 3724// 3720// 3723//
f 3723// 3720// 3722//
f 3762// 3763// 208//
f 208// 3763// 209//
f 204// 3764// 206//
f 206// 3764// 3762//
f 206// 3762// 208//
f 3765// 3764// 203//
f 203// 3764// 204//
f 207// 3766// 205//
f 205// 3766// 3765//
f 205// 3765// 203//
f 3767// 3766// 215//
f 215// 3766// 207//
f 212// 3768// 214//
f 214// 3768// 3767//
f 214// 3767// 215//
f 3769// 3768// 211//
f 211// 3768// 212//
f 201// 3770// 213//
f 213// 3770// 3769//
f 213// 3769// 211//
f 3771// 3770// 199//
f 199// 3770// 201//
f 216// 3772// 198//
f 198// 3772// 3771//
f 198// 3771// 199//
f 3773// 3772// 218//
f 218// 3772// 216//
f 209// 3763// 226//
f 226// 3763// 3773//
f 226// 3773// 218//
f 3773// 3763// 3762//
f 3762// 3764// 3773//
f 3773// 3764// 3765//
f 3773// 3765// 3772//
f 3770// 3771// 3769//
f 3769// 3771// 3772//
f 3769// 3772// 3768//
f 3768// 3772// 3765//
f 3768// 3765// 3767//
f 3767// 3765// 3766//
f 3774// 3775// 3776//
f 3776// 3775// 3777//
f 3776// 3777// 3778//
f 3778// 3777// 3779//
f 3778// 3779// 3780//
f 3780// 3779// 3781//
f 3780// 3781// 3782//
f 3782// 3781// 3783//
f 3782// 3783// 3784//
f 3784// 3783// 3785//
f 3784// 3785// 3786//
f 3786// 3785// 3787//
f 3786// 3787// 3788//
f 3788// 3787// 3789//
f 3788// 3789// 3790//
f 3790// 3789// 3791//
f 3790// 3791// 3792//
f 3792// 3791// 3793//
f 3792// 3793// 3794//
f 3794// 3793// 3795//
f 3794// 3795// 3796//
f 3796// 3795// 3797//
f 3796// 3797// 3798//
f 3798// 3797// 3799//
f 3798// 3799// 3800//
f 3800// 3799// 3801//
f 3800// 3801// 3802//
f 3802// 3801// 3803//
f 3802// 3803// 3804//
f 3804// 3803// 3805//
f 3804// 3805// 3806//
f 3806// 3805// 3807//
f 3806// 3807// 3808//
f 3808// 3807// 3809//
f 3808// 3809// 3774//
f 3774// 3809// 3775//
f 3797// 3795// 545//
f 545// 3795// 546//
f 3797// 545// 544//
f 3797// 544// 3799//
f 3799// 544// 543//
f 3799// 543// 3801//
f 3801// 543// 542//
f 3801// 542// 3803//
f 3803// 542// 541//
f 3803// 541// 3805//
f 3805// 541// 537//
f 3805// 537// 3807//
f 3807// 537// 536//
f 3807// 536// 3809//
f 3809// 536// 553//
f 3809// 553// 3775//
f 3775// 553// 552//
f 3775// 552// 3777//
f 3777// 552// 551//
f 3777// 551// 3779//
f 3779// 551// 550//
f 3779// 550// 3781//
f 3781// 550// 549//
f 3781// 549// 3783//
f 3783// 549// 548//
f 3783// 548// 3785//
f 3785// 548// 540//
f 3785// 540// 3787//
f 3787// 540// 539//
f 3787// 539// 3789//
f 3789// 539// 538//
f 3789// 538// 3791//
f 3793// 3791// 547//
f 547// 3791// 538//
f 3795// 3793// 546//
f 546// 3793// 547//
f 3790// 3792// 3810//
f 3810// 3792// 3811//
f 3792// 3794// 3811//
f 3811// 3794// 3812//
f 3794// 3796// 3812//
f 3812// 3796// 3813//
f 3804// 3814// 3815//
f 3804// 3815// 3802//
f 3802// 3815// 3816//
f 3802// 3816// 3800//
f 3800// 3816// 3817//
f 3800// 3817// 3798//
f 3798// 3817// 3813//
f 3798// 3813// 3796//
f 3776// 3818// 3819//
f 3776// 3819// 3774//
f 3774// 3819// 3820//
f 3774// 3820// 3808//
f 3808// 3820// 3821//
f 3808// 3821// 3806//
f 3806// 3821// 3814//
f 3806// 3814// 3804//
f 3784// 3822// 3823//
f 3784// 3823// 3782//
f 3782// 3823// 3824//
f 3782// 3824// 3780//
f 3780// 3824// 3825//
f 3780// 3825// 3778//
f 3778// 3825// 3818//
f 3778// 3818// 3776//
f 3790// 3810// 3826//
f 3790// 3826// 3788//
f 3788// 3826// 3827//
f 3788// 3827// 3786//
f 3786// 3827// 3822//
f 3786// 3822// 3784//
usemtl 1
f 3811// 3812// 3810//
f 3810// 3812// 3813//
f 3810// 3813// 3817//
f 3817// 3816// 3810//
f 3810// 3816// 3815//
f 3810// 3815// 3814//
f 3814// 3821// 3810//
f 3810// 3821// 3820//
f 3810// 3820// 3819//
f 3819// 3818// 3810//
f 3810// 3818// 3825//
f 3810// 3825// 3824//
f 3824// 3823// 3810//
f 3810// 3823// 3822//
f 3810// 3822// 3826//
f 3826// 3822// 3827//
usemtl 5
f 3828// 3829// 3830//
f 3830// 3829// 3831//
f 3832// 3833// 3828//
f 3828// 3833// 3834//
f 3828// 3834// 3829//
f 3829// 3834// 3835//
f 3832// 3836// 3833//
f 3833// 3836// 3837//
f 3833// 3837// 3838//
f 3838// 3837// 3839//
f 3838// 3839// 3840//
f 3840// 3841// 3838//
f 3838// 3841// 3830//
f 3838// 3830// 3842//
f 3842// 3830// 3831//
f 3842// 3831// 3843//
f 3838// 3842// 185//
f 185// 3842// 183//
f 3833// 3838// 196//
f 196// 3838// 185//
f 189// 3834// 195//
f 195// 3834// 3833//
f 195// 3833// 196//
f 3835// 3834// 188//
f 188// 3834// 189//
f 3829// 3835// 193//
f 193// 3835// 188//
f 571// 3831// 192//
f 192// 3831// 3829//
f 192// 3829// 193//
f 3843// 3831// 184//
f 184// 3831// 571//
f 3842// 3843// 183//
f 183// 3843// 184//
f 3828// 3830// 3844//
f 3844// 3830// 3845//
f 3830// 3841// 3845//
f 3845// 3841// 3846//
f 3839// 3847// 3848//
f 3839// 3848// 3840//
f 3840// 3848// 3846//
f 3840// 3846// 3841//
f 3839// 3837// 3847//
f 3847// 3837// 3849//
f 3832// 3850// 3851//
f 3832// 3851// 3836//
f 3836// 3851// 3849//
f 3836// 3849// 3837//
f 3832// 3828// 3850//
f 3850// 3828// 3844//
usemtl 1
f 3847// 3849// 3848//
f 3848// 3849// 3851//
f 3848// 3851// 3846//
f 3846// 3851// 3850//
f 3846// 3850// 3845//
f 3845// 3850// 3844//
usemtl 5
f 3852// 3853// 524//
f 524// 3853// 530//
f 3854// 3852// 522//
f 522// 3852// 524//
f 3855// 3854// 521//
f 521// 3854// 522//
f 3856// 3855// 523//
f 523// 3855// 521//
f 3857// 3856// 525//
f 525// 3856// 523//
f 3858// 3857// 527//
f 527// 3857// 525//
f 3859// 3858// 526//
f 526// 3858// 527//
f 3860// 3859// 528//
f 528// 3859// 526//
f 3861// 3860// 533//
f 533// 3860// 528//
f 3862// 3861// 532//
f 532// 3861// 533//
f 3863// 3862// 531//
f 531// 3862// 532//
f 3853// 3863// 530//
f 530// 3863// 531//
f 3863// 3853// 3852//
f 3852// 3854// 3863//
f 3863// 3854// 3855//
f 3863// 3855// 3862//
f 3860// 3861// 3859//
f 3859// 3861// 3862//
f 3859// 3862// 3858//
f 3858// 3862// 3855//
f 3858// 3855// 3857//
f 3857// 3855// 3856//
f 3864// 3865// 3866//
f 3867// 3868// 3869//
f 3870// 3871// 3872//
f 3872// 3871// 3873//
f 3874// 3875// 3868//
f 3868// 3875// 3871//
f 3868// 3871// 3869//
f 3869// 3871// 3870//
f 3864// 3866// 3876//
f 3876// 3866// 3877//
f 3876// 3877// 3878//
f 3877// 3873// 3878//
f 3878// 3873// 3871//
f 3878// 3871// 3879//
f 3879// 3871// 3880//
f 3879// 3880// 3881//
f 3881// 3880// 3882//
f 3881// 3882// 3883//
f 3883// 3882// 3884//
f 3883// 3884// 3885//
f 3885// 3884// 3886//
f 3885// 3886// 3887//
f 3887// 3886// 3888//
f 3887// 3888// 3889//
f 3889// 3888// 3890//
f 3889// 3890// 3891//
f 3891// 3890// 3892//
f 3891// 3892// 3893//
f 3893// 3892// 3894//
f 3893// 3894// 3895//
f 3895// 3894// 3896//
f 3895// 3896// 3897//
f 3897// 3896// 3898//
f 3869// 3899// 3867//
f 3867// 3899// 3900//
f 3867// 3900// 3901//
f 3901// 3900// 3902//
f 3901// 3902// 3903//
f 3903// 3902// 3904//
f 3903// 3904// 3905//
f 3905// 3904// 3906//
f 3905// 3906// 3907//
f 3907// 3906// 3908//
f 3907// 3908// 3909//
f 3909// 3908// 3910//
f 3909// 3910// 3911//
f 3911// 3910// 3912//
f 3911// 3912// 3913//
f 3913// 3912// 3914//
f 3913// 3914// 3915//
f 3915// 3914// 3916//
f 3865// 3864// 3917//
f 3917// 3864// 3918//
f 3917// 3918// 3919//
f 3919// 3918// 3920//
f 3919// 3920// 3921//
f 3921// 3920// 3922//
f 3921// 3922// 3923//
f 3922// 3924// 3923//
f 3923// 3924// 3925//
f 3923// 3925// 3926//
f 3926// 3925// 3927//
f 3926// 3927// 3928//
f 3928// 3927// 3929//
f 3928// 3929// 3930//
f 3930// 3929// 3931//
f 3930// 3931// 3916//
f 3916// 3931// 3932//
f 3916// 3932// 3915//
f 3892// 364// 363//
f 3892// 363// 3894//
f 3894// 363// 362//
f 3894// 362// 3896//
f 3896// 362// 361//
f 3896// 361// 3898//
f 3897// 3898// 334//
f 334// 3898// 361//
f 3897// 334// 349//
f 3897// 349// 3895//
f 3895// 349// 353//
f 3895// 353// 3893//
f 3893// 353// 352//
f 3893// 352// 3891//
f 3891// 352// 351//
f 3891// 351// 3889//
f 3889// 351// 375//
f 3889// 375// 3887//
f 3887// 375// 374//
f 3887// 374// 3885//
f 3885// 374// 368//
f 3885// 368// 3883//
f 3883// 368// 367//
f 3883// 367// 3881//
f 3881// 367// 366//
f 3881// 366// 3879//
f 3879// 366// 365//
f 3879// 365// 3878//
f 3876// 3878// 350//
f 350// 3878// 365//
f 3876// 350// 348//
f 3876// 348// 3864//
f 3864// 348// 347//
f 3864// 347// 3918//
f 3918// 347// 333//
f 3918// 333// 3920//
f 3920// 333// 335//
f 3920// 335// 3922//
f 3922// 335// 336//
f 3922// 336// 3924//
f 3924// 336// 370//
f 3924// 370// 3925//
f 3925// 370// 369//
f 3925// 369// 3927//
f 3927// 369// 342//
f 3927// 342// 3929//
f 3929// 342// 341//
f 3929// 341// 3931//
f 3931// 341// 360//
f 3931// 360// 3932//
f 3932// 360// 359//
f 3932// 359// 3915//
f 379// 3909// 380//
f 380// 3909// 3911//
f 380// 3911// 381//
f 381// 3911// 3913//
f 381// 3913// 358//
f 358// 3913// 3915//
f 358// 3915// 359//
f 3909// 379// 377//
f 3909// 377// 3907//
f 3907// 377// 376//
f 3907// 376// 3905//
f 376// 535// 3905//
f 3905// 535// 346//
f 3905// 346// 3903//
f 3903// 346// 345//
f 3903// 345// 3901//
f 3901// 345// 344//
f 3901// 344// 3867//
f 3868// 3867// 343//
f 343// 3867// 344//
f 3874// 3868// 339//
f 339// 3868// 343//
f 3875// 3874// 338//
f 338// 3874// 339//
f 3871// 3875// 373//
f 373// 3875// 338//
f 3871// 373// 372//
f 3871// 372// 3880//
f 3880// 372// 371//
f 3880// 371// 3882//
f 3882// 371// 357//
f 3882// 357// 3884//
f 3884// 357// 356//
f 3884// 356// 3886//
f 3886// 356// 355//
f 3886// 355// 3888//
f 3888// 355// 354//
f 3888// 354// 3890//
f 3890// 354// 364//
f 3890// 364// 3892//
f 3917// 3933// 3934//
f 3917// 3934// 3865//
f 3865// 3934// 3935//
f 3865// 3935// 3866//
f 3866// 3935// 3936//
f 3866// 3936// 3877//
f 3926// 3937// 3938//
f 3926// 3938// 3923//
f 3923// 3938// 3939//
f 3923// 3939// 3921//
f 3921// 3939// 3940//
f 3921// 3940// 3919//
f 3919// 3940// 3933//
f 3919// 3933// 3917//
f 3914// 3941// 3942//
f 3914// 3942// 3916//
f 3916// 3942// 3943//
f 3916// 3943// 3930//
f 3930// 3943// 3944//
f 3930// 3944// 3928//
f 3928// 3944// 3937//
f 3928// 3937// 3926//
f 3908// 3945// 3946//
f 3908// 3946// 3910//
f 3910// 3946// 3947//
f 3910// 3947// 3912//
f 3912// 3947// 3941//
f 3912// 3941// 3914//
f 3900// 3948// 3949//
f 3900// 3949// 3902//
f 3902// 3949// 3950//
f 3902// 3950// 3904//
f 3904// 3950// 3951//
f 3904// 3951// 3906//
f 3906// 3951// 3945//
f 3906// 3945// 3908//
f 3872// 3952// 3953//
f 3872// 3953// 3870//
f 3870// 3953// 3954//
f 3870// 3954// 3869//
f 3869// 3954// 3955//
f 3869// 3955// 3899//
f 3899// 3955// 3948//
f 3899// 3948// 3900//
f 3872// 3873// 3952//
f 3952// 3873// 3956//
f 3873// 3877// 3956//
f 3956// 3877// 3936//
usemtl 1
f 3956// 3936// 3952//
f 3952// 3936// 3935//
f 3935// 3934// 3952//
f 3952// 3934// 3933//
f 3952// 3933// 3953//
f 3953// 3933// 3954//
f 3954// 3933// 3940//
f 3954// 3940// 3955//
f 3942// 3941// 3949//
f 3942// 3949// 3943//
f 3950// 3949// 3951//
f 3951// 3949// 3945//
f 3940// 3939// 3955//
f 3955// 3939// 3938//
f 3955// 3938// 3948//
f 3948// 3938// 3937//
f 3948// 3937// 3949//
f 3949// 3937// 3944//
f 3949// 3944// 3943//
f 3941// 3947// 3949//
f 3949// 3947// 3946//
f 3949// 3946// 3945//
usemtl 5
f 386// 3957// 3958//
f 3959// 443// 440//
f 3959// 440// 3960//
f 3960// 440// 388//
f 3960// 388// 3958//
f 3958// 388// 387//
f 3958// 387// 386//
f 3961// 3957// 396//
f 396// 3957// 386//
f 3962// 3961// 395//
f 395// 3961// 396//
f 398// 3963// 392//
f 392// 3963// 3962//
f 392// 3962// 393//
f 393// 3962// 395//
f 3964// 3963// 397//
f 397// 3963// 398//
f 397// 400// 3964//
f 3964// 400// 421//
f 3964// 421// 3965//
f 3965// 421// 420//
f 3965// 420// 3966//
f 3966// 420// 408//
f 3966// 408// 3967//
f 3967// 408// 407//
f 3967// 407// 3968//
f 3968// 407// 406//
f 3968// 406// 3969//
f 3969// 406// 419//
f 3969// 419// 3970//
f 3970// 419// 418//
f 3970// 418// 3971//
f 3971// 418// 417//
f 3971// 417// 3972//
f 3972// 417// 416//
f 3972// 416// 3973//
f 3973// 416// 436//
f 3973// 436// 3974//
f 3974// 436// 435//
f 3974// 435// 3975//
f 3975// 435// 433//
f 3975// 433// 3976//
f 3976// 433// 431//
f 3976// 431// 3977//
f 3977// 431// 430//
f 3977// 430// 3978//
f 3978// 430// 429//
f 3978// 429// 3979//
f 3979// 429// 428//
f 3979// 428// 3980//
f 3980// 428// 427//
f 3980// 427// 3981//
f 3981// 427// 424//
f 3981// 424// 3982//
f 3982// 424// 439//
f 3982// 439// 3983//
f 3983// 439// 438//
f 3983// 438// 3984//
f 3984// 438// 437//
f 3984// 437// 3985//
f 3985// 437// 426//
f 3985// 426// 3986//
f 3986// 426// 425//
f 3986// 425// 3987//
f 3987// 425// 423//
f 3987// 423// 3988//
f 3988// 423// 422//
f 3988// 422// 3989//
f 3989// 422// 432//
f 3989// 432// 3990//
f 3990// 432// 434//
f 3990// 434// 3991//
f 3991// 434// 402//
f 3991// 402// 3992//
f 3993// 3992// 401//
f 401// 3992// 402//
f 3993// 401// 415//
f 3993// 415// 3994//
f 3994// 415// 413//
f 3994// 413// 3995//
f 3995// 413// 412//
f 3995// 412// 3996//
f 3996// 412// 404//
f 3996// 404// 3997//
f 3997// 404// 403//
f 3997// 403// 3998//
f 3999// 3998// 411//
f 411// 3998// 403//
f 411// 410// 3999//
f 3999// 410// 409//
f 3999// 409// 4000//
f 4000// 409// 383//
f 4000// 383// 4001//
f 4001// 383// 382//
f 4001// 382// 4002//
f 4002// 382// 385//
f 4002// 385// 4003//
f 4003// 385// 384//
f 4003// 384// 4004//
f 4004// 384// 390//
f 4004// 390// 4005//
f 441// 4006// 4007//
f 4005// 390// 391//
f 4005// 391// 4008//
f 4008// 391// 389//
f 4008// 389// 4007//
f 4007// 389// 442//
f 4007// 442// 441//
f 4006// 441// 445//
f 4006// 445// 4009//
f 4009// 445// 456//
f 4009// 456// 4010//
f 4010// 456// 455//
f 4010// 455// 4011//
f 4011// 455// 454//
f 4011// 454// 4012//
f 4012// 454// 448//
f 4012// 448// 4013//
f 4013// 448// 447//
f 4013// 447// 4014//
f 4014// 447// 453//
f 4014// 453// 4015//
f 4015// 453// 452//
f 4015// 452// 4016//
f 4016// 452// 451//
f 4016// 451// 4017//
f 4017// 451// 450//
f 4017// 450// 4018//
f 4018// 450// 449//
f 4018// 449// 4019//
f 4019// 449// 446//
f 4019// 446// 4020//
f 4020// 446// 444//
f 4020// 444// 4021//
f 4021// 444// 443//
f 4021// 443// 3959//
f 3985// 3986// 3997//
f 3997// 3986// 3996//
f 4009// 3976// 4006//
f 4006// 3976// 3977//
f 3965// 3966// 4017//
f 4017// 3966// 3967//
f 4017// 3967// 4016//
f 4016// 3967// 3968//
f 4016// 3968// 4015//
f 4015// 3968// 3969//
f 4015// 3969// 4014//
f 4014// 3969// 3970//
f 4014// 3970// 4013//
f 4013// 3970// 3971//
f 4013// 3971// 4012//
f 4012// 3971// 3972//
f 4012// 3972// 4011//
f 4011// 3972// 3973//
f 4011// 3973// 4010//
f 4010// 3973// 3974//
f 4010// 3974// 4009//
f 4009// 3974// 3975//
f 4009// 3975// 3976//
f 3963// 3959// 3962//
f 3962// 3959// 3960//
f 3962// 3960// 3961//
f 3961// 3960// 3958//
f 3961// 3958// 3957//
f 3986// 3987// 3996//
f 3996// 3987// 3988//
f 3996// 3988// 3995//
f 3995// 3988// 3989//
f 3995// 3989// 3994//
f 3994// 3989// 3990//
f 3994// 3990// 3993//
f 3993// 3990// 3991//
f 3993// 3991// 3992//
f 4017// 4018// 3965//
f 3965// 4018// 4019//
f 3965// 4019// 3964//
f 3964// 4019// 4020//
f 3964// 4020// 3963//
f 3963// 4020// 4021//
f 3963// 4021// 3959//
f 3997// 3998// 3985//
f 3985// 3998// 3999//
f 3985// 3999// 3984//
f 3984// 3999// 4000//
f 3984// 4000// 3983//
f 3983// 4000// 4001//
f 3983// 4001// 3982//
f 3982// 4001// 4002//
f 3982// 4002// 3981//
f 3981// 4002// 4003//
f 3981// 4003// 3980//
f 3980// 4003// 4004//
f 3980// 4004// 3979//
f 3979// 4004// 4005//
f 3979// 4005// 3978//
f 3978// 4005// 4008//
f 3978// 4008// 3977//
f 3977// 4008// 4007//
f 3977// 4007// 4006//
f 4022// 4023// 465//
f 465// 4023// 463//
f 4024// 4022// 467//
f 467// 4022// 465//
f 4024// 467// 468//
f 4024// 468// 4025//
f 4025// 468// 462//
f 4025// 462// 4026//
f 4027// 4026// 461//
f 461// 4026// 462//
f 4028// 4027// 460//
f 460// 4027// 461//
f 471// 4029// 466//
f 466// 4029// 4028//
f 466// 4028// 460//
f 4030// 4029// 470//
f 470// 4029// 471//
f 473// 4031// 469//
f 469// 4031// 4030//
f 469// 4030// 470//
f 477// 4032// 472//
f 472// 4032// 4031//
f 472// 4031// 473//
f 4032// 477// 475//
f 4032// 475// 4033//
f 4033// 475// 474//
f 4033// 474// 4034//
f 474// 488// 4034//
f 4034// 488// 487//
f 4034// 487// 4035//
f 4035// 487// 482//
f 4035// 482// 4036//
f 4036// 482// 481//
f 4036// 481// 4037//
f 4037// 481// 480//
f 4037// 480// 4038//
f 4038// 480// 478//
f 4038// 478// 4039//
f 4040// 4039// 479//
f 479// 4039// 478//
f 4040// 479// 486//
f 4040// 486// 4041//
f 4041// 486// 485//
f 4041// 485// 4042//
f 4042// 485// 484//
f 4042// 484// 4043//
f 4043// 484// 483//
f 4043// 483// 4044//
f 483// 494// 4044//
f 4044// 494// 493//
f 4044// 493// 4045//
f 4045// 493// 492//
f 4045// 492// 4046//
f 4046// 492// 490//
f 4046// 490// 4047//
f 4047// 490// 489//
f 4047// 489// 4048//
f 463// 4023// 491//
f 491// 4023// 4048//
f 491// 4048// 489//
f 4025// 4026// 4048//
f 4023// 4022// 4048//
f 4048// 4022// 4024//
f 4048// 4024// 4025//
f 4029// 4030// 4028//
f 4028// 4030// 4031//
f 4028// 4031// 4027//
f 4047// 4033// 4046//
f 4046// 4033// 4034//
f 4039// 4040// 4038//
f 4038// 4040// 4041//
f 4038// 4041// 4037//
f 4037// 4041// 4042//
f 4037// 4042// 4036//
f 4036// 4042// 4043//
f 4036// 4043// 4035//
f 4035// 4043// 4044//
f 4035// 4044// 4034//
f 4034// 4044// 4045//
f 4034// 4045// 4046//
f 4026// 4027// 4048//
f 4048// 4027// 4031//
f 4048// 4031// 4047//
f 4047// 4031// 4032//
f 4047// 4032// 4033//
f 4049// 4050// 503//
f 503// 4050// 505//
f 496// 4051// 498//
f 498// 4051// 4049//
f 498// 4049// 503//
f 4052// 4051// 495//
f 495// 4051// 496//
f 499// 4053// 497//
f 497// 4053// 4052//
f 497// 4052// 495//
f 4054// 4053// 513//
f 513// 4053// 499//
f 510// 4055// 512//
f 512// 4055// 4054//
f 512// 4054// 513//
f 4056// 4055// 509//
f 509// 4055// 510//
f 502// 4057// 511//
f 511// 4057// 4056//
f 511// 4056// 509//
f 4058// 4057// 501//
f 501// 4057// 502//
f 457// 4059// 458//
f 458// 4059// 4058//
f 458// 4058// 501//
f 4060// 4059// 508//
f 508// 4059// 457//
f 505// 4050// 507//
f 507// 4050// 4060//
f 507// 4060// 508//
f 4053// 4054// 4052//
f 4052// 4054// 4055//
f 4050// 4049// 4060//
f 4060// 4049// 4051//
f 4057// 4058// 4056//
f 4056// 4058// 4059//
f 4056// 4059// 4055//
f 4055// 4059// 4060//
f 4055// 4060// 4052//
f 4052// 4060// 4051//
f 4061// 4062// 4063//
f 4063// 4062// 4064//
f 4063// 4064// 4065//
f 4065// 4064// 4066//
f 4065// 4066// 4067//
f 4067// 4066// 4068//
f 4067// 4068// 4069//
f 4069// 4068// 4070//
f 4069// 4070// 4071//
f 4071// 4070// 4072//
f 4071// 4072// 4073//
f 4073// 4072// 4074//
f 4073// 4074// 4075//
f 4075// 4074// 4076//
f 4075// 4076// 4077//
f 4077// 4076// 4078//
f 4077// 4078// 4079//
f 4079// 4078// 4080//
f 4079// 4080// 4081//
f 4081// 4080// 4082//
f 4081// 4082// 4083//
f 4083// 4082// 4084//
f 4083// 4084// 4085//
f 4085// 4084// 4086//
f 4085// 4086// 4087//
f 4087// 4086// 4088//
f 4087// 4088// 4089//
f 4089// 4088// 4090//
f 4089// 4090// 4091//
f 4091// 4090// 4092//
f 4091// 4092// 4093//
f 4093// 4092// 4094//
f 4093// 4094// 4095//
f 4095// 4094// 4096//
f 4095// 4096// 4061//
f 4061// 4096// 4062//
f 4084// 4082// 2//
f 2// 4082// 566//
f 4084// 2// 1//
f 4084// 1// 4086//
f 4086// 1// 570//
f 4086// 570// 4088//
f 4088// 570// 569//
f 4088// 569// 4090//
f 4090// 569// 565//
f 4090// 565// 4092//
f 4092// 565// 564//
f 4092// 564// 4094//
f 4094// 564// 563//
f 4094// 563// 4096//
f 4096// 563// 577//
f 4096// 577// 4062//
f 4062// 577// 576//
f 4062// 576// 4064//
f 4064// 576// 575//
f 4064// 575// 4066//
f 4066// 575// 574//
f 4066// 574// 4068//
f 4068// 574// 573//
f 4068// 573// 4070//
f 4070// 573// 572//
f 4070// 572// 4072//
f 4072// 572// 562//
f 4072// 562// 4074//
f 4074// 562// 561//
f 4074// 561// 4076//
f 4076// 561// 568//
f 4076// 568// 4078//
f 4080// 4078// 567//
f 567// 4078// 568//
f 4082// 4080// 566//
f 566// 4080// 567//
f 4077// 4079// 4097//
f 4097// 4079// 4098//
f 4079// 4081// 4098//
f 4098// 4081// 4099//
f 4081// 4083// 4099//
f 4099// 4083// 4100//
f 4091// 4101// 4102//
f 4091// 4102// 4089//
f 4089// 4102// 4103//
f 4089// 4103// 4087//
f 4087// 4103// 4104//
f 4087// 4104// 4085//
f 4085// 4104// 4100//
f 4085// 4100// 4083//
f 4063// 4105// 4106//
f 4063// 4106// 4061//
f 4061// 4106// 4107//
f 4061// 4107// 4095//
f 4095// 4107// 4108//
f 4095// 4108// 4093//
f 4093// 4108// 4101//
f 4093// 4101// 4091//
f 4071// 4109// 4110//
f 4071// 4110// 4069//
f 4069// 4110// 4111//
f 4069// 4111// 4067//
f 4067// 4111// 4112//
f 4067// 4112// 4065//
f 4065// 4112// 4105//
f 4065// 4105// 4063//
f 4077// 4097// 4113//
f 4077// 4113// 4075//
f 4075// 4113// 4114//
f 4075// 4114// 4073//
f 4073// 4114// 4109//
f 4073// 4109// 4071//
usemtl 1
f 4098// 4099// 4097//
f 4097// 4099// 4100//
f 4097// 4100// 4104//
f 4104// 4103// 4097//
f 4097// 4103// 4102//
f 4097// 4102// 4101//
f 4101// 4108// 4097//
f 4097// 4108// 4107//
f 4097// 4107// 4106//
f 4106// 4105// 4097//
f 4097// 4105// 4112//
f 4097// 4112// 4111//
f 4111// 4110// 4097//
f 4097// 4110// 4109//
f 4097// 4109// 4113//
f 4113// 4109// 4114//
usemtl 5
f 4115// 4116// 4117//
f 4117// 4116// 4118//
f 4119// 4120// 4115//
f 4115// 4120// 4121//
f 4115// 4121// 4116//
f 4116// 4121// 4122//
f 4119// 4123// 4120//
f 4120// 4123// 4124//
f 4120// 4124// 4125//
f 4125// 4124// 4126//
f 4125// 4126// 4127//
f 4127// 4128// 4125//
f 4125// 4128// 4117//
f 4125// 4117// 4129//
f 4129// 4117// 4118//
f 4129// 4118// 4130//
f 4125// 4129// 286//
f 286// 4129// 284//
f 4120// 4125// 295//
f 295// 4125// 286//
f 4121// 4120// 294//
f 294// 4120// 295//
f 4122// 4121// 293//
f 293// 4121// 294//
f 4116// 4122// 292//
f 292// 4122// 293//
f 4118// 4116// 291//
f 291// 4116// 292//
f 4130// 4118// 283//
f 283// 4118// 291//
f 4129// 4130// 284//
f 284// 4130// 283//
f 4115// 4117// 4131//
f 4131// 4117// 4132//
f 4117// 4128// 4132//
f 4132// 4128// 4133//
f 4126// 4134// 4135//
f 4126// 4135// 4127//
f 4127// 4135// 4133//
f 4127// 4133// 4128//
f 4126// 4124// 4134//
f 4134// 4124// 4136//
f 4119// 4137// 4138//
f 4119// 4138// 4123//
f 4123// 4138// 4136//
f 4123// 4136// 4124//
f 4119// 4115// 4137//
f 4137// 4115// 4131//
usemtl 1
f 4134// 4136// 4135//
f 4135// 4136// 4138//
f 4135// 4138// 4133//
f 4133// 4138// 4137//
f 4133// 4137// 4132//
f 4132// 4137// 4131//
usemtl 5
f 4139// 4140// 4141//
f 4142// 4143// 4144//
f 4145// 4146// 4147//
f 4148// 4149// 4150//
f 4150// 4149// 4151//
f 4152// 4153// 4154//
f 4155// 4156// 4149//
f 4149// 4156// 4157//
f 4149// 4157// 4151//
f 4141// 4140// 4158//
f 4159// 4160// 4161//
f 4161// 4160// 4162//
f 4161// 4162// 4163//
f 4163// 4162// 4164//
f 4163// 4164// 4144//
f 4144// 4164// 4165//
f 4144// 4165// 4142//
f 4166// 4148// 4167//
f 4167// 4148// 4168//
f 4167// 4168// 4169//
f 4169// 4168// 4170//
f 4169// 4170// 4171//
f 4171// 4170// 4172//
f 4171// 4172// 4173//
f 4173// 4172// 4174//
f 4173// 4174// 4175//
f 4175// 4174// 4164//
f 4175// 4164// 4176//
f 4176// 4164// 4177//
f 4154// 4153// 4178//
f 4178// 4153// 4179//
f 4178// 4179// 4180//
f 4180// 4179// 4181//
f 4180// 4181// 4182//
f 4145// 4147// 4183//
f 4183// 4147// 4184//
f 4183// 4184// 4185//
f 4185// 4184// 4186//
f 4185// 4186// 4187//
f 4140// 4188// 4158//
f 4158// 4188// 4189//
f 4158// 4189// 4190//
f 4190// 4189// 4191//
f 4190// 4191// 4145//
f 4145// 4191// 4192//
f 4145// 4192// 4146//
f 4193// 4194// 4162//
f 4162// 4194// 4195//
f 4162// 4195// 4164//
f 4164// 4195// 4196//
f 4164// 4196// 4177//
f 4197// 4198// 4199//
f 4199// 4198// 4200//
f 4199// 4200// 4201//
f 4201// 4200// 4152//
f 4201// 4152// 4202//
f 4202// 4152// 4154//
f 4203// 4204// 4205//
f 4205// 4204// 4206//
f 4205// 4206// 4207//
f 4207// 4206// 4208//
f 4207// 4208// 4209//
f 4209// 4208// 4210//
f 4209// 4210// 4211//
f 4211// 4210// 4212//
f 4211// 4212// 4213//
f 4214// 4149// 4215//
f 4215// 4149// 4148//
f 4215// 4148// 4216//
f 4216// 4148// 4166//
f 4214// 4217// 4149//
f 4149// 4217// 4218//
f 4149// 4218// 4219//
f 4219// 4218// 4220//
f 4219// 4220// 4221//
f 4221// 4220// 4222//
f 4221// 4222// 4223//
f 4223// 4222// 4224//
f 4223// 4224// 4225//
f 4225// 4224// 4226//
f 4225// 4226// 4227//
f 4227// 4226// 4228//
f 4227// 4228// 4229//
f 4229// 4228// 4230//
f 4229// 4230// 4231//
f 4231// 4230// 4232//
f 4231// 4232// 4233//
f 4233// 4232// 4234//
f 4233// 4234// 4235//
f 4235// 4234// 4236//
f 4235// 4236// 4162//
f 4162// 4236// 4237//
f 4162// 4237// 4193//
f 4181// 4238// 4182//
f 4182// 4238// 4239//
f 4182// 4239// 4240//
f 4240// 4239// 4241//
f 4240// 4241// 4242//
f 4242// 4241// 4243//
f 4242// 4243// 4203//
f 4203// 4243// 4244//
f 4203// 4244// 4204//
f 4245// 4246// 4247//
f 4247// 4246// 4248//
f 4247// 4248// 4199//
f 4199// 4248// 4249//
f 4199// 4249// 4197//
f 4250// 4251// 4252//
f 4252// 4251// 4253//
f 4252// 4253// 4254//
f 4254// 4253// 4255//
f 4254// 4255// 4256//
f 4256// 4255// 4257//
f 4256// 4257// 4258//
f 4258// 4257// 4259//
f 4258// 4259// 4155//
f 4155// 4259// 4260//
f 4155// 4260// 4156//
f 4141// 4261// 4139//
f 4139// 4261// 4262//
f 4139// 4262// 4263//
f 4263// 4262// 4264//
f 4263// 4264// 4265//
f 4265// 4264// 4266//
f 4265// 4266// 4250//
f 4250// 4266// 4267//
f 4250// 4267// 4251//
f 4187// 4186// 4268//
f 4268// 4186// 4269//
f 4268// 4269// 4270//
f 4270// 4269// 4271//
f 4270// 4271// 4272//
f 4272// 4271// 4273//
f 4272// 4273// 4274//
f 4274// 4273// 4275//
f 4274// 4275// 4245//
f 4245// 4275// 4276//
f 4245// 4276// 4246//
f 4277// 4278// 4279//
f 4212// 4280// 4213//
f 4213// 4280// 4277//
f 4213// 4277// 4281//
f 4281// 4277// 4279//
f 4282// 4283// 4277//
f 4277// 4283// 4284//
f 4277// 4284// 4278//
f 4285// 4286// 4287//
f 4286// 4288// 4287//
f 4287// 4288// 4289//
f 4287// 4289// 4290//
f 4282// 4277// 4287//
f 4287// 4277// 4291//
f 4287// 4291// 4285//
f 4182// 91// 90//
f 179// 4154// 4178//
f 4182// 90// 4180//
f 4180// 90// 181//
f 4180// 181// 4178//
f 4178// 181// 180//
f 4178// 180// 179//
f 179// 14// 4154//
f 4154// 14// 13//
f 4154// 13// 4202//
f 4202// 13// 22//
f 4202// 22// 4201//
f 4201// 22// 21//
f 4201// 21// 4199//
f 4199// 21// 20//
f 4199// 20// 4247//
f 4247// 20// 19//
f 4247// 19// 4245//
f 4245// 19// 18//
f 4245// 18// 4274//
f 18// 17// 4274//
f 4274// 17// 28//
f 4274// 28// 4272//
f 4272// 28// 27//
f 4272// 27// 4270//
f 31// 4185// 29//
f 29// 4185// 4187//
f 29// 4187// 23//
f 23// 4187// 4268//
f 23// 4268// 24//
f 24// 4268// 4270//
f 24// 4270// 27//
f 4185// 31// 38//
f 4185// 38// 4183//
f 4183// 38// 40//
f 4183// 40// 4145//
f 4145// 40// 39//
f 4145// 39// 4190//
f 4190// 39// 37//
f 4190// 37// 4158//
f 4158// 37// 36//
f 4158// 36// 4141//
f 4141// 36// 42//
f 4141// 42// 4261//
f 4261// 42// 41//
f 4261// 41// 4262//
f 4262// 41// 35//
f 4262// 35// 4264//
f 50// 4253// 4251//
f 4264// 35// 34//
f 4264// 34// 4266//
f 4266// 34// 33//
f 4266// 33// 4267//
f 33// 53// 4267//
f 4267// 53// 52//
f 4267// 52// 4251//
f 4251// 52// 51//
f 4251// 51// 50//
f 4253// 50// 48//
f 4253// 48// 4255//
f 4255// 48// 47//
f 4255// 47// 4257//
f 4257// 47// 44//
f 4257// 44// 4259//
f 4259// 44// 43//
f 4259// 43// 4260//
f 4260// 43// 46//
f 4260// 46// 4156//
f 4156// 46// 54//
f 4156// 54// 4157//
f 4157// 54// 55//
f 4157// 55// 4151//
f 55// 56// 4151//
f 4151// 56// 58//
f 4151// 58// 4150//
f 4150// 58// 59//
f 4150// 59// 4148//
f 4148// 59// 83//
f 4148// 83// 4168//
f 83// 82// 4168//
f 4168// 82// 81//
f 4168// 81// 4170//
f 4170// 81// 80//
f 4170// 80// 4172//
f 134// 4163// 4144//
f 4172// 80// 77//
f 4172// 77// 4174//
f 4174// 77// 75//
f 4174// 75// 4164//
f 75// 89// 4164//
f 4164// 89// 88//
f 4164// 88// 4165//
f 4165// 88// 87//
f 4165// 87// 4142//
f 4142// 87// 86//
f 4142// 86// 4143//
f 4143// 86// 85//
f 4143// 85// 4144//
f 4144// 85// 133//
f 4144// 133// 134//
f 4161// 4163// 121//
f 121// 4163// 134//
f 4159// 4161// 95//
f 95// 4161// 121//
f 4160// 4159// 99//
f 99// 4159// 95//
f 4162// 4160// 98//
f 98// 4160// 99//
f 4162// 98// 100//
f 4162// 100// 4235//
f 4235// 100// 101//
f 4235// 101// 4233//
f 4233// 101// 126//
f 4233// 126// 4231//
f 4231// 126// 125//
f 4231// 125// 4229//
f 4229// 125// 124//
f 4229// 124// 4227//
f 4227// 124// 113//
f 4227// 113// 4225//
f 4225// 113// 111//
f 4225// 111// 4223//
f 4223// 111// 109//
f 4223// 109// 4221//
f 4221// 109// 116//
f 4221// 116// 4219//
f 4219// 116// 118//
f 4219// 118// 4149//
f 4149// 118// 117//
f 4149// 117// 4155//
f 4155// 117// 115//
f 4155// 115// 4258//
f 4258// 115// 114//
f 4258// 114// 4256//
f 4256// 114// 108//
f 4256// 108// 4254//
f 4254// 108// 110//
f 4254// 110// 4252//
f 4250// 4252// 112//
f 112// 4252// 110//
f 112// 153// 4250//
f 4250// 153// 154//
f 4250// 154// 4265//
f 4265// 154// 164//
f 4265// 164// 4263//
f 164// 178// 4263//
f 4263// 178// 177//
f 4263// 177// 4139//
f 4139// 177// 176//
f 4139// 176// 4140//
f 4140// 176// 170//
f 4140// 170// 4188//
f 4188// 170// 169//
f 4188// 169// 4189//
f 4189// 169// 168//
f 4189// 168// 4191//
f 4191// 168// 165//
f 4191// 165// 4192//
f 4192// 165// 160//
f 4192// 160// 4146//
f 4146// 160// 163//
f 4146// 163// 4147//
f 4147// 163// 171//
f 4147// 171// 4184//
f 4184// 171// 173//
f 4184// 173// 4186//
f 4186// 173// 175//
f 4186// 175// 4269//
f 4269// 175// 174//
f 4269// 174// 4271//
f 149// 4197// 166//
f 166// 4197// 4249//
f 166// 4249// 167//
f 167// 4249// 4248//
f 167// 4248// 158//
f 158// 4248// 4246//
f 158// 4246// 159//
f 159// 4246// 4276//
f 159// 4276// 161//
f 161// 4276// 4275//
f 161// 4275// 162//
f 162// 4275// 4273//
f 162// 4273// 172//
f 172// 4273// 4271//
f 172// 4271// 174//
f 4198// 4197// 148//
f 148// 4197// 149//
f 4198// 148// 151//
f 4198// 151// 4200//
f 4200// 151// 157//
f 4200// 157// 4152//
f 4152// 157// 156//
f 4152// 156// 4153//
f 4153// 156// 155//
f 4153// 155// 4179//
f 4179// 155// 150//
f 4179// 150// 4181//
f 150// 152// 4181//
f 4181// 152// 139//
f 4181// 139// 4238//
f 4238// 139// 138//
f 4238// 138// 4239//
f 4239// 138// 137//
f 4239// 137// 4241//
f 4241// 137// 136//
f 4241// 136// 4243//
f 4243// 136// 135//
f 4243// 135// 4244//
f 4244// 135// 147//
f 4244// 147// 4204//
f 4204// 147// 146//
f 4204// 146// 4206//
f 4206// 146// 145//
f 4206// 145// 4208//
f 4208// 145// 144//
f 4208// 144// 4210//
f 4212// 4210// 143//
f 143// 4210// 144//
f 4212// 143// 107//
f 4212// 107// 4280//
f 4280// 107// 106//
f 4280// 106// 4277//
f 4277// 106// 105//
f 4277// 105// 4291//
f 4291// 105// 94//
f 4291// 94// 4285//
f 4285// 94// 93//
f 4285// 93// 4286//
f 4286// 93// 102//
f 4286// 102// 4288//
f 4288// 102// 123//
f 4288// 123// 4289//
f 4289// 123// 122//
f 4289// 122// 4290//
f 4290// 122// 120//
f 4290// 120// 4287//
f 4287// 120// 119//
f 4287// 119// 4282//
f 4282// 119// 132//
f 4282// 132// 4283//
f 4283// 132// 131//
f 4283// 131// 4284//
f 4284// 131// 130//
f 4284// 130// 4278//
f 4278// 130// 129//
f 4278// 129// 4279//
f 4279// 129// 128//
f 4279// 128// 4281//
f 4281// 128// 127//
f 4281// 127// 4213//
f 4213// 127// 142//
f 4213// 142// 4211//
f 4209// 4211// 141//
f 141// 4211// 142//
f 4209// 141// 140//
f 4209// 140// 4207//
f 4207// 140// 97//
f 4207// 97// 4205//
f 4205// 97// 96//
f 4205// 96// 4203//
f 4203// 96// 103//
f 4203// 103// 4242//
f 4242// 103// 104//
f 4242// 104// 4240//
f 4240// 104// 91//
f 4240// 91// 4182//
f 4230// 4292// 4293//
f 4230// 4293// 4232//
f 4232// 4293// 4294//
f 4232// 4294// 4234//
f 4234// 4294// 4295//
f 4234// 4295// 4236//
f 4236// 4295// 4296//
f 4236// 4296// 4237//
f 4237// 4296// 4297//
f 4237// 4297// 4193//
f 4193// 4297// 4298//
f 4193// 4298// 4194//
f 4194// 4298// 4299//
f 4194// 4299// 4195//
f 4195// 4299// 4300//
f 4195// 4300// 4196//
f 4196// 4300// 4301//
f 4196// 4301// 4177//
f 4177// 4301// 4302//
f 4177// 4302// 4176//
f 4176// 4302// 4303//
f 4176// 4303// 4175//
f 4175// 4303// 4304//
f 4175// 4304// 4173//
f 4173// 4304// 4305//
f 4173// 4305// 4171//
f 4171// 4305// 4306//
f 4171// 4306// 4169//
f 4169// 4306// 4307//
f 4169// 4307// 4167//
f 4167// 4307// 4308//
f 4167// 4308// 4166//
f 4166// 4308// 4309//
f 4166// 4309// 4216//
f 4216// 4309// 4310//
f 4216// 4310// 4215//
f 4215// 4310// 4311//
f 4215// 4311// 4214//
f 4214// 4311// 4312//
f 4214// 4312// 4217//
f 4217// 4312// 4313//
f 4217// 4313// 4218//
f 4218// 4313// 4314//
f 4218// 4314// 4220//
f 4220// 4314// 4315//
f 4220// 4315// 4222//
f 4222// 4315// 4316//
f 4222// 4316// 4224//
f 4224// 4316// 4317//
f 4224// 4317// 4226//
f 4226// 4317// 4318//
f 4226// 4318// 4228//
f 4228// 4318// 4292//
f 4228// 4292// 4230//
usemtl 1
f 4306// 4316// 4315//
f 4304// 4303// 4293//
f 4292// 4318// 4306//
f 4306// 4318// 4317//
f 4306// 4317// 4316//
f 4311// 4310// 4315//
f 4315// 4310// 4309//
f 4292// 4306// 4293//
f 4293// 4306// 4305//
f 4293// 4305// 4304//
f 4314// 4313// 4315//
f 4315// 4313// 4312//
f 4315// 4312// 4311//
f 4309// 4308// 4315//
f 4315// 4308// 4307//
f 4315// 4307// 4306//
f 4303// 4302// 4293//
f 4293// 4302// 4301//
f 4293// 4301// 4300//
f 4300// 4299// 4293//
f 4293// 4299// 4298//
f 4293// 4298// 4297//
f 4297// 4296// 4293//
f 4293// 4296// 4295//
f 4293// 4295// 4294//
