v -2.87525 1.50809 2.5
v 2.88249 1.46237 2.5
v -2.88249 1.46237 2.5
newmtl 1
Ka 1.0 1.0 1.0
Kd 0.8117647058823529 0.8117647058823529 0.8117647058823529
Ks 0.7529411764705882 0.7529411764705882 0.7529411764705882
d 1.0
endmtl
v 2.97749 1.36736 2.5
v 3.02322 1.36012 2.5
v 4.25 0.9872 2.5
v 4.25761 1.04893 2.5
v 4.27929 1.01649 2.5
v 4.21365 1.32377 2.5
v 4.12589 1.36012 2.5
v 4.17338 1.35067 2.5
v 4.25 1.23601 2.5
v 4.24055 1.2835 2.5
v 4.25 1.0872 2.5
v 2.87525 1.50809 2.5
v 2.90351 1.42112 2.5
v -2.87525 1.72374 2.5
v -2.86503 1.76187 2.5
v -2.79899 1.8 2.5
v -2.83712 1.78978 2.5
v 2.86503 1.76187 2.5
v 2.79899 1.8 2.5
v 2.83712 1.78978 2.5
v 2.87525 1.72374 2.5
v -2.90351 1.42112 2.5
v -4.24055 1.2835 2.5
v -4.12589 1.36012 2.5
v -4.25 1.23601 2.5
v 2.93624 1.38838 2.5
v -2.93624 1.38838 2.5
v -2.97749 -1.36736 2.5
v -3.02322 -1.36012 2.5
v -4.25 -0.9872 2.5
v -2.97749 1.36736 2.5
v -4.25761 1.04893 2.5
v -4.25 0.9872 2.5
v -4.27929 1.01649 2.5
v -4.25 1.0872 2.5
v -3.02322 1.36012 2.5
v -4.17338 1.35067 2.5
v -4.21365 1.32377 2.5
v -4.31173 0.994812 2.5
v -4.35 0.9872 2.5
v -4.12589 -1.36012 2.5
v -4.25 -1.23601 2.5
v -4.25 -1.0872 2.5
v -4.25761 -1.04893 2.5
v -4.27929 -1.01649 2.5
v -4.31173 -0.994812 2.5
v -4.35 -0.9872 2.5
v -4.17338 -1.35067 2.5
v -4.21365 -1.32377 2.5
v -4.24055 -1.2835 2.5
v 2.93624 -1.38838 2.5
v -2.93624 -1.38838 2.5
v 2.86503 -1.76187 2.5
v 2.83712 -1.78978 2.5
v 2.79899 -1.8 2.5
v 2.87525 -1.72374 2.5
v -2.87525 -1.50809 2.5
v -2.88249 -1.46237 2.5
v 2.87525 -1.50809 2.5
v 2.88249 -1.46237 2.5
v -2.83712 -1.78978 2.5
v -2.86503 -1.76187 2.5
v -2.79899 -1.8 2.5
v -2.87525 -1.72374 2.5
v -2.90351 -1.42112 2.5
v 2.97749 -1.36736 2.5
v 3.02322 -1.36012 2.5
v 4.25 -0.9872 2.5
v 4.25761 -1.04893 2.5
v 2.90351 -1.42112 2.5
v 4.31173 -0.994812 2.5
v 4.27929 -1.01649 2.5
v 4.17338 -1.35067 2.5
v 4.12589 -1.36012 2.5
v 4.21365 -1.32377 2.5
v 4.24055 -1.2835 2.5
v 4.25 -1.23601 2.5
v 4.25 -1.0872 2.5
v 4.35 0.9872 2.5
v 4.31173 0.994812 2.5
v 4.35 -0.9872 2.5
v 4.25 0.329067 2.45
v 4.25 -0.329067 2.45
v 4.25 0.9872 2.45
v 4.25 -0.9872 2.45
v 4.45 0.9872 2.55
v 4.4232 0.9872 2.65
v 4.44319 0.9872 2.60176
v 4.45 0.9872 1.6664
v 4.25 0.9872 1.9276
v 4.39142 0.9872 2.69142
v 4.25 0.9872 1.6664
v 4.35 0.9872 2.72321
v 4.25 0.9872 2.1888
v 4.27974 1.016 2.74778
v 4.31209 0.994682 2.74012
v 4.25791 1.04825 2.74984
v 4.25 1.0872 2.75
v 4.25 -1.23601 2.75
v 4.25 -1.0872 2.75
v 4.25 1.23601 2.75
v 4.35 -0.9872 2.72321
v 4.31209 -0.994682 2.74012
v 4.27974 -1.016 2.74778
v 4.25791 -1.04825 2.74984
v 4.25 -0.3624 2.75
v 4.25 0.3624 2.75
v 4.39142 -0.9872 2.69142
v 4.44319 -0.9872 2.60176
v 4.4232 -0.9872 2.65
v 4.45 -0.9872 2.55
v 2.498 -0.114706 2.75
v 2.5541 -0.114706 2.75
v 2.39982 0.0714979 2.75
v 2.63825 -0.0860596 2.75
v 2.48397 0.157438 2.75
v 2.6102 -0.100383 2.75
v 2.37177 0.0285277 2.75
v 2.37177 -0.0144426 2.75
v 2.3858 -0.0430894 2.75
v 2.41385 -0.0717362 2.75
v 2.45592 -0.100383 2.75
v 2.5541 0.429583 2.75
v 2.58215 0.357966 2.75
v 2.58215 0.386613 2.75
v 2.5541 0.314996 2.75
v 2.52605 0.443906 2.75
v 2.498 0.443906 2.75
v 2.46995 0.300672 2.75
v 2.46995 0.429583 2.75
v 2.4419 0.357966 2.75
v 2.45592 0.41526 2.75
v 2.4419 0.386613 2.75
v 2.498 0.257702 2.75
v -4.12589 1.36012 2.75
v -4.17338 1.35067 2.75
v -4.21365 1.32377 2.75
v 4.24055 1.2835 2.75
v 4.21365 1.32377 2.75
v 4.12589 1.36012 2.75
v 3.02322 1.36012 2.75
v 4.17338 1.35067 2.75
v 2.87667 0.5012 2.75
v 2.96082 0.5012 2.75
v 2.52605 0.5012 2.75
v 2.97749 1.36736 2.75
v 2.498 0.5012 2.75
v 2.3858 0.343643 2.75
v 2.3858 0.386613 2.75
v 2.20347 0.329319 2.75
v -2.86503 1.76187 2.75
v -2.79899 1.8 2.75
v -2.83712 1.78978 2.75
v -2.87525 1.72374 2.75
v 1.81078 0.486877 2.75
v -2.87525 1.50809 2.75
v -2.88249 1.46237 2.75
v 1.75468 0.45823 2.75
v -2.90351 1.42112 2.75
v 2.86503 1.76187 2.75
v 2.83712 1.78978 2.75
v 2.79899 1.8 2.75
v 2.87525 1.50809 2.75
v 2.87525 1.72374 2.75
v 2.37177 0.128791 2.75
v 2.11932 0.329319 2.75
v -4.24055 1.2835 2.75
v -4.25 1.23601 2.75
v 1.6565 0.272026 2.75
v 1.67052 0.343643 2.75
v -2.97749 1.36736 2.75
v 2.45592 0.214732 2.75
v 2.43482 0.250507 2.75
v 2.4143 0.286593 2.75
v 2.1053 0.372289 2.75
v 1.8809 0.41526 2.75
v 1.78272 0.372289 2.75
v 2.11932 -1.19149E-4 2.75
v 2.20347 -1.19149E-4 2.75
v 2.3297 0.0714979 2.75
v -4.25 0.65232 2.75
v -4.25 0.21744 2.75
v 1.81078 -0.157677 2.75
v 2.90351 -1.42112 2.75
v 2.93624 -1.38838 2.75
v -3.02322 1.36012 2.75
v -4.25 1.0872 2.75
v 2.69435 -0.172 2.75
v 2.6102 -0.157677 2.75
v 2.5541 -0.172 2.75
v 2.3297 -0.0430894 2.75
v 2.18945 -0.0717362 2.75
v 2.35775 -0.0860596 2.75
v -4.25 -0.21744 2.75
v -4.25 -0.65232 2.75
v -2.97749 -1.36736 2.75
v -3.02322 -1.36012 2.75
v -4.25 -1.0872 2.75
v -4.17338 -1.35067 2.75
v -4.12589 -1.36012 2.75
v -4.21365 -1.32377 2.75
v -4.25 -1.23601 2.75
v -4.24055 -1.2835 2.75
v 2.79899 -1.8 2.75
v 2.86503 -1.76187 2.75
v 2.87525 -1.72374 2.75
v 3.02322 -1.36012 2.75
v 2.76448 -0.172 2.75
v -2.88249 -1.46237 2.75
v -2.87525 -1.50809 2.75
v 2.87525 -1.50809 2.75
v -2.90351 -1.42112 2.75
v 2.88249 -1.46237 2.75
v -2.83712 -1.78978 2.75
v -2.79899 -1.8 2.75
v -2.86503 -1.76187 2.75
v -2.87525 -1.72374 2.75
v 2.83712 -1.78978 2.75
v 2.96082 -0.172 2.75
v 2.51203 -0.172 2.75
v 2.45592 -0.157677 2.75
v 2.07725 -0.157677 2.75
v 2.87667 -0.172 2.75
v 3.26937 -0.172 2.75
v 3.38158 -0.172 2.75
v 4.12589 -1.36012 2.75
v 4.21365 -1.32377 2.75
v 4.24055 -1.2835 2.75
v 4.17338 -1.35067 2.75
v 3.12913 0.229055 2.75
v 2.39982 -0.12903 2.75
v 2.13335 -0.12903 2.75
v 2.96082 0.0571745 2.75
v 3.059 0.157438 2.75
v 2.88249 1.46237 2.75
v 3.26937 0.5012 2.75
v 2.96082 0.171762 2.75
v 3.38158 0.5012 2.75
v 2.63825 0.343643 2.75
v 2.63825 0.386613 2.75
v 2.97749 -1.36736 2.75
v 2.39957 0.314858 2.75
v 1.69858 -0.0717362 2.75
v 1.67052 -0.0144426 2.75
v 1.6565 0.0571745 2.75
v 1.69858 0.400936 2.75
v -2.93624 1.38838 2.75
v 2.90351 1.42112 2.75
v 2.00712 0.41526 2.75
v 1.8809 0.5012 2.75
v 2.56813 0.486877 2.75
v 2.59617 0.472553 2.75
v 2.62422 0.429583 2.75
v 2.76448 0.114468 2.75
v 2.6102 0.286349 2.75
v 2.52605 0.200409 2.75
v 2.68033 -0.0430894 2.75
v 2.69435 -0.0144426 2.75
v 2.70837 0.0285277 2.75
v 2.70837 0.114468 2.75
v 2.76448 0.0285277 2.75
v 2.73642 -0.0430894 2.75
v 2.70837 -0.0860596 2.75
v 2.6663 -0.12903 2.75
v 2.00712 -0.172 2.75
v 1.8809 -0.172 2.75
v 1.74065 0.0571745 2.75
v 1.75468 -0.12903 2.75
v 2.13335 0.45823 2.75
v 2.18945 0.400936 2.75
v 2.39982 0.429583 2.75
v 2.31568 0.0285277 2.75
v -2.93624 -1.38838 2.75
v 2.31568 -1.19149E-4 2.75
v 1.74065 0.272026 2.75
v 1.8248 -0.0717362 2.75
v 1.8809 -0.0860596 2.75
v 1.78272 -0.0430894 2.75
v 2.00712 -0.0860596 2.75
v 2.1053 -0.0430894 2.75
v 2.06323 -0.0717362 2.75
v 2.07725 0.486877 2.75
v 2.42788 0.472553 2.75
v 2.45592 0.486877 2.75
v 2.06323 0.400936 2.75
v 2.93624 1.38838 2.75
v 2.00712 0.5012 2.75
v 1.8248 0.400936 2.75
v 1.75468 0.329319 2.75
v 1.75468 -1.19149E-4 2.75
v 2.11932 -1.19149E-4 2.74
v 2.20347 -1.19149E-4 2.74
v 2.18945 -0.0717362 2.74
v 2.13335 -0.12903 2.74
v 2.07725 -0.157677 2.74
v 2.00712 -0.172 2.74
v 1.8809 -0.172 2.74
v 1.81078 -0.157677 2.74
v 1.75468 -0.12903 2.74
v 1.69858 -0.0717362 2.74
v 1.67052 -0.0144426 2.74
v 1.6565 0.0571745 2.74
v 1.6565 0.272026 2.74
v 1.67052 0.343643 2.74
v 1.69858 0.400936 2.74
v 1.75468 0.45823 2.74
v 1.81078 0.486877 2.74
v 1.8809 0.5012 2.74
v 2.00712 0.5012 2.74
v 2.07725 0.486877 2.74
v 2.13335 0.45823 2.74
v 2.18945 0.400936 2.74
v 2.20347 0.329319 2.74
v 2.11932 0.329319 2.74
v 2.1053 0.372289 2.74
v 2.06323 0.400936 2.74
v 2.00712 0.41526 2.74
v 1.8809 0.41526 2.74
v 1.8248 0.400936 2.74
v 1.78272 0.372289 2.74
v 1.75468 0.329319 2.74
v 1.74065 0.272026 2.74
v 1.74065 0.0571745 2.74
v 1.75468 -1.19149E-4 2.74
v 1.78272 -0.0430894 2.74
v 1.8248 -0.0717362 2.74
v 1.8809 -0.0860596 2.74
v 2.00712 -0.0860596 2.74
v 2.06323 -0.0717362 2.74
v 2.1053 -0.0430894 2.74
v 2.5541 0.429583 2.74
v 2.58215 0.386613 2.74
v 2.59617 0.472553 2.74
v 2.45592 -0.157677 2.74
v 2.498 -0.114706 2.74
v 2.45592 -0.100383 2.74
v 2.4143 0.286593 2.74
v 2.4419 0.357966 2.74
v 2.39957 0.314858 2.74
v 2.35775 -0.0860596 2.74
v 2.37177 -0.0144426 2.74
v 2.3297 -0.0430894 2.74
v 2.31568 -1.19149E-4 2.74
v 2.3858 -0.0430894 2.74
v 2.41385 -0.0717362 2.74
v 2.39982 -0.12903 2.74
v 2.51203 -0.172 2.74
v 2.5541 -0.114706 2.74
v 2.5541 -0.172 2.74
v 2.6102 -0.157677 2.74
v 2.6663 -0.12903 2.74
v 2.63825 -0.0860596 2.74
v 2.69435 -0.0144426 2.74
v 2.73642 -0.0430894 2.74
v 2.70837 0.0285277 2.74
v 2.69435 -0.172 2.74
v 2.76448 -0.172 2.74
v 2.70837 -0.0860596 2.74
v 2.76448 0.0285277 2.74
v 2.76448 0.114468 2.74
v 2.70837 0.114468 2.74
v 2.6102 -0.100383 2.74
v 2.68033 -0.0430894 2.74
v 2.62422 0.429583 2.74
v 2.63825 0.386613 2.74
v 2.56813 0.486877 2.74
v 2.52605 0.443906 2.74
v 2.498 0.5012 2.74
v 2.498 0.443906 2.74
v 2.43482 0.250507 2.74
v 2.45592 0.214732 2.74
v 2.46995 0.300672 2.74
v 2.3858 0.343643 2.74
v 2.63825 0.343643 2.74
v 2.58215 0.357966 2.74
v 2.6102 0.286349 2.74
v 2.3858 0.386613 2.74
v 2.498 0.257702 2.74
v 2.48397 0.157438 2.74
v 2.5541 0.314996 2.74
v 2.52605 0.200409 2.74
v 2.39982 0.0714979 2.74
v 2.37177 0.128791 2.74
v 2.37177 0.0285277 2.74
v 2.45592 0.41526 2.74
v 2.45592 0.486877 2.74
v 2.42788 0.472553 2.74
v 2.4419 0.386613 2.74
v 2.39982 0.429583 2.74
v 2.46995 0.429583 2.74
v 2.52605 0.5012 2.74
v 2.31568 0.0285277 2.74
v 2.3297 0.0714979 2.74
v 3.12913 0.229055 2.74
v 3.26937 0.5012 2.74
v 2.96082 0.171762 2.74
v 3.059 0.157438 2.74
v 2.96082 0.0571745 2.74
v 2.87667 -0.172 2.74
v 3.26937 -0.172 2.74
v 3.38158 -0.172 2.74
v 3.38158 0.5012 2.74
v 2.96082 0.5012 2.74
v 2.87667 0.5012 2.74
v 2.96082 -0.172 2.74
v -4.27974 -1.016 2.74778
v -4.31209 -0.994682 2.74012
v -4.35 -0.9872 2.72321
v -4.25791 -1.04825 2.74984
v -4.45 -0.9872 1.6664
v -4.25 -0.9872 1.6664
v -4.25 -0.9872 1.9276
v -4.4232 -0.9872 2.65
v -4.45 -0.9872 2.55
v -4.44319 -0.9872 2.60176
v -4.25 -0.9872 2.1888
v -4.25 -0.9872 2.45
v -4.39142 -0.9872 2.69142
v -4.25 0.59232 2.45
v -4.25 0.19744 2.45
v -4.25 0.9872 2.45
v -4.25 -0.19744 2.45
v -4.25 -0.59232 2.45
v -4.45 0.9872 1.6664
v -4.45 0.9872 2.55
v -4.25 0.9872 2.1888
v -4.44319 0.9872 2.60176
v -4.4232 0.9872 2.65
v -4.25 0.9872 1.9276
v -4.25 0.9872 1.6664
v -4.39142 0.9872 2.69142
v -4.35 0.9872 2.72321
v -4.31209 0.994682 2.74012
v -4.27974 1.016 2.74778
v -4.25791 1.04825 2.74984
v -4.45 1.6576 1.4664
v -4.45 1.5576 1.5664
v -4.45 1.64999 1.50467
v -4.45 1.0872 1.5664
v -4.45 0.486003 0.980836
v -4.45 1.04893 1.57401
v -4.45 0.539171 0.933384
v -4.45 1.6576 0.8883
v -4.45 0.675129 0.7883
v -4.45 -0.994812 1.62813
v -4.45 0.994812 1.62813
v -4.45 -1.5576 1.5664
v -4.45 -1.6576 1.4664
v -4.45 -1.64999 1.50467
v -4.45 0.586329 0.842316
v -4.45 1.01649 1.59569
v -4.45 0.450371 0.9874
v -4.45 1.5576 0.7883
v -4.45 1.62831 0.817589
v -4.45 1.59587 0.795912
v -4.45 1.62831 1.53711
v -4.45 1.59587 1.55879
v -4.45 1.64999 0.850032
v -4.45 0.639497 0.794864
v -4.45 0.608542 0.813693
v -4.45 -1.6576 0.8883
v -4.45 -1.5576 0.7883
v -4.45 -1.64999 0.850032
v -4.45 -0.450371 0.9874
v -4.45 -0.486003 0.980836
v -4.45 -1.04893 1.57401
v -4.45 -1.01649 1.59569
v -4.45 0.516958 0.962007
v -4.45 -1.0872 1.5664
v -4.45 -1.62831 0.817589
v -4.45 -0.516958 0.962007
v -4.45 -0.639497 0.794864
v -4.45 -0.675129 0.7883
v -4.45 -0.608542 0.813693
v -4.45 -0.586329 0.842316
v -4.45 -0.539171 0.933384
v -4.45 -1.59587 0.795912
v -4.45 -1.59587 1.55879
v -4.45 -1.62831 1.53711
v -4.25 -1.62831 1.53711
v -4.25 -1.6576 1.4664
v -4.25 -1.64999 1.50467
v -4.25 -1.5576 1.5664
v -4.25 -1.59587 1.55879
v -4.25 -1.6576 0.8883
v -4.25 -0.675129 0.7883
v -4.25 -1.5576 0.7883
v -4.25 -1.62831 0.817589
v -4.25 -1.59587 0.795912
v -4.25 -1.64999 0.850032
v -4.25 -0.639497 0.794864
v -4.25 -0.586329 0.842316
v -4.25 -0.608542 0.813693
v -4.25 -0.539171 0.933384
v -4.25 -0.486003 0.980836
v -4.25 -0.450371 0.9874
v -4.25 -0.516958 0.962007
v -4.25 0.450371 0.9874
v -4.25 0.516958 0.962007
v -4.25 0.539171 0.933384
v -4.25 0.486003 0.980836
v -4.25 0.586329 0.842316
v -4.25 0.608542 0.813693
v -4.25 0.675129 0.7883
v -4.25 0.639497 0.794864
v -4.25 1.5576 0.7883
v -4.25 1.62831 0.817589
v -4.25 1.6576 0.8883
v -4.25 1.64999 0.850032
v -4.25 1.59587 0.795912
v -4.25 1.6576 1.4664
v -4.25 1.62831 1.53711
v -4.25 1.5576 1.5664
v -4.25 1.59587 1.55879
v -4.25 1.64999 1.50467
v -4.25 1.0872 1.5664
v -4.25 0.994812 1.62813
v -4.25 1.01649 1.59569
v -4.25 1.04893 1.57401
v -4.25 -1.0872 1.5664
v -4.25 -1.04893 1.57401
v -4.25 -1.01649 1.59569
v -4.25 -0.994812 1.62813
v 4.45 -1.6576 0.8883
v 4.45 -1.6576 1.4664
v 4.25 -1.6576 1.4664
v 4.25 -1.6576 0.8883
v 4.25 -1.62831 1.53711
v 4.45 -1.62831 1.53711
v 4.45 -1.59587 1.55879
v 4.45 -1.5576 1.5664
v 4.25 -1.59587 1.55879
v 4.25 -1.5576 1.5664
v 4.25 -1.64999 1.50467
v 4.45 -1.64999 1.50467
v 4.45 1.04893 1.57401
v 4.45 0.486003 0.980836
v 4.45 1.0872 1.5664
v 4.45 -0.539171 0.933384
v 4.45 -0.675129 0.7883
v 4.45 -1.62831 0.817589
v 4.45 -1.59587 0.795912
v 4.45 -1.5576 0.7883
v 4.45 0.539171 0.933384
v 4.45 0.675129 0.7883
v 4.45 1.6576 0.8883
v 4.45 -0.994812 1.62813
v 4.45 -0.9872 1.6664
v 4.45 0.994812 1.62813
v 4.45 1.5576 1.5664
v 4.45 1.6576 1.4664
v 4.45 1.64999 1.50467
v 4.45 0.586329 0.842316
v 4.45 1.01649 1.59569
v 4.45 0.450371 0.9874
v 4.45 1.5576 0.7883
v 4.45 1.59587 0.795912
v 4.45 1.62831 0.817589
v 4.45 1.62831 1.53711
v 4.45 1.59587 1.55879
v 4.45 1.64999 0.850032
v 4.45 0.608542 0.813693
v 4.45 0.639497 0.794864
v 4.45 -1.64999 0.850032
v 4.45 -1.01649 1.59569
v 4.45 -0.450371 0.9874
v 4.45 0.516958 0.962007
v 4.45 -1.04893 1.57401
v 4.45 -0.486003 0.980836
v 4.45 -1.0872 1.5664
v 4.45 -0.516958 0.962007
v 4.45 -0.639497 0.794864
v 4.45 -0.608542 0.813693
v 4.45 -0.586329 0.842316
v 4.25 -1.0872 1.5664
v 4.25 -0.9872 1.6664
v 4.25 -1.04893 1.57401
v 4.25 -0.994812 1.62813
v 4.25 -1.01649 1.59569
v 4.25 -0.9872 1.9276
v 4.25 -0.9872 2.1888
v 4.25 1.0872 1.5664
v 4.25 0.994812 1.62813
v 4.25 1.04893 1.57401
v 4.25 1.01649 1.59569
v 4.25 1.5576 1.5664
v 4.25 1.62831 1.53711
v 4.25 1.64999 1.50467
v 4.25 1.6576 1.4664
v 4.25 1.59587 1.55879
v 4.25 1.6576 0.8883
v 4.25 1.62831 0.817589
v 4.25 1.59587 0.795912
v 4.25 1.5576 0.7883
v 4.25 1.64999 0.850032
v 4.25 0.675129 0.7883
v 4.25 0.608542 0.813693
v 4.25 0.639497 0.794864
v 4.25 0.586329 0.842316
v 4.25 0.539171 0.933384
v 4.25 0.450371 0.9874
v 4.25 0.516958 0.962007
v 4.25 0.486003 0.980836
v 4.25 -0.450371 0.9874
v 4.25 -0.539171 0.933384
v 4.25 -0.486003 0.980836
v 4.25 -0.516958 0.962007
v 4.25 -0.586329 0.842316
v 4.25 -0.639497 0.794864
v 4.25 -0.608542 0.813693
v 4.25 -0.675129 0.7883
v 4.25 -1.5576 0.7883
v 4.25 -1.62831 0.817589
v 4.25 -1.64999 0.850032
v 4.25 -1.59587 0.795912
v -2.8 1.8128 0.35
v -2.8 1.8 0.35
v -2.6 1.8 0.35
v -2.4 1.8 0.35
v -2.2 1.8128 0.35
v -2.2 1.8 0.35
v -2.8 1.6415 -0.765515
v -2.8 1.7702 -0.8
v -2.8 1.70358 -0.791229
v -2.8 1.8128 -0.445144
v -2.8 1.70427 0.35
v -2.8 1.58819 -0.724609
v -2.8 1.86766 -0.5
v -2.8 1.52157 -0.60922
v -2.8 1.54728 -0.6713
v -2.8 3.75 -0.5
v -2.8 3.75 -0.8
v -2.8 1.84023 -0.492651
v -2.8 1.82015 -0.472572
v -2.8 1.5128 -0.5426
v -2.8 1.60853 0.35
v -2.8 1.5128 0.35
v 2.2 1.6415 -0.765515
v 2.2 1.7702 -0.8
v 2.2 1.70358 -0.791229
v 2.2 1.8 0.35
v 2.2 1.8128 -0.445144
v 2.2 1.70427 0.35
v 2.2 1.58819 -0.724609
v 2.2 1.86766 -0.5
v 2.2 1.52157 -0.60922
v 2.2 1.54728 -0.6713
v 2.2 3.75 -0.5
v 2.2 3.75 -0.8
v 2.2 1.84023 -0.492651
v 2.2 1.82015 -0.472572
v 2.2 1.5128 -0.5426
v 2.2 1.8128 0.35
v 2.2 1.60853 0.35
v 2.2 1.5128 0.35
v 2.8 1.5128 0.35
v 2.8 1.5128 -0.5426
v 2.8 1.7702 -0.8
v 2.8 1.86766 -0.5
v 2.8 1.58819 -0.724609
v 2.8 1.6415 -0.765515
v 2.8 1.70358 -0.791229
v 2.8 1.54728 -0.6713
v 2.8 1.52157 -0.60922
v 2.8 3.75 -0.8
v 2.8 3.75 -0.5
v 2.8 1.84023 -0.492651
v 2.8 1.82015 -0.472572
v 2.8 1.8128 -0.445144
v 2.8 1.8128 0.35
v 2.8 1.8 0.35
v 2.8 1.60853 0.35
v 2.8 1.70427 0.35
v 2.32 1.8 0.35
v 2.68 1.8 0.35
v 2.44 1.8 0.35
v 2.56 1.8 0.35
v -0.3 1.6415 -0.765515
v -0.3 1.7702 -0.8
v -0.3 1.70358 -0.791229
v -0.3 1.8 0.35
v -0.3 1.8128 -0.445144
v -0.3 1.70427 0.35
v -0.3 1.58819 -0.724609
v -0.3 1.86766 -0.5
v -0.3 1.52157 -0.60922
v -0.3 1.54728 -0.6713
v -0.3 3.75 -0.5
v -0.3 3.75 -0.8
v -0.3 1.84023 -0.492651
v -0.3 1.82015 -0.472572
v -0.3 1.5128 -0.5426
v -0.3 1.8128 0.35
v -0.3 1.60853 0.35
v -0.3 1.5128 0.35
v 0.3 1.5128 0.35
v 0.3 1.5128 -0.5426
v 0.3 1.7702 -0.8
v 0.3 1.86766 -0.5
v 0.3 1.58819 -0.724609
v 0.3 1.6415 -0.765515
v 0.3 1.70358 -0.791229
v 0.3 1.54728 -0.6713
v 0.3 1.52157 -0.60922
v 0.3 3.75 -0.8
v 0.3 3.75 -0.5
v 0.3 1.84023 -0.492651
v 0.3 1.82015 -0.472572
v 0.3 1.8128 -0.445144
v 0.3 1.8128 0.35
v 0.3 1.8 0.35
v 0.3 1.60853 0.35
v 0.3 1.70427 0.35
v -0.18 1.8 0.35
v 0.18 1.8 0.35
v -0.06 1.8 0.35
v 0.06 1.8 0.35
v -2.2 1.7702 -0.8
v -2.2 1.86766 -0.5
v -2.2 1.58819 -0.724609
v -2.2 1.6415 -0.765515
v -2.2 1.70358 -0.791229
v -2.2 1.54728 -0.6713
v -2.2 1.52157 -0.60922
v -2.2 3.75 -0.8
v -2.2 3.75 -0.5
v -2.2 1.84023 -0.492651
v -2.2 1.82015 -0.472572
v -2.2 1.5128 -0.5426
v -2.2 1.8128 -0.445144
v -2.2 1.5128 0.35
v -2.2 1.60853 0.35
v -2.2 1.70427 0.35
v -4.25 0.539171 0.933384
v -4.25 0.450371 0.9874
v -4.25 0.516958 0.962007
newmtl 2
Ka 1.0 1.0 1.0
Kd 0.2549019607843137 0.2549019607843137 0.2549019607843137
Ks 0.7529411764705882 0.7529411764705882 0.7529411764705882
d 1.0
endmtl
v -4.25 1.8 1.6
v -4.25 1.59587 1.55879
v -4.25 1.5576 1.5664
v -4.25 0.586329 0.842316
v -4.25 0.486003 0.980836
v -4.25 -0.586329 0.842316
v -4.25 -0.450371 0.9874
v -4.25 -0.539171 0.933384
v -4.25 -0.516958 0.962007
v -4.25 -0.486003 0.980836
v -4.25 -1.05 1.6
v -4.25 -1.01649 1.59569
v -4.25 -1.04893 1.57401
v -4.25 1.6576 1.4664
v -4.25 1.64999 1.50467
v -4.25 -0.608542 0.813693
v -4.25 1.8 0.0
v -4.25 1.5576 0.7883
v -4.25 1.59587 0.795912
v -4.25 0.608542 0.813693
v -4.25 -0.639497 0.794864
v -4.25 0.639497 0.794864
v -4.25 0.675129 0.7883
v -4.25 -1.8 0.0
v -4.25 1.62831 0.817589
v -4.25 1.64999 0.850032
v -4.25 1.6576 0.8883
v -4.25 0.9872 2.1888
v -4.25 0.9872 2.45
v -4.25 1.05 2.45
v -4.25 1.62831 1.53711
v -4.25 0.9872 1.9276
v -4.25 1.05 1.6
v -4.25 1.04893 1.57401
v -4.25 1.01649 1.59569
v -4.25 0.9872 1.6664
v -4.25 0.994812 1.62813
v -4.25 1.0872 1.5664
v -4.25 -1.05 2.45
v -4.25 -0.9872 2.45
v -4.25 -0.9872 2.1888
v -4.25 -0.9872 1.9276
v -4.25 -0.675129 0.7883
v -4.25 -0.9872 1.6664
v -4.25 -0.994812 1.62813
v -4.25 -1.0872 1.5664
v -4.25 -1.5576 1.5664
v -4.25 -1.8 1.6
v -4.25 -1.6576 0.8883
v -4.25 -1.62831 1.53711
v -4.25 -1.59587 1.55879
v -4.25 -1.6576 1.4664
v -4.25 -1.64999 1.50467
v -4.25 -1.62831 0.817589
v -4.25 -1.64999 0.850032
v -4.25 -1.59587 0.795912
v -4.25 -1.5576 0.7883
v -2.95 -1.45 2.45
v -1.75 -1.0 2.45
v -4.25 -0.59232 2.45
v 4.25 0.9872 2.45
v 4.25 1.05 2.45
v 2.95 1.45 2.45
v -2.95 1.8 2.45
v -2.95 1.45 2.45
v 1.75 -1.0 2.45
v 4.25 0.329067 2.45
v 4.32813 1.45 2.45
v 4.32813 1.05 2.45
v 2.95 1.8 2.45
v -1.75 -1.8 2.45
v -4.32813 1.45 2.45
v -4.32813 1.05 2.45
v -4.25 0.59232 2.45
v -4.25 0.19744 2.45
v -4.25 -0.19744 2.45
v -4.32813 -1.05 2.45
v -4.32813 -1.45 2.45
v -0.2 -1.0 2.45
v -1.7 -1.0 2.45
v -2.95 -1.8 2.45
v -1.7 -3.78 2.45
v -0.2 -3.78 2.45
v 4.25 -0.329067 2.45
v 2.95 -1.45 2.45
v 1.75 -1.8 2.45
v 2.95 -1.8 2.45
v 4.25 -0.9872 2.45
v 4.32813 -1.45 2.45
v 4.25 -1.05 2.45
v 4.32813 -1.05 2.45
v 4.25 0.639497 0.794864
v 4.25 -0.639497 0.794864
v 4.25 1.8 0.0
v 4.25 -1.59587 1.55879
v 4.25 -1.8 1.6
v 4.25 -1.62831 1.53711
v 4.25 -1.6576 1.4664
v 4.25 -1.64999 1.50467
v 4.25 -1.8 0.0
v 4.25 -1.5576 0.7883
v 4.25 -1.59587 0.795912
v 4.25 -0.9872 2.1888
v 4.25 -0.9872 1.9276
v 4.25 -0.450371 0.9874
v 4.25 -0.539171 0.933384
v 4.25 -0.586329 0.842316
v 4.25 -1.04893 1.57401
v 4.25 -1.01649 1.59569
v 4.25 -1.05 1.6
v 4.25 -0.9872 1.6664
v 4.25 -0.994812 1.62813
v 4.25 1.05 1.6
v 4.25 0.994812 1.62813
v 4.25 1.01649 1.59569
v 4.25 0.516958 0.962007
v 4.25 0.450371 0.9874
v 4.25 0.539171 0.933384
v 4.25 -1.5576 1.5664
v 4.25 -1.0872 1.5664
v 4.25 0.9872 1.9276
v 4.25 0.9872 1.6664
v 4.25 0.9872 2.1888
v 4.25 1.0872 1.5664
v 4.25 1.04893 1.57401
v 4.25 0.586329 0.842316
v 4.25 0.486003 0.980836
v 4.25 1.5576 1.5664
v 4.25 1.8 1.6
v 4.25 1.6576 0.8883
v 4.25 1.62831 1.53711
v 4.25 1.59587 1.55879
v 4.25 1.6576 1.4664
v 4.25 1.64999 1.50467
v 4.25 1.62831 0.817589
v 4.25 1.64999 0.850032
v 4.25 1.59587 0.795912
v 4.25 1.5576 0.7883
v 4.25 0.675129 0.7883
v 4.25 -0.486003 0.980836
v 4.25 -0.516958 0.962007
v 4.25 0.608542 0.813693
v 4.25 -0.608542 0.813693
v 4.25 -0.675129 0.7883
v 4.25 -1.64999 0.850032
v 4.25 -1.62831 0.817589
v 4.25 -1.6576 0.8883
v 4.5 1.05 1.6
v 4.5 1.05 1.9
v 4.5 1.8 1.9
v 4.25 1.8 2.7
v 4.25 1.45 2.7
v 2.95 1.45 2.7
v -4.25 -1.45 2.7
v -2.95 -1.8 2.7
v -2.95 -1.45 2.7
v -4.25 -1.8 2.7
v -4.25 1.8 2.7
v -2.95 1.45 2.7
v -2.95 1.8 2.7
v -4.25 1.45 2.7
v 2.95 -1.45 2.7
v 2.95 -1.8 2.7
v 4.25 -1.8 2.7
v 4.25 -1.45 2.7
v 2.95 1.8 2.7
v -4.5 -1.8 1.9
v -4.5 -1.05 1.9
v -1.75 -1.8 1.55
v 4.5 -1.8 1.9
v 4.5 -1.8 1.6
v -4.5 -1.8 1.6
v 1.75 -1.8 1.55
v -1.75 -1.0 1.55
v -1.7 -1.0 1.57588
v -0.2 -1.0 1.57588
v 1.75 -1.0 1.55
v -1.7 -3.78 0.95
v -1.7 -1.8 1.57588
v -1.7 -2.28 0.95
v -0.2 -3.78 0.95
v -0.2 -2.28 0.95
v -0.2 -1.8 1.57588
v 4.5 -1.05 1.9
v 4.5 -1.05 1.6
v 2.175 1.5 0.0
v 0.325 1.8 0.0
v 2.175 1.8 0.0
v 0.325 1.5 0.0
v 3.9 1.5 0.0
v 2.825 1.5 0.0
v 2.825 1.8 0.0
v -3.9 -1.5 0.0
v 4.0 -1.4 0.0
v 4.0 1.4 0.0
v 3.97071 1.47071 8.67362E-18
v 3.93827 1.49239 3.14844E-19
v 3.99239 1.43827 2.93549E-18
v 3.97071 -1.47071 -9.54098E-18
v 3.99239 -1.43827 2.56983E-18
v 3.9 -1.5 0.0
v 3.93827 -1.49239 -9.26523E-19
v -3.97071 -1.47071 6.07153E-18
v -3.93827 -1.49239 -1.35862E-18
v -3.99239 -1.43827 4.02163E-18
v -4.0 -1.4 0.0
v -4.0 1.4 0.0
v -3.97071 1.47071 -9.54098E-18
v -3.99239 1.43827 2.56983E-18
v -3.9 1.5 0.0
v -2.825 1.8 0.0
v -2.825 1.5 0.0
v -3.93827 1.49239 -9.26523E-19
v -0.325 1.5 0.0
v -2.175 1.8 0.0
v -0.325 1.8 0.0
v -2.175 1.5 0.0
v 0.325 1.8 0.35
v 0.325 1.5 0.35
v -2.2 1.8 0.35
v -2.4 1.8 0.35
v -2.6 1.8 0.35
v -2.8 1.8 0.35
v -2.825 1.8 0.35
v -4.5 1.8 1.6
v -4.5 1.8 1.9
v 0.3 1.8 0.35
v 0.18 1.8 0.35
v 4.5 1.8 1.6
v 2.825 1.8 0.35
v 2.175 1.8 0.35
v 2.68 1.8 0.35
v 2.8 1.8 0.35
v 2.44 1.8 0.35
v 2.56 1.8 0.35
v -0.06 1.8 0.35
v 0.06 1.8 0.35
v -0.325 1.8 0.35
v 2.32 1.8 0.35
v 2.2 1.8 0.35
v -0.18 1.8 0.35
v -2.175 1.8 0.35
v -0.3 1.8 0.35
v -2.2 1.70427 0.35
v -2.2 1.60853 0.35
v -2.2 1.5128 0.35
v -2.175 1.5 0.35
v -2.8 1.5128 0.35
v -2.825 1.5 0.35
v -2.8 1.60853 0.35
v -2.8 1.70427 0.35
v -3.9 1.5 -0.4
v -0.325 1.5 0.35
v 2.825 1.5 0.35
v 3.9 1.5 -0.4
v 2.175 1.5 0.35
v -3.99239 1.43827 -0.4
v -3.97071 1.47071 -0.4
v -4.0 1.4 -0.4
v -3.93827 1.49239 -0.4
v -3.98742 1.4333 -0.435355
v -3.95 1.45 -0.470711
v -3.97325 1.41913 -0.465328
v -3.9333 1.48742 -0.435355
v -3.9 1.49649 -0.42616
v -3.9 1.48636 -0.450279
v -3.9 1.42616 -0.496488
v -3.92706 1.42706 -0.492388
v -3.9 1.44973 -0.486725
v -3.9 1.47071 -0.470711
v -3.91913 1.47325 -0.465328
v -3.9 1.4 -0.5
v -3.92616 1.4 -0.496488
v -3.95028 1.4 -0.486358
v -3.98672 1.4 -0.44973
v -3.96533 1.46533 -0.438268
v -3.99649 1.4 -0.42616
v -3.97071 1.4 -0.470711
v -3.92616 -1.4 -0.496488
v -3.9 -1.4 -0.5
v -3.98673 -1.4 -0.44973
v -3.97071 -1.4 -0.470711
v -3.95028 -1.4 -0.486358
v -4.0 -1.4 -0.4
v -3.99649 -1.4 -0.42616
v 0.850194 0.2517 -0.5
v 0.237662 0.471045 -0.5
v 0.281141 0.534039 -0.5
v 0.635692 0.24017 -0.5
v 0.579244 0.2517 -0.5
v 1.30178 0.2517 -0.5
v 0.308285 0.605608 -0.5
v 0.317511 0.681594 -0.5
v 2.62827 -0.9429 -0.5
v 0.112591 -0.978474 -0.5
v 0.180367 -0.9429 -0.5
v 2.49112 0.681594 -0.5
v 2.50035 0.605608 -0.5
v 0.237662 -0.892143 -0.5
v 0.281141 -0.829148 -0.5
v 2.52749 -0.829148 -0.5
v 0.917931 0.2517 -0.5
v 1.23404 0.2517 -0.5
v 1.18888 0.113343 -0.5
v 0.96309 0.113343 -0.5
v -0.809375 0.2517 -0.5
v -1.2158 0.2517 -0.5
v -0.281141 0.534039 -0.5
v -0.237662 0.471045 -0.5
v -0.180367 0.420287 -0.5
v -0.538425 0.2517 -0.5
v -0.308285 0.605608 -0.5
v 2.57097 -0.892143 -0.5
v 1.03083 -0.2902 -0.5
v 0.579244 -0.2902 -0.5
v 0.635692 -0.27867 -0.5
v 0.68085 -0.255611 -0.5
v 0.726008 -0.209492 -0.5
v 0.748587 -0.163372 -0.5
v 0.759877 -0.105723 -0.5
v 0.759877 0.0672234 -0.5
v 0.748587 0.124872 -0.5
v 0.726008 0.170991 -0.5
v 0.68085 0.217111 -0.5
v -2.52749 0.829148 -0.5
v -0.237662 0.892143 -0.5
v -0.281141 0.829148 -0.5
v -2.49112 0.681594 -0.5
v -0.317511 0.681594 -0.5
v -0.380371 0.24017 -0.5
v -0.436819 0.2517 -0.5
v -0.188448 0.2517 -0.5
v 0.217977 -0.221021 -0.5
v 0.172819 -0.071134 -0.5
v 0.308294 -0.2902 -0.5
v 0.217977 0.182521 -0.5
v 0.217977 0.2517 -0.5
v 0.308294 0.2517 -0.5
v 3.4 1.3 -0.5
v 2.989 0.9429 -0.5
v 2.92123 0.978474 -0.5
v 0.172819 -0.00195532 -0.5
v -0.12071 -0.00195532 -0.5
v -0.12071 0.182521 -0.5
v 0.308285 -0.757579 -0.5
v 2.49112 -0.681594 -0.5
v 2.50035 -0.757579 -0.5
v 0.217977 -0.2902 -0.5
v -0.12071 -0.221021 -0.5
v -0.12071 -0.071134 -0.5
v -0.188448 -0.2902 -0.5
v -0.278765 -0.151843 -0.5
v -0.583583 -0.209492 -0.5
v -0.617452 -0.186432 -0.5
v -0.357792 -0.186432 -0.5
v -0.278765 0.113343 -0.5
v -0.290054 0.170991 -0.5
v 2.57097 0.892143 -0.5
v 0.237662 0.892143 -0.5
v 2.62827 0.9429 -0.5
v -0.335212 0.217111 -0.5
v -0.436819 0.182521 -0.5
v -0.583583 0.170991 -0.5
v -0.538425 0.182521 -0.5
v -0.39166 0.170991 -0.5
v -0.346502 -0.151843 -0.5
v -0.594873 0.24017 -0.5
v -0.640031 0.217111 -0.5
v -0.809375 0.182521 -0.5
v -1.14806 0.182521 -0.5
v -0.707769 0.124872 -0.5
v -0.719058 0.0672234 -0.5
v -2.52749 0.534039 -0.5
v -2.57097 0.471045 -0.5
v -0.346502 0.113343 -0.5
v -1.14806 -0.2902 -0.5
v -0.719058 -0.105723 -0.5
v -0.707769 -0.163372 -0.5
v -0.640031 -0.255611 -0.5
v -0.68519 -0.209492 -0.5
v -0.39166 -0.209492 -0.5
v -0.538425 -0.221021 -0.5
v -0.594873 -0.27867 -0.5
v 0.237662 -0.471045 -0.5
v 0.180367 -0.420287 -0.5
v 0.0382718 -0.366399 -0.5
v -0.308285 -0.757579 -0.5
v -0.281141 -0.829148 -0.5
v -2.52749 -0.829148 -0.5
v -0.436819 -0.2902 -0.5
v -0.380371 -0.27867 -0.5
v -0.335212 -0.255611 -0.5
v -0.290054 -0.209492 -0.5
v -0.436819 -0.221021 -0.5
v -0.640031 -0.151843 -0.5
v -0.651321 -0.105723 -0.5
v -0.651321 0.0672234 -0.5
v -0.640031 0.113343 -0.5
v -0.617452 0.147932 -0.5
v -0.357792 0.147932 -0.5
v -3.31099 0.389972 -0.5
v -2.989 0.420287 -0.5
v -3.22645 0.36039 -0.5
v -2.50035 -0.757579 -0.5
v -0.317511 -0.681594 -0.5
v -0.538425 -0.2902 -0.5
v -0.68519 0.170991 -0.5
v -2.50035 0.605608 -0.5
v 3.03961 0.173553 -0.5
v 2.69604 0.384713 -0.5
v 2.77036 0.366399 -0.5
v 2.52749 0.534039 -0.5
v 2.84691 -0.366399 -0.5
v 2.77036 -0.366399 -0.5
v 3.08727 -0.249396 -0.5
v 2.57097 0.471045 -0.5
v 2.62827 0.420287 -0.5
v 3.76039 0.173553 -0.5
v 3.8 0.8 -0.5
v 3.78997 0.0890084 -0.5
v 2.69604 -0.384713 -0.5
v 3.03961 -0.173553 -0.5
v 3.4 -0.399997 -0.5
v 3.08978 -0.534039 -0.5
v 3.0463 -0.471045 -0.5
v 3.11692 0.605608 -0.5
v 3.12615 0.681594 -0.5
v 3.11692 0.757579 -0.5
v 3.4 0.8 -0.5
v 3.0463 0.892143 -0.5
v 3.08978 0.829148 -0.5
v -0.0382718 0.366399 -0.5
v 0.0382718 0.366399 -0.5
v 2.84691 0.996789 -0.5
v 2.77036 0.996789 -0.5
v 0.180367 0.9429 -0.5
v -2.50035 0.757579 -0.5
v -0.308285 0.757579 -0.5
v 0.180367 0.420287 -0.5
v 0.112591 0.384713 -0.5
v 3.4 0.399997 -0.5
v 3.0463 0.471045 -0.5
v 3.08978 0.534039 -0.5
v 0.317511 -0.681594 -0.5
v 0.308285 -0.605608 -0.5
v 1.12114 -0.2902 -0.5
v 2.84691 -0.996789 -0.5
v 3.4 -1.3 -0.5
v 2.77036 -0.996789 -0.5
v -0.237662 -0.892143 -0.5
v -2.57097 -0.892143 -0.5
v -3.0463 -0.892143 -0.5
v -2.989 -0.9429 -0.5
v -3.4 -0.8 -0.5
v -2.69604 -0.978474 -0.5
v -2.62827 -0.9429 -0.5
v -0.180367 -0.9429 -0.5
v 2.92123 -0.978474 -0.5
v 2.989 -0.9429 -0.5
v 3.0 0.0 -0.5
v 3.01003 -0.0890084 -0.5
v 3.4 -0.8 -0.5
v 3.0463 -0.892143 -0.5
v 3.22645 0.36039 -0.5
v 2.989 0.420287 -0.5
v 3.31099 0.389972 -0.5
v 3.11692 -0.757579 -0.5
v 3.12615 -0.681594 -0.5
v 3.08978 -0.829148 -0.5
v 3.22645 -0.36039 -0.5
v 3.31099 -0.389972 -0.5
v 2.989 -0.420287 -0.5
v 3.8 -0.8 -0.5
v 3.1506 0.312732 -0.5
v 2.92123 0.384713 -0.5
v 3.08727 0.249396 -0.5
v 2.84691 0.366399 -0.5
v 3.01003 0.0890084 -0.5
v 2.62827 -0.420287 -0.5
v 2.52749 -0.534039 -0.5
v 2.57097 -0.471045 -0.5
v 2.50035 -0.605608 -0.5
v -3.1506 0.312732 -0.5
v -2.92123 0.384713 -0.5
v -3.4 1.3 -0.5
v -3.8 1.3 -0.5
v -2.62827 -0.420287 -0.5
v -2.69604 -0.384713 -0.5
v -1.2158 -0.2902 -0.5
v -3.08978 -0.534039 -0.5
v -3.4 -0.399997 -0.5
v -3.0463 -0.471045 -0.5
v -3.8 0.8 -0.5
v -2.84691 -0.366399 -0.5
v -3.08727 -0.249396 -0.5
v -2.77036 -0.366399 -0.5
v -3.31099 -0.389972 -0.5
v -2.989 -0.420287 -0.5
v -3.01003 -0.0890084 -0.5
v -3.03961 -0.173553 -0.5
v -2.62827 0.420287 -0.5
v -2.69604 0.384713 -0.5
v -3.0 0.0 -0.5
v 3.9 1.4 -0.5
v -2.62827 0.9429 -0.5
v -0.112591 0.978474 -0.5
v -0.180367 0.9429 -0.5
v 0.308285 0.757579 -0.5
v 2.52749 0.829148 -0.5
v 2.50035 0.757579 -0.5
v -2.69604 0.978474 -0.5
v 0.281141 0.829148 -0.5
v 2.69604 0.978474 -0.5
v -2.92123 0.978474 -0.5
v -2.989 0.9429 -0.5
v -2.84691 0.996789 -0.5
v -3.4 0.8 -0.5
v -3.0463 0.892143 -0.5
v -3.08978 0.829148 -0.5
v -3.12615 0.681594 -0.5
v -2.52749 -0.534039 -0.5
v -2.57097 -0.471045 -0.5
v -0.112591 -0.384713 -0.5
v -0.180367 -0.420287 -0.5
v -3.8 -0.8 -0.5
v -3.12615 -0.681594 -0.5
v -3.4 -1.3 -0.5
v -2.84691 -0.996789 -0.5
v -2.77036 -0.996789 -0.5
v -2.92123 -0.978474 -0.5
v 2.69604 -0.978474 -0.5
v -2.49112 -0.681594 -0.5
v -0.237662 -0.471045 -0.5
v -0.281141 -0.534039 -0.5
v -0.308285 -0.605608 -0.5
v -2.50035 -0.605608 -0.5
v -3.22645 -0.36039 -0.5
v -2.92123 -0.384713 -0.5
v -3.1506 -0.312732 -0.5
v -3.03961 0.173553 -0.5
v -2.77036 0.366399 -0.5
v -3.01003 0.0890084 -0.5
v -3.78997 -0.0890084 -0.5
v -3.76039 -0.173553 -0.5
v -3.11692 -0.757579 -0.5
v -3.11692 -0.605608 -0.5
v -0.112591 0.384713 -0.5
v -2.57097 0.892143 -0.5
v -2.77036 0.996789 -0.5
v 0.112591 0.978474 -0.5
v 0.0382718 0.996789 -0.5
v -0.0382718 0.996789 -0.5
v -0.0382718 -0.366399 -0.5
v -0.112591 -0.978474 -0.5
v -3.8 -1.3 -0.5
v -0.0382718 -0.996789 -0.5
v 0.0382718 -0.996789 -0.5
v 0.281141 -0.534039 -0.5
v 0.112591 -0.384713 -0.5
v 3.76039 -0.173553 -0.5
v 3.78997 -0.0890084 -0.5
v 3.8 0.0 -0.5
v 3.8 1.3 -0.5
v 3.9 -1.4 -0.5
v 3.8 -1.3 -0.5
v 3.11692 -0.605608 -0.5
v -3.11692 0.605608 -0.5
v -3.0463 0.471045 -0.5
v -3.4 0.399997 -0.5
v -3.08978 0.534039 -0.5
v -3.8 0.0 -0.5
v -3.11692 0.757579 -0.5
v -3.08978 -0.829148 -0.5
v 3.1506 -0.312732 -0.5
v 2.92123 -0.384713 -0.5
v 3.48901 -0.389972 -0.5
v 3.57355 -0.36039 -0.5
v 3.71273 -0.249396 -0.5
v 3.6494 -0.312732 -0.5
v 3.48901 0.389972 -0.5
v 3.6494 0.312732 -0.5
v 3.71273 0.249396 -0.5
v 3.57355 0.36039 -0.5
v -3.08727 0.249396 -0.5
v -2.84691 0.366399 -0.5
v -3.48901 -0.389972 -0.5
v -3.6494 -0.312732 -0.5
v -3.71273 -0.249396 -0.5
v -3.57355 -0.36039 -0.5
v -3.48901 0.389972 -0.5
v -3.57355 0.36039 -0.5
v -3.71273 0.249396 -0.5
v -3.6494 0.312732 -0.5
v -3.78997 0.0890084 -0.5
v -3.76039 0.173553 -0.5
v 0.658271 0.147932 -0.5
v 0.68085 0.113343 -0.5
v 0.69214 0.0672234 -0.5
v 0.579244 0.182521 -0.5
v 0.376031 -0.221021 -0.5
v 0.376031 0.182521 -0.5
v 0.624402 0.170991 -0.5
v 0.579244 -0.221021 -0.5
v 0.69214 -0.105723 -0.5
v 0.624402 -0.209492 -0.5
v 0.658271 -0.186432 -0.5
v 0.68085 -0.151843 -0.5
v 1.17759 0.0672234 -0.5
v 1.07599 -0.244081 -0.5
v 0.974379 0.0672234 -0.5
v -3.31099 -0.389972 -1.45
v -3.4 -0.399997 -1.45
v -3.22645 -0.36039 -1.45
v -3.1506 -0.312732 -1.45
v -3.08727 -0.249396 -1.45
v -3.03961 -0.173553 -1.45
v -3.01003 -0.0890084 -1.45
v -3.0 1.28535E-7 -1.45
v -3.48901 -0.389972 -1.45
v -3.57355 -0.36039 -1.45
v -3.6494 -0.312732 -1.45
v -3.71273 -0.249396 -1.45
v -3.76039 -0.173553 -1.45
v -3.78997 -0.0890084 -1.45
v -3.8 1.28535E-7 -1.45
v -3.39964 -0.249961 -1.6
v -3.34406 -0.243607 -1.6
v -3.65 8.03345E-8 -1.6
v -3.24402 -0.19537 -1.6
v -3.29143 -0.225168 -1.6
v -3.20437 -0.155623 -1.6
v -3.17464 -0.108119 -1.6
v -3.15632 -0.0558207 -1.6
v -3.15 8.08368E-8 -1.6
v -3.45538 -0.243773 -1.6
v -3.50841 -0.225271 -1.6
v -3.55568 -0.195561 -1.6
v -3.59519 -0.156123 -1.6
v -3.62507 -0.108761 -1.6
v -3.64368 -0.0558207 -1.6
v -3.17464 0.108119 -1.6
v -3.15632 0.0558206 -1.6
v -3.29143 0.225169 -1.6
v -3.24402 0.19537 -1.6
v -3.20437 0.155623 -1.6
v -3.64368 0.0558206 -1.6
v -3.62507 0.108761 -1.6
v -3.34406 0.243608 -1.6
v -3.50841 0.225273 -1.6
v -3.45538 0.243773 -1.6
v -3.59519 0.156123 -1.6
v -3.39964 0.24996 -1.6
v -3.55568 0.195562 -1.6
v 3.65 0.0 -1.6
v 3.29143 -0.225169 -1.6
v 3.24402 -0.19537 -1.6
v 3.59519 -0.156123 -1.6
v 3.50841 -0.225273 -1.6
v 3.45538 -0.243773 -1.6
v 3.55568 -0.195562 -1.6
v 3.39964 -0.24996 -1.6
v 3.62507 -0.108761 -1.6
v 3.34406 -0.243608 -1.6
v 3.64368 -0.0558206 -1.6
v 3.20437 -0.155623 -1.6
v 3.62536 0.108119 -1.6
v 3.64368 0.0558206 -1.6
v 3.50857 0.225169 -1.6
v 3.55598 0.19537 -1.6
v 3.15 0.0 -1.6
v 3.59563 0.155623 -1.6
v 3.17464 -0.108119 -1.6
v 3.15632 -0.0558206 -1.6
v 3.15632 0.0558206 -1.6
v 3.17493 0.108761 -1.6
v 3.45594 0.243608 -1.6
v 3.29159 0.225273 -1.6
v 3.34462 0.243773 -1.6
v 3.20481 0.156123 -1.6
v 3.40036 0.24996 -1.6
v 3.24432 0.195562 -1.6
v -3.48901 0.389972 -1.45
v -3.01003 0.0890084 -1.45
v -3.4 0.399997 -1.45
v -3.57355 0.36039 -1.45
v -3.6494 0.312732 -1.45
v -3.71273 0.249396 -1.45
v -3.76039 0.173553 -1.45
v -3.78997 0.0890084 -1.45
v -3.31099 0.389972 -1.45
v -3.22645 0.36039 -1.45
v -3.1506 0.312732 -1.45
v -3.08727 0.249396 -1.45
v -3.03961 0.173553 -1.45
v 3.31099 0.389972 -1.45
v 3.8 -1.27932E-7 -1.45
v 3.78997 0.0890084 -1.45
v 3.4 0.399997 -1.45
v 3.22645 0.36039 -1.45
v 3.1506 0.312732 -1.45
v 3.08727 0.249396 -1.45
v 3.03961 0.173553 -1.45
v 3.01003 0.0890084 -1.45
v 3.0 -1.28535E-7 -1.45
v 3.48901 0.389972 -1.45
v 3.57355 0.36039 -1.45
v 3.6494 0.312732 -1.45
v 3.71273 0.249396 -1.45
v 3.76039 0.173553 -1.45
v 3.48901 -0.389972 -1.45
v 3.01003 -0.0890084 -1.45
v 3.4 -0.399997 -1.45
v 3.57355 -0.36039 -1.45
v 3.71273 -0.249396 -1.45
v 3.6494 -0.312732 -1.45
v 3.76039 -0.173553 -1.45
v 3.78997 -0.0890084 -1.45
v 3.31099 -0.389972 -1.45
v 3.22645 -0.36039 -1.45
v 3.1506 -0.312732 -1.45
v 3.08727 -0.249396 -1.45
v 3.03961 -0.173553 -1.45
v -3.8 -0.8 -0.8
v -3.8 -1.3 -0.8
v -3.4 -1.3 -0.8
v -3.4 -0.8 -0.8
v -3.4 1.3 -0.8
v -3.4 0.8 -0.8
v -3.8 0.8 -0.8
v -3.8 1.3 -0.8
v 3.4 -1.3 -0.8
v 3.8 -0.8 -0.8
v 3.8 -1.3 -0.8
v 3.4 -0.8 -0.8
v 3.4 0.8 -0.8
v 3.4 1.3 -0.8
v 3.8 1.3 -0.8
v 3.8 0.8 -0.8
v 3.92616 1.4 -0.496488
v 3.98673 1.4 -0.44973
v 3.97071 -1.4 -0.470711
v 3.97071 1.4 -0.470711
v 3.95028 1.4 -0.486358
v 3.94973 -1.4 -0.486725
v 3.92616 -1.4 -0.496488
v 4.0 1.4 -0.4
v 3.99649 -1.4 -0.42616
v 3.99649 1.4 -0.42616
v 3.98636 -1.4 -0.450279
v 4.0 -1.4 -0.4
v 3.98742 -1.4333 -0.435355
v 3.95 -1.45 -0.470711
v 3.97325 -1.41913 -0.465328
v 3.9333 -1.48742 -0.435355
v 3.9 -1.49649 -0.42616
v 3.9 -1.48636 -0.450279
v 3.9 -1.42616 -0.496488
v 3.92706 -1.42706 -0.492388
v 3.9 -1.44973 -0.486725
v 3.9 -1.5 -0.4
v 3.93827 -1.49239 -0.4
v 3.9 -1.47071 -0.470711
v 3.91913 -1.47325 -0.465328
v 3.99239 -1.43827 -0.4
v 3.96533 -1.46533 -0.438268
v 3.97071 -1.47071 -0.4
v -3.9 -1.5 -0.4
v -3.9 -1.47071 -0.470711
v -3.9 -1.44973 -0.486725
v -3.9 -1.42616 -0.496488
v -3.9 -1.49649 -0.42616
v -3.9 -1.48636 -0.450279
v -3.9333 -1.48742 -0.435355
v -3.95 -1.45 -0.470711
v -3.91913 -1.47325 -0.465328
v -3.98742 -1.4333 -0.435355
v -3.92706 -1.42706 -0.492388
v -3.99239 -1.43827 -0.4
v -3.97325 -1.41913 -0.465328
v -3.93827 -1.49239 -0.4
v -3.96533 -1.46533 -0.438268
v -3.97071 -1.47071 -0.4
v 3.93827 1.49239 -0.4
v 3.97071 1.47071 -0.4
v 3.99239 1.43827 -0.4
v 3.9333 1.48742 -0.435355
v 3.95 1.45 -0.470711
v 3.91913 1.47325 -0.465328
v 3.98742 1.4333 -0.435355
v 3.92706 1.42706 -0.492388
v 3.97325 1.41913 -0.465328
v 3.9 1.42616 -0.496488
v 3.9 1.45028 -0.486358
v 3.9 1.48672 -0.44973
v 3.96533 1.46533 -0.438268
v 3.9 1.49649 -0.42616
v 3.9 1.47071 -0.470711
v 0.308285 -0.757579 0.1
v 0.317511 -0.681593 0.1
v 0.180367 -0.9429 0.1
v 0.23766 -0.892142 0.1
v 0.281142 -0.829148 0.1
v -0.0382717 -0.99679 0.1
v 0.0382717 -0.99679 0.1
v 0.112591 -0.978472 0.1
v -0.180367 -0.9429 0.1
v -0.23766 -0.892142 0.1
v -0.112591 -0.978472 0.1
v -0.281142 -0.829148 0.1
v -0.308285 -0.757579 0.1
v -0.317511 -0.681593 0.1
v -0.308285 -0.605608 0.1
v -0.180367 -0.420287 0.1
v -0.23766 -0.471045 0.1
v -0.281142 -0.534039 0.1
v 0.0382717 -0.366398 0.1
v -0.0382717 -0.366398 0.1
v -0.112591 -0.384716 0.1
v 0.180367 -0.420287 0.1
v 0.23766 -0.471045 0.1
v 0.112591 -0.384716 0.1
v 0.281142 -0.534039 0.1
v 0.308285 -0.605608 0.1
v -0.237662 0.892143 0.1
v -0.180367 0.9429 0.1
v -0.112591 0.978474 0.1
v -0.180367 0.420287 0.1
v 0.317511 0.681594 0.1
v -0.112591 0.384713 0.1
v -0.0382718 0.996789 0.1
v -0.281141 0.829148 0.1
v 0.0382718 0.996789 0.1
v 0.112591 0.978474 0.1
v -0.308285 0.757579 0.1
v -0.317511 0.681594 0.1
v 0.180367 0.9429 0.1
v 0.281141 0.829148 0.1
v -0.237662 0.471045 0.1
v -0.281141 0.534039 0.1
v 0.237662 0.892143 0.1
v -0.308285 0.605608 0.1
v -0.0382718 0.366399 0.1
v 0.308285 0.605608 0.1
v 0.308285 0.757579 0.1
v 0.112591 0.384713 0.1
v 0.237662 0.471045 0.1
v 0.180367 0.420287 0.1
v 0.0382718 0.366399 0.1
v 0.281141 0.534039 0.1
v -3.0463 -0.471045 0.1
v -2.989 -0.420287 0.1
v -2.92123 -0.384713 0.1
v -2.989 -0.9429 0.1
v -2.49112 -0.681594 0.1
v -2.92123 -0.978474 0.1
v -2.84691 -0.366399 0.1
v -3.08978 -0.534039 0.1
v -2.77036 -0.366399 0.1
v -2.69604 -0.384713 0.1
v -3.11692 -0.605608 0.1
v -3.12615 -0.681594 0.1
v -2.62827 -0.420287 0.1
v -2.52749 -0.534039 0.1
v -3.0463 -0.892143 0.1
v -3.08978 -0.829148 0.1
v -2.57097 -0.471045 0.1
v -3.11692 -0.757579 0.1
v -2.84691 -0.996789 0.1
v -2.50035 -0.757579 0.1
v -2.50035 -0.605608 0.1
v -2.69604 -0.978474 0.1
v -2.57097 -0.892143 0.1
v -2.62827 -0.9429 0.1
v -2.77036 -0.996789 0.1
v -2.52749 -0.829148 0.1
v -3.0463 0.892143 0.1
v -2.989 0.9429 0.1
v -2.92123 0.978474 0.1
v -2.989 0.420287 0.1
v -2.49112 0.681594 0.1
v -2.92123 0.384713 0.1
v -2.84691 0.996789 0.1
v -3.08978 0.829148 0.1
v -2.77036 0.996789 0.1
v -2.69604 0.978474 0.1
v -3.11692 0.757579 0.1
v -3.12615 0.681594 0.1
v -2.62827 0.9429 0.1
v -2.52749 0.829148 0.1
v -3.0463 0.471045 0.1
v -3.08978 0.534039 0.1
v -2.57097 0.892143 0.1
v -3.11692 0.605608 0.1
v -2.84691 0.366399 0.1
v -2.50035 0.605608 0.1
v -2.50035 0.757579 0.1
v -2.69604 0.384713 0.1
v -2.57097 0.471045 0.1
v -2.62827 0.420287 0.1
v -2.77036 0.366399 0.1
v -2.52749 0.534039 0.1
v 2.57097 -0.471045 0.1
v 2.62827 -0.420287 0.1
v 2.69604 -0.384713 0.1
v 2.62827 -0.9429 0.1
v 3.12615 -0.681594 0.1
v 2.69604 -0.978474 0.1
v 2.77036 -0.366399 0.1
v 2.52749 -0.534039 0.1
v 2.84691 -0.366399 0.1
v 2.92123 -0.384713 0.1
v 2.50035 -0.605608 0.1
v 2.49112 -0.681594 0.1
v 2.989 -0.420287 0.1
v 3.08978 -0.534039 0.1
v 2.57097 -0.892143 0.1
v 2.52749 -0.829148 0.1
v 3.0463 -0.471045 0.1
v 2.50035 -0.757579 0.1
v 2.77036 -0.996789 0.1
v 3.11692 -0.757579 0.1
v 3.11692 -0.605608 0.1
v 2.92123 -0.978474 0.1
v 3.0463 -0.892143 0.1
v 2.989 -0.9429 0.1
v 2.84691 -0.996789 0.1
v 3.08978 -0.829148 0.1
v 2.57097 0.892143 0.1
v 2.62827 0.9429 0.1
v 2.69604 0.978474 0.1
v 2.62827 0.420287 0.1
v 3.12615 0.681594 0.1
v 2.69604 0.384713 0.1
v 2.77036 0.996789 0.1
v 2.52749 0.829148 0.1
v 2.84691 0.996789 0.1
v 2.92123 0.978474 0.1
v 2.50035 0.757579 0.1
v 2.49112 0.681594 0.1
v 2.989 0.9429 0.1
v 3.08978 0.829148 0.1
v 2.57097 0.471045 0.1
v 2.52749 0.534039 0.1
v 3.0463 0.892143 0.1
v 2.50035 0.605608 0.1
v 2.77036 0.366399 0.1
v 3.11692 0.605608 0.1
v 3.11692 0.757579 0.1
v 2.92123 0.384713 0.1
v 3.0463 0.471045 0.1
v 2.989 0.420287 0.1
v 2.84691 0.366399 0.1
v 3.08978 0.534039 0.1
v 2.8 1.70427 0.35
v 2.8 1.60853 0.35
v 2.8 1.5128 0.35
v 2.2 1.5128 0.35
v 2.2 1.60853 0.35
v 2.2 1.70427 0.35
v 0.3 1.70427 0.35
v 0.3 1.60853 0.35
v 0.3 1.5128 0.35
v -0.3 1.5128 0.35
v -0.3 1.60853 0.35
v -0.3 1.70427 0.35
v -4.5 1.05 1.9
v -4.5 1.05 1.6
v -4.5 -1.05 1.6
v -1.2158 0.2517 -0.5
v -1.2158 0.2517 -0.51
v -1.2158 -0.2902 -0.51
newmtl 3
Ka 1.0 1.0 1.0
Kd 0.8823529411764706 0.8823529411764706 0.8823529411764706
Ks 0.7529411764705882 0.7529411764705882 0.7529411764705882
d 1.0
endmtl
v -1.2158 -0.2902 -0.5
v -1.14806 -0.2902 -0.51
v -1.14806 -0.2902 -0.5
v -1.14806 0.182521 -0.51
v -1.14806 0.182521 -0.5
v -0.809375 0.182521 -0.51
v -0.809375 0.182521 -0.5
v -0.809375 0.2517 -0.51
v -0.809375 0.2517 -0.5
v -0.617452 -0.186432 -0.51
v -0.68519 -0.209492 -0.51
v -0.640031 -0.151843 -0.51
v -0.278765 -0.151843 -0.51
v -0.290054 -0.209492 -0.51
v -0.346502 -0.151843 -0.51
v -0.594873 0.24017 -0.51
v -0.538425 0.182521 -0.51
v -0.583583 0.170991 -0.51
v -0.436819 0.182521 -0.51
v -0.380371 0.24017 -0.51
v -0.39166 0.170991 -0.51
v -0.335212 0.217111 -0.51
v -0.357792 0.147932 -0.51
v -0.436819 0.2517 -0.51
v -0.538425 0.2517 -0.51
v -0.617452 0.147932 -0.51
v -0.640031 0.217111 -0.51
v -0.640031 0.113343 -0.51
v -0.68519 0.170991 -0.51
v -0.707769 0.124872 -0.51
v -0.651321 0.0672234 -0.51
v -0.707769 -0.163372 -0.51
v -0.651321 -0.105723 -0.51
v -0.719058 -0.105723 -0.51
v -0.719058 0.0672234 -0.51
v -0.583583 -0.209492 -0.51
v -0.640031 -0.255611 -0.51
v -0.594873 -0.27867 -0.51
v -0.538425 -0.221021 -0.51
v -0.436819 -0.2902 -0.51
v -0.538425 -0.2902 -0.51
v -0.436819 -0.221021 -0.51
v -0.39166 -0.209492 -0.51
v -0.380371 -0.27867 -0.51
v -0.357792 -0.186432 -0.51
v -0.335212 -0.255611 -0.51
v -0.290054 0.170991 -0.51
v -0.346502 0.113343 -0.51
v -0.278765 0.113343 -0.51
v -0.188448 0.2517 -0.51
v -0.12071 -0.00195532 -0.51
v -0.188448 -0.2902 -0.51
v -0.12071 -0.071134 -0.51
v 0.217977 0.2517 -0.51
v -0.12071 0.182521 -0.51
v 0.172819 -0.00195532 -0.51
v 0.172819 -0.071134 -0.51
v -0.12071 -0.221021 -0.51
v 0.217977 -0.221021 -0.51
v 0.217977 -0.2902 -0.51
v 0.217977 0.182521 -0.51
v 0.748587 0.124872 -0.51
v 0.69214 0.0672234 -0.51
v 0.68085 0.113343 -0.51
v 0.759877 0.0672234 -0.51
v 0.69214 -0.105723 -0.51
v 0.759877 -0.105723 -0.51
v 0.726008 -0.209492 -0.51
v 0.658271 -0.186432 -0.51
v 0.68085 -0.151843 -0.51
v 0.624402 -0.209492 -0.51
v 0.68085 -0.255611 -0.51
v 0.635692 -0.27867 -0.51
v 0.579244 -0.221021 -0.51
v 0.579244 -0.2902 -0.51
v 0.748587 -0.163372 -0.51
v 0.376031 -0.221021 -0.51
v 0.308294 -0.2902 -0.51
v 0.376031 0.182521 -0.51
v 0.308294 0.2517 -0.51
v 0.579244 0.182521 -0.51
v 0.635692 0.24017 -0.51
v 0.624402 0.170991 -0.51
v 0.658271 0.147932 -0.51
v 0.68085 0.217111 -0.51
v 0.726008 0.170991 -0.51
v 0.579244 0.2517 -0.51
v 1.30178 0.2517 -0.51
v 1.12114 -0.2902 -0.51
v 1.17759 0.0672234 -0.51
v 0.96309 0.113343 -0.51
v 0.850194 0.2517 -0.51
v 0.917931 0.2517 -0.51
v 0.974379 0.0672234 -0.51
v 1.23404 0.2517 -0.51
v 1.18888 0.113343 -0.51
v 1.03083 -0.2902 -0.51
v 1.07599 -0.244081 -0.51
v -0.346502 0.113343 -0.5
v -0.278765 0.113343 -0.5
v -0.290054 0.170991 -0.5
v -0.335212 0.217111 -0.5
v -0.380371 0.24017 -0.5
v -0.436819 0.2517 -0.5
v -0.538425 0.2517 -0.5
v -0.594873 0.24017 -0.5
v -0.640031 0.217111 -0.5
v -0.68519 0.170991 -0.5
v -0.707769 0.124872 -0.5
v -0.719058 0.0672234 -0.5
v -0.719058 -0.105723 -0.5
v -0.707769 -0.163372 -0.5
v -0.68519 -0.209492 -0.5
v -0.640031 -0.255611 -0.5
v -0.594873 -0.27867 -0.5
v -0.538425 -0.2902 -0.5
v -0.436819 -0.2902 -0.5
v -0.380371 -0.27867 -0.5
v -0.335212 -0.255611 -0.5
v -0.290054 -0.209492 -0.5
v -0.278765 -0.151843 -0.5
v -0.346502 -0.151843 -0.5
v -0.357792 -0.186432 -0.5
v -0.39166 -0.209492 -0.5
v -0.436819 -0.221021 -0.5
v -0.538425 -0.221021 -0.5
v -0.583583 -0.209492 -0.5
v -0.617452 -0.186432 -0.5
v -0.640031 -0.151843 -0.5
v -0.651321 -0.105723 -0.5
v -0.651321 0.0672234 -0.5
v -0.640031 0.113343 -0.5
v -0.617452 0.147932 -0.5
v -0.583583 0.170991 -0.5
v -0.538425 0.182521 -0.5
v -0.436819 0.182521 -0.5
v -0.39166 0.170991 -0.5
v -0.357792 0.147932 -0.5
v -0.12071 0.182521 -0.5
v 0.217977 0.182521 -0.5
v 0.217977 0.2517 -0.5
v -0.188448 0.2517 -0.5
v -0.188448 -0.2902 -0.5
v 0.217977 -0.2902 -0.5
v 0.217977 -0.221021 -0.5
v -0.12071 -0.221021 -0.5
v -0.12071 -0.071134 -0.5
v 0.172819 -0.071134 -0.5
v 0.172819 -0.00195532 -0.5
v -0.12071 -0.00195532 -0.5
v 0.308294 -0.2902 -0.5
v 0.579244 -0.2902 -0.5
v 0.635692 -0.27867 -0.5
v 0.68085 -0.255611 -0.5
v 0.726008 -0.209492 -0.5
v 0.748587 -0.163372 -0.5
v 0.759877 -0.105723 -0.5
v 0.759877 0.0672234 -0.5
v 0.748587 0.124872 -0.5
v 0.726008 0.170991 -0.5
v 0.68085 0.217111 -0.5
v 0.635692 0.24017 -0.5
v 0.579244 0.2517 -0.5
v 0.308294 0.2517 -0.5
v 0.579244 -0.221021 -0.5
v 0.376031 -0.221021 -0.5
v 0.376031 0.182521 -0.5
v 0.579244 0.182521 -0.5
v 0.624402 0.170991 -0.5
v 0.658271 0.147932 -0.5
v 0.68085 0.113343 -0.5
v 0.69214 0.0672234 -0.5
v 0.69214 -0.105723 -0.5
v 0.68085 -0.151843 -0.5
v 0.658271 -0.186432 -0.5
v 0.624402 -0.209492 -0.5
v 1.03083 -0.2902 -0.5
v 1.12114 -0.2902 -0.5
v 1.30178 0.2517 -0.5
v 1.23404 0.2517 -0.5
v 1.18888 0.113343 -0.5
v 0.96309 0.113343 -0.5
v 0.917931 0.2517 -0.5
v 0.850194 0.2517 -0.5
v 1.17759 0.0672234 -0.5
v 1.07599 -0.244081 -0.5
v 0.974379 0.0672234 -0.5
usemtl 1
f 1// 2// 3//
f 4// 5// 6//
f 6// 5// 7//
f 7// 8// 6//
f 9// 10// 11//
f 10// 12// 5//
f 10// 13// 12//
f 9// 13// 10//
f 12// 14// 5//
f 5// 14// 7//
f 2// 1// 15//
f 3// 2// 16//
f 17// 18// 19//
f 19// 18// 20//
f 21// 22// 23//
f 19// 1// 17//
f 15// 19// 22//
f 24// 15// 22//
f 24// 22// 21//
f 15// 1// 19//
f 3// 16// 25//
f 26// 27// 28//
f 25// 16// 29//
f 25// 29// 30//
f 29// 4// 30//
f 31// 32// 33//
f 4// 34// 30//
f 35// 36// 37//
f 35// 38// 39//
f 40// 27// 41//
f 41// 27// 26//
f 39// 28// 27//
f 38// 28// 39//
f 36// 42// 37//
f 34// 36// 39//
f 39// 36// 35//
f 36// 43// 42//
f 33// 36// 31//
f 44// 45// 32//
f 36// 34// 31//
f 46// 47// 32//
f 48// 33// 47//
f 33// 48// 49//
f 33// 49// 50//
f 44// 51// 52//
f 53// 44// 52//
f 44// 53// 45//
f 47// 33// 32//
f 46// 32// 45//
f 54// 55// 31//
f 56// 57// 58//
f 56// 58// 59//
f 60// 61// 62//
f 58// 62// 59//
f 63// 62// 61//
f 58// 60// 62//
f 64// 65// 66//
f 65// 67// 66//
f 60// 66// 67//
f 66// 60// 58//
f 68// 63// 61//
f 34// 4// 69//
f 70// 71// 72//
f 73// 68// 55//
f 73// 63// 68//
f 69// 54// 31//
f 54// 73// 55//
f 69// 31// 34//
f 71// 74// 75//
f 70// 69// 71//
f 76// 77// 78//
f 79// 77// 80//
f 79// 78// 77//
f 80// 77// 70//
f 75// 72// 71//
f 70// 72// 81//
f 70// 81// 80//
f 82// 6// 83//
f 71// 84// 74//
f 4// 71// 69//
f 6// 8// 83//
f 4// 6// 71//
f 85// 86// 6//
f 85// 6// 87//
f 86// 71// 6//
f 86// 88// 71//
f 89// 90// 91//
f 89// 82// 90//
f 82// 92// 93//
f 90// 82// 94//
f 93// 92// 95//
f 94// 82// 96//
f 87// 82// 97//
f 82// 87// 6//
f 93// 97// 82//
f 89// 92// 82//
f 83// 8// 98//
f 83// 99// 82//
f 99// 83// 98//
f 82// 99// 96//
f 100// 98// 8//
f 7// 101// 100//
f 100// 8// 7//
f 7// 14// 101//
f 102// 80// 81//
f 102// 81// 103//
f 101// 12// 104//
f 12// 101// 14//
f 84// 105// 106//
f 107// 74// 106//
f 84// 106// 74//
f 107// 75// 74//
f 75// 107// 108//
f 103// 72// 108//
f 75// 108// 72//
f 103// 81// 72//
f 106// 99// 98//
f 109// 103// 108//
f 110// 108// 100//
f 110// 109// 108//
f 105// 111// 96//
f 100// 107// 98//
f 90// 112// 91//
f 111// 113// 94//
f 89// 91// 114//
f 112// 114// 91//
f 113// 112// 90//
f 94// 96// 111//
f 90// 94// 113//
f 96// 99// 105//
f 106// 98// 107//
f 105// 99// 106//
f 107// 100// 108//
f 110// 100// 101//
f 115// 116// 117//
f 118// 119// 120//
f 121// 122// 123//
f 123// 117// 121//
f 123// 124// 117//
f 124// 125// 117//
f 116// 119// 117//
f 125// 115// 117//
f 120// 119// 116//
f 126// 127// 128//
f 126// 129// 127//
f 126// 130// 129//
f 131// 129// 130//
f 132// 131// 133//
f 134// 133// 135//
f 134// 135// 136//
f 133// 134// 132//
f 129// 131// 132//
f 129// 132// 137//
f 138// 139// 140//
f 141// 142// 143//
f 104// 143// 144//
f 142// 145// 143//
f 104// 141// 143//
f 144// 146// 147//
f 104// 144// 101//
f 148// 149// 150//
f 151// 152// 153//
f 154// 155// 156//
f 155// 154// 157//
f 158// 159// 160//
f 161// 160// 162//
f 163// 164// 165//
f 155// 157// 159//
f 166// 165// 155//
f 167// 165// 166//
f 167// 163// 165//
f 166// 155// 159//
f 168// 153// 169//
f 170// 171// 138//
f 172// 173// 174//
f 168// 175// 176//
f 176// 177// 153//
f 178// 179// 180//
f 181// 182// 183//
f 174// 184// 185//
f 186// 187// 188//
f 174// 189// 184//
f 170// 138// 140//
f 189// 138// 171//
f 190// 189// 171//
f 184// 189// 190//
f 191// 192// 193//
f 194// 195// 196//
f 197// 198// 199//
f 199// 198// 200//
f 201// 200// 198//
f 202// 203// 204//
f 205// 206// 203//
f 203// 206// 204//
f 205// 203// 200//
f 207// 208// 209//
f 200// 201// 205//
f 191// 210// 211//
f 212// 213// 214//
f 187// 215// 216//
f 213// 207// 214//
f 209// 214// 207//
f 217// 218// 219//
f 219// 218// 220//
f 213// 220// 218//
f 218// 207// 213//
f 208// 207// 221//
f 103// 222// 210//
f 216// 212// 214//
f 216// 215// 212//
f 210// 193// 223//
f 223// 224// 225//
f 222// 226// 210//
f 103// 227// 222//
f 109// 228// 227//
f 210// 229// 102//
f 229// 230// 231//
f 229// 232// 230//
f 231// 102// 229//
f 102// 103// 210//
f 233// 228// 110//
f 234// 196// 235//
f 226// 211// 210//
f 236// 227// 237//
f 238// 166// 158//
f 239// 147// 240//
f 147// 239// 144//
f 144// 239// 101//
f 110// 101// 241//
f 101// 239// 241//
f 110// 241// 233//
f 228// 109// 110//
f 236// 222// 227//
f 109// 227// 103//
f 242// 146// 243//
f 223// 244// 210//
f 153// 245// 151//
f 197// 246// 247//
f 248// 197// 247//
f 249// 250// 174//
f 248// 172// 185//
f 251// 238// 158//
f 178// 252// 179//
f 149// 148// 144//
f 251// 158// 253//
f 146// 144// 148//
f 146// 148// 254//
f 146// 254// 255//
f 146// 255// 256//
f 146// 256// 243//
f 257// 258// 259//
f 259// 260// 261//
f 261// 262// 259//
f 262// 263// 259//
f 257// 242// 258//
f 263// 257// 259//
f 226// 146// 257//
f 242// 257// 146//
f 226// 257// 264//
f 226// 264// 265//
f 265// 266// 226//
f 193// 210// 191//
f 226// 266// 211//
f 234// 235// 224//
f 267// 192// 191//
f 223// 225// 268//
f 225// 224// 235//
f 244// 269// 188//
f 188// 269// 186//
f 182// 195// 194//
f 186// 215// 187//
f 270// 183// 168//
f 246// 199// 271//
f 153// 168// 176//
f 272// 273// 274//
f 183// 182// 275//
f 276// 186// 271//
f 277// 275// 182//
f 194// 277// 182//
f 195// 235// 196//
f 270// 168// 278//
f 244// 223// 268//
f 279// 280// 281//
f 269// 244// 268//
f 281// 280// 282//
f 186// 276// 215//
f 283// 282// 284//
f 271// 199// 276//
f 246// 197// 199//
f 248// 185// 197//
f 285// 286// 287//
f 185// 172// 174//
f 285// 287// 150//
f 249// 174// 173//
f 161// 250// 249//
f 178// 288// 252//
f 161// 162// 250//
f 158// 166// 159//
f 161// 158// 160//
f 253// 289// 251//
f 149// 289// 290//
f 253// 290// 289//
f 150// 149// 290//
f 150// 290// 285//
f 286// 272// 274//
f 285// 272// 286//
f 273// 152// 274//
f 273// 153// 152//
f 179// 291// 180//
f 245// 153// 177//
f 178// 180// 169//
f 169// 180// 292//
f 168// 169// 278//
f 292// 278// 169//
f 270// 181// 183//
f 181// 270// 293//
f 181// 293// 281//
f 283// 281// 282//
f 281// 283// 181//
f 182// 181// 294//
f 294// 295// 182//
f 195// 182// 295//
f 295// 296// 195//
f 235// 195// 296//
f 296// 297// 235//
f 225// 235// 297//
f 297// 298// 225//
f 268// 225// 298//
f 298// 299// 268//
f 269// 268// 299//
f 299// 300// 269//
f 186// 269// 300//
f 300// 301// 186//
f 271// 186// 301//
f 301// 302// 271//
f 246// 271// 302//
f 302// 303// 246//
f 247// 246// 303//
f 303// 304// 247//
f 248// 247// 304//
f 304// 305// 248//
f 172// 248// 305//
f 305// 306// 172//
f 173// 172// 306//
f 306// 307// 173//
f 249// 173// 307//
f 307// 308// 249//
f 161// 249// 308//
f 308// 309// 161//
f 158// 161// 309//
f 309// 310// 158//
f 253// 158// 310//
f 310// 311// 253//
f 290// 253// 311//
f 311// 312// 290//
f 285// 290// 312//
f 312// 313// 285//
f 272// 285// 313//
f 313// 314// 272//
f 273// 272// 314//
f 314// 315// 273//
f 153// 273// 315//
f 315// 316// 153//
f 169// 153// 316//
f 316// 317// 169//
f 178// 169// 317//
f 317// 318// 178//
f 288// 178// 318//
f 318// 319// 288//
f 252// 288// 319//
f 319// 320// 252//
f 179// 252// 320//
f 320// 321// 179//
f 291// 179// 321//
f 321// 322// 291//
f 180// 291// 322//
f 322// 323// 180//
f 292// 180// 323//
f 323// 324// 292//
f 278// 292// 324//
f 324// 325// 278//
f 270// 278// 325//
f 325// 326// 270//
f 293// 270// 326//
f 326// 327// 293//
f 281// 293// 327//
f 327// 328// 281//
f 279// 281// 328//
f 328// 329// 279//
f 280// 279// 329//
f 329// 330// 280//
f 282// 280// 330//
f 330// 331// 282//
f 284// 282// 331//
f 331// 332// 284//
f 283// 284// 332//
f 332// 333// 283//
f 181// 283// 333//
f 333// 294// 181//
f 323// 308// 324//
f 316// 315// 317//
f 301// 330// 329//
f 331// 298// 332//
f 332// 297// 333//
f 299// 330// 300//
f 328// 302// 329//
f 327// 303// 328//
f 304// 303// 327//
f 327// 326// 304//
f 324// 307// 325//
f 326// 306// 305//
f 322// 309// 323//
f 310// 309// 322//
f 321// 310// 322//
f 312// 311// 320//
f 319// 313// 320//
f 318// 314// 319//
f 317// 315// 318//
f 333// 296// 294//
f 315// 314// 318//
f 314// 313// 319//
f 313// 312// 320//
f 311// 321// 320//
f 311// 310// 321//
f 323// 309// 308//
f 308// 307// 324//
f 307// 306// 325//
f 325// 306// 326//
f 305// 304// 326//
f 328// 303// 302//
f 329// 302// 301//
f 301// 300// 330//
f 299// 331// 330//
f 299// 298// 331//
f 298// 297// 332//
f 297// 296// 333//
f 296// 295// 294//
f 334// 335// 336//
f 337// 338// 339//
f 340// 341// 342//
f 343// 344// 345//
f 344// 346// 345//
f 347// 343// 348//
f 349// 339// 348//
f 338// 350// 351//
f 352// 353// 351//
f 353// 354// 355//
f 356// 357// 358//
f 359// 360// 361//
f 361// 354// 359//
f 362// 358// 357//
f 362// 363// 364//
f 364// 358// 362//
f 365// 351// 353//
f 366// 361// 356//
f 357// 356// 361//
f 354// 361// 366//
f 354// 366// 355//
f 367// 335// 368//
f 336// 335// 367//
f 369// 370// 334//
f 334// 336// 369//
f 370// 371// 372//
f 373// 374// 375//
f 376// 342// 341//
f 375// 341// 340//
f 377// 378// 379//
f 380// 376// 341//
f 381// 374// 382//
f 379// 383// 384//
f 385// 386// 387//
f 388// 389// 390//
f 381// 375// 374//
f 373// 375// 340//
f 380// 391// 392//
f 341// 391// 380//
f 392// 388// 390//
f 391// 388// 392//
f 393// 372// 389//
f 388// 393// 389//
f 372// 371// 389//
f 370// 394// 371//
f 394// 370// 369//
f 378// 368// 335//
f 368// 378// 377//
f 383// 379// 378//
f 384// 383// 381//
f 382// 355// 384//
f 374// 385// 382//
f 352// 351// 350//
f 350// 338// 337//
f 337// 339// 349//
f 395// 387// 396//
f 349// 348// 343//
f 347// 344// 343//
f 346// 387// 395//
f 344// 387// 346//
f 396// 387// 386//
f 386// 385// 374//
f 382// 384// 381//
f 384// 355// 366//
f 353// 355// 365//
f 397// 398// 399//
f 400// 399// 401//
f 399// 402// 401//
f 403// 404// 397//
f 403// 397// 400//
f 397// 405// 398//
f 406// 407// 399//
f 399// 400// 397//
f 407// 402// 399//
f 401// 402// 408//
f 175// 168// 386//
f 386// 374// 175//
f 373// 176// 374//
f 176// 373// 177//
f 374// 176// 175//
f 373// 340// 177//
f 342// 245// 340//
f 245// 342// 151//
f 340// 245// 177//
f 342// 376// 151//
f 152// 151// 376//
f 376// 380// 152//
f 274// 152// 380//
f 380// 392// 274//
f 286// 274// 392//
f 392// 390// 286//
f 287// 286// 390//
f 390// 389// 287//
f 150// 287// 389//
f 389// 371// 150//
f 148// 150// 371//
f 371// 394// 148//
f 254// 148// 394//
f 394// 369// 254//
f 255// 254// 369//
f 369// 336// 255//
f 256// 255// 336//
f 336// 367// 256//
f 243// 256// 367//
f 367// 368// 243//
f 242// 243// 368//
f 368// 377// 242//
f 258// 242// 377//
f 377// 379// 258//
f 259// 258// 379//
f 379// 384// 259//
f 260// 259// 384//
f 384// 366// 260//
f 261// 260// 366//
f 366// 356// 261//
f 262// 261// 356//
f 356// 358// 262//
f 263// 262// 358//
f 358// 364// 263//
f 257// 263// 364//
f 364// 363// 257//
f 264// 257// 363//
f 363// 362// 264//
f 265// 264// 362//
f 362// 357// 265//
f 266// 265// 357//
f 357// 361// 266//
f 211// 266// 361//
f 361// 360// 211//
f 191// 211// 360//
f 360// 359// 191//
f 267// 191// 359//
f 359// 354// 267//
f 192// 267// 354//
f 354// 353// 192//
f 193// 192// 353//
f 353// 352// 193//
f 223// 193// 352//
f 352// 350// 223//
f 224// 223// 350//
f 350// 337// 224//
f 234// 224// 337//
f 337// 349// 234//
f 196// 234// 349//
f 349// 343// 196//
f 194// 196// 343//
f 343// 345// 194//
f 277// 194// 345//
f 345// 346// 277//
f 275// 277// 346//
f 346// 395// 275//
f 183// 275// 395//
f 395// 396// 183//
f 168// 183// 396//
f 396// 386// 168//
f 120// 116// 351//
f 351// 365// 120//
f 118// 120// 365//
f 365// 355// 118//
f 119// 118// 355//
f 355// 382// 119//
f 117// 119// 382//
f 382// 385// 117//
f 121// 117// 385//
f 385// 387// 121//
f 122// 121// 387//
f 387// 344// 122//
f 123// 122// 344//
f 344// 347// 123//
f 124// 123// 347//
f 347// 348// 124//
f 125// 124// 348//
f 348// 339// 125//
f 115// 125// 339//
f 339// 338// 115//
f 116// 115// 338//
f 338// 351// 116//
f 137// 132// 375//
f 375// 381// 137//
f 129// 137// 381//
f 381// 383// 129//
f 127// 129// 383//
f 383// 378// 127//
f 128// 127// 378//
f 378// 335// 128//
f 126// 128// 335//
f 335// 334// 126//
f 130// 126// 334//
f 334// 370// 130//
f 131// 130// 370//
f 370// 372// 131//
f 133// 131// 372//
f 372// 393// 133//
f 135// 133// 393//
f 393// 388// 135//
f 136// 135// 388//
f 388// 391// 136//
f 134// 136// 391//
f 391// 341// 134//
f 132// 134// 341//
f 341// 375// 132//
f 222// 236// 401//
f 401// 408// 222//
f 226// 222// 408//
f 408// 402// 226//
f 146// 226// 402//
f 402// 407// 146//
f 147// 146// 407//
f 407// 406// 147//
f 240// 147// 406//
f 406// 399// 240//
f 239// 240// 399//
f 399// 398// 239//
f 241// 239// 398//
f 398// 405// 241//
f 233// 241// 405//
f 405// 397// 233//
f 228// 233// 397//
f 397// 404// 228//
f 227// 228// 404//
f 404// 403// 227//
f 237// 227// 403//
f 403// 400// 237//
f 236// 237// 400//
f 400// 401// 236//
f 79// 230// 78//
f 79// 80// 231//
f 231// 230// 79//
f 80// 102// 231//
f 232// 78// 230//
f 76// 232// 229//
f 232// 76// 78//
f 76// 229// 77//
f 77// 229// 210//
f 77// 210// 70//
f 187// 63// 73//
f 62// 216// 214//
f 69// 210// 244//
f 244// 188// 54//
f 54// 188// 73//
f 69// 70// 210//
f 69// 244// 54//
f 187// 216// 63//
f 188// 187// 73//
f 62// 63// 216//
f 62// 214// 209//
f 62// 209// 59//
f 56// 208// 221//
f 59// 208// 56//
f 59// 209// 208//
f 56// 221// 57//
f 221// 207// 57//
f 57// 207// 58//
f 58// 207// 218//
f 58// 218// 66//
f 64// 217// 219//
f 66// 217// 64//
f 66// 218// 217//
f 64// 219// 65//
f 219// 220// 65//
f 65// 220// 67//
f 67// 220// 213//
f 67// 213// 60//
f 276// 31// 55//
f 32// 199// 200//
f 61// 213// 212//
f 212// 215// 68//
f 68// 215// 55//
f 61// 60// 213//
f 61// 212// 68//
f 276// 199// 31//
f 215// 276// 55//
f 32// 31// 199//
f 32// 200// 203//
f 32// 203// 44//
f 51// 204// 52//
f 51// 44// 202//
f 202// 204// 51//
f 44// 203// 202//
f 206// 52// 204//
f 53// 206// 205//
f 206// 53// 52//
f 53// 205// 45//
f 201// 45// 205//
f 45// 201// 46//
f 171// 28// 38//
f 171// 38// 190//
f 49// 48// 409//
f 49// 410// 50//
f 410// 49// 409//
f 50// 410// 411//
f 412// 409// 48//
f 47// 201// 412//
f 412// 48// 47//
f 47// 46// 201//
f 413// 414// 415//
f 50// 416// 417//
f 416// 418// 417//
f 50// 417// 413//
f 50// 415// 419//
f 419// 420// 50//
f 50// 411// 421//
f 420// 33// 50//
f 50// 421// 416//
f 415// 50// 413//
f 422// 36// 423//
f 422// 424// 36//
f 36// 33// 425//
f 425// 423// 36//
f 425// 33// 426//
f 426// 33// 420//
f 427// 428// 43//
f 43// 424// 429//
f 428// 430// 431//
f 424// 43// 36//
f 429// 432// 43//
f 433// 427// 432//
f 427// 43// 432//
f 431// 43// 428//
f 43// 434// 435//
f 431// 434// 43//
f 43// 435// 436//
f 437// 42// 436//
f 43// 436// 42//
f 437// 37// 42//
f 37// 437// 438//
f 190// 35// 438//
f 37// 438// 35//
f 190// 38// 35//
f 416// 431// 430//
f 410// 435// 411//
f 428// 418// 430//
f 416// 430// 418//
f 417// 418// 428//
f 421// 431// 416//
f 434// 421// 411//
f 421// 434// 431//
f 434// 411// 435//
f 412// 198// 197//
f 190// 438// 184//
f 201// 198// 412//
f 438// 185// 184//
f 185// 438// 197//
f 412// 438// 437//
f 438// 412// 197//
f 409// 412// 437//
f 410// 409// 436//
f 437// 436// 409//
f 435// 410// 436//
f 439// 440// 441//
f 442// 443// 444//
f 445// 446// 447//
f 448// 413// 427//
f 427// 449// 448//
f 413// 417// 428//
f 413// 428// 427//
f 450// 451// 452//
f 440// 439// 442//
f 447// 453// 445//
f 454// 444// 455//
f 446// 456// 447//
f 456// 457// 458//
f 441// 440// 459//
f 460// 459// 440//
f 442// 439// 446//
f 461// 457// 456//
f 446// 461// 456//
f 462// 463// 447//
f 463// 453// 447//
f 464// 465// 466//
f 449// 467// 448//
f 467// 468// 469//
f 470// 448// 467//
f 446// 445// 471//
f 442// 446// 471//
f 443// 442// 471//
f 449// 455// 467//
f 455// 444// 443//
f 454// 455// 449//
f 467// 469// 470//
f 468// 472// 469//
f 473// 466// 465//
f 468// 474// 472//
f 475// 476// 477//
f 477// 476// 478//
f 479// 478// 476//
f 465// 464// 476//
f 479// 476// 464//
f 465// 480// 473//
f 474// 464// 472//
f 474// 479// 464//
f 464// 451// 472//
f 472// 451// 450//
f 481// 450// 482//
f 450// 452// 482//
f 483// 482// 452//
f 451// 484// 485//
f 450// 481// 486//
f 486// 481// 487//
f 487// 482// 483//
f 481// 482// 487//
f 485// 452// 451//
f 483// 452// 485//
f 464// 488// 484//
f 464// 484// 451//
f 476// 489// 490//
f 476// 490// 465//
f 491// 473// 480//
f 465// 490// 492//
f 464// 466// 488//
f 488// 466// 493//
f 493// 473// 491//
f 466// 473// 493//
f 492// 480// 465//
f 491// 480// 492//
f 494// 475// 477//
f 478// 495// 496//
f 496// 494// 477//
f 489// 476// 475//
f 489// 475// 494//
f 478// 496// 477//
f 479// 497// 495//
f 479// 495// 478//
f 498// 474// 468//
f 499// 498// 468//
f 499// 468// 467//
f 498// 500// 474//
f 474// 500// 479//
f 500// 497// 479//
f 455// 501// 499//
f 455// 499// 467//
f 502// 443// 471//
f 503// 502// 471//
f 503// 471// 445//
f 502// 504// 443//
f 443// 504// 455//
f 504// 501// 455//
f 453// 503// 445//
f 503// 453// 505//
f 506// 463// 462//
f 447// 507// 508//
f 508// 506// 462//
f 505// 453// 463//
f 505// 463// 506//
f 447// 508// 462//
f 456// 509// 507//
f 456// 507// 447//
f 510// 457// 461//
f 446// 511// 512//
f 456// 458// 509//
f 509// 458// 513//
f 513// 457// 510//
f 458// 457// 513//
f 512// 461// 446//
f 510// 461// 512//
f 439// 514// 511//
f 439// 511// 446//
f 515// 459// 460//
f 440// 516// 517//
f 439// 441// 514//
f 514// 441// 518//
f 518// 459// 515//
f 441// 459// 518//
f 517// 460// 440//
f 515// 460// 517//
f 442// 519// 516//
f 442// 516// 440//
f 520// 521// 454//
f 520// 449// 433//
f 449// 520// 454//
f 433// 449// 427//
f 444// 454// 521//
f 522// 442// 444//
f 444// 521// 522//
f 522// 519// 442//
f 450// 523// 472//
f 523// 450// 486//
f 524// 525// 470//
f 524// 469// 523//
f 469// 524// 470//
f 523// 469// 472//
f 448// 470// 525//
f 526// 413// 448//
f 448// 525// 526//
f 526// 414// 413//
f 527// 528// 529//
f 529// 530// 527//
f 531// 532// 533//
f 534// 535// 533//
f 531// 533// 535//
f 536// 535// 534//
f 537// 532// 531//
f 538// 537// 529//
f 537// 538// 532//
f 538// 529// 528//
f 539// 540// 541//
f 542// 527// 543//
f 544// 545// 546//
f 547// 548// 549//
f 550// 92// 551//
f 92// 550// 552//
f 551// 89// 114//
f 551// 92// 89//
f 553// 554// 555//
f 534// 533// 532//
f 548// 547// 556//
f 557// 558// 539//
f 549// 548// 559//
f 559// 560// 561//
f 555// 562// 553//
f 563// 553// 562//
f 541// 554// 553//
f 549// 554// 541//
f 559// 561// 564//
f 556// 565// 548//
f 559// 564// 549//
f 566// 548// 565//
f 527// 567// 546//
f 550// 568// 569//
f 550// 569// 552//
f 549// 570// 547//
f 541// 570// 549//
f 540// 570// 541//
f 552// 569// 558//
f 558// 540// 539//
f 557// 552// 558//
f 569// 568// 571//
f 569// 571// 572//
f 573// 574// 572//
f 571// 573// 572//
f 575// 576// 543//
f 576// 577// 543//
f 542// 543// 577//
f 546// 543// 527//
f 527// 542// 574//
f 567// 544// 546//
f 527// 573// 528//
f 573// 527// 574//
f 532// 538// 534//
f 528// 534// 538//
f 534// 528// 573//
f 578// 534// 573//
f 578// 536// 534//
f 550// 551// 579//
f 573// 571// 580//
f 568// 581// 582//
f 578// 573// 580//
f 568// 582// 571//
f 580// 571// 582//
f 550// 579// 581//
f 568// 550// 581//
f 551// 583// 579//
f 84// 113// 111//
f 584// 583// 84//
f 84// 583// 551//
f 584// 84// 88//
f 84// 551// 114//
f 88// 84// 71//
f 105// 84// 111//
f 112// 113// 114//
f 84// 114// 113//
f 539// 541// 585//
f 92// 552// 586//
f 557// 587// 588//
f 95// 92// 586//
f 557// 588// 552//
f 586// 552// 588//
f 539// 585// 587//
f 557// 539// 587//
f 541// 553// 589//
f 589// 585// 541//
f 590// 562// 555//
f 554// 591// 555//
f 590// 555// 591//
f 592// 591// 554//
f 593// 562// 590//
f 563// 593// 589//
f 593// 563// 562//
f 563// 589// 553//
f 554// 549// 594//
f 594// 592// 554//
f 595// 561// 560//
f 559// 596// 560//
f 595// 560// 596//
f 597// 596// 559//
f 598// 561// 595//
f 564// 598// 594//
f 598// 564// 561//
f 564// 594// 549//
f 559// 548// 599//
f 599// 597// 559//
f 600// 601// 565//
f 556// 602// 600//
f 600// 565// 556//
f 565// 601// 566//
f 601// 599// 566//
f 566// 599// 548//
f 603// 556// 547//
f 603// 602// 556//
f 540// 558// 604//
f 547// 605// 603//
f 570// 606// 605//
f 540// 606// 570//
f 547// 570// 605//
f 604// 606// 540//
f 558// 569// 607//
f 607// 604// 558//
f 574// 542// 608//
f 569// 609// 607//
f 572// 610// 609//
f 574// 610// 572//
f 569// 572// 609//
f 608// 610// 574//
f 542// 577// 611//
f 611// 608// 542//
f 612// 613// 575//
f 543// 614// 612//
f 612// 575// 543//
f 575// 613// 576//
f 613// 611// 576//
f 576// 611// 577//
f 543// 546// 615//
f 615// 614// 543//
f 616// 544// 567//
f 527// 617// 567//
f 616// 567// 617//
f 530// 617// 527//
f 618// 544// 616//
f 545// 618// 615//
f 618// 545// 544//
f 545// 615// 546//
f 619// 620// 621//
f 622// 623// 621//
f 619// 621// 623//
f 624// 623// 622//
f 625// 626// 627//
f 620// 628// 629//
f 626// 630// 631//
f 630// 626// 625//
f 632// 631// 633//
f 631// 630// 633//
f 634// 635// 631//
f 626// 631// 635//
f 636// 631// 632//
f 637// 636// 638//
f 632// 638// 636//
f 628// 620// 619//
f 638// 628// 637//
f 639// 629// 628//
f 628// 638// 640//
f 640// 639// 628//
f 641// 642// 643//
f 644// 645// 646//
f 642// 647// 648//
f 647// 642// 641//
f 649// 648// 650//
f 648// 647// 650//
f 651// 652// 648//
f 642// 648// 652//
f 653// 648// 649//
f 654// 653// 655//
f 649// 655// 653//
f 645// 644// 656//
f 655// 645// 654//
f 657// 646// 645//
f 645// 655// 658//
f 658// 657// 645//
f 659// 655// 660//
f 655// 659// 658//
f 661// 662// 663//
f 661// 663// 664//
f 664// 665// 661//
f 666// 662// 667//
f 663// 662// 666//
f 668// 669// 662//
f 668// 662// 661//
f 670// 667// 662//
f 671// 660// 670//
f 667// 670// 660//
f 660// 671// 672//
f 660// 672// 659//
f 672// 673// 674//
f 675// 672// 676//
f 672// 674// 676//
f 659// 672// 675//
f 656// 644// 677//
f 674// 673// 678//
f 656// 679// 673//
f 677// 679// 656//
f 673// 680// 678//
f 673// 679// 680//
f 656// 673// 672//
f 656// 672// 645//
f 671// 653// 654//
f 648// 670// 662//
f 670// 653// 671//
f 672// 654// 645//
f 672// 671// 654//
f 648// 653// 670//
f 648// 662// 669//
f 648// 669// 651//
f 651// 669// 668//
f 651// 668// 652//
f 652// 668// 661//
f 652// 661// 642//
f 663// 647// 641//
f 643// 664// 641//
f 663// 641// 664//
f 643// 642// 665//
f 665// 664// 643//
f 642// 661// 665//
f 666// 647// 663//
f 666// 667// 650//
f 650// 647// 666//
f 649// 667// 660//
f 667// 649// 650//
f 649// 660// 655//
f 681// 682// 683//
f 684// 685// 686//
f 682// 687// 688//
f 687// 682// 681//
f 689// 688// 690//
f 688// 687// 690//
f 691// 692// 688//
f 682// 688// 692//
f 693// 688// 689//
f 694// 693// 695//
f 689// 695// 693//
f 685// 684// 696//
f 695// 685// 694//
f 697// 686// 685//
f 685// 695// 698//
f 698// 697// 685//
f 699// 695// 700//
f 695// 699// 698//
f 701// 702// 703//
f 701// 703// 704//
f 704// 705// 701//
f 706// 702// 707//
f 703// 702// 706//
f 708// 709// 702//
f 708// 702// 701//
f 710// 707// 702//
f 711// 700// 710//
f 707// 710// 700//
f 700// 711// 712//
f 700// 712// 699//
f 712// 713// 714//
f 715// 712// 716//
f 712// 714// 716//
f 699// 712// 715//
f 696// 684// 717//
f 714// 713// 718//
f 696// 719// 713//
f 717// 719// 696//
f 713// 720// 718//
f 713// 719// 720//
f 696// 713// 712//
f 696// 712// 685//
f 711// 693// 694//
f 688// 710// 702//
f 710// 693// 711//
f 712// 694// 685//
f 712// 711// 694//
f 688// 693// 710//
f 688// 702// 709//
f 688// 709// 691//
f 691// 709// 708//
f 691// 708// 692//
f 692// 708// 701//
f 692// 701// 682//
f 703// 687// 681//
f 683// 704// 681//
f 703// 681// 704//
f 683// 682// 705//
f 705// 704// 683//
f 682// 701// 705//
f 706// 687// 703//
f 706// 707// 690//
f 690// 687// 706//
f 689// 707// 700//
f 707// 689// 690//
f 689// 700// 695//
f 721// 722// 723//
f 721// 723// 724//
f 724// 725// 721//
f 726// 722// 727//
f 723// 722// 726//
f 728// 729// 722//
f 728// 722// 721//
f 730// 727// 722//
f 731// 732// 730//
f 727// 730// 732//
f 732// 731// 733//
f 732// 733// 734//
f 733// 623// 624//
f 735// 733// 736//
f 733// 624// 736//
f 734// 733// 735//
f 619// 623// 733//
f 619// 733// 628//
f 731// 636// 637//
f 631// 730// 722//
f 730// 636// 731//
f 733// 637// 628//
f 733// 731// 637//
f 631// 636// 730//
f 631// 722// 729//
f 631// 729// 634//
f 634// 729// 728//
f 634// 728// 635//
f 635// 728// 721//
f 635// 721// 626//
f 723// 630// 625//
f 627// 724// 625//
f 723// 625// 724//
f 627// 626// 725//
f 725// 724// 627//
f 626// 721// 725//
f 726// 630// 723//
f 726// 727// 633//
f 633// 630// 726//
f 632// 727// 732//
f 727// 632// 633//
f 632// 732// 638//
f 734// 638// 732//
f 638// 734// 640//
f 26// 140// 41//
f 26// 28// 170//
f 170// 140// 26//
f 28// 171// 170//
f 139// 41// 140//
f 40// 139// 138//
f 139// 40// 41//
f 40// 138// 27//
f 27// 138// 189//
f 27// 189// 39//
f 162// 3// 25//
f 1// 160// 159//
f 34// 189// 174//
f 174// 250// 30//
f 30// 250// 25//
f 34// 39// 189//
f 34// 174// 30//
f 162// 160// 3//
f 250// 162// 25//
f 1// 3// 160//
f 1// 159// 157//
f 1// 157// 17//
f 18// 154// 156//
f 17// 154// 18//
f 17// 157// 154//
f 18// 156// 20//
f 156// 155// 20//
f 20// 155// 19//
f 19// 155// 165//
f 19// 165// 22//
f 23// 164// 163//
f 22// 164// 23//
f 22// 165// 164//
f 23// 163// 21//
f 163// 167// 21//
f 21// 167// 24//
f 24// 167// 166//
f 24// 166// 15//
f 289// 4// 29//
f 5// 149// 144//
f 2// 166// 238//
f 238// 251// 16//
f 16// 251// 29//
f 2// 15// 166//
f 2// 238// 16//
f 289// 149// 4//
f 251// 289// 29//
f 5// 4// 149//
f 5// 144// 143//
f 5// 143// 10//
f 11// 142// 9//
f 11// 10// 145//
f 145// 142// 11//
f 10// 143// 145//
f 141// 9// 142//
f 13// 141// 104//
f 141// 13// 9//
f 13// 104// 12//
usemtl 2
f 737// 738// 739//
f 740// 741// 742//
f 743// 738// 737//
f 738// 744// 739//
f 745// 746// 738//
f 746// 747// 748//
f 748// 749// 746//
f 750// 751// 752//
f 746// 745// 747//
f 753// 754// 740//
f 745// 738// 743//
f 743// 755// 745//
f 756// 757// 758//
f 755// 743// 759//
f 760// 755// 759//
f 761// 760// 759//
f 761// 762// 756//
f 763// 761// 756//
f 761// 763// 760//
f 757// 756// 762//
f 758// 764// 756//
f 765// 766// 756//
f 764// 765// 756//
f 766// 753// 740//
f 766// 740// 756//
f 767// 768// 769//
f 740// 770// 741//
f 769// 771// 767//
f 772// 773// 774//
f 772// 775// 771//
f 772// 774// 776//
f 771// 769// 772//
f 742// 777// 772//
f 742// 772// 740//
f 778// 779// 780//
f 778// 780// 781//
f 772// 777// 773//
f 776// 775// 772//
f 770// 740// 754//
f 782// 760// 763//
f 750// 781// 783//
f 750// 784// 751//
f 778// 781// 750//
f 750// 783// 784//
f 750// 785// 786//
f 750// 752// 785//
f 787// 750// 786//
f 788// 763// 787//
f 789// 787// 790//
f 787// 786// 790//
f 787// 791// 788//
f 787// 789// 792//
f 787// 792// 791//
f 793// 763// 794//
f 763// 788// 794//
f 763// 793// 795//
f 782// 763// 796//
f 763// 795// 796//
f 797// 798// 799//
f 800// 801// 802//
f 802// 803// 804//
f 805// 806// 802//
f 800// 802// 806//
f 801// 807// 802//
f 807// 801// 808//
f 803// 802// 809//
f 798// 797// 810//
f 769// 804// 811//
f 812// 769// 811//
f 804// 768// 813//
f 804// 769// 768//
f 814// 804// 813//
f 814// 815// 798//
f 815// 799// 798//
f 799// 779// 797//
f 778// 816// 817//
f 778// 797// 779//
f 817// 797// 778//
f 818// 804// 819//
f 797// 820// 810//
f 821// 822// 819//
f 818// 802// 804//
f 804// 798// 819//
f 798// 804// 814//
f 805// 802// 818//
f 823// 806// 805//
f 819// 822// 818//
f 805// 824// 823//
f 825// 826// 824//
f 823// 824// 827//
f 825// 824// 805//
f 828// 829// 824//
f 830// 829// 828//
f 827// 824// 829//
f 831// 832// 833//
f 834// 835// 836//
f 837// 838// 835//
f 839// 840// 841//
f 827// 829// 842//
f 829// 843// 842//
f 844// 845// 846//
f 847// 848// 849//
f 849// 850// 843//
f 849// 848// 851//
f 852// 853// 854//
f 855// 856// 857//
f 858// 859// 849//
f 829// 849// 843//
f 834// 858// 835//
f 858// 849// 835//
f 852// 860// 861//
f 800// 862// 801//
f 862// 860// 801//
f 849// 859// 847//
f 851// 850// 849//
f 836// 835// 838//
f 863// 852// 864//
f 857// 856// 865//
f 801// 860// 852//
f 866// 856// 855//
f 852// 861// 853//
f 863// 867// 852//
f 852// 854// 864//
f 868// 852// 867//
f 868// 869// 833//
f 870// 868// 871//
f 868// 867// 871//
f 868// 872// 869//
f 868// 870// 873//
f 868// 873// 872//
f 874// 833// 875//
f 833// 869// 875//
f 833// 876// 877//
f 833// 874// 876//
f 877// 878// 833//
f 865// 844// 846//
f 878// 831// 833//
f 844// 879// 880//
f 856// 844// 865//
f 845// 844// 880//
f 833// 832// 839//
f 881// 865// 846//
f 881// 846// 882//
f 831// 882// 832//
f 881// 882// 831//
f 839// 832// 883//
f 839// 883// 840//
f 884// 839// 885//
f 839// 841// 885//
f 839// 884// 886//
f 837// 835// 886//
f 839// 886// 835//
f 808// 801// 852//
f 887// 888// 852//
f 852// 888// 808//
f 889// 890// 807//
f 888// 807// 808//
f 807// 890// 891//
f 807// 888// 889//
f 891// 892// 802//
f 802// 807// 891//
f 893// 894// 895//
f 894// 893// 896//
f 897// 898// 899//
f 898// 897// 900//
f 901// 902// 903//
f 901// 903// 904//
f 905// 892// 891//
f 905// 891// 890//
f 906// 896// 817//
f 907// 817// 816//
f 817// 896// 893//
f 817// 907// 906//
f 893// 895// 797//
f 797// 817// 893//
f 895// 894// 820//
f 820// 797// 895//
f 906// 787// 908//
f 820// 908// 810//
f 820// 894// 896//
f 896// 906// 820//
f 909// 835// 910//
f 787// 906// 911//
f 820// 906// 908//
f 839// 912// 908//
f 835// 909// 912//
f 826// 909// 903//
f 826// 903// 902//
f 912// 909// 826//
f 912// 826// 825//
f 839// 835// 912//
f 787// 763// 908//
f 839// 908// 763//
f 810// 908// 913//
f 913// 798// 810//
f 798// 913// 914//
f 915// 805// 818//
f 916// 805// 915//
f 913// 916// 915//
f 798// 914// 819//
f 913// 915// 914//
f 917// 821// 918//
f 918// 919// 917//
f 914// 918// 819//
f 819// 918// 821//
f 917// 920// 822//
f 917// 822// 821//
f 920// 921// 922//
f 818// 822// 922//
f 920// 922// 822//
f 922// 915// 818//
f 922// 918// 914//
f 922// 914// 915//
f 918// 922// 921//
f 918// 921// 919//
f 919// 921// 920//
f 919// 920// 917//
f 912// 825// 805//
f 805// 916// 912//
f 908// 912// 916//
f 916// 913// 908//
f 902// 901// 824//
f 824// 826// 902//
f 904// 824// 901//
f 904// 828// 824//
f 828// 909// 923//
f 903// 828// 904//
f 903// 909// 828//
f 923// 830// 828//
f 830// 849// 829//
f 923// 924// 849//
f 923// 849// 830//
f 910// 835// 849//
f 849// 924// 910//
f 909// 910// 924//
f 924// 923// 909//
f 925// 926// 927//
f 925// 928// 926//
f 929// 930// 931//
f 839// 763// 932//
f 839// 933// 934//
f 931// 833// 929//
f 935// 936// 833//
f 833// 936// 929//
f 839// 934// 833//
f 833// 937// 935//
f 833// 934// 937//
f 938// 939// 839//
f 839// 939// 933//
f 940// 941// 839//
f 839// 941// 938//
f 839// 932// 940//
f 942// 943// 763//
f 763// 943// 932//
f 763// 944// 942//
f 756// 945// 763//
f 763// 945// 944//
f 756// 946// 945//
f 947// 948// 756//
f 756// 948// 946//
f 949// 950// 951//
f 756// 952// 947//
f 756// 949// 952//
f 949// 756// 950//
f 953// 954// 955//
f 953// 956// 954//
f 957// 926// 928//
f 928// 958// 957//
f 740// 959// 960//
f 897// 899// 803//
f 890// 889// 809//
f 960// 961// 740//
f 961// 962// 740//
f 963// 756// 740//
f 962// 963// 740//
f 740// 964// 965//
f 963// 950// 756//
f 897// 803// 965//
f 809// 905// 890//
f 868// 957// 966//
f 966// 967// 868//
f 965// 803// 740//
f 968// 868// 889//
f 868// 809// 889//
f 969// 833// 931//
f 967// 809// 868//
f 926// 970// 927//
f 833// 969// 868//
f 971// 868// 972//
f 868// 969// 972//
f 973// 868// 974//
f 868// 971// 974//
f 975// 809// 976//
f 977// 955// 954//
f 868// 973// 978//
f 868// 978// 979//
f 868// 979// 970//
f 970// 926// 957//
f 868// 970// 957//
f 976// 809// 967//
f 803// 975// 980//
f 975// 803// 809//
f 959// 740// 981//
f 980// 982// 803//
f 803// 982// 740//
f 740// 982// 977//
f 977// 954// 981//
f 740// 977// 981//
f 983// 959// 981//
f 984// 983// 981//
f 985// 984// 986//
f 981// 986// 984//
f 986// 987// 985//
f 988// 989// 987//
f 987// 986// 988//
f 990// 989// 963//
f 988// 963// 989//
f 963// 962// 990//
f 988// 950// 963//
f 988// 951// 950//
f 991// 953// 928//
f 953// 958// 928//
f 953// 991// 956//
f 958// 953// 992//
f 993// 930// 925//
f 994// 991// 928//
f 928// 925// 994//
f 925// 995// 993//
f 930// 994// 925//
f 930// 929// 994//
f 991// 949// 951//
f 951// 988// 986//
f 951// 986// 956//
f 991// 951// 956//
f 981// 954// 956//
f 956// 986// 981//
f 996// 948// 947//
f 996// 947// 997//
f 998// 946// 948//
f 996// 998// 948//
f 997// 947// 952//
f 999// 952// 949//
f 952// 999// 997//
f 999// 949// 991//
f 1000// 1001// 1002//
f 1003// 1004// 1005//
f 1006// 1007// 1008//
f 991// 1004// 999//
f 1005// 1009// 1010//
f 1007// 1001// 1008//
f 1011// 1012// 1006//
f 1007// 1013// 1001//
f 1010// 1008// 1001//
f 1010// 1009// 1008//
f 1002// 1014// 1000//
f 1000// 996// 1015//
f 996// 997// 1015//
f 996// 1016// 998//
f 997// 999// 1003//
f 1004// 1003// 999//
f 1000// 1016// 996//
f 997// 1003// 1015//
f 1000// 1015// 1001//
f 1014// 1016// 1000//
f 1015// 1003// 1010//
f 1005// 1010// 1003//
f 1002// 1013// 1017//
f 1015// 1010// 1001//
f 1013// 1002// 1001//
f 1014// 1002// 1017//
f 1006// 1012// 1007//
f 1013// 1007// 1012//
f 1018// 1011// 1019//
f 1020// 1017// 1021//
f 1022// 1013// 1012//
f 1023// 1016// 1024//
f 1014// 1024// 1016//
f 998// 1016// 1023//
f 1014// 1017// 1020//
f 1014// 1020// 1024//
f 1021// 1013// 1022//
f 1017// 1013// 1021//
f 1018// 1012// 1011//
f 1022// 1012// 1018//
f 1025// 1026// 1027//
f 1025// 1028// 1029//
f 1030// 1031// 1032//
f 1033// 1034// 1035//
f 1030// 1036// 1037//
f 1038// 1039// 1040//
f 1041// 1027// 1031//
f 1029// 1026// 1025//
f 1042// 1043// 1044//
f 1045// 1046// 1047//
f 1042// 1044// 1041//
f 1048// 1049// 1050//
f 1051// 1047// 1046//
f 1033// 1035// 1052//
f 1038// 1052// 1035//
f 1053// 1054// 1055//
f 1053// 1055// 1056//
f 1053// 1056// 1057//
f 1053// 1058// 1059//
f 1053// 1057// 1058//
f 1059// 1060// 1053//
f 1053// 1060// 1025//
f 1025// 1060// 1061//
f 1025// 1061// 1062//
f 1025// 1062// 1063//
f 1025// 1063// 1028//
f 1064// 1065// 1066//
f 1046// 1067// 1068//
f 1069// 1070// 1071//
f 1072// 1073// 1074//
f 1075// 1076// 1077//
f 1078// 1079// 1080//
f 1081// 1082// 1083//
f 1073// 1081// 1074//
f 1084// 1085// 1086//
f 1084// 1086// 1039//
f 1074// 1087// 1072//
f 1088// 1089// 1073//
f 1075// 1081// 1083//
f 1081// 1077// 1074//
f 1088// 1073// 1072//
f 1077// 1081// 1075//
f 1090// 1091// 1071//
f 1092// 1093// 1094//
f 1095// 1096// 1071//
f 1097// 1098// 1099//
f 1071// 1096// 1100//
f 1101// 1102// 1103//
f 1071// 1100// 1069//
f 1104// 1102// 1101//
f 1105// 1095// 1091//
f 1106// 1107// 1045//
f 1108// 1045// 1107//
f 1109// 1108// 1110//
f 1111// 1109// 1110//
f 1112// 1046// 1113//
f 1095// 1105// 1114//
f 1115// 1116// 1117//
f 1118// 1115// 1119//
f 1092// 1120// 1121//
f 1122// 1115// 1118//
f 1123// 1124// 1054//
f 1125// 1090// 1087//
f 1126// 1127// 1128//
f 1120// 1092// 1094//
f 1090// 1129// 1130//
f 1090// 1130// 1131//
f 1071// 1091// 1095//
f 1090// 1131// 1132//
f 1090// 1132// 1091//
f 1133// 1121// 1120//
f 1094// 1093// 1105//
f 1105// 1093// 1134//
f 1114// 1105// 1135//
f 1134// 1135// 1105//
f 1114// 1135// 1136//
f 1114// 1136// 1137//
f 1114// 1137// 1138//
f 1102// 1104// 1138//
f 1104// 1139// 1138//
f 1138// 1139// 1114//
f 1116// 1115// 1109//
f 1046// 1068// 1051//
f 1115// 1117// 1119//
f 1140// 1141// 1142//
f 1126// 1143// 1144//
f 1122// 1145// 1115//
f 1116// 1109// 1111//
f 1107// 1146// 1108//
f 1110// 1108// 1146//
f 1050// 1106// 1045//
f 1067// 1046// 1147//
f 1148// 1149// 1150//
f 1037// 1151// 1030//
f 1152// 1153// 1154//
f 1030// 1155// 1156//
f 1151// 1155// 1030//
f 1156// 1149// 1030//
f 1157// 1158// 1159//
f 1160// 1161// 1153//
f 1162// 1163// 1164//
f 1165// 1166// 1158//
f 1167// 1168// 1166//
f 1169// 1079// 1168//
f 1170// 1169// 1168//
f 1071// 1171// 1172//
f 1078// 1168// 1079//
f 1173// 1174// 1078//
f 1173// 1078// 1080//
f 1175// 1099// 1098//
f 1067// 1176// 1177//
f 1076// 1071// 1172//
f 1178// 1026// 1029//
f 1077// 1179// 1178//
f 1025// 1027// 1041//
f 1180// 1181// 1182//
f 1183// 1184// 1185//
f 1186// 1187// 1188//
f 1127// 1189// 1190//
f 1127// 1190// 1128//
f 1191// 1192// 1193//
f 1194// 1195// 1196//
f 1187// 1197// 1198//
f 1186// 1197// 1187//
f 1199// 1200// 1185//
f 1187// 1198// 1201//
f 1198// 1202// 1201//
f 1203// 1204// 1205//
f 1206// 1207// 1201//
f 1201// 1202// 1208//
f 1209// 1210// 1211//
f 1212// 1201// 1207//
f 1203// 1213// 1214//
f 1160// 1200// 1161//
f 1205// 1204// 1181//
f 1215// 1216// 1213//
f 1185// 1200// 1160//
f 1203// 1214// 1204//
f 1148// 1217// 1149//
f 1218// 1185// 1160//
f 1199// 1185// 1030//
f 1219// 1185// 1220//
f 1185// 1218// 1220//
f 1085// 1185// 1221//
f 1185// 1219// 1221//
f 1222// 1142// 1223//
f 1224// 1225// 1011//
f 1226// 1227// 1228//
f 1229// 1230// 1231//
f 1232// 1011// 1225//
f 1233// 1234// 1235//
f 1231// 1236// 1237//
f 1238// 1227// 1239//
f 1240// 1046// 1241//
f 1046// 1228// 1242//
f 1112// 1147// 1046//
f 1046// 1240// 1113//
f 1243// 1224// 1011//
f 1244// 1245// 1246//
f 1247// 1248// 1249//
f 1245// 1244// 1250//
f 1248// 1251// 1097//
f 1250// 1224// 1245//
f 1099// 1175// 1252//
f 1251// 1098// 1097//
f 1224// 1253// 1254//
f 1255// 1253// 1224//
f 1224// 1254// 1256//
f 1254// 1257// 1256//
f 1256// 1257// 1258//
f 1259// 1232// 1256//
f 1228// 1260// 1261//
f 1262// 1263// 1129//
f 1128// 1143// 1126//
f 1193// 1264// 1265//
f 1195// 1189// 1196//
f 1266// 1193// 1192//
f 1267// 1268// 1266//
f 1267// 1266// 1269//
f 1189// 1195// 1190//
f 1270// 1187// 1034//
f 1271// 1144// 1143//
f 1272// 1273// 1145//
f 1261// 1226// 1228//
f 1228// 1115// 1274//
f 1144// 1271// 1228//
f 1228// 1275// 1260//
f 1228// 1271// 1275//
f 1235// 1234// 1239//
f 1235// 1239// 1227//
f 1276// 1277// 1237//
f 1233// 1278// 1234//
f 1241// 1279// 1280//
f 1242// 1281// 1046//
f 1282// 1283// 1264//
f 1281// 1241// 1046//
f 1265// 1284// 1193//
f 1285// 1265// 1264//
f 1249// 1036// 1032//
f 1048// 1045// 1047//
f 1029// 1077// 1178//
f 1048// 1050// 1045//
f 1179// 1077// 1076//
f 1070// 1049// 1286//
f 1049// 1070// 1050//
f 1071// 1286// 1171//
f 1070// 1286// 1071//
f 1172// 1179// 1076//
f 1031// 1042// 1041//
f 1036// 1030// 1032//
f 1030// 1042// 1031//
f 1247// 1249// 1032//
f 1251// 1248// 1247//
f 1244// 1246// 1287//
f 1250// 1288// 1224//
f 1289// 1078// 1252//
f 1289// 1252// 1175//
f 1078// 1290// 1291//
f 1290// 1078// 1289//
f 1224// 1078// 1291//
f 1224// 1243// 1078//
f 1064// 1287// 1065//
f 1246// 1065// 1287//
f 1064// 1066// 1176//
f 1067// 1177// 1068//
f 1176// 1066// 1177//
f 1033// 1270// 1034//
f 1090// 1292// 1262//
f 1270// 1188// 1187//
f 1293// 1266// 1194//
f 1293// 1194// 1196//
f 1294// 1266// 1019//
f 1295// 1266// 1293//
f 1296// 1187// 1266//
f 1187// 1019// 1266//
f 1086// 1040// 1039//
f 1038// 1040// 1052//
f 1183// 1185// 1085//
f 1183// 1085// 1084//
f 1184// 1297// 1053//
f 1184// 1053// 1185//
f 1297// 1123// 1054//
f 1297// 1054// 1053//
f 1074// 1124// 1298//
f 1124// 1074// 1054//
f 1087// 1298// 1125//
f 1074// 1298// 1087//
f 1090// 1125// 1292//
f 1129// 1263// 1145//
f 1090// 1262// 1129//
f 1145// 1273// 1115//
f 1145// 1263// 1272//
f 1228// 1274// 1144//
f 1115// 1273// 1274//
f 1299// 1300// 1212//
f 1301// 1212// 1300//
f 1243// 1158// 1302//
f 1302// 1078// 1243//
f 1078// 1174// 1252//
f 1166// 1168// 1158//
f 1167// 1170// 1168//
f 1019// 1187// 1303//
f 1187// 1296// 1034//
f 1187// 1304// 1303//
f 1305// 1212// 1207//
f 1303// 1304// 1212//
f 1208// 1206// 1201//
f 1224// 1291// 1245//
f 1255// 1224// 1288//
f 1306// 1232// 1259//
f 1307// 1308// 1309//
f 1307// 1141// 1140//
f 1232// 1310// 1011//
f 1258// 1311// 1256//
f 1259// 1256// 1311//
f 1236// 1276// 1237//
f 1310// 1019// 1011//
f 1266// 1192// 1269//
f 1019// 1264// 1294//
f 1266// 1268// 1194//
f 1296// 1266// 1295//
f 1284// 1312// 1193//
f 1191// 1193// 1312//
f 1164// 1210// 1162//
f 1153// 1161// 1154//
f 1313// 1314// 1152//
f 1152// 1154// 1313//
f 1314// 1209// 1211//
f 1209// 1314// 1313//
f 1164// 1211// 1210//
f 1305// 1162// 1315//
f 1305// 1163// 1162//
f 1316// 1212// 1315//
f 1305// 1315// 1212//
f 1317// 1212// 1318//
f 1212// 1316// 1318//
f 1158// 1243// 1301//
f 1212// 1317// 1299//
f 1243// 1303// 1301//
f 1212// 1301// 1303//
f 1180// 1165// 1319//
f 1158// 1301// 1159//
f 1320// 1158// 1321//
f 1158// 1157// 1321//
f 1165// 1158// 1319//
f 1158// 1322// 1319//
f 1158// 1320// 1322//
f 1165// 1180// 1182//
f 1181// 1180// 1205//
f 1216// 1215// 1150//
f 1214// 1213// 1216//
f 1217// 1030// 1149//
f 1150// 1215// 1148//
f 1199// 1030// 1217//
f 1323// 1324// 1280//
f 1019// 1310// 1264//
f 1230// 1285// 1325//
f 1264// 1310// 1282//
f 1326// 1264// 1327//
f 1264// 1283// 1327//
f 1278// 1277// 1276//
f 1285// 1264// 1325//
f 1264// 1328// 1325//
f 1264// 1326// 1328//
f 1285// 1230// 1229//
f 1231// 1230// 1236//
f 1277// 1278// 1233//
f 1228// 1227// 1238//
f 1238// 1242// 1228//
f 1279// 1241// 1281//
f 1222// 1324// 1323//
f 1323// 1280// 1279//
f 1142// 1141// 1223//
f 1222// 1223// 1324//
f 1307// 1140// 1308//
f 1306// 1308// 1329//
f 1306// 1309// 1308//
f 1330// 1232// 1329//
f 1306// 1329// 1232//
f 1331// 1232// 1332//
f 1232// 1330// 1332//
f 1333// 1232// 1334//
f 1232// 1331// 1334//
f 1310// 1232// 1333//
f 1335// 1336// 1337//
f 1338// 1339// 1340//
f 1335// 1337// 1341//
f 1338// 1341// 1337//
f 1342// 1337// 1343//
f 1344// 1343// 1345//
f 1343// 1346// 1345//
f 1343// 1344// 1342//
f 1338// 1337// 1342//
f 1338// 1342// 1339//
f 1347// 1348// 1349//
f 1350// 1230// 1351//
f 1350// 1352// 1236//
f 1236// 1230// 1350//
f 1276// 1352// 1353//
f 1352// 1276// 1236//
f 1354// 1278// 1353//
f 1276// 1353// 1278//
f 1354// 1355// 1234//
f 1234// 1278// 1354//
f 1239// 1355// 1356//
f 1355// 1239// 1234//
f 1357// 1238// 1356//
f 1239// 1356// 1238//
f 1242// 1238// 1357//
f 1325// 1351// 1230//
f 1328// 1358// 1325//
f 1351// 1325// 1358//
f 1328// 1326// 1359//
f 1359// 1358// 1328//
f 1360// 1326// 1327//
f 1326// 1360// 1359//
f 1283// 1361// 1327//
f 1360// 1327// 1361//
f 1283// 1282// 1362//
f 1362// 1361// 1283//
f 1363// 1282// 1310//
f 1282// 1363// 1362//
f 1363// 1310// 1364//
f 1350// 1365// 1366//
f 1364// 1367// 1363//
f 1351// 1365// 1350//
f 1366// 1352// 1350//
f 1354// 1353// 1368//
f 1353// 1352// 1369//
f 1368// 1353// 1369//
f 1354// 1368// 1370//
f 1354// 1370// 1355//
f 1370// 1371// 1355//
f 1372// 1356// 1371//
f 1356// 1355// 1371//
f 1369// 1352// 1366//
f 1372// 1373// 1357//
f 1357// 1356// 1372//
f 1351// 1374// 1365//
f 1358// 1375// 1374//
f 1374// 1351// 1358//
f 1375// 1359// 1376//
f 1359// 1375// 1358//
f 1377// 1376// 1360//
f 1359// 1360// 1376//
f 1361// 1378// 1377//
f 1377// 1360// 1361//
f 1378// 1362// 1379//
f 1362// 1378// 1361//
f 1367// 1379// 1363//
f 1362// 1363// 1379//
f 1373// 1375// 1376//
f 1370// 1369// 1366//
f 1370// 1368// 1369//
f 1365// 1371// 1366//
f 1370// 1366// 1371//
f 1374// 1372// 1371//
f 1371// 1365// 1374//
f 1372// 1375// 1373//
f 1375// 1372// 1374//
f 1377// 1380// 1381//
f 1382// 1383// 1367//
f 1384// 1378// 1379//
f 1385// 1386// 1387//
f 1388// 1389// 1390//
f 1386// 1390// 1389//
f 1391// 1386// 1389//
f 1392// 1388// 1390//
f 1386// 1391// 1387//
f 1382// 1367// 1385//
f 1387// 1382// 1385//
f 1383// 1384// 1379//
f 1367// 1383// 1379//
f 1378// 1380// 1377//
f 1378// 1384// 1380//
f 1373// 1376// 1381//
f 1376// 1377// 1381//
f 1393// 1394// 1395//
f 1396// 1397// 1398//
f 1396// 1399// 1397//
f 1400// 1401// 1398//
f 1396// 1398// 1401//
f 1402// 1403// 1401//
f 1401// 1400// 1402//
f 1403// 1394// 1393//
f 1394// 1403// 1402//
f 1404// 1405// 1406//
f 1407// 1408// 1409//
f 1410// 1411// 1412//
f 1413// 1414// 1415//
f 1416// 1417// 1418//
f 1414// 1418// 1417//
f 1419// 1414// 1417//
f 1420// 1416// 1418//
f 1414// 1419// 1415//
f 1407// 1409// 1413//
f 1415// 1407// 1413//
f 1408// 1410// 1412//
f 1409// 1408// 1412//
f 1411// 1405// 1404//
f 1411// 1410// 1405//
f 1393// 1395// 1406//
f 1395// 1404// 1406//
f 1421// 1391// 1389//
f 1357// 1373// 1422//
f 1423// 1391// 1421//
f 1389// 1424// 1421//
f 1425// 1392// 1426//
f 1425// 1424// 1388//
f 1390// 1427// 1426//
f 1425// 1388// 1392//
f 1392// 1390// 1426//
f 1427// 1390// 1386//
f 1385// 1428// 1386//
f 1428// 1427// 1386//
f 1388// 1424// 1389//
f 1385// 1367// 1364//
f 1364// 1428// 1385//
f 1423// 1387// 1391//
f 1429// 1382// 1387//
f 1387// 1423// 1429//
f 1382// 1430// 1383//
f 1430// 1382// 1429//
f 1384// 1383// 1431//
f 1430// 1431// 1383//
f 1432// 1380// 1384//
f 1384// 1431// 1432//
f 1380// 1433// 1381//
f 1433// 1380// 1432//
f 1373// 1381// 1422//
f 1433// 1422// 1381//
f 1421// 1308// 1423//
f 1421// 1424// 1329//
f 1329// 1308// 1421//
f 1330// 1424// 1425//
f 1424// 1330// 1329//
f 1426// 1332// 1425//
f 1330// 1425// 1332//
f 1426// 1427// 1331//
f 1331// 1332// 1426//
f 1334// 1427// 1428//
f 1427// 1334// 1331//
f 1364// 1333// 1428//
f 1334// 1428// 1333//
f 1310// 1333// 1364//
f 1140// 1423// 1308//
f 1142// 1429// 1140//
f 1423// 1140// 1429//
f 1142// 1222// 1430//
f 1430// 1429// 1142//
f 1431// 1222// 1323//
f 1222// 1431// 1430//
f 1279// 1432// 1323//
f 1431// 1323// 1432//
f 1279// 1281// 1433//
f 1433// 1432// 1279//
f 1422// 1281// 1242//
f 1281// 1422// 1433//
f 1422// 1242// 1357//
f 1434// 1419// 1417//
f 1435// 1393// 1436//
f 1437// 1419// 1434//
f 1417// 1438// 1434//
f 1439// 1420// 1440//
f 1439// 1438// 1416//
f 1418// 1441// 1440//
f 1439// 1416// 1420//
f 1420// 1418// 1440//
f 1441// 1418// 1414//
f 1413// 1442// 1414//
f 1442// 1441// 1414//
f 1416// 1438// 1417//
f 1413// 1409// 1443//
f 1443// 1442// 1413//
f 1437// 1415// 1419//
f 1444// 1407// 1415//
f 1415// 1437// 1444//
f 1407// 1445// 1408//
f 1445// 1407// 1444//
f 1410// 1408// 1446//
f 1445// 1446// 1408//
f 1447// 1405// 1410//
f 1410// 1446// 1447//
f 1405// 1448// 1406//
f 1448// 1405// 1447//
f 1393// 1406// 1436//
f 1448// 1436// 1406//
f 1449// 1400// 1398//
f 1443// 1409// 1450//
f 1451// 1400// 1449//
f 1398// 1452// 1449//
f 1453// 1454// 1399//
f 1454// 1452// 1397//
f 1399// 1454// 1397//
f 1453// 1399// 1396//
f 1453// 1396// 1455//
f 1396// 1401// 1455//
f 1403// 1456// 1401//
f 1456// 1455// 1401//
f 1397// 1452// 1398//
f 1403// 1393// 1435//
f 1435// 1456// 1403//
f 1451// 1402// 1400//
f 1457// 1394// 1402//
f 1402// 1451// 1457//
f 1394// 1458// 1395//
f 1458// 1394// 1457//
f 1404// 1395// 1459//
f 1458// 1459// 1395//
f 1460// 1411// 1404//
f 1404// 1459// 1460//
f 1411// 1461// 1412//
f 1461// 1411// 1460//
f 1409// 1412// 1450//
f 1461// 1450// 1412//
f 1449// 1162// 1451//
f 1449// 1452// 1315//
f 1315// 1162// 1449//
f 1316// 1452// 1454//
f 1452// 1316// 1315//
f 1453// 1318// 1454//
f 1316// 1454// 1318//
f 1453// 1455// 1317//
f 1317// 1318// 1453//
f 1299// 1455// 1456//
f 1455// 1299// 1317//
f 1435// 1300// 1456//
f 1299// 1456// 1300//
f 1301// 1300// 1435//
f 1210// 1451// 1162//
f 1209// 1457// 1210//
f 1451// 1210// 1457//
f 1209// 1313// 1458//
f 1458// 1457// 1209//
f 1459// 1313// 1154//
f 1313// 1459// 1458//
f 1161// 1460// 1154//
f 1459// 1154// 1460//
f 1161// 1200// 1461//
f 1461// 1460// 1161//
f 1450// 1200// 1199//
f 1200// 1450// 1461//
f 1450// 1199// 1443//
f 1434// 1180// 1437//
f 1434// 1438// 1205//
f 1205// 1180// 1434//
f 1203// 1438// 1439//
f 1438// 1203// 1205//
f 1440// 1213// 1439//
f 1203// 1439// 1213//
f 1440// 1441// 1215//
f 1215// 1213// 1440//
f 1148// 1441// 1442//
f 1441// 1148// 1215//
f 1443// 1217// 1442//
f 1148// 1442// 1217//
f 1199// 1217// 1443//
f 1319// 1437// 1180//
f 1322// 1444// 1319//
f 1437// 1319// 1444//
f 1322// 1320// 1445//
f 1445// 1444// 1322//
f 1446// 1320// 1321//
f 1320// 1446// 1445//
f 1157// 1447// 1321//
f 1446// 1321// 1447//
f 1157// 1159// 1448//
f 1448// 1447// 1157//
f 1436// 1159// 1301//
f 1159// 1436// 1448//
f 1436// 1301// 1435//
f 1264// 1462// 1463//
f 1264// 1463// 1294//
f 1294// 1463// 1464//
f 1294// 1464// 1266//
f 1266// 1464// 1465//
f 1266// 1465// 1193//
f 1193// 1465// 1462//
f 1193// 1462// 1264//
f 1463// 1465// 1464//
f 1465// 1463// 1462//
f 1466// 1467// 1468//
f 1466// 1468// 1469//
f 1470// 1471// 1472//
f 1471// 1470// 1473//
f 1474// 1475// 1476//
f 1474// 1476// 1477//
f 1224// 1466// 1469//
f 1224// 1469// 1225//
f 1225// 1469// 1468//
f 1225// 1468// 1232//
f 1232// 1468// 1467//
f 1232// 1467// 1256//
f 1256// 1467// 1466//
f 1256// 1466// 1224//
f 1187// 1470// 1472//
f 1187// 1472// 1304//
f 1304// 1472// 1471//
f 1304// 1471// 1212//
f 1212// 1471// 1473//
f 1212// 1473// 1201//
f 1201// 1473// 1470//
f 1201// 1470// 1187//
f 1158// 1477// 1476//
f 1158// 1476// 1302//
f 1302// 1476// 1475//
f 1302// 1475// 1078//
f 1078// 1475// 1474//
f 1078// 1474// 1168//
f 1168// 1474// 1477//
f 1168// 1477// 1158//
f 1478// 1303// 1243//
f 1479// 1480// 1481//
f 1482// 1483// 1484//
f 1485// 1486// 1487//
f 1488// 1487// 1486//
f 1489// 1486// 1485//
f 1488// 1480// 1479//
f 1488// 1479// 1487//
f 1481// 1483// 1482//
f 1480// 1483// 1481//
f 1478// 1484// 1303//
f 1482// 1484// 1478//
f 1490// 1491// 1492//
f 1493// 1494// 1495//
f 1496// 1497// 1498//
f 1499// 1494// 1500//
f 1495// 1501// 1502//
f 1497// 1491// 1498//
f 1303// 1484// 1496//
f 1497// 1483// 1491//
f 1502// 1498// 1491//
f 1502// 1501// 1498//
f 1492// 1488// 1490//
f 1490// 1503// 1504//
f 1503// 1505// 1504//
f 1503// 1486// 1489//
f 1505// 1500// 1493//
f 1494// 1493// 1500//
f 1490// 1486// 1503//
f 1505// 1493// 1504//
f 1490// 1504// 1491//
f 1488// 1486// 1490//
f 1504// 1493// 1502//
f 1495// 1502// 1493//
f 1492// 1483// 1480//
f 1504// 1502// 1491//
f 1483// 1492// 1491//
f 1488// 1492// 1480//
f 1496// 1484// 1497//
f 1483// 1497// 1484//
f 1503// 939// 938//
f 1503// 938// 1505//
f 1489// 933// 939//
f 1503// 1489// 939//
f 1505// 938// 941//
f 1500// 941// 940//
f 941// 1500// 1505//
f 1500// 940// 1499//
f 1499// 932// 1506//
f 932// 1499// 940//
f 1496// 1019// 1303//
f 1495// 1507// 1501//
f 1498// 1508// 1509//
f 1499// 1510// 1494//
f 1511// 1494// 1510//
f 1506// 1510// 1499//
f 1511// 1507// 1495//
f 1511// 1495// 1494//
f 1501// 1508// 1498//
f 1507// 1508// 1501//
f 1496// 1509// 1019//
f 1498// 1509// 1496//
f 1512// 1513// 1514//
f 1515// 1024// 1020//
f 1018// 1516// 1022//
f 1023// 1024// 1517//
f 1020// 1021// 1518//
f 1516// 1513// 1022//
f 1019// 1509// 1018//
f 1516// 1508// 1513//
f 1518// 1022// 1513//
f 1518// 1021// 1022//
f 1514// 1511// 1512//
f 1512// 1519// 1520//
f 1519// 1521// 1520//
f 1519// 1510// 1506//
f 1521// 1517// 1515//
f 1024// 1515// 1517//
f 1512// 1510// 1519//
f 1521// 1515// 1520//
f 1512// 1520// 1513//
f 1511// 1510// 1512//
f 1520// 1515// 1518//
f 1020// 1518// 1515//
f 1514// 1508// 1507//
f 1520// 1518// 1513//
f 1508// 1514// 1513//
f 1511// 1514// 1507//
f 1018// 1509// 1516//
f 1508// 1516// 1509//
f 1519// 942// 1521//
f 1519// 1506// 943//
f 943// 942// 1519//
f 1506// 932// 943//
f 944// 1521// 942//
f 1517// 944// 945//
f 944// 1517// 1521//
f 1517// 945// 1023//
f 1023// 946// 998//
f 946// 1023// 945//
f 1485// 933// 1489//
f 933// 1485// 934//
f 1522// 935// 1523//
f 1522// 994// 936//
f 936// 935// 1522//
f 994// 929// 936//
f 937// 1523// 935//
f 1524// 937// 934//
f 937// 1524// 1523//
f 1524// 934// 1485//
f 1525// 1526// 1527//
f 1528// 1487// 1479//
f 1478// 1529// 1482//
f 1485// 1487// 1524//
f 1479// 1481// 1530//
f 1529// 1526// 1482//
f 1243// 1531// 1478//
f 1529// 1532// 1526//
f 1530// 1482// 1526//
f 1530// 1481// 1482//
f 1527// 1533// 1525//
f 1525// 1522// 1534//
f 1522// 1523// 1534//
f 1522// 1535// 994//
f 1523// 1524// 1528//
f 1487// 1528// 1524//
f 1525// 1535// 1522//
f 1523// 1528// 1534//
f 1525// 1534// 1526//
f 1533// 1535// 1525//
f 1534// 1528// 1530//
f 1479// 1530// 1528//
f 1527// 1532// 1536//
f 1534// 1530// 1526//
f 1532// 1527// 1526//
f 1533// 1527// 1536//
f 1478// 1531// 1529//
f 1532// 1529// 1531//
f 1006// 1243// 1011//
f 1005// 1536// 1009//
f 1008// 1532// 1531//
f 991// 1535// 1004//
f 1533// 1004// 1535//
f 994// 1535// 991//
f 1533// 1536// 1005//
f 1533// 1005// 1004//
f 1009// 1532// 1008//
f 1536// 1532// 1009//
f 1006// 1531// 1243//
f 1008// 1531// 1006//
f 1537// 1538// 1183//
f 1539// 1540// 1038//
f 1541// 1084// 1039//
f 1296// 1542// 1543//
f 1035// 1034// 1544//
f 1545// 1196// 1546//
f 1547// 1295// 1293//
f 1189// 1127// 1548//
f 1548// 1546// 1189//
f 1126// 1549// 1127//
f 1548// 1127// 1549//
f 1550// 1126// 1144//
f 1126// 1550// 1549//
f 1196// 1545// 1293//
f 1546// 1196// 1189//
f 1542// 1295// 1547//
f 1547// 1293// 1545//
f 1034// 1296// 1543//
f 1296// 1295// 1542//
f 1035// 1544// 1539//
f 1034// 1543// 1544//
f 1038// 1540// 1039//
f 1035// 1539// 1038//
f 1541// 1537// 1084//
f 1540// 1541// 1039//
f 1183// 1084// 1537//
f 1551// 1550// 1144//
f 1552// 1553// 1272//
f 1554// 1274// 1273//
f 1292// 1555// 1556//
f 1263// 1262// 1557//
f 1558// 1124// 1559//
f 1560// 1125// 1298//
f 1123// 1297// 1561//
f 1561// 1559// 1123//
f 1184// 1562// 1297//
f 1561// 1297// 1562//
f 1538// 1184// 1183//
f 1184// 1538// 1562//
f 1124// 1558// 1298//
f 1559// 1124// 1123//
f 1555// 1125// 1560//
f 1560// 1298// 1558//
f 1262// 1292// 1556//
f 1292// 1125// 1555//
f 1263// 1557// 1552//
f 1262// 1556// 1557//
f 1272// 1553// 1273//
f 1263// 1552// 1272//
f 1554// 1551// 1274//
f 1553// 1554// 1273//
f 1144// 1274// 1551//
f 1553// 1552// 1557//
f 1545// 1538// 1547//
f 1553// 1556// 1554//
f 1556// 1553// 1557//
f 1556// 1555// 1554//
f 1555// 1560// 1551//
f 1551// 1554// 1555//
f 1550// 1560// 1558//
f 1560// 1550// 1551//
f 1561// 1546// 1548//
f 1559// 1549// 1558//
f 1542// 1547// 1537//
f 1545// 1562// 1538//
f 1544// 1540// 1539//
f 1543// 1541// 1540//
f 1541// 1543// 1542//
f 1540// 1544// 1543//
f 1538// 1537// 1547//
f 1537// 1541// 1542//
f 1545// 1546// 1562//
f 1561// 1562// 1546//
f 1559// 1548// 1549//
f 1559// 1561// 1548//
f 1549// 1550// 1558//
f 1563// 1564// 1565//
f 1566// 1567// 1568//
f 1563// 1569// 1570//
f 1569// 1563// 1565//
f 1569// 1571// 1570//
f 1571// 1572// 1573//
f 1573// 1570// 1571//
f 1574// 1572// 1575//
f 1572// 1574// 1573//
f 1576// 1577// 1578//
f 1579// 1580// 1575//
f 1581// 1568// 1582//
f 1566// 1583// 1567//
f 1584// 1585// 1586//
f 1587// 1588// 1585//
f 1588// 1587// 1581//
f 1585// 1584// 1587//
f 1567// 1582// 1568//
f 1582// 1588// 1581//
f 1566// 1577// 1583//
f 1576// 1583// 1577//
f 1579// 1578// 1580//
f 1579// 1576// 1578//
f 1580// 1574// 1575//
f 1589// 1590// 1591//
f 1592// 1593// 1594//
f 1589// 1595// 1596//
f 1595// 1589// 1591//
f 1595// 1597// 1596//
f 1597// 1598// 1599//
f 1599// 1596// 1597//
f 1600// 1598// 1601//
f 1598// 1600// 1599//
f 1602// 1603// 1604//
f 1605// 1606// 1601//
f 1607// 1594// 1608//
f 1592// 1609// 1593//
f 1610// 1611// 1612//
f 1613// 1614// 1611//
f 1614// 1613// 1607//
f 1611// 1610// 1613//
f 1593// 1608// 1594//
f 1608// 1614// 1607//
f 1592// 1603// 1609//
f 1602// 1609// 1603//
f 1605// 1604// 1606//
f 1605// 1602// 1604//
f 1606// 1600// 1601//
f 1615// 1616// 1617//
f 1618// 1619// 1620//
f 1615// 1621// 1622//
f 1621// 1615// 1617//
f 1621// 1623// 1622//
f 1623// 1624// 1625//
f 1625// 1622// 1623//
f 1626// 1624// 1627//
f 1624// 1626// 1625//
f 1628// 1629// 1630//
f 1631// 1632// 1627//
f 1633// 1620// 1634//
f 1618// 1635// 1619//
f 1636// 1637// 1638//
f 1639// 1640// 1637//
f 1640// 1639// 1633//
f 1637// 1636// 1639//
f 1619// 1634// 1620//
f 1634// 1640// 1633//
f 1618// 1629// 1635//
f 1628// 1635// 1629//
f 1631// 1630// 1632//
f 1631// 1628// 1630//
f 1632// 1626// 1627//
f 1641// 1642// 1643//
f 1644// 1645// 1646//
f 1641// 1647// 1648//
f 1647// 1641// 1643//
f 1647// 1649// 1648//
f 1649// 1650// 1651//
f 1651// 1648// 1649//
f 1652// 1650// 1653//
f 1650// 1652// 1651//
f 1654// 1655// 1656//
f 1657// 1658// 1653//
f 1659// 1646// 1660//
f 1644// 1661// 1645//
f 1662// 1663// 1664//
f 1665// 1666// 1663//
f 1666// 1665// 1659//
f 1663// 1662// 1665//
f 1645// 1660// 1646//
f 1660// 1666// 1659//
f 1644// 1655// 1661//
f 1654// 1661// 1655//
f 1657// 1656// 1658//
f 1657// 1654// 1656//
f 1658// 1652// 1653//
f 1667// 1668// 1669//
f 1670// 1671// 1672//
f 1667// 1673// 1674//
f 1673// 1667// 1669//
f 1673// 1675// 1674//
f 1675// 1676// 1677//
f 1677// 1674// 1675//
f 1678// 1676// 1679//
f 1676// 1678// 1677//
f 1680// 1681// 1682//
f 1683// 1684// 1679//
f 1685// 1672// 1686//
f 1670// 1687// 1671//
f 1688// 1689// 1690//
f 1691// 1692// 1689//
f 1692// 1691// 1685//
f 1689// 1688// 1691//
f 1671// 1686// 1672//
f 1686// 1692// 1685//
f 1670// 1681// 1687//
f 1680// 1687// 1681//
f 1683// 1682// 1684//
f 1683// 1680// 1682//
f 1684// 1678// 1679//
f 1582// 1567// 1032//
f 1586// 1585// 1026//
f 1588// 1031// 1027//
f 1172// 1581// 1587//
f 1178// 1179// 1584//
f 1566// 1049// 1577//
f 1568// 1171// 1286//
f 1048// 1047// 1578//
f 1578// 1577// 1048//
f 1051// 1580// 1047//
f 1578// 1047// 1580//
f 1574// 1051// 1068//
f 1051// 1574// 1580//
f 1049// 1566// 1286//
f 1577// 1049// 1048//
f 1581// 1171// 1568//
f 1568// 1286// 1566//
f 1179// 1172// 1587//
f 1172// 1171// 1581//
f 1178// 1584// 1586//
f 1179// 1587// 1584//
f 1026// 1585// 1027//
f 1178// 1586// 1026//
f 1588// 1582// 1031//
f 1585// 1588// 1027//
f 1032// 1031// 1582//
f 1573// 1574// 1068//
f 1564// 1563// 1065//
f 1570// 1177// 1066//
f 1291// 1571// 1569//
f 1246// 1245// 1565//
f 1575// 1175// 1579//
f 1572// 1290// 1289//
f 1098// 1251// 1576//
f 1576// 1579// 1098//
f 1247// 1583// 1251//
f 1576// 1251// 1583//
f 1567// 1247// 1032//
f 1247// 1567// 1583//
f 1175// 1575// 1289//
f 1579// 1175// 1098//
f 1571// 1290// 1572//
f 1572// 1289// 1575//
f 1245// 1291// 1569//
f 1291// 1290// 1571//
f 1246// 1565// 1564//
f 1245// 1569// 1565//
f 1065// 1563// 1066//
f 1246// 1564// 1065//
f 1570// 1573// 1177//
f 1563// 1570// 1066//
f 1068// 1177// 1573//
f 1608// 1593// 1271//
f 1612// 1611// 1190//
f 1614// 1143// 1128//
f 1268// 1607// 1613//
f 1195// 1194// 1610//
f 1592// 1192// 1603//
f 1594// 1267// 1269//
f 1191// 1312// 1604//
f 1604// 1603// 1191//
f 1284// 1606// 1312//
f 1604// 1312// 1606//
f 1600// 1284// 1265//
f 1284// 1600// 1606//
f 1192// 1592// 1269//
f 1603// 1192// 1191//
f 1607// 1267// 1594//
f 1594// 1269// 1592//
f 1194// 1268// 1613//
f 1268// 1267// 1607//
f 1195// 1610// 1612//
f 1194// 1613// 1610//
f 1190// 1611// 1128//
f 1195// 1612// 1190//
f 1614// 1608// 1143//
f 1611// 1614// 1128//
f 1271// 1143// 1608//
f 1599// 1600// 1265//
f 1590// 1589// 1231//
f 1596// 1285// 1229//
f 1233// 1597// 1595//
f 1237// 1277// 1591//
f 1601// 1226// 1605//
f 1598// 1235// 1227//
f 1261// 1260// 1602//
f 1602// 1605// 1261//
f 1275// 1609// 1260//
f 1602// 1260// 1609//
f 1593// 1275// 1271//
f 1275// 1593// 1609//
f 1226// 1601// 1227//
f 1605// 1226// 1261//
f 1597// 1235// 1598//
f 1598// 1227// 1601//
f 1277// 1233// 1595//
f 1233// 1235// 1597//
f 1237// 1591// 1590//
f 1277// 1595// 1591//
f 1231// 1589// 1229//
f 1237// 1590// 1231//
f 1596// 1599// 1285//
f 1589// 1596// 1229//
f 1265// 1285// 1599//
f 1634// 1619// 1067//
f 1638// 1637// 1113//
f 1640// 1147// 1112//
f 1280// 1633// 1639//
f 1240// 1241// 1636//
f 1618// 1141// 1629//
f 1620// 1324// 1223//
f 1307// 1309// 1630//
f 1630// 1629// 1307//
f 1306// 1632// 1309//
f 1630// 1309// 1632//
f 1626// 1306// 1259//
f 1306// 1626// 1632//
f 1141// 1618// 1223//
f 1629// 1141// 1307//
f 1633// 1324// 1620//
f 1620// 1223// 1618//
f 1241// 1280// 1639//
f 1280// 1324// 1633//
f 1240// 1636// 1638//
f 1241// 1639// 1636//
f 1113// 1637// 1112//
f 1240// 1638// 1113//
f 1640// 1634// 1147//
f 1637// 1640// 1112//
f 1067// 1147// 1634//
f 1625// 1626// 1259//
f 1616// 1615// 1257//
f 1622// 1311// 1258//
f 1255// 1623// 1621//
f 1254// 1253// 1617//
f 1627// 1244// 1631//
f 1624// 1288// 1250//
f 1287// 1064// 1628//
f 1628// 1631// 1287//
f 1176// 1635// 1064//
f 1628// 1064// 1635//
f 1619// 1176// 1067//
f 1176// 1619// 1635//
f 1244// 1627// 1250//
f 1631// 1244// 1287//
f 1623// 1288// 1624//
f 1624// 1250// 1627//
f 1253// 1255// 1621//
f 1255// 1288// 1623//
f 1254// 1617// 1616//
f 1253// 1621// 1617//
f 1257// 1615// 1258//
f 1254// 1616// 1257//
f 1622// 1625// 1311//
f 1615// 1622// 1258//
f 1259// 1311// 1625//
f 1660// 1645// 1207//
f 1664// 1663// 1202//
f 1666// 1206// 1208//
f 1186// 1659// 1665//
f 1198// 1197// 1662//
f 1644// 1033// 1655//
f 1646// 1188// 1270//
f 1052// 1040// 1656//
f 1656// 1655// 1052//
f 1086// 1658// 1040//
f 1656// 1040// 1658//
f 1652// 1086// 1085//
f 1086// 1652// 1658//
f 1033// 1644// 1270//
f 1655// 1033// 1052//
f 1659// 1188// 1646//
f 1646// 1270// 1644//
f 1197// 1186// 1665//
f 1186// 1188// 1659//
f 1198// 1662// 1664//
f 1197// 1665// 1662//
f 1202// 1663// 1208//
f 1198// 1664// 1202//
f 1666// 1660// 1206//
f 1663// 1666// 1208//
f 1207// 1206// 1660//
f 1651// 1652// 1085//
f 1642// 1641// 1220//
f 1648// 1221// 1219//
f 1153// 1649// 1647//
f 1218// 1160// 1643//
f 1653// 1211// 1657//
f 1650// 1152// 1314//
f 1164// 1163// 1654//
f 1654// 1657// 1164//
f 1305// 1661// 1163//
f 1654// 1163// 1661//
f 1645// 1305// 1207//
f 1305// 1645// 1661//
f 1211// 1653// 1314//
f 1657// 1211// 1164//
f 1649// 1152// 1650//
f 1650// 1314// 1653//
f 1160// 1153// 1647//
f 1153// 1152// 1649//
f 1218// 1643// 1642//
f 1160// 1647// 1643//
f 1220// 1641// 1219//
f 1218// 1642// 1220//
f 1648// 1651// 1221//
f 1641// 1648// 1219//
f 1085// 1221// 1651//
f 1686// 1671// 1166//
f 1690// 1689// 1181//
f 1692// 1165// 1182//
f 1216// 1685// 1691//
f 1204// 1214// 1688//
f 1670// 1156// 1681//
f 1672// 1150// 1149//
f 1155// 1151// 1682//
f 1682// 1681// 1155//
f 1037// 1684// 1151//
f 1682// 1151// 1684//
f 1678// 1037// 1036//
f 1037// 1678// 1684//
f 1156// 1670// 1149//
f 1681// 1156// 1155//
f 1685// 1150// 1672//
f 1672// 1149// 1670//
f 1214// 1216// 1691//
f 1216// 1150// 1685//
f 1204// 1688// 1690//
f 1214// 1691// 1688//
f 1181// 1689// 1182//
f 1204// 1690// 1181//
f 1692// 1686// 1165//
f 1689// 1692// 1182//
f 1166// 1165// 1686//
f 1677// 1678// 1036//
f 1668// 1667// 1097//
f 1674// 1249// 1248//
f 1174// 1675// 1673//
f 1099// 1252// 1669//
f 1679// 1079// 1683//
f 1676// 1173// 1080//
f 1169// 1170// 1680//
f 1680// 1683// 1169//
f 1167// 1687// 1170//
f 1680// 1170// 1687//
f 1671// 1167// 1166//
f 1167// 1671// 1687//
f 1079// 1679// 1080//
f 1683// 1079// 1169//
f 1675// 1173// 1676//
f 1676// 1080// 1679//
f 1252// 1174// 1673//
f 1174// 1173// 1675//
f 1099// 1669// 1668//
f 1252// 1673// 1669//
f 1097// 1667// 1248//
f 1099// 1668// 1097//
f 1674// 1677// 1249//
f 1667// 1674// 1248//
f 1036// 1249// 1677//
f 969// 931// 930//
f 930// 993// 969//
f 1693// 972// 969//
f 1694// 1693// 969//
f 1695// 1694// 993//
f 969// 993// 1694//
f 993// 1696// 1695//
f 995// 1697// 1696//
f 1696// 993// 995//
f 1698// 1697// 970//
f 995// 970// 1697//
f 970// 979// 1698//
f 995// 927// 970//
f 995// 925// 927//
f 1699// 966// 957//
f 1700// 1699// 957//
f 1701// 1700// 958//
f 957// 958// 1700//
f 958// 1702// 1701//
f 992// 1703// 1702//
f 1702// 958// 992//
f 1704// 1703// 977//
f 992// 977// 1703//
f 977// 982// 1704//
f 992// 955// 977//
f 992// 953// 955//
f 968// 852// 868//
f 852// 968// 887//
f 889// 887// 968//
f 887// 889// 888//
f 892// 905// 809//
f 809// 802// 892//
f 899// 898// 804//
f 804// 803// 899//
f 900// 804// 898//
f 900// 811// 804//
f 811// 965// 1705//
f 897// 811// 900//
f 897// 965// 811//
f 1705// 812// 811//
f 812// 772// 769//
f 1705// 1706// 772//
f 1705// 772// 812//
f 964// 740// 772//
f 772// 1706// 964//
f 965// 964// 1706//
f 1706// 1705// 965//
f 911// 1707// 750//
f 911// 750// 787//
f 816// 778// 750//
f 1707// 907// 750//
f 750// 907// 816//
f 906// 1707// 911//
f 1707// 906// 907//
usemtl 3
f 1708// 1709// 1710//
f 1708// 1710// 1711//
f 1711// 1710// 1712//
f 1711// 1712// 1713//
f 1713// 1712// 1714//
f 1713// 1714// 1715//
f 1715// 1714// 1716//
f 1715// 1716// 1717//
f 1717// 1716// 1718//
f 1717// 1718// 1719//
f 1719// 1718// 1709//
f 1719// 1709// 1708//
f 1714// 1718// 1716//
f 1714// 1710// 1709//
f 1714// 1712// 1710//
f 1718// 1714// 1709//
f 1720// 1721// 1722//
f 1723// 1724// 1725//
f 1726// 1727// 1728//
f 1729// 1730// 1731//
f 1731// 1732// 1733//
f 1734// 1727// 1735//
f 1736// 1737// 1728//
f 1738// 1739// 1736//
f 1740// 1739// 1738//
f 1738// 1741// 1740//
f 1722// 1742// 1743//
f 1741// 1744// 1745//
f 1746// 1747// 1720//
f 1748// 1747// 1746//
f 1749// 1748// 1746//
f 1750// 1751// 1752//
f 1753// 1754// 1752//
f 1755// 1756// 1753//
f 1725// 1724// 1755//
f 1733// 1757// 1758//
f 1724// 1756// 1755//
f 1756// 1754// 1753//
f 1754// 1750// 1752//
f 1751// 1749// 1752//
f 1751// 1748// 1749//
f 1720// 1747// 1721//
f 1721// 1742// 1722//
f 1742// 1744// 1743//
f 1743// 1744// 1741//
f 1745// 1740// 1741//
f 1736// 1739// 1737//
f 1728// 1737// 1726//
f 1726// 1735// 1727//
f 1734// 1729// 1727//
f 1734// 1730// 1729//
f 1730// 1732// 1731//
f 1732// 1757// 1733//
f 1757// 1759// 1758//
f 1760// 1761// 1762//
f 1761// 1763// 1762//
f 1760// 1764// 1765//
f 1763// 1766// 1767//
f 1768// 1769// 1770//
f 1770// 1762// 1768//
f 1768// 1762// 1763//
f 1766// 1763// 1761//
f 1761// 1760// 1765//
f 1764// 1771// 1765//
f 1772// 1773// 1774//
f 1775// 1773// 1772//
f 1775// 1776// 1773//
f 1775// 1777// 1776//
f 1778// 1779// 1780//
f 1781// 1779// 1782//
f 1783// 1781// 1782//
f 1783// 1784// 1781//
f 1784// 1783// 1785//
f 1776// 1786// 1780//
f 1787// 1785// 1788//
f 1789// 1788// 1790//
f 1791// 1792// 1793//
f 1787// 1784// 1785//
f 1794// 1793// 1795//
f 1782// 1779// 1778//
f 1778// 1780// 1786//
f 1786// 1776// 1777//
f 1794// 1796// 1774//
f 1796// 1772// 1774//
f 1796// 1794// 1795//
f 1795// 1793// 1792//
f 1797// 1791// 1789//
f 1792// 1791// 1797//
f 1788// 1789// 1787//
f 1797// 1789// 1790//
f 1798// 1799// 1800//
f 1801// 1802// 1803//
f 1801// 1804// 1802//
f 1805// 1798// 1806//
f 1800// 1804// 1806//
f 1800// 1806// 1798//
f 1799// 1807// 1808//
f 1804// 1801// 1806//
f 1799// 1808// 1800//
f 1808// 1807// 1804//
f 1802// 1804// 1807//
f 1809// 1758// 1759//
f 1809// 1759// 1810//
f 1810// 1759// 1757//
f 1810// 1757// 1811//
f 1811// 1757// 1732//
f 1811// 1732// 1812//
f 1812// 1732// 1730//
f 1812// 1730// 1813//
f 1813// 1730// 1734//
f 1813// 1734// 1814//
f 1814// 1734// 1735//
f 1814// 1735// 1815//
f 1815// 1735// 1726//
f 1815// 1726// 1816//
f 1816// 1726// 1737//
f 1816// 1737// 1817//
f 1817// 1737// 1739//
f 1817// 1739// 1818//
f 1818// 1739// 1740//
f 1818// 1740// 1819//
f 1819// 1740// 1745//
f 1819// 1745// 1820//
f 1820// 1745// 1744//
f 1820// 1744// 1821//
f 1821// 1744// 1742//
f 1821// 1742// 1822//
f 1822// 1742// 1721//
f 1822// 1721// 1823//
f 1823// 1721// 1747//
f 1823// 1747// 1824//
f 1824// 1747// 1748//
f 1824// 1748// 1825//
f 1825// 1748// 1751//
f 1825// 1751// 1826//
f 1826// 1751// 1750//
f 1826// 1750// 1827//
f 1827// 1750// 1754//
f 1827// 1754// 1828//
f 1828// 1754// 1756//
f 1828// 1756// 1829//
f 1829// 1756// 1724//
f 1829// 1724// 1830//
f 1830// 1724// 1723//
f 1830// 1723// 1831//
f 1831// 1723// 1725//
f 1831// 1725// 1832//
f 1832// 1725// 1755//
f 1832// 1755// 1833//
f 1833// 1755// 1753//
f 1833// 1753// 1834//
f 1834// 1753// 1752//
f 1834// 1752// 1835//
f 1835// 1752// 1749//
f 1835// 1749// 1836//
f 1836// 1749// 1746//
f 1836// 1746// 1837//
f 1837// 1746// 1720//
f 1837// 1720// 1838//
f 1838// 1720// 1722//
f 1838// 1722// 1839//
f 1839// 1722// 1743//
f 1839// 1743// 1840//
f 1840// 1743// 1741//
f 1840// 1741// 1841//
f 1841// 1741// 1738//
f 1841// 1738// 1842//
f 1842// 1738// 1736//
f 1842// 1736// 1843//
f 1843// 1736// 1728//
f 1843// 1728// 1844//
f 1844// 1728// 1727//
f 1844// 1727// 1845//
f 1845// 1727// 1729//
f 1845// 1729// 1846//
f 1846// 1729// 1731//
f 1846// 1731// 1847//
f 1847// 1731// 1733//
f 1847// 1733// 1848//
f 1848// 1733// 1758//
f 1848// 1758// 1809//
f 1849// 1765// 1771//
f 1849// 1771// 1850//
f 1850// 1771// 1764//
f 1850// 1764// 1851//
f 1851// 1764// 1760//
f 1851// 1760// 1852//
f 1852// 1760// 1762//
f 1852// 1762// 1853//
f 1853// 1762// 1770//
f 1853// 1770// 1854//
f 1854// 1770// 1769//
f 1854// 1769// 1855//
f 1855// 1769// 1768//
f 1855// 1768// 1856//
f 1856// 1768// 1763//
f 1856// 1763// 1857//
f 1857// 1763// 1767//
f 1857// 1767// 1858//
f 1858// 1767// 1766//
f 1858// 1766// 1859//
f 1859// 1766// 1761//
f 1859// 1761// 1860//
f 1860// 1761// 1765//
f 1860// 1765// 1849//
f 1861// 1788// 1785//
f 1861// 1785// 1862//
f 1862// 1785// 1783//
f 1862// 1783// 1863//
f 1863// 1783// 1782//
f 1863// 1782// 1864//
f 1864// 1782// 1778//
f 1864// 1778// 1865//
f 1865// 1778// 1786//
f 1865// 1786// 1866//
f 1866// 1786// 1777//
f 1866// 1777// 1867//
f 1867// 1777// 1775//
f 1867// 1775// 1868//
f 1868// 1775// 1772//
f 1868// 1772// 1869//
f 1869// 1772// 1796//
f 1869// 1796// 1870//
f 1870// 1796// 1795//
f 1870// 1795// 1871//
f 1871// 1795// 1792//
f 1871// 1792// 1872//
f 1872// 1792// 1797//
f 1872// 1797// 1873//
f 1873// 1797// 1790//
f 1873// 1790// 1874//
f 1874// 1790// 1788//
f 1874// 1788// 1861//
f 1875// 1784// 1787//
f 1875// 1787// 1876//
f 1876// 1787// 1789//
f 1876// 1789// 1877//
f 1877// 1789// 1791//
f 1877// 1791// 1878//
f 1878// 1791// 1793//
f 1878// 1793// 1879//
f 1879// 1793// 1794//
f 1879// 1794// 1880//
f 1880// 1794// 1774//
f 1880// 1774// 1881//
f 1881// 1774// 1773//
f 1881// 1773// 1882//
f 1882// 1773// 1776//
f 1882// 1776// 1883//
f 1883// 1776// 1780//
f 1883// 1780// 1884//
f 1884// 1780// 1779//
f 1884// 1779// 1885//
f 1885// 1779// 1781//
f 1885// 1781// 1886//
f 1886// 1781// 1784//
f 1886// 1784// 1875//
f 1887// 1807// 1799//
f 1887// 1799// 1888//
f 1888// 1799// 1798//
f 1888// 1798// 1889//
f 1889// 1798// 1805//
f 1889// 1805// 1890//
f 1890// 1805// 1806//
f 1890// 1806// 1891//
f 1891// 1806// 1801//
f 1891// 1801// 1892//
f 1892// 1801// 1803//
f 1892// 1803// 1893//
f 1893// 1803// 1802//
f 1893// 1802// 1894//
f 1894// 1802// 1807//
f 1894// 1807// 1887//
f 1895// 1800// 1808//
f 1895// 1808// 1896//
f 1896// 1808// 1804//
f 1896// 1804// 1897//
f 1897// 1804// 1800//
f 1897// 1800// 1895//
