v 1.95 -8.150001 0.0
v 1.127988 -8.150001 0.0
v 1.127988 -3.783772 0.0
newmtl 1
Ka 0.25098039215686274 0.25098039215686274 0.25098039215686274
Kd 0.25098039215686274 0.25098039215686274 0.25098039215686274
Ks 0.12549019607843137 0.12549019607843137 0.12549019607843137
d 0.0
endmtl
v -0.195243 -2.777675 0.0
v -0.195243 -2.887431 0.0
v -0.317195 -2.58774 0.0
v -0.219634 -3.667919 0.0
v -0.317195 -3.783772 0.0
v -0.219634 -3.777675 0.0
v 0.1 -3.783772 0.0
v 0.182805 -3.326455 0.0
v 0.182805 -3.667919 0.0
v 0.1 -3.326455 0.0
v 0.1 -3.667919 0.0
v -0.170853 -3.326455 0.0
v -0.170853 -3.216699 0.0
v 0.1 -3.216699 0.0
v 0.1 -2.887431 0.0
v 0.182805 -3.216699 0.0
v 0.182805 -2.887431 0.0
v 0.1 -2.777675 0.0
v 0.1 -2.58774 0.0
v 0.316952 -2.777675 0.0
v 0.414513 -2.58774 0.0
v 0.316952 -3.777675 0.0
v -1.947721 -3.497187 0.0
v -1.534611 -3.497187 0.0
v -2.047622 -3.774126 0.0
v -1.439146 -3.777675 0.0
v -2.047622 -3.783772 0.0
v -1.256219 -3.783772 0.0
v -1.292804 -3.777675 0.0
v -1.256219 -2.58774 0.0
v -1.670853 -2.777675 0.0
v -2.047622 -2.58774 0.0
v -1.805 -2.777675 0.0
v -2.047622 -3.399394 0.0
v 0.1 -0.41 0.0
v 0.3 -0.21 0.0
v 0.414513 -0.41 0.0
v 0.414513 -0.21 0.0
v 1.127988 -0.41 0.0
v 1.127988 8.150001 0.0
v 1.05 8.150001 0.0
v 0.45 8.150001 0.0
v 1.05 9.0 0.0
v 0.45 9.0 0.0
v 0.3 0.49 0.0
v 0.1 8.150001 0.0
v 0.414513 0.49 0.0
v 0.414513 8.150001 0.0
v 0.65 0.49 0.0
v 1.0 0.14 0.0
v 1.0 -0.21 0.0
v -1.9 -2.41 0.0
v -1.9 -1.71 0.0
v -2.047622 -1.51 0.0
v -1.256219 -1.71 0.0
v -1.256219 -1.51 0.0
v -1.2 -1.71 0.0
v -1.0 -1.51 0.0
v -1.2 -2.41 0.0
v -1.0 -2.58774 0.0
v -1.256219 -2.41 0.0
v -1.2 0.49 0.0
v -1.0 9.0 0.0
v -1.0 -0.41 0.0
v -2.047622 -0.41 0.0
v -2.047622 9.0 0.0
v -1.95 8.150001 0.0
v -1.95 9.0 0.0
v -1.05 9.0 0.0
v -1.05 8.150001 0.0
v -1.256219 8.150001 0.0
v -1.256219 0.49 0.0
v -1.9 0.49 0.0
v -1.9 -0.21 0.0
v -1.256219 -0.41 0.0
v -1.256219 -0.21 0.0
v -1.2 -0.21 0.0
v -0.8 -2.41 0.0
v -0.8 -1.71 0.0
v -0.317195 -1.71 0.0
v -0.317195 -1.51 0.0
v -0.1 -1.71 0.0
v 0.1 -1.51 0.0
v -0.1 -2.41 0.0
v -0.317195 -2.41 0.0
v 7.15 -3.783772 0.0
v 7.15 -9.0 0.0
v 6.45 -8.150001 0.0
v 6.45 -9.0 0.0
v 4.05 -8.150001 0.0
v 4.95 -8.150001 0.0
v 5.55 -8.150001 0.0
v 4.95 -9.0 0.0
v 5.55 -9.0 0.0
v 2.55 -8.150001 0.0
v 2.55 -9.0 0.0
v 1.95 -9.0 0.0
v 3.45 -8.150001 0.0
v 3.45 -9.0 0.0
v 4.05 -9.0 0.0
v 1.95 8.150001 0.0
v 7.15 -0.41 0.0
v 3.45 8.150001 0.0
v 3.45 9.0 0.0
v 4.05 9.0 0.0
v 4.05 8.150001 0.0
v 4.95 8.150001 0.0
v 2.55 8.150001 0.0
v 2.55 9.0 0.0
v 1.95 9.0 0.0
v 6.45 9.0 0.0
v 7.15 9.0 0.0
v 6.45 8.150001 0.0
v 5.55 8.150001 0.0
v 5.55 9.0 0.0
v 4.95 9.0 0.0
v -0.8 0.49 0.0
v -0.45 8.150001 0.0
v -0.317195 0.49 0.0
v -0.317195 8.150001 0.0
v -0.1 0.49 0.0
v -0.45 9.0 0.0
v -0.8 -0.21 0.0
v -0.317195 -0.41 0.0
v -0.317195 -0.21 0.0
v -0.1 -0.21 0.0
v -7.15 -0.41 0.0
v -7.15 9.0 0.0
v -6.45 8.150001 0.0
v -6.45 9.0 0.0
v -5.55 8.150001 0.0
v -4.05 8.150001 0.0
v -4.95 8.150001 0.0
v -4.95 9.0 0.0
v -5.55 9.0 0.0
v -2.55 9.0 0.0
v -2.55 8.150001 0.0
v -3.45 8.150001 0.0
v -3.45 9.0 0.0
v -4.05 9.0 0.0
v -2.047622 -9.0 0.0
v -2.55 -9.0 0.0
v -2.55 -8.150001 0.0
v -3.45 -8.150001 0.0
v -3.45 -9.0 0.0
v -4.05 -9.0 0.0
v -4.05 -8.150001 0.0
v -4.95 -8.150001 0.0
v -7.15 -3.783772 0.0
v -6.45 -9.0 0.0
v -7.15 -9.0 0.0
v -6.45 -8.150001 0.0
v -5.55 -8.150001 0.0
v -5.55 -9.0 0.0
v -4.95 -9.0 0.0
v -1.0 -9.0 0.0
v -1.05 -9.0 0.0
v -1.05 -8.150001 0.0
v -1.95 -9.0 0.0
v -1.95 -8.150001 0.0
v -1.256219 -8.150001 0.0
v -1.0 -3.783772 0.0
v -0.45 -9.0 0.0
v -0.45 -8.150001 0.0
v -0.317195 -8.150001 0.0
v 0.1 -8.150001 0.0
v 0.414513 -8.150001 0.0
v 0.414513 -3.783772 0.0
v 0.45 -8.150001 0.0
v 1.05 -8.150001 0.0
v 0.45 -9.0 0.0
v 1.05 -9.0 0.0
v 0.787226 -3.78987 0.0
v 0.846034 -3.783772 0.0
v -0.1 -0.61 0.0
v -0.1 -1.31 0.0
v -0.317195 -1.31 0.0
v -0.8 -1.31 0.0
v -0.8 -0.61 0.0
v -0.317195 -0.61 0.0
v -1.9 -1.31 0.0
v -1.9 -0.61 0.0
v -1.256219 -0.61 0.0
v -1.2 -0.61 0.0
v -1.2 -1.31 0.0
v -1.256219 -1.31 0.0
v 0.3 -2.41 0.0
v 0.3 -1.71 0.0
v 0.414513 -1.71 0.0
v 0.414513 -1.51 0.0
v 1.0 -1.71 0.0
v 1.127988 -1.51 0.0
v 1.0 -2.41 0.0
v 1.127988 -2.58774 0.0
v 0.414513 -2.41 0.0
v 1.0 -0.61 0.0
v 1.0 -1.31 0.0
v 0.414513 -1.31 0.0
v 0.3 -1.31 0.0
v 0.3 -0.61 0.0
v 0.414513 -0.61 0.0
v -0.925629 -3.732529 0.0
v -0.810401 -3.766874 0.0
v -0.686669 -3.777675 0.0
v -0.414756 -3.777675 0.0
v -0.414756 -2.777675 0.0
v -0.696958 -2.777675 0.0
v -0.841431 -2.793118 0.0
v -1.068319 -2.908063 0.0
v -1.139035 -2.986476 0.0
v -1.185508 -3.072478 0.0
v -1.169699 -3.503597 0.0
v -1.112352 -3.593041 0.0
v -1.030042 -3.671851 0.0
v -1.0 -3.68931 0.0
v -0.958432 -2.834203 0.0
v -1.0 -2.86206 0.0
v -1.067273 -2.907145 0.0
v -1.212366 -3.171003 0.0
v -1.219634 -3.265099 0.0
v -1.205601 -3.398928 0.0
v 0.512074 -3.61609 0.0
v 0.512074 -3.725846 0.0
v 0.1 -3.777675 0.0
v 0.618668 -3.769613 0.0
v 0.719716 -3.783772 0.0
v 0.759883 -3.789401 0.0
v 1.127988 -2.931603 0.0
v 1.054306 -2.86074 0.0
v 0.62769 -2.77374 0.0
v 0.512074 -2.805114 0.0
v 0.512074 -2.93926 0.0
v 0.624713 -2.891027 0.0
v 0.529996 -3.626017 0.0
v 0.746258 -2.875236 0.0
v 0.844727 -2.886294 0.0
v 0.919575 -2.913306 0.0
v 0.98879 -2.95961 0.0
v 1.049177 -3.026277 0.0
v 1.12183 -3.288346 0.0
v 1.111704 -3.396601 0.0
v 1.084536 -3.482615 0.0
v 0.862015 -3.669651 0.0
v 0.768743 -3.680114 0.0
v 0.934879 -3.642827 0.0
v 0.996252 -3.601462 0.0
v 1.043178 -3.551955 0.0
v 0.636002 -3.665381 0.0
v 0.959322 -2.806066 0.0
v 0.847841 -2.773679 0.0
v 0.747401 -2.76548 0.0
v 1.090404 -3.103487 0.0
v 1.11706 -3.21054 0.0
v 1.341342 -3.777675 0.0
v 1.853537 -3.777675 0.0
v 1.853537 -2.777675 0.0
v 7.15 -2.58774 0.0
v 1.144588 -2.947567 0.0
v 1.719391 -2.777675 0.0
v 1.2032 -3.041061 0.0
v 1.719391 -3.667919 0.0
v 1.255976 -3.296539 0.0
v 1.241591 -3.154369 0.0
v 1.007386 -3.74373 0.0
v 1.087825 -3.692364 0.0
v 1.127988 -3.65008 0.0
v 1.162937 -3.613287 0.0
v 1.341342 -3.667919 0.0
v 1.21621 -3.518201 0.0
v 1.246306 -3.412352 0.0
v 0.910462 -3.777092 0.0
v 7.15 -1.51 0.0
v -7.15 -1.51 0.0
v -7.15 -2.58774 0.0
v -2.195244 -3.777675 0.0
v -2.048902 -3.777675 0.0
v -6.45 -9.0 0.8
v -6.45 -9.0 0.81
v -6.45 -8.55 0.8
newmtl 2
Ka 1.0 1.0 0.5019607843137255
Kd 1.0 1.0 0.5019607843137255
Ks 0.5019607843137255 0.5019607843137255 0.25098039215686274
d 0.0
endmtl
v -6.45 -8.55 0.81
v -5.55 -9.0 0.81
v -5.55 -9.0 0.8
v -5.55 -8.55 0.81
v -5.55 -8.55 0.8
v -6.303109 -8.825001 0.81
v -6.247488 -8.752513 0.81
v -6.175 -8.696892 0.81
v -6.338074 -8.909413 0.81
v -6.35 -9.0 0.81
v -6.090587 -8.661926 0.81
v -6.0 -8.650001 0.81
v -5.909413 -8.661926 0.81
v -5.825 -8.696892 0.81
v -5.752513 -8.752513 0.81
v -5.696891 -8.825001 0.81
v -5.661926 -8.909413 0.81
v -5.65 -9.0 0.81
v -4.95 -9.0 0.8
v -4.95 -9.0 0.81
v -4.95 -8.55 0.8
v -4.95 -8.55 0.81
v -4.05 -9.0 0.81
v -4.05 -9.0 0.8
v -4.05 -8.55 0.81
v -4.05 -8.55 0.8
v -4.803109 -8.825001 0.81
v -4.747488 -8.752513 0.81
v -4.675 -8.696892 0.81
v -4.590587 -8.661926 0.81
v -4.5 -8.650001 0.81
v -4.409413 -8.661926 0.81
v -4.325 -8.696892 0.81
v -4.838074 -8.909413 0.81
v -4.85 -9.0 0.81
v -4.252512 -8.752513 0.81
v -4.196891 -8.825001 0.81
v -4.161926 -8.909413 0.81
v -4.15 -9.0 0.81
v -3.45 -9.0 0.8
v -3.45 -9.0 0.81
v -3.45 -8.55 0.8
v -3.45 -8.55 0.81
v -2.55 -9.0 0.81
v -2.55 -9.0 0.8
v -2.55 -8.55 0.81
v -2.55 -8.55 0.8
v -3.303109 -8.825001 0.81
v -3.247487 -8.752513 0.81
v -3.175 -8.696892 0.81
v -3.338074 -8.909413 0.81
v -3.35 -9.0 0.81
v -3.090587 -8.661926 0.81
v -3.0 -8.650001 0.81
v -2.909413 -8.661926 0.81
v -2.825 -8.696892 0.81
v -2.752513 -8.752513 0.81
v -2.696891 -8.825001 0.81
v -2.661926 -8.909413 0.81
v -2.65 -9.0 0.81
v -1.95 -9.0 0.8
v -1.95 -9.0 0.81
v -1.95 -8.55 0.8
v -1.95 -8.55 0.81
v -1.05 -9.0 0.81
v -1.05 -9.0 0.8
v -1.05 -8.55 0.81
v -1.05 -8.55 0.8
v -1.803109 -8.825001 0.81
v -1.747487 -8.752513 0.81
v -1.675 -8.696892 0.81
v -1.838074 -8.909413 0.81
v -1.85 -9.0 0.81
v -1.590587 -8.661926 0.81
v -1.5 -8.650001 0.81
v -1.409413 -8.661926 0.81
v -1.325 -8.696892 0.81
v -1.252513 -8.752513 0.81
v -1.196891 -8.825001 0.81
v -1.161926 -8.909413 0.81
v -1.15 -9.0 0.81
v -0.45 -9.0 0.8
v -0.45 -9.0 0.81
v -0.45 -8.55 0.8
v -0.45 -8.55 0.81
v 0.45 -9.0 0.81
v 0.45 -9.0 0.8
v 0.45 -8.55 0.81
v 0.45 -8.55 0.8
v -0.303109 -8.825001 0.81
v -0.247487 -8.752513 0.81
v -0.175 -8.696892 0.81
v -0.338074 -8.909413 0.81
v -0.35 -9.0 0.81
v 0.175 -8.696892 0.81
v 0.247487 -8.752513 0.81
v 0.303109 -8.825001 0.81
v 0.338074 -8.909413 0.81
v 0.35 -9.0 0.81
v -0.090587 -8.661926 0.81
v 0.0 -8.650001 0.81
v 0.090587 -8.661926 0.81
v 1.05 -9.0 0.8
v 1.05 -9.0 0.81
v 1.05 -8.55 0.8
v 1.05 -8.55 0.81
v 1.95 -9.0 0.81
v 1.95 -9.0 0.8
v 1.95 -8.55 0.81
newmtl 3
Ka 0.5019607843137255 0.25098039215686274 0.0
Kd 0.5019607843137255 0.25098039215686274 0.0
Ks 0.44313725490196076 0.2196078431372549 0.0
d 0.0
endmtl
v 1.95 -8.55 0.8
v 1.196891 -8.825001 0.81
v 1.252513 -8.752513 0.81
v 1.325 -8.696892 0.81
v 1.161926 -8.909413 0.81
v 1.15 -9.0 0.81
v 1.409413 -8.661926 0.81
v 1.5 -8.650001 0.81
v 1.590587 -8.661926 0.81
v 1.675 -8.696892 0.81
v 1.747487 -8.752513 0.81
v 1.803109 -8.825001 0.81
v 1.838074 -8.909413 0.81
v 1.85 -9.0 0.81
v 2.55 -9.0 0.8
v 2.55 -9.0 0.81
v 2.55 -8.55 0.8
v 2.55 -8.55 0.81
v 3.45 -9.0 0.81
v 3.45 -9.0 0.8
v 3.45 -8.55 0.81
v 3.45 -8.55 0.8
v 2.696891 -8.825001 0.81
v 2.752513 -8.752513 0.81
v 2.825 -8.696892 0.81
v 2.661926 -8.909413 0.81
v 2.65 -9.0 0.81
v 2.909413 -8.661926 0.81
v 3.0 -8.650001 0.81
v 3.090587 -8.661926 0.81
v 3.175 -8.696892 0.81
v 3.247487 -8.752513 0.81
v 3.303109 -8.825001 0.81
v 3.338074 -8.909413 0.81
v 3.35 -9.0 0.81
v 4.05 -9.0 0.8
v 4.05 -9.0 0.81
v 4.05 -8.55 0.8
v 4.05 -8.55 0.81
v 4.95 -9.0 0.81
v 4.95 -9.0 0.8
v 4.95 -8.55 0.81
v 4.95 -8.55 0.8
v 4.196891 -8.825001 0.81
v 4.252512 -8.752513 0.81
v 4.325 -8.696892 0.81
v 4.161926 -8.909413 0.81
v 4.15 -9.0 0.81
v 4.409413 -8.661926 0.81
v 4.5 -8.650001 0.81
v 4.590587 -8.661926 0.81
v 4.675 -8.696892 0.81
v 4.747488 -8.752513 0.81
v 4.803109 -8.825001 0.81
v 4.838074 -8.909413 0.81
v 4.85 -9.0 0.81
v 5.55 -9.0 0.8
v 5.55 -9.0 0.81
v 5.55 -8.55 0.8
v 5.55 -8.55 0.81
v 6.45 -9.0 0.81
v 6.45 -9.0 0.8
v 6.45 -8.55 0.81
v 6.45 -8.55 0.8
v 5.696891 -8.825001 0.81
v 5.752513 -8.752513 0.81
v 5.825 -8.696892 0.81
v 5.661926 -8.909413 0.81
v 5.65 -9.0 0.81
v 5.909413 -8.661926 0.81
v 6.0 -8.650001 0.81
v 6.090587 -8.661926 0.81
v 6.175 -8.696892 0.81
v 6.247488 -8.752513 0.81
v 6.303109 -8.825001 0.81
v 6.338074 -8.909413 0.81
v 6.35 -9.0 0.81
v -6.35 -9.0 -0.01
v -6.45 -9.0 -0.01
v -7.15 -9.0 0.8
v -4.95 -9.0 -0.01
v -4.85 -9.0 -0.01
v -5.65 -9.0 -0.01
v -5.55 -9.0 -0.01
v -3.45 -9.0 -0.01
v -3.35 -9.0 -0.01
v -4.15 -9.0 -0.01
v -4.05 -9.0 -0.01
v -1.95 -9.0 -0.01
v -1.85 -9.0 -0.01
v -2.65 -9.0 -0.01
v -2.55 -9.0 -0.01
v -0.45 -9.0 -0.01
v -0.35 -9.0 -0.01
v -1.15 -9.0 -0.01
v -1.05 -9.0 -0.01
v 1.05 -9.0 -0.01
v 1.15 -9.0 -0.01
v 0.35 -9.0 -0.01
v 0.45 -9.0 -0.01
v 2.55 -9.0 -0.01
v 2.65 -9.0 -0.01
v 1.85 -9.0 -0.01
v 1.95 -9.0 -0.01
v 4.05 -9.0 -0.01
v 4.15 -9.0 -0.01
v 3.35 -9.0 -0.01
v 3.45 -9.0 -0.01
v 5.55 -9.0 -0.01
v 5.65 -9.0 -0.01
v 4.85 -9.0 -0.01
v 4.95 -9.0 -0.01
v 6.35 -9.0 -0.01
v 6.45 -9.0 -0.01
v 7.15 -9.0 0.8
v 4.05 8.55 0.8
v 4.05 9.0 0.8
v 3.45 9.0 0.8
v 7.15 9.0 0.8
v 6.45 9.0 0.8
v 6.45 8.55 0.8
v 5.779409 7.982963 0.8
v 5.9 7.933013 0.8
v 6.003553 7.853554 0.8
v 6.083013 7.75 0.8
v 5.9 -3.933012 0.8
v 5.3 -4.84213 0.8
v 6.003553 -3.853554 0.8
v 6.083013 -3.75 0.8
v 5.65 8.0 0.8
v 5.55 8.55 0.8
v -5.65 8.0 0.8
v 3.45 8.55 0.8
v 2.55 8.55 0.8
v 5.55 9.0 0.8
v 4.95 9.0 0.8
v 4.95 8.55 0.8
v 0.45 8.55 0.8
v -0.45 8.55 0.8
v 5.779409 -3.982963 0.8
v 5.65 -4.0 0.8
v 3.0 -4.84213 0.8
v 2.65 -4.0 0.8
v 2.520591 -4.017037 0.8
v 6.132963 7.629409 0.8
v 6.15 7.5 0.8
v 6.15 -3.5 0.8
v 6.132963 -3.62941 0.8
v 1.05 8.55 0.8
v 1.05 9.0 0.8
v 0.45 9.0 0.8
v -5.779409 7.982963 0.8
v -2.55 8.55 0.8
v -3.45 8.55 0.8
v 5.3 -7.142129 0.8
v 2.55 9.0 0.8
v 1.95 9.0 0.8
v 1.95 8.55 0.8
v -0.45 9.0 0.8
v -1.05 9.0 0.8
v -1.05 8.55 0.8
v -1.95 8.55 0.8
v -1.95 9.0 0.8
v -2.55 9.0 0.8
v -3.45 9.0 0.8
v -4.05 9.0 0.8
v -4.05 8.55 0.8
v -4.95 8.55 0.8
v -5.9 7.933013 0.8
v -4.95 9.0 0.8
v -5.55 9.0 0.8
v -5.55 8.55 0.8
v -6.45 9.0 0.8
v -7.15 9.0 0.8
v -6.45 8.55 0.8
v -6.083013 7.75 0.8
v -6.003553 7.853554 0.8
v -5.779409 -7.982963 0.8
v -5.9 -7.933013 0.8
v -5.65 -8.0 0.8
v 1.65 -8.0 0.8
v -6.003553 -7.853554 0.8
v -6.083013 -7.75 0.8
v -6.132963 -7.629409 0.8
v -6.15 -7.5 0.8
v -6.15 7.5 0.8
v -6.132963 7.629409 0.8
v 1.77941 -7.982963 0.8
v 2.003553 -7.853554 0.8
v 1.9 -7.933013 0.8
v 3.0 -7.142129 0.8
v 2.083013 -7.75 0.8
v 2.132963 -7.629409 0.8
v 2.4 -4.066988 0.8
v 2.296447 -4.146447 0.8
v 2.216987 -4.25 0.8
v 2.167037 -4.370591 0.8
v 2.15 -4.5 0.8
v 2.15 -7.5 0.8
v -3.45 9.0 0.81
v -3.35 9.0 0.81
v -4.15 9.0 -0.01
v -4.15 9.0 0.81
v -4.05 9.0 0.81
v -3.35 9.0 -0.01
v -3.45 9.0 -0.01
v -4.05 9.0 -0.01
v -1.95 9.0 0.81
v -1.85 9.0 0.81
v -2.65 9.0 -0.01
v -2.65 9.0 0.81
v -2.55 9.0 0.81
v -1.85 9.0 -0.01
v -1.95 9.0 -0.01
v -2.55 9.0 -0.01
v -0.45 9.0 0.81
v -0.35 9.0 0.81
v -1.15 9.0 -0.01
v -1.15 9.0 0.81
v -1.05 9.0 0.81
v -0.35 9.0 -0.01
v -0.45 9.0 -0.01
v -1.05 9.0 -0.01
v 1.05 9.0 0.81
v 1.15 9.0 0.81
v 0.35 9.0 -0.01
v 0.35 9.0 0.81
v 0.45 9.0 0.81
v 1.15 9.0 -0.01
v 1.05 9.0 -0.01
v 0.45 9.0 -0.01
v 2.55 9.0 0.81
v 2.65 9.0 0.81
v 1.85 9.0 -0.01
v 1.85 9.0 0.81
v 1.95 9.0 0.81
v 2.65 9.0 -0.01
v 2.55 9.0 -0.01
v 1.95 9.0 -0.01
v 4.05 9.0 0.81
v 4.15 9.0 0.81
v 3.35 9.0 -0.01
v 3.35 9.0 0.81
v 3.45 9.0 0.81
v 4.15 9.0 -0.01
v 4.05 9.0 -0.01
v 3.45 9.0 -0.01
v 5.55 9.0 0.81
v 5.65 9.0 0.81
v 4.85 9.0 -0.01
v 4.85 9.0 0.81
v 4.95 9.0 0.81
v 5.65 9.0 -0.01
v 5.55 9.0 -0.01
v 4.95 9.0 -0.01
v 6.35 9.0 -0.01
v 6.35 9.0 0.81
v 6.45 9.0 0.81
v 6.45 9.0 -0.01
v -5.55 9.0 -0.01
v -5.65 9.0 -0.01
v -4.85 9.0 0.81
v -4.85 9.0 -0.01
v -4.95 9.0 -0.01
v -5.65 9.0 0.81
v -5.55 9.0 0.81
v -4.95 9.0 0.81
v -6.35 9.0 0.81
v -6.35 9.0 -0.01
v -6.45 9.0 -0.01
v -6.45 9.0 0.81
v 6.15 -3.5 2.7
newmtl 4
Ka 1.0 1.0 1.0
Kd 1.0 1.0 1.0
Ks 0.5019607843137255 0.5019607843137255 0.5019607843137255
d 0.0
endmtl
v 6.15 7.5 2.7
v -5.65 8.0 2.7
v 5.65 8.0 2.7
v -6.15 7.5 2.7
v -6.15 -7.5 2.7
v 1.65 -8.0 2.7
v -5.65 -8.0 2.7
v 5.65 -3.5 3.2
v 5.65 7.5 3.2
v 5.140571 6.800603 3.2
v 4.561016 6.800603 3.2
v 4.550793 6.878249 3.2
v -5.65 7.5 3.2
v 5.110601 6.728249 3.2
v 5.062925 6.666117 3.2
v 5.000793 6.618442 3.2
v 4.773148 6.588471 3.2
v 2.02651 -3.718168 3.2
v 2.216116 -3.599031 3.2
v 5.110601 7.028249 3.2
v 5.140571 6.955894 3.2
v 5.150793 6.878249 3.2
v 4.561016 6.955894 3.2
v 4.590985 7.028249 3.2
v 4.638661 7.090381 3.2
v -5.65 -7.5 3.2
v 1.65 -7.5 3.2
v 1.65 -4.5 3.2
v 4.700793 7.138057 3.2
v 4.773148 7.168026 3.2
v 4.850793 7.178249 3.2
v 4.928439 7.168026 3.2
v 5.000793 7.138057 3.2
v 5.062925 7.090381 3.2
v 4.928439 6.588471 3.2
v 4.850793 6.578249 3.2
v 2.65 -3.5 3.2
v 2.427479 -3.525072 3.2
v 1.675072 -4.277479 3.2
v 1.749031 -4.066116 3.2
v 1.868168 -3.87651 3.2
v 4.700793 6.618442 3.2
v 4.638661 6.666117 3.2
v 4.590985 6.728249 3.2
v 2.15 -4.5 2.7
v 2.15 -7.5 2.7
v 5.65 -4.0 2.7
v 2.65 -4.0 2.7
v 6.132963 7.629409 2.7
v 6.083013 7.75 2.7
v 6.003553 7.853554 2.7
v 5.9 7.933013 2.7
v 5.779409 7.982963 2.7
v 5.779409 -3.5 3.182963
v 5.779409 7.5 3.182963
v 5.9 -3.5 3.133013
v 5.9 7.5 3.133013
v 6.003553 -3.5 3.053553
v 6.003553 7.5 3.053553
v 6.083013 -3.5 2.95
v 6.083013 7.5 2.95
v 6.132963 -3.5 2.829409
v 6.132963 7.5 2.829409
v 6.132963 -3.62941 2.7
v 6.083013 -3.75 2.7
v 6.003553 -3.853554 2.7
v 5.9 -3.933012 2.7
v 5.779409 -3.982963 2.7
v 5.65 7.982963 2.829409
v 5.775 7.966506 2.829409
v 5.775 7.716506 3.133013
v 5.714705 7.612072 3.182963
v 5.741507 7.591506 3.182963
v 5.775 7.533494 3.182963
v 5.683494 7.625 3.182963
v 5.714705 7.741481 3.133013
v 5.741507 7.841506 3.053553
v 5.65 7.629409 3.182963
v 5.826777 7.676776 3.133013
v 5.762072 7.564705 3.182963
v 5.866506 7.625 3.133013
v 5.891481 7.564705 3.133013
v 5.65 7.75 3.133013
v 5.65 7.853554 3.053553
v 5.65 7.933013 2.95
v 5.826777 7.806186 3.053553
v 5.9 7.75 3.053553
v 5.956186 7.676776 3.053553
v 5.991507 7.591506 3.053553
v 5.762072 7.918258 2.95
v 5.866506 7.875 2.95
v 5.956186 7.806186 2.95
v 6.025 7.716506 2.95
v 6.068258 7.612072 2.95
v 5.891481 7.918258 2.829409
v 5.991507 7.841506 2.829409
v 6.068258 7.741481 2.829409
v 6.116506 7.625 2.829409
v 6.116506 -3.625 2.829409
v 5.866506 -3.625 3.133013
v 5.762072 -3.564705 3.182963
v 5.741507 -3.591506 3.182963
v 5.65 -3.62941 3.182963
v 5.683494 -3.625 3.182963
v 5.775 -3.533494 3.182963
v 5.891481 -3.564705 3.133013
v 5.991507 -3.591506 3.053553
v 5.826777 -3.676777 3.133013
v 5.714705 -3.612072 3.182963
v 5.775 -3.716506 3.133013
v 5.714705 -3.741481 3.133013
v 5.65 -3.75 3.133013
v 5.956186 -3.676777 3.053553
v 5.9 -3.75 3.053553
v 5.826777 -3.806186 3.053553
v 5.741507 -3.841506 3.053553
v 5.65 -3.853554 3.053553
v 6.068258 -3.612072 2.95
v 6.025 -3.716506 2.95
v 5.956186 -3.806186 2.95
v 5.866506 -3.875 2.95
v 5.762072 -3.918258 2.95
v 5.65 -3.933012 2.95
v 6.068258 -3.741481 2.829409
v 5.991507 -3.841506 2.829409
v 5.891481 -3.918258 2.829409
v 5.775 -3.966506 2.829409
v 5.65 -3.982963 2.829409
v -5.779409 7.982963 2.7
v -5.9 7.933013 2.7
v -6.003553 7.853554 2.7
v -6.083013 7.75 2.7
v -6.132963 7.629409 2.7
v -5.65 7.629409 3.182963
v -5.65 7.75 3.133013
v -5.65 7.853554 3.053553
v -5.65 7.933013 2.95
v -5.65 7.982963 2.829409
v 2.65 -3.982963 2.829409
v 2.65 -3.933012 2.95
v 2.65 -3.853554 3.053553
v 2.65 -3.75 3.133013
v 2.65 -3.62941 3.182963
v 2.162536 -4.38874 2.7
v 2.168685 -4.371167 2.7
v 2.199516 -4.283058 2.7
v 2.219353 -4.251487 2.7
v 2.259084 -4.188255 2.7
v 2.29867 -4.14867 2.7
v 2.338255 -4.109084 2.7
v 2.401487 -4.069354 2.7
v 2.433058 -4.049515 2.7
v 2.521167 -4.018685 2.7
v 2.538739 -4.012536 2.7
v -6.132963 7.5 2.829409
v -6.116506 7.625 2.829409
v -5.866506 7.625 3.133013
v -5.762072 7.564705 3.182963
v -5.741507 7.591506 3.182963
v -5.683494 7.625 3.182963
v -5.775 7.533494 3.182963
v -5.891481 7.564705 3.133013
v -5.991507 7.591506 3.053553
v -5.779409 7.5 3.182963
v -5.826777 7.676776 3.133013
v -5.714705 7.612072 3.182963
v -5.775 7.716506 3.133013
v -5.714705 7.741481 3.133013
v -5.9 7.5 3.133013
v -6.003553 7.5 3.053553
v -6.083013 7.5 2.95
v -5.956186 7.676776 3.053553
v -5.9 7.75 3.053553
v -5.826777 7.806186 3.053553
v -5.741507 7.841506 3.053553
v -6.068258 7.612072 2.95
v -6.025 7.716506 2.95
v -5.956186 7.806186 2.95
v -5.866506 7.875 2.95
v -5.762072 7.918258 2.95
v -6.068258 7.741481 2.829409
v -5.991507 7.841506 2.829409
v -5.891481 7.918258 2.829409
v -5.775 7.966506 2.829409
v 1.77941 -4.5 3.182963
v 1.801237 -4.306275 3.182963
v 1.9 -4.5 3.133013
v 1.918804 -4.333109 3.133013
v 2.003553 -4.5 3.053553
v 2.019761 -4.356152 3.053553
v 2.083013 -4.5 2.95
v 2.097228 -4.373834 2.95
v 2.132963 -4.5 2.829409
v 2.145926 -4.384948 2.829409
v 2.184166 -4.275666 2.829409
v 2.245764 -4.177633 2.829409
v 2.327633 -4.095764 2.829409
v 2.425666 -4.034166 2.829409
v 2.534949 -3.995926 2.829409
v 2.139162 -4.253994 2.95
v 2.206712 -4.146489 2.95
v 2.296489 -4.056712 2.95
v 2.403993 -3.989162 2.95
v 2.523834 -3.947228 2.95
v 2.067572 -4.219517 3.053553
v 2.144588 -4.096947 3.053553
v 2.246947 -3.994588 3.053553
v 2.369517 -3.917572 3.053553
v 2.506152 -3.869761 3.053553
v 1.974273 -4.174587 3.133013
v 2.063627 -4.032383 3.133013
v 2.182383 -3.913626 3.133013
v 2.324587 -3.824273 3.133013
v 2.483109 -3.768804 3.133013
v 1.865625 -4.122265 3.182963
v 1.969345 -3.957196 3.182963
v 2.107196 -3.819345 3.182963
v 2.272265 -3.715625 3.182963
v 2.456275 -3.651237 3.182963
v -6.132963 -7.629409 2.7
v -6.083013 -7.75 2.7
v -6.003553 -7.853554 2.7
v -5.9 -7.933013 2.7
v -5.779409 -7.982963 2.7
v -5.779409 -7.5 3.182963
v -5.9 -7.5 3.133013
v -6.003553 -7.5 3.053553
v -6.083013 -7.5 2.95
v -6.132963 -7.5 2.829409
v 2.132963 -7.5 2.829409
v 2.083013 -7.5 2.95
v 2.003553 -7.5 3.053553
v 1.9 -7.5 3.133013
v 1.77941 -7.5 3.182963
v 2.132963 -7.629409 2.7
v 2.083013 -7.75 2.7
v 2.003553 -7.853554 2.7
v 1.9 -7.933013 2.7
v 1.77941 -7.982963 2.7
v -5.65 -7.982963 2.829409
v -5.775 -7.966506 2.829409
v -5.775 -7.716506 3.133013
v -5.714705 -7.612072 3.182963
v -5.741507 -7.591506 3.182963
v -5.775 -7.533494 3.182963
v -5.683494 -7.625 3.182963
v -5.714705 -7.741481 3.133013
v -5.741507 -7.841506 3.053553
v -5.65 -7.629409 3.182963
v -5.826777 -7.676776 3.133013
v -5.762072 -7.564705 3.182963
v -5.866506 -7.625 3.133013
v -5.891481 -7.564705 3.133013
v -5.65 -7.75 3.133013
v -5.65 -7.853554 3.053553
v -5.65 -7.933013 2.95
v -5.826777 -7.806186 3.053553
v -5.9 -7.75 3.053553
v -5.956186 -7.676776 3.053553
v -5.991507 -7.591506 3.053553
v -5.762072 -7.918258 2.95
v -5.866506 -7.875 2.95
v -5.956186 -7.806186 2.95
v -6.025 -7.716506 2.95
v -6.068258 -7.612072 2.95
v -5.891481 -7.918258 2.829409
v -5.991507 -7.841506 2.829409
v -6.068258 -7.741481 2.829409
v -6.116506 -7.625 2.829409
v 2.116506 -7.625 2.829409
v 1.866506 -7.625 3.133013
v 1.762072 -7.564705 3.182963
v 1.741506 -7.591506 3.182963
v 1.65 -7.629409 3.182963
v 1.683494 -7.625 3.182963
v 1.775 -7.533494 3.182963
v 1.891481 -7.564705 3.133013
v 1.991506 -7.591506 3.053553
v 1.826777 -7.676776 3.133013
v 1.714705 -7.612072 3.182963
v 1.775 -7.716506 3.133013
v 1.714705 -7.741481 3.133013
v 1.65 -7.75 3.133013
v 1.956186 -7.676776 3.053553
v 1.9 -7.75 3.053553
v 1.826777 -7.806186 3.053553
v 1.741506 -7.841506 3.053553
v 1.65 -7.853554 3.053553
v 2.068258 -7.612072 2.95
v 2.025 -7.716506 2.95
v 1.956186 -7.806186 2.95
v 1.866506 -7.875 2.95
v 1.762072 -7.918258 2.95
v 1.65 -7.933013 2.95
v 2.068258 -7.741481 2.829409
v 1.991506 -7.841506 2.829409
v 1.891481 -7.918258 2.829409
v 1.775 -7.966506 2.829409
v 1.65 -7.982963 2.829409
v 5.150793 6.878249 3.199
v 5.140571 6.955894 3.199
newmtl 5
Ka 0.0 0.0 0.0
Kd 0.0 0.0 0.0
Ks 0.0 0.0 0.0
d 0.0
endmtl
v 5.110601 7.028249 3.199
v 5.062925 7.090381 3.199
v 5.000793 7.138057 3.199
v 4.928439 7.168026 3.199
v 4.850793 7.178249 3.199
v 4.773148 7.168026 3.199
v 4.700793 7.138057 3.199
v 4.638661 7.090381 3.199
v 4.590985 7.028249 3.199
v 4.561016 6.955894 3.199
v 4.550793 6.878249 3.199
v 4.561016 6.800603 3.199
v 4.590985 6.728249 3.199
v 4.638661 6.666117 3.199
v 4.700793 6.618442 3.199
v 4.773148 6.588471 3.199
v 4.850793 6.578249 3.199
v 4.928439 6.588471 3.199
v 5.000793 6.618442 3.199
v 5.062925 6.666117 3.199
v 5.110601 6.728249 3.199
v 5.140571 6.800603 3.199
v 4.850793 6.878249 3.199
v 3.0 -7.142129 1.1
v 3.0 -4.84213 1.1
newmtl 6
Ka 0.7529411764705882 0.7529411764705882 0.7529411764705882
Kd 0.7529411764705882 0.7529411764705882 0.7529411764705882
Ks 0.3764705882352941 0.3764705882352941 0.3764705882352941
d 0.0
endmtl
v 5.3 -7.142129 1.1
v 5.3 -4.84213 1.1
v 3.917063 -5.122796 1.1
v 4.15 -5.09213 1.1
v 4.929423 -6.44213 1.1
v 4.786396 -6.628525 1.1
v 3.917063 -6.861463 1.1
v 4.15 -6.892129 1.1
v 3.7 -6.771553 1.1
v 3.513604 -6.628525 1.1
v 3.370577 -6.44213 1.1
v 5.019333 -5.759192 1.1
v 5.05 -5.992129 1.1
v 5.019333 -6.225067 1.1
v 4.382937 -5.122796 1.1
v 4.6 -5.212707 1.1
v 4.6 -6.771553 1.1
v 4.382937 -6.861463 1.1
v 3.280667 -6.225067 1.1
v 3.25 -5.992129 1.1
v 3.280667 -5.759192 1.1
v 3.370577 -5.54213 1.1
v 3.513604 -5.355733 1.1
v 3.7 -5.212707 1.1
v 4.786396 -5.355733 1.1
v 4.929423 -5.54213 1.1
v 3.45 -5.992129 1.9
v 3.25 -5.992129 1.9
v 3.473852 -6.173303 1.9
newmtl 7
Ka 1.0 1.0 0.0
Kd 1.0 1.0 0.0
Ks 0.5019607843137255 0.5019607843137255 0.0
d 0.0
endmtl
v 3.280667 -6.225067 1.9
v 3.543782 -6.342129 1.9
v 3.370577 -6.44213 1.9
v 3.655025 -6.487104 1.9
v 3.513604 -6.628525 1.9
v 3.8 -6.598347 1.9
v 3.7 -6.771553 1.9
v 3.968827 -6.668278 1.9
v 3.917063 -6.861463 1.9
v 4.15 -6.692129 1.9
v 4.15 -6.892129 1.9
v 4.331173 -6.668278 1.9
v 4.382937 -6.861463 1.9
v 4.5 -6.598347 1.9
v 4.6 -6.771553 1.9
v 4.644975 -6.487104 1.9
v 4.786396 -6.628525 1.9
v 4.756218 -6.342129 1.9
v 4.929423 -6.44213 1.9
v 4.826148 -6.173303 1.9
v 5.019333 -6.225067 1.9
v 4.85 -5.992129 1.9
v 5.05 -5.992129 1.9
v 4.826148 -5.810956 1.9
v 5.019333 -5.759192 1.9
v 4.756218 -5.642129 1.9
v 4.929423 -5.54213 1.9
v 4.644975 -5.497155 1.9
v 4.786396 -5.355733 1.9
v 4.5 -5.385911 1.9
v 4.6 -5.212707 1.9
v 4.331173 -5.315981 1.9
v 4.382937 -5.122796 1.9
v 4.15 -5.292129 1.9
v 4.15 -5.09213 1.9
v 3.968827 -5.315981 1.9
v 3.917063 -5.122796 1.9
v 3.8 -5.385911 1.9
v 3.7 -5.212707 1.9
v 3.655025 -5.497155 1.9
v 3.513604 -5.355733 1.9
v 3.543782 -5.642129 1.9
v 3.370577 -5.54213 1.9
v 3.473852 -5.810956 1.9
v 3.280667 -5.759192 1.9
v 3.45 -5.992129 1.1
v 3.473852 -5.810956 1.1
v 3.543782 -5.642129 1.1
v 3.655025 -5.497155 1.1
v 3.8 -5.385911 1.1
v 3.968827 -5.315981 1.1
v 4.15 -5.292129 1.1
v 4.331173 -5.315981 1.1
v 4.5 -5.385911 1.1
v 4.644975 -5.497155 1.1
v 4.756218 -5.642129 1.1
v 4.826148 -5.810956 1.1
v 4.85 -5.992129 1.1
v 4.826148 -6.173303 1.1
v 4.756218 -6.342129 1.1
v 4.644975 -6.487104 1.1
v 4.5 -6.598347 1.1
v 4.331173 -6.668278 1.1
v 4.15 -6.692129 1.1
v 3.968827 -6.668278 1.1
v 3.8 -6.598347 1.1
v 3.655025 -6.487104 1.1
v 3.543782 -6.342129 1.1
v 3.473852 -6.173303 1.1
v 4.3 -5.732322 1.1
v 4.227646 -5.702352 1.1
v 4.15 -5.69213 1.1
v 4.072354 -5.702352 1.1
v 4.0 -5.732322 1.1
v 3.937868 -5.779997 1.1
v 3.890192 -5.842129 1.1
v 3.860222 -5.914484 1.1
v 3.85 -5.992129 1.1
v 3.860222 -6.069775 1.1
v 3.890192 -6.142129 1.1
v 3.937868 -6.204261 1.1
v 4.0 -6.251937 1.1
v 4.072354 -6.281907 1.1
v 4.15 -6.29213 1.1
v 4.227646 -6.281907 1.1
v 4.3 -6.251937 1.1
v 4.362132 -6.204261 1.1
v 4.409808 -6.142129 1.1
v 4.439778 -6.069775 1.1
v 4.45 -5.992129 1.1
v 4.439778 -5.914484 1.1
v 4.409808 -5.842129 1.1
v 4.362132 -5.779997 1.1
v 3.860222 -5.914484 1.6
v 3.890192 -5.842129 1.6
v 3.937868 -5.779997 1.6
v 4.0 -5.732322 1.6
v 4.072354 -5.702352 1.6
v 4.15 -5.69213 1.6
v 4.227646 -5.702352 1.6
v 4.3 -5.732322 1.6
v 4.362132 -5.779997 1.6
v 4.409808 -5.842129 1.6
v 4.439778 -5.914484 1.6
v 4.45 -5.992129 1.6
v 4.439778 -6.069775 1.6
v 4.409808 -6.142129 1.6
v 4.362132 -6.204261 1.6
v 4.3 -6.251937 1.6
v 4.227646 -6.281907 1.6
v 4.15 -6.29213 1.6
v 4.072354 -6.281907 1.6
v 4.0 -6.251937 1.6
v 3.937868 -6.204261 1.6
v 3.890192 -6.142129 1.6
v 3.860222 -6.069775 1.6
v 3.85 -5.992129 1.6
v 4.15 -5.992129 1.9
v 4.225 -5.972034 1.889778
v 4.217243 -5.953306 1.889778
v 4.227646 -5.992129 1.889778
v 4.188823 -5.924886 1.889778
v 4.170096 -5.91713 1.889778
v 4.204904 -5.937226 1.889778
v 4.129904 -5.91713 1.889778
v 4.111177 -5.924886 1.889778
v 4.15 -5.914484 1.889778
v 4.082757 -5.953306 1.889778
v 4.075 -5.972034 1.889778
v 4.095096 -5.937226 1.889778
v 4.075 -6.012226 1.889778
v 4.082757 -6.030952 1.889778
v 4.072354 -5.992129 1.889778
v 4.111177 -6.059372 1.889778
v 4.129904 -6.067129 1.889778
v 4.095096 -6.047033 1.889778
v 4.170096 -6.067129 1.889778
v 4.188823 -6.059372 1.889778
v 4.15 -6.069775 1.889778
v 4.217243 -6.030952 1.889778
v 4.225 -6.012226 1.889778
v 4.204904 -6.047033 1.889778
v 4.294889 -5.953306 1.859808
v 4.279903 -5.91713 1.859808
v 4.256066 -5.886064 1.859808
v 4.225 -5.862226 1.859808
v 4.188823 -5.84724 1.859808
v 4.15 -5.842129 1.859808
v 4.111177 -5.84724 1.859808
v 4.075 -5.862226 1.859808
v 4.043934 -5.886064 1.859808
v 4.020096 -5.91713 1.859808
v 4.005111 -5.953306 1.859808
v 4.0 -5.992129 1.859808
v 4.005111 -6.030952 1.859808
v 4.020096 -6.067129 1.859808
v 4.043934 -6.098196 1.859808
v 4.075 -6.122033 1.859808
v 4.111177 -6.137018 1.859808
v 4.15 -6.142129 1.859808
v 4.188823 -6.137018 1.859808
v 4.225 -6.122033 1.859808
v 4.256066 -6.098196 1.859808
v 4.279903 -6.067129 1.859808
v 4.294889 -6.030952 1.859808
v 4.3 -5.992129 1.859808
v 4.354904 -5.937226 1.812132
v 4.333712 -5.886064 1.812132
v 4.3 -5.842129 1.812132
v 4.256066 -5.808418 1.812132
v 4.204904 -5.787225 1.812132
v 4.15 -5.779997 1.812132
v 4.095096 -5.787225 1.812132
v 4.043934 -5.808418 1.812132
v 4.0 -5.842129 1.812132
v 3.966288 -5.886064 1.812132
v 3.945096 -5.937226 1.812132
v 3.937868 -5.992129 1.812132
v 3.945096 -6.047033 1.812132
v 3.966288 -6.098196 1.812132
v 4.0 -6.142129 1.812132
v 4.043934 -6.175841 1.812132
v 4.095096 -6.197033 1.812132
v 4.15 -6.204261 1.812132
v 4.204904 -6.197033 1.812132
v 4.256066 -6.175841 1.812132
v 4.3 -6.142129 1.812132
v 4.333712 -6.098196 1.812132
v 4.354904 -6.047033 1.812132
v 4.362132 -5.992129 1.812132
v 4.400955 -5.924886 1.75
v 4.375 -5.862226 1.75
v 4.333712 -5.808418 1.75
v 4.279903 -5.767129 1.75
v 4.217243 -5.741174 1.75
v 4.15 -5.732322 1.75
v 4.082757 -5.741174 1.75
v 4.020096 -5.767129 1.75
v 3.966288 -5.808418 1.75
v 3.925 -5.862226 1.75
v 3.899045 -5.924886 1.75
v 3.890192 -5.992129 1.75
v 3.899045 -6.059372 1.75
v 3.925 -6.122033 1.75
v 3.966288 -6.175841 1.75
v 4.020096 -6.21713 1.75
v 4.082757 -6.243084 1.75
v 4.15 -6.251937 1.75
v 4.217243 -6.243084 1.75
v 4.279903 -6.21713 1.75
v 4.333712 -6.175841 1.75
v 4.375 -6.122033 1.75
v 4.400955 -6.059372 1.75
v 4.409808 -5.992129 1.75
v 4.429904 -5.91713 1.677646
v 4.400955 -5.84724 1.677646
v 4.354904 -5.787225 1.677646
v 4.294889 -5.741174 1.677646
v 4.225 -5.712225 1.677646
v 4.15 -5.702352 1.677646
v 4.075 -5.712225 1.677646
v 4.005111 -5.741174 1.677646
v 3.945096 -5.787225 1.677646
v 3.899045 -5.84724 1.677646
v 3.870096 -5.91713 1.677646
v 3.860222 -5.992129 1.677646
v 3.870096 -6.067129 1.677646
v 3.899045 -6.137018 1.677646
v 3.945096 -6.197033 1.677646
v 4.005111 -6.243084 1.677646
v 4.075 -6.272033 1.677646
v 4.15 -6.281907 1.677646
v 4.225 -6.272033 1.677646
v 4.294889 -6.243084 1.677646
v 4.354904 -6.197033 1.677646
v 4.400955 -6.137018 1.677646
v 4.429904 -6.067129 1.677646
v 4.439778 -5.992129 1.677646
v -6.338074 8.909413 -0.01
v -5.909413 8.661926 -0.01
v -5.825 8.696892 -0.01
v -5.55 8.150001 -0.01
v -6.45 8.150001 -0.01
v -6.303109 8.825001 -0.01
v -6.247488 8.752513 -0.01
v -5.752513 8.752513 -0.01
v -5.696891 8.825001 -0.01
v -5.661926 8.909413 -0.01
v -6.175 8.696892 -0.01
v -6.090587 8.661926 -0.01
v -6.0 8.650001 -0.01
v -6.45 8.55 0.81
v -5.55 8.55 0.81
v -5.696891 8.825001 0.81
v -5.752513 8.752513 0.81
v -5.825 8.696892 0.81
v -5.661926 8.909413 0.81
v -6.175 8.696892 0.81
v -6.247488 8.752513 0.81
v -6.303109 8.825001 0.81
v -6.338074 8.909413 0.81
v -5.909413 8.661926 0.81
v -6.0 8.650001 0.81
v -6.090587 8.661926 0.81
v -4.838074 8.909413 -0.01
v -4.95 8.150001 -0.01
v -4.803109 8.825001 -0.01
v -4.747488 8.752513 -0.01
v -4.675 8.696892 -0.01
v -4.590587 8.661926 -0.01
v -4.05 8.150001 -0.01
v -4.5 8.650001 -0.01
v -4.409413 8.661926 -0.01
v -4.325 8.696892 -0.01
v -4.252512 8.752513 -0.01
v -4.196891 8.825001 -0.01
v -4.161926 8.909413 -0.01
v -4.95 8.55 0.81
v -4.05 8.55 0.81
v -4.161926 8.909413 0.81
v -4.252512 8.752513 0.81
v -4.325 8.696892 0.81
v -4.196891 8.825001 0.81
v -4.409413 8.661926 0.81
v -4.5 8.650001 0.81
v -4.590587 8.661926 0.81
v -4.675 8.696892 0.81
v -4.747488 8.752513 0.81
v -4.803109 8.825001 0.81
v -4.838074 8.909413 0.81
v -3.303109 8.825001 -0.01
v -3.247487 8.752513 -0.01
v -3.45 8.150001 -0.01
v -2.909413 8.661926 -0.01
v -2.825 8.696892 -0.01
v -2.55 8.150001 -0.01
v -3.175 8.696892 -0.01
v -3.090587 8.661926 -0.01
v -3.0 8.650001 -0.01
v -3.338074 8.909413 -0.01
v -2.752513 8.752513 -0.01
v -2.696891 8.825001 -0.01
v -2.661926 8.909413 -0.01
v -3.45 8.55 0.81
v -2.55 8.55 0.81
v -2.696891 8.825001 0.81
v -2.752513 8.752513 0.81
v -2.825 8.696892 0.81
v -2.909413 8.661926 0.81
v -3.0 8.650001 0.81
v -3.090587 8.661926 0.81
v -3.175 8.696892 0.81
v -2.661926 8.909413 0.81
v -3.247487 8.752513 0.81
v -3.303109 8.825001 0.81
v -3.338074 8.909413 0.81
v -1.803109 8.825001 -0.01
v -1.747487 8.752513 -0.01
v -1.95 8.150001 -0.01
v -1.409413 8.661926 -0.01
v -1.325 8.696892 -0.01
v -1.05 8.150001 -0.01
v -1.838074 8.909413 -0.01
v -1.675 8.696892 -0.01
v -1.590587 8.661926 -0.01
v -1.5 8.650001 -0.01
v -1.252513 8.752513 -0.01
v -1.196891 8.825001 -0.01
v -1.161926 8.909413 -0.01
v -1.95 8.55 0.81
v -1.05 8.55 0.81
v -1.196891 8.825001 0.81
v -1.252513 8.752513 0.81
v -1.325 8.696892 0.81
v -1.161926 8.909413 0.81
v -1.409413 8.661926 0.81
v -1.5 8.650001 0.81
v -1.590587 8.661926 0.81
v -1.675 8.696892 0.81
v -1.747487 8.752513 0.81
v -1.803109 8.825001 0.81
v -1.838074 8.909413 0.81
v -0.338074 8.909413 -0.01
v 0.090587 8.661926 -0.01
v 0.175 8.696892 -0.01
v 0.45 8.150001 -0.01
v 0.247487 8.752513 -0.01
v 0.303109 8.825001 -0.01
v 0.338074 8.909413 -0.01
v -0.45 8.150001 -0.01
v -0.303109 8.825001 -0.01
v -0.247487 8.752513 -0.01
v -0.175 8.696892 -0.01
v -0.090587 8.661926 -0.01
v 0.0 8.650001 -0.01
v -0.45 8.55 0.81
v 0.45 8.55 0.81
v 0.338074 8.909413 0.81
v 0.247487 8.752513 0.81
v 0.175 8.696892 0.81
v 0.303109 8.825001 0.81
v -0.175 8.696892 0.81
v -0.247487 8.752513 0.81
v -0.303109 8.825001 0.81
v -0.338074 8.909413 0.81
v 0.090587 8.661926 0.81
v 0.0 8.650001 0.81
v -0.090587 8.661926 0.81
v 1.196891 8.825001 -0.01
v 1.252513 8.752513 -0.01
v 1.05 8.150001 -0.01
v 1.590587 8.661926 -0.01
v 1.675 8.696892 -0.01
v 1.95 8.150001 -0.01
v 1.161926 8.909413 -0.01
v 1.325 8.696892 -0.01
v 1.409413 8.661926 -0.01
v 1.5 8.650001 -0.01
v 1.747487 8.752513 -0.01
v 1.803109 8.825001 -0.01
v 1.838074 8.909413 -0.01
v 1.05 8.55 0.81
v 1.95 8.55 0.81
v 1.803109 8.825001 0.81
v 1.747487 8.752513 0.81
v 1.675 8.696892 0.81
v 1.838074 8.909413 0.81
v 1.590587 8.661926 0.81
v 1.5 8.650001 0.81
v 1.409413 8.661926 0.81
v 1.325 8.696892 0.81
v 1.252513 8.752513 0.81
v 1.196891 8.825001 0.81
v 1.161926 8.909413 0.81
v 2.696891 8.825001 -0.01
v 2.752513 8.752513 -0.01
v 2.55 8.150001 -0.01
v 3.090587 8.661926 -0.01
v 3.175 8.696892 -0.01
v 3.45 8.150001 -0.01
v 2.825 8.696892 -0.01
v 2.909413 8.661926 -0.01
v 3.0 8.650001 -0.01
v 2.661926 8.909413 -0.01
v 3.247487 8.752513 -0.01
v 3.303109 8.825001 -0.01
v 3.338074 8.909413 -0.01
v 2.55 8.55 0.81
v 3.45 8.55 0.81
v 3.303109 8.825001 0.81
v 3.247487 8.752513 0.81
v 3.175 8.696892 0.81
v 3.090587 8.661926 0.81
v 3.0 8.650001 0.81
v 2.909413 8.661926 0.81
v 2.825 8.696892 0.81
v 3.338074 8.909413 0.81
v 2.752513 8.752513 0.81
v 2.696891 8.825001 0.81
v 2.661926 8.909413 0.81
v 4.161926 8.909413 -0.01
v 4.590587 8.661926 -0.01
v 4.675 8.696892 -0.01
v 4.95 8.150001 -0.01
v 4.05 8.150001 -0.01
v 4.196891 8.825001 -0.01
v 4.252512 8.752513 -0.01
v 4.747488 8.752513 -0.01
v 4.803109 8.825001 -0.01
v 4.838074 8.909413 -0.01
v 4.325 8.696892 -0.01
v 4.409413 8.661926 -0.01
v 4.5 8.650001 -0.01
v 4.05 8.55 0.81
v 4.95 8.55 0.81
v 4.803109 8.825001 0.81
v 4.747488 8.752513 0.81
v 4.675 8.696892 0.81
v 4.838074 8.909413 0.81
v 4.325 8.696892 0.81
v 4.252512 8.752513 0.81
v 4.196891 8.825001 0.81
v 4.161926 8.909413 0.81
v 4.590587 8.661926 0.81
v 4.5 8.650001 0.81
v 4.409413 8.661926 0.81
v 5.661926 8.909413 -0.01
v 6.090587 8.661926 -0.01
v 6.175 8.696892 -0.01
v 6.45 8.150001 -0.01
v 5.55 8.150001 -0.01
v 5.696891 8.825001 -0.01
v 5.752513 8.752513 -0.01
v 6.247488 8.752513 -0.01
v 6.303109 8.825001 -0.01
v 6.338074 8.909413 -0.01
v 5.825 8.696892 -0.01
v 5.909413 8.661926 -0.01
v 6.0 8.650001 -0.01
v 5.55 8.55 0.81
v 6.45 8.55 0.81
v 6.303109 8.825001 0.81
v 6.247488 8.752513 0.81
v 6.175 8.696892 0.81
v 6.338074 8.909413 0.81
v 5.825 8.696892 0.81
v 5.752513 8.752513 0.81
v 5.696891 8.825001 0.81
v 5.661926 8.909413 0.81
v 6.090587 8.661926 0.81
v 6.0 8.650001 0.81
v 5.909413 8.661926 0.81
v -5.696891 -8.825001 -0.01
v -5.752513 -8.752513 -0.01
v -5.55 -8.150001 -0.01
v -5.825 -8.696892 -0.01
v -5.661926 -8.909413 -0.01
v -5.909413 -8.661926 -0.01
v -6.0 -8.650001 -0.01
v -6.45 -8.150001 -0.01
v -6.090587 -8.661926 -0.01
v -6.175 -8.696892 -0.01
v -6.247488 -8.752513 -0.01
v -6.303109 -8.825001 -0.01
v -6.338074 -8.909413 -0.01
v -4.161926 -8.909413 -0.01
v -4.05 -8.150001 -0.01
v -4.252512 -8.752513 -0.01
v -4.325 -8.696892 -0.01
v -4.409413 -8.661926 -0.01
v -4.5 -8.650001 -0.01
v -4.95 -8.150001 -0.01
v -4.590587 -8.661926 -0.01
v -4.675 -8.696892 -0.01
v -4.196891 -8.825001 -0.01
v -4.747488 -8.752513 -0.01
v -4.803109 -8.825001 -0.01
v -4.838074 -8.909413 -0.01
v -2.696891 -8.825001 -0.01
v -2.752513 -8.752513 -0.01
v -2.55 -8.150001 -0.01
v -2.825 -8.696892 -0.01
v -2.661926 -8.909413 -0.01
v -2.909413 -8.661926 -0.01
v -3.0 -8.650001 -0.01
v -3.45 -8.150001 -0.01
v -3.090587 -8.661926 -0.01
v -3.175 -8.696892 -0.01
v -3.247487 -8.752513 -0.01
v -3.303109 -8.825001 -0.01
v -3.338074 -8.909413 -0.01
v -1.196891 -8.825001 -0.01
v -1.252513 -8.752513 -0.01
v -1.05 -8.150001 -0.01
v -1.590587 -8.661926 -0.01
v -1.675 -8.696892 -0.01
v -1.95 -8.150001 -0.01
v -1.161926 -8.909413 -0.01
v -1.325 -8.696892 -0.01
v -1.409413 -8.661926 -0.01
v -1.5 -8.650001 -0.01
v -1.747487 -8.752513 -0.01
v -1.803109 -8.825001 -0.01
v -1.838074 -8.909413 -0.01
v 0.338074 -8.909413 -0.01
v 0.45 -8.150001 -0.01
v 0.247487 -8.752513 -0.01
v 0.175 -8.696892 -0.01
v 0.303109 -8.825001 -0.01
v 0.090587 -8.661926 -0.01
v 0.0 -8.650001 -0.01
v -0.45 -8.150001 -0.01
v -0.090587 -8.661926 -0.01
v -0.175 -8.696892 -0.01
v -0.247487 -8.752513 -0.01
v -0.303109 -8.825001 -0.01
v -0.338074 -8.909413 -0.01
v 1.803109 -8.825001 -0.01
v 1.747487 -8.752513 -0.01
v 1.95 -8.150001 -0.01
v 1.409413 -8.661926 -0.01
v 1.325 -8.696892 -0.01
v 1.05 -8.150001 -0.01
v 1.838074 -8.909413 -0.01
v 1.675 -8.696892 -0.01
v 1.590587 -8.661926 -0.01
v 1.5 -8.650001 -0.01
v 1.252513 -8.752513 -0.01
v 1.196891 -8.825001 -0.01
v 1.161926 -8.909413 -0.01
v 3.303109 -8.825001 -0.01
v 3.247487 -8.752513 -0.01
v 3.45 -8.150001 -0.01
v 3.175 -8.696892 -0.01
v 3.338074 -8.909413 -0.01
v 3.090587 -8.661926 -0.01
v 3.0 -8.650001 -0.01
v 2.55 -8.150001 -0.01
v 2.909413 -8.661926 -0.01
v 2.825 -8.696892 -0.01
v 2.752513 -8.752513 -0.01
v 2.696891 -8.825001 -0.01
v 2.661926 -8.909413 -0.01
v 4.803109 -8.825001 -0.01
v 4.747488 -8.752513 -0.01
v 4.95 -8.150001 -0.01
v 4.675 -8.696892 -0.01
v 4.838074 -8.909413 -0.01
v 4.590587 -8.661926 -0.01
v 4.5 -8.650001 -0.01
v 4.05 -8.150001 -0.01
v 4.409413 -8.661926 -0.01
v 4.325 -8.696892 -0.01
v 4.252512 -8.752513 -0.01
v 4.196891 -8.825001 -0.01
v 4.161926 -8.909413 -0.01
v 6.303109 -8.825001 -0.01
v 6.247488 -8.752513 -0.01
v 6.45 -8.150001 -0.01
v 6.175 -8.696892 -0.01
v 6.338074 -8.909413 -0.01
v 6.090587 -8.661926 -0.01
v 6.0 -8.650001 -0.01
v 5.55 -8.150001 -0.01
v 5.909413 -8.661926 -0.01
v 5.825 -8.696892 -0.01
v 5.752513 -8.752513 -0.01
v 5.696891 -8.825001 -0.01
v 5.661926 -8.909413 -0.01
v -0.8 -0.61 -0.01
v -0.8 -1.31 -0.01
v -0.1 -0.61 -0.01
v -0.1 -1.31 -0.01
v -0.1 -2.41 -0.01
v -0.1 -1.71 -0.01
v -0.8 -2.41 -0.01
v -0.8 -1.71 -0.01
v -1.2 -0.61 -0.01
v -1.9 -0.61 -0.01
v -1.2 -1.31 -0.01
v -1.9 -1.31 -0.01
v -1.2 0.49 -0.01
v -1.9 0.49 -0.01
v -1.2 -0.21 -0.01
v -1.9 -0.21 -0.01
v -0.1 0.49 -0.01
v -0.8 0.49 -0.01
v -0.1 -0.21 -0.01
v -0.8 -0.21 -0.01
v -1.2 -2.41 -0.01
v -1.2 -1.71 -0.01
v -1.9 -2.41 -0.01
v -1.9 -1.71 -0.01
v 1.0 -1.71 -0.01
v 0.3 -1.71 -0.01
v 1.0 -2.41 -0.01
v 0.3 -2.41 -0.01
v 0.3 0.49 -0.01
v 0.3 -0.21 -0.01
v 0.65 0.49 -0.01
v 1.0 0.14 -0.01
v 1.0 -0.21 -0.01
v 0.3 -0.61 -0.01
v 0.3 -1.31 -0.01
v 1.0 -0.61 -0.01
v 1.0 -1.31 -0.01
v -1.805 -2.777675 0.001
v -2.195244 -3.777675 0.001
v -2.048902 -3.777675 0.001
v -1.947721 -3.497187 0.001
v -1.534611 -3.497187 0.001
v -1.439146 -3.777675 0.001
v -1.292804 -3.777675 0.001
v -1.670853 -2.777675 0.001
v -1.568338 -3.387431 0.001
v -1.902751 -3.387431 0.001
v -1.717538 -2.969748 0.001
v -1.727162 -2.935066 0.001
v -1.733544 -2.899626 0.001
v -1.736783 -2.899626 0.001
v -1.743309 -2.934959 0.001
v -1.752218 -2.969748 0.001
v -1.568338 -3.387431 0.0
v -1.902751 -3.387431 0.0
v -1.717538 -2.969748 0.0
v -1.727162 -2.935066 0.0
v -1.733544 -2.899626 0.0
v -1.736783 -2.899626 0.0
v -1.743309 -2.934959 0.0
v -1.752218 -2.969748 0.0
v -0.686669 -3.777675 0.001
v -0.414756 -3.777675 0.001
v -0.414756 -2.777675 0.001
v -0.696958 -2.777675 0.001
v -1.219634 -3.265099 0.001
v -1.212366 -3.171003 0.001
v -1.185508 -3.072478 0.001
v -1.139035 -2.986476 0.001
v -1.068319 -2.908063 0.001
v -1.067273 -2.907145 0.001
v -0.958432 -2.834203 0.001
v -0.841431 -2.793118 0.001
v -0.810401 -3.766874 0.001
v -0.925629 -3.732529 0.001
v -1.030042 -3.671851 0.001
v -1.112352 -3.593041 0.001
v -1.169699 -3.503597 0.001
v -1.205601 -3.398928 0.001
v -1.018907 -3.027661 0.001
v -0.970334 -2.976087 0.001
v -0.89729 -2.928898 0.001
v -0.814746 -2.900013 0.001
v -0.696387 -2.887431 0.001
v -0.548902 -2.887431 0.001
v -0.548902 -3.667919 0.001
v -0.690861 -3.667919 0.001
v -0.796362 -3.658099 0.001
v -0.880513 -3.631832 0.001
v -0.948712 -3.591335 0.001
v -1.004799 -3.535936 0.001
v -1.046976 -3.466989 0.001
v -1.076306 -3.372989 0.001
v -1.085487 -3.267957 0.001
v -1.076992 -3.168432 0.001
v -1.053648 -3.089339 0.001
v -0.696387 -2.887431 0.0
v -0.548902 -2.887431 0.0
v -0.814746 -2.900013 -0.0
v -0.89729 -2.928898 -0.0
v -0.970334 -2.976087 -0.0
v -1.018907 -3.027661 -0.0
v -1.053648 -3.089339 0.0
v -1.076992 -3.168432 0.0
v -1.085487 -3.267957 -0.0
v -1.076306 -3.372989 0.0
v -1.046976 -3.466989 0.0
v -1.004799 -3.535936 0.0
v -0.948712 -3.591335 0.0
v -0.880513 -3.631832 0.0
v -0.796362 -3.658099 0.0
v -0.690861 -3.667919 0.0
v -0.548902 -3.667919 0.0
v -0.219634 -3.667919 0.001
v -0.219634 -3.777675 0.001
v 0.316952 -3.777675 0.001
v 0.316952 -2.777675 0.001
v -0.195243 -2.777675 0.001
v -0.195243 -2.887431 0.001
v 0.182805 -2.887431 0.001
v 0.182805 -3.216699 0.001
v -0.170853 -3.216699 0.001
v -0.170853 -3.326455 0.001
v 0.182805 -3.326455 0.001
v 0.182805 -3.667919 0.001
v 0.512074 -3.61609 0.001
v 0.512074 -3.725846 0.001
v 0.618668 -3.769613 0.001
v 0.787226 -3.78987 0.001
v 0.759883 -3.789401 0.001
v 1.255976 -3.296539 0.001
v 1.246306 -3.412352 0.001
v 1.21621 -3.518201 0.001
v 1.162937 -3.613287 0.001
v 1.087825 -3.692364 0.001
v 1.007386 -3.74373 0.001
v 0.910462 -3.777092 0.001
v 0.747401 -2.76548 0.001
v 0.847841 -2.773679 0.001
v 0.959322 -2.806066 0.001
v 1.054306 -2.86074 0.001
v 1.144588 -2.947567 0.001
v 1.2032 -3.041061 0.001
v 1.241591 -3.154369 0.001
v 0.512074 -2.805114 0.001
v 0.62769 -2.77374 0.001
v 0.512074 -2.93926 0.001
v 0.746258 -2.875236 0.001
v 0.624713 -2.891027 0.001
v 1.12183 -3.288346 0.001
v 1.11706 -3.21054 0.001
v 1.090404 -3.103487 0.001
v 1.049177 -3.026277 0.001
v 0.98879 -2.95961 0.001
v 0.919575 -2.913306 0.001
v 0.844727 -2.886294 0.001
v 0.768743 -3.680114 0.001
v 0.862015 -3.669651 0.001
v 0.934879 -3.642827 0.001
v 0.996252 -3.601462 0.001
v 1.043178 -3.551955 0.001
v 1.084536 -3.482615 0.001
v 1.111704 -3.396601 0.001
v 0.529996 -3.626017 0.001
v 0.636002 -3.665381 0.001
v 1.341342 -3.667919 0.001
v 1.341342 -3.777675 0.001
v 1.853537 -3.777675 0.001
v 1.853537 -2.777675 0.001
v 1.719391 -2.777675 0.001
v 1.719391 -3.667919 0.001
usemtl 1
f 1// 2// 3//
f 4// 5// 6//
f 6// 5// 7//
f 6// 7// 8//
f 8// 7// 9//
f 8// 9// 10//
f 11// 12// 13//
f 13// 12// 14//
f 13// 14// 15//
f 15// 14// 7//
f 15// 7// 16//
f 16// 7// 5//
f 16// 5// 17//
f 17// 5// 18//
f 17// 18// 19//
f 19// 18// 20//
f 4// 6// 21//
f 21// 6// 22//
f 21// 22// 23//
f 23// 22// 24//
f 23// 24// 25//
f 26// 27// 28//
f 28// 27// 29//
f 28// 29// 30//
f 30// 29// 31//
f 31// 29// 32//
f 31// 32// 33//
f 33// 32// 34//
f 33// 34// 35//
f 35// 34// 36//
f 35// 36// 37//
f 38// 39// 40//
f 40// 39// 41//
f 40// 41// 42//
f 43// 42// 44//
f 44// 42// 45//
f 44// 45// 46//
f 46// 45// 47//
f 48// 49// 50//
f 50// 49// 51//
f 50// 51// 52//
f 52// 51// 45//
f 52// 45// 53//
f 53// 45// 42//
f 53// 42// 54//
f 54// 42// 41//
f 55// 35// 56//
f 56// 35// 57//
f 56// 57// 58//
f 58// 57// 59//
f 58// 59// 60//
f 60// 59// 61//
f 60// 61// 62//
f 62// 61// 63//
f 62// 63// 64//
f 64// 63// 33//
f 64// 33// 55//
f 55// 33// 35//
f 65// 66// 67//
f 68// 69// 70//
f 70// 69// 71//
f 72// 66// 73//
f 73// 66// 65//
f 73// 65// 74//
f 74// 65// 75//
f 74// 75// 70//
f 70// 75// 76//
f 70// 76// 68//
f 68// 76// 77//
f 68// 77// 78//
f 78// 77// 79//
f 78// 79// 67//
f 67// 79// 80//
f 67// 80// 65//
f 81// 63// 82//
f 82// 63// 61//
f 82// 61// 83//
f 83// 61// 84//
f 83// 84// 85//
f 85// 84// 86//
f 85// 86// 87//
f 87// 86// 22//
f 87// 22// 88//
f 88// 22// 6//
f 88// 6// 81//
f 81// 6// 63//
f 89// 90// 91//
f 91// 90// 92//
f 93// 3// 94//
f 94// 3// 95//
f 94// 95// 96//
f 96// 95// 97//
f 98// 99// 100//
f 100// 1// 98//
f 98// 1// 3//
f 98// 3// 101//
f 101// 3// 93//
f 101// 93// 102//
f 102// 93// 103//
f 43// 104// 105//
f 106// 107// 108//
f 109// 110// 105//
f 108// 109// 106//
f 106// 109// 105//
f 106// 105// 111//
f 111// 105// 104//
f 111// 104// 112//
f 112// 104// 113//
f 114// 115// 116//
f 116// 115// 105//
f 116// 105// 117//
f 117// 105// 110//
f 117// 110// 118//
f 118// 110// 119//
f 120// 121// 122//
f 122// 121// 123//
f 122// 123// 124//
f 124// 123// 49//
f 124// 49// 38//
f 38// 49// 48//
f 38// 48// 39//
f 125// 121// 66//
f 66// 121// 120//
f 66// 120// 67//
f 67// 120// 126//
f 67// 126// 127//
f 127// 126// 128//
f 127// 128// 38//
f 38// 128// 129//
f 38// 129// 124//
f 130// 131// 132//
f 132// 131// 133//
f 132// 134// 68//
f 135// 68// 136//
f 136// 68// 134//
f 136// 134// 137//
f 137// 134// 138//
f 139// 69// 140//
f 140// 69// 68//
f 140// 68// 141//
f 141// 68// 135//
f 141// 135// 142//
f 142// 135// 143//
f 144// 145// 146//
f 147// 148// 149//
f 150// 151// 152//
f 149// 150// 147//
f 147// 150// 152//
f 147// 152// 146//
f 146// 152// 30//
f 146// 30// 144//
f 153// 154// 155//
f 155// 154// 152//
f 155// 152// 156//
f 156// 152// 151//
f 156// 151// 157//
f 157// 151// 158//
f 159// 160// 161//
f 162// 144// 163//
f 163// 144// 30//
f 163// 30// 164//
f 164// 30// 31//
f 164// 31// 161//
f 161// 31// 165//
f 161// 165// 159//
f 166// 159// 167//
f 167// 159// 165//
f 167// 165// 168//
f 168// 165// 8//
f 168// 8// 169//
f 169// 8// 10//
f 169// 10// 170//
f 170// 10// 171//
f 170// 171// 172//
f 172// 171// 173//
f 172// 173// 174//
f 174// 173// 175//
f 173// 176// 177//
f 173// 177// 2//
f 178// 38// 179//
f 179// 38// 86//
f 179// 86// 180//
f 180// 86// 84//
f 180// 84// 181//
f 181// 84// 61//
f 181// 61// 182//
f 182// 61// 67//
f 182// 67// 183//
f 183// 67// 127//
f 183// 127// 178//
f 178// 127// 38//
f 184// 57// 185//
f 185// 57// 68//
f 185// 68// 186//
f 186// 68// 78//
f 186// 78// 187//
f 187// 78// 67//
f 187// 67// 188//
f 188// 67// 61//
f 188// 61// 189//
f 189// 61// 59//
f 189// 59// 184//
f 184// 59// 57//
f 190// 22// 191//
f 191// 22// 86//
f 191// 86// 192//
f 192// 86// 193//
f 192// 193// 194//
f 194// 193// 195//
f 194// 195// 196//
f 196// 195// 197//
f 196// 197// 198//
f 198// 197// 24//
f 198// 24// 190//
f 190// 24// 22//
f 199// 42// 200//
f 200// 42// 195//
f 200// 195// 201//
f 201// 195// 193//
f 201// 193// 202//
f 202// 193// 86//
f 202// 86// 203//
f 203// 86// 38//
f 203// 38// 204//
f 204// 38// 40//
f 204// 40// 199//
f 199// 40// 42//
f 205// 206// 165//
f 165// 206// 207//
f 165// 207// 8//
f 8// 207// 208//
f 8// 208// 6//
f 6// 208// 209//
f 6// 209// 63//
f 63// 209// 210//
f 63// 210// 211//
f 212// 213// 33//
f 33// 213// 214//
f 215// 216// 31//
f 31// 216// 217//
f 31// 217// 165//
f 165// 217// 218//
f 165// 218// 205//
f 211// 219// 63//
f 63// 219// 220//
f 63// 220// 33//
f 33// 220// 221//
f 33// 221// 212//
f 214// 222// 33//
f 33// 222// 223//
f 33// 223// 31//
f 31// 223// 224//
f 31// 224// 215//
f 225// 226// 171//
f 9// 227// 10//
f 10// 227// 25//
f 10// 25// 171//
f 171// 25// 24//
f 171// 24// 225//
f 226// 228// 171//
f 171// 228// 229//
f 171// 229// 173//
f 173// 229// 230//
f 173// 230// 176//
f 197// 231// 232//
f 233// 234// 24//
f 24// 234// 235//
f 24// 235// 225//
f 225// 235// 236//
f 225// 236// 237//
f 237// 236// 238//
f 237// 238// 239//
f 239// 240// 237//
f 237// 240// 241//
f 237// 241// 242//
f 243// 244// 237//
f 237// 244// 245//
f 246// 247// 248//
f 248// 247// 249//
f 245// 250// 237//
f 237// 250// 249//
f 237// 249// 251//
f 251// 249// 247//
f 232// 252// 197//
f 197// 252// 253//
f 197// 253// 24//
f 24// 253// 254//
f 24// 254// 233//
f 242// 255// 237//
f 237// 255// 256//
f 237// 256// 243//
f 3// 257// 258//
f 259// 260// 258//
f 258// 260// 89//
f 258// 89// 3//
f 3// 89// 91//
f 3// 91// 95//
f 231// 197// 261//
f 261// 197// 262//
f 261// 262// 263//
f 264// 265// 262//
f 262// 265// 266//
f 262// 266// 263//
f 267// 268// 3//
f 3// 268// 269//
f 3// 269// 257//
f 257// 269// 270//
f 257// 270// 271//
f 271// 270// 272//
f 271// 272// 264//
f 264// 272// 273//
f 264// 273// 265//
f 2// 177// 3//
f 3// 177// 274//
f 3// 274// 267//
f 43// 105// 42//
f 42// 105// 275//
f 42// 275// 195//
f 195// 275// 260//
f 195// 260// 197//
f 197// 260// 259//
f 197// 259// 262//
f 132// 68// 130//
f 130// 68// 57//
f 130// 57// 276//
f 276// 57// 35//
f 276// 35// 277//
f 277// 35// 37//
f 277// 37// 152//
f 152// 37// 278//
f 152// 278// 30//
f 30// 278// 279//
f 30// 279// 28//
usemtl 2
f 280// 281// 282//
f 282// 281// 283//
f 284// 285// 286//
f 286// 285// 287//
f 288// 289// 283//
f 283// 289// 290//
f 288// 283// 291//
f 291// 283// 281//
f 291// 281// 292//
f 290// 293// 283//
f 283// 293// 294//
f 283// 294// 286//
f 286// 294// 295//
f 286// 295// 296//
f 296// 297// 286//
f 286// 297// 298//
f 286// 298// 284//
f 284// 298// 299//
f 284// 299// 300//
f 301// 302// 303//
f 303// 302// 304//
f 305// 306// 307//
f 307// 306// 308//
f 309// 310// 304//
f 304// 310// 311//
f 311// 312// 304//
f 304// 312// 313//
f 304// 313// 307//
f 307// 313// 314//
f 307// 314// 315//
f 309// 304// 316//
f 316// 304// 302//
f 316// 302// 317//
f 315// 318// 307//
f 307// 318// 319//
f 307// 319// 305//
f 305// 319// 320//
f 305// 320// 321//
f 322// 323// 324//
f 324// 323// 325//
f 326// 327// 328//
f 328// 327// 329//
f 330// 331// 325//
f 325// 331// 332//
f 330// 325// 333//
f 333// 325// 323//
f 333// 323// 334//
f 332// 335// 325//
f 325// 335// 336//
f 325// 336// 328//
f 328// 336// 337//
f 328// 337// 338//
f 338// 339// 328//
f 328// 339// 340//
f 328// 340// 326//
f 326// 340// 341//
f 326// 341// 342//
f 343// 344// 345//
f 345// 344// 346//
f 347// 348// 349//
f 349// 348// 350//
f 351// 352// 346//
f 346// 352// 353//
f 351// 346// 354//
f 354// 346// 344//
f 354// 344// 355//
f 353// 356// 346//
f 346// 356// 357//
f 346// 357// 349//
f 349// 357// 358//
f 349// 358// 359//
f 359// 360// 349//
f 349// 360// 361//
f 349// 361// 347//
f 347// 361// 362//
f 347// 362// 363//
f 364// 365// 366//
f 366// 365// 367//
f 368// 369// 370//
f 370// 369// 371//
f 372// 373// 367//
f 367// 373// 374//
f 372// 367// 375//
f 375// 367// 365//
f 375// 365// 376//
f 377// 378// 370//
f 370// 378// 379//
f 370// 379// 368//
f 368// 379// 380//
f 368// 380// 381//
f 374// 382// 367//
f 367// 382// 383//
f 367// 383// 370//
f 370// 383// 384//
f 370// 384// 377//
f 385// 386// 387//
f 387// 386// 388//
usemtl 3
f 389// 390// 391//
f 391// 390// 392//
usemtl 2
f 393// 394// 388//
f 388// 394// 395//
f 393// 388// 396//
f 396// 388// 386//
f 396// 386// 397//
f 395// 398// 388//
f 388// 398// 399//
f 388// 399// 391//
f 391// 399// 400//
f 391// 400// 401//
f 401// 402// 391//
f 391// 402// 403//
f 391// 403// 389//
f 389// 403// 404//
f 389// 404// 405//
f 406// 407// 408//
f 408// 407// 409//
f 410// 411// 412//
f 412// 411// 413//
f 414// 415// 409//
f 409// 415// 416//
f 414// 409// 417//
f 417// 409// 407//
f 417// 407// 418//
f 416// 419// 409//
f 409// 419// 420//
f 409// 420// 412//
f 412// 420// 421//
f 412// 421// 422//
f 422// 423// 412//
f 412// 423// 424//
f 412// 424// 410//
f 410// 424// 425//
f 410// 425// 426//
f 427// 428// 429//
f 429// 428// 430//
f 431// 432// 433//
f 433// 432// 434//
f 435// 436// 430//
f 430// 436// 437//
f 435// 430// 438//
f 438// 430// 428//
f 438// 428// 439//
f 437// 440// 430//
f 430// 440// 441//
f 430// 441// 433//
f 433// 441// 442//
f 433// 442// 443//
f 443// 444// 433//
f 433// 444// 445//
f 433// 445// 431//
f 431// 445// 446//
f 431// 446// 447//
f 448// 449// 450//
f 450// 449// 451//
f 452// 453// 454//
f 454// 453// 455//
f 456// 457// 451//
f 451// 457// 458//
f 456// 451// 459//
f 459// 451// 449//
f 459// 449// 460//
f 458// 461// 451//
f 451// 461// 462//
f 451// 462// 454//
f 454// 462// 463//
f 454// 463// 464//
f 464// 465// 454//
f 454// 465// 466//
f 454// 466// 452//
f 452// 466// 467//
f 452// 467// 468//
usemtl 1
f 469// 292// 280//
f 280// 292// 281//
f 470// 469// 153//
f 153// 469// 280//
f 153// 280// 154//
f 154// 280// 471//
f 158// 472// 473//
f 300// 474// 157//
f 157// 474// 475//
f 317// 302// 301//
f 284// 300// 285//
f 285// 300// 157//
f 285// 157// 301//
f 301// 157// 158//
f 301// 158// 317//
f 317// 158// 473//
f 148// 476// 477//
f 321// 478// 149//
f 149// 478// 479//
f 334// 323// 322//
f 305// 321// 306//
f 306// 321// 149//
f 306// 149// 322//
f 322// 149// 148//
f 322// 148// 334//
f 334// 148// 477//
f 162// 480// 481//
f 342// 482// 145//
f 145// 482// 483//
f 355// 344// 343//
f 326// 342// 327//
f 327// 342// 145//
f 327// 145// 343//
f 343// 145// 162//
f 343// 162// 355//
f 355// 162// 481//
f 166// 484// 485//
f 486// 487// 160//
f 348// 347// 363//
f 376// 365// 364//
f 485// 376// 166//
f 166// 376// 364//
f 166// 364// 159//
f 159// 364// 348//
f 159// 348// 160//
f 160// 348// 363//
f 160// 363// 486//
f 175// 488// 489//
f 381// 490// 174//
f 174// 490// 491//
f 397// 386// 385//
f 368// 381// 369//
f 369// 381// 174//
f 369// 174// 385//
f 385// 174// 175//
f 385// 175// 397//
f 397// 175// 489//
f 99// 492// 493//
f 405// 494// 100//
f 100// 494// 495//
f 418// 407// 406//
f 389// 405// 390//
f 390// 405// 100//
f 390// 100// 406//
f 406// 100// 99//
f 406// 99// 418//
f 418// 99// 493//
f 103// 496// 497//
f 426// 498// 102//
f 102// 498// 499//
f 439// 428// 427//
f 410// 426// 411//
f 411// 426// 102//
f 411// 102// 427//
f 427// 102// 103//
f 427// 103// 439//
f 439// 103// 497//
f 97// 500// 501//
f 447// 502// 96//
f 96// 502// 503//
f 460// 449// 448//
f 431// 447// 432//
f 432// 447// 96//
f 432// 96// 448//
f 448// 96// 97//
f 448// 97// 460//
f 460// 97// 501//
usemtl 2
f 468// 504// 92//
f 92// 504// 505//
f 452// 468// 453//
f 453// 468// 92//
f 453// 92// 506//
f 506// 92// 90//
usemtl 1
f 507// 508// 509//
f 510// 511// 512//
f 513// 514// 512//
f 512// 514// 515//
f 512// 515// 516//
f 517// 518// 519//
f 519// 518// 520//
f 453// 506// 455//
f 455// 506// 510//
f 513// 512// 521//
f 521// 512// 522//
f 521// 522// 523//
f 524// 525// 523//
f 526// 527// 522//
f 522// 527// 528//
f 522// 528// 523//
f 523// 528// 507//
f 523// 507// 524//
f 524// 507// 509//
f 523// 529// 530//
f 517// 531// 518//
f 518// 531// 532//
f 518// 532// 533//
f 533// 532// 534//
f 533// 534// 535//
f 516// 536// 512//
f 512// 536// 537//
f 512// 537// 510//
f 510// 537// 538//
f 510// 538// 455//
f 455// 538// 539//
f 455// 539// 520//
f 540// 541// 542//
f 543// 544// 545//
f 520// 518// 455//
f 455// 518// 546//
f 455// 546// 450//
f 547// 548// 525//
f 525// 548// 549//
f 525// 549// 523//
f 523// 549// 540//
f 523// 540// 529//
f 529// 540// 542//
f 550// 551// 530//
f 530// 551// 552//
f 530// 552// 523//
f 523// 552// 553//
f 554// 555// 553//
f 553// 555// 544//
f 553// 544// 523//
f 523// 544// 543//
f 556// 557// 545//
f 545// 557// 558//
f 545// 558// 543//
f 543// 558// 559//
f 543// 559// 560//
f 561// 562// 559//
f 559// 562// 563//
f 559// 563// 560//
f 564// 565// 566//
f 566// 565// 471//
f 566// 471// 282//
f 282// 471// 280//
f 566// 567// 563//
f 563// 567// 568//
f 563// 568// 560//
f 569// 570// 282//
f 308// 306// 322//
f 569// 282// 571//
f 571// 282// 287//
f 571// 287// 572//
f 570// 573// 282//
f 282// 573// 574//
f 282// 574// 575//
f 324// 329// 572//
f 322// 324// 308//
f 308// 324// 572//
f 308// 572// 303//
f 303// 572// 287//
f 303// 287// 301//
f 301// 287// 285//
f 575// 576// 282//
f 282// 576// 577//
f 282// 577// 566//
f 566// 577// 578//
f 566// 578// 567//
f 327// 343// 329//
f 329// 343// 345//
f 329// 345// 572//
f 572// 345// 350//
f 572// 350// 579//
f 369// 385// 371//
f 371// 385// 387//
f 411// 427// 413//
f 413// 427// 429//
f 392// 580// 581//
f 390// 406// 392//
f 392// 406// 408//
f 392// 408// 582//
f 348// 364// 350//
f 350// 364// 366//
f 350// 366// 579//
f 579// 366// 371//
f 579// 371// 581//
f 581// 371// 387//
f 581// 387// 392//
f 408// 413// 582//
f 582// 413// 429//
f 582// 429// 546//
f 546// 429// 434//
f 546// 434// 450//
f 450// 434// 432//
f 450// 432// 448//
f 580// 392// 583//
f 583// 392// 582//
f 583// 582// 584//
f 535// 585// 533//
f 533// 585// 586//
f 533// 586// 587//
f 587// 588// 533//
f 533// 588// 589//
f 533// 589// 582//
f 582// 589// 590//
f 582// 590// 584//
f 556// 591// 592//
f 593// 594// 557//
f 557// 594// 595//
f 596// 597// 142//
f 598// 593// 143//
f 143// 593// 557//
f 143// 557// 142//
f 142// 557// 556//
f 142// 556// 596//
f 596// 556// 592//
f 554// 599// 600//
f 601// 602// 555//
f 555// 602// 603//
f 604// 605// 71//
f 606// 601// 139//
f 139// 601// 555//
f 139// 555// 71//
f 71// 555// 554//
f 71// 554// 604//
f 604// 554// 600//
f 550// 607// 608//
f 609// 610// 551//
f 551// 610// 611//
f 612// 613// 125//
f 614// 609// 72//
f 72// 609// 551//
f 72// 551// 125//
f 125// 551// 550//
f 125// 550// 612//
f 612// 550// 608//
f 541// 615// 616//
f 617// 618// 542//
f 542// 618// 619//
f 620// 621// 46//
f 622// 617// 47//
f 47// 617// 542//
f 47// 542// 46//
f 46// 542// 541//
f 46// 541// 620//
f 620// 541// 616//
f 547// 623// 624//
f 625// 626// 548//
f 548// 626// 627//
f 628// 629// 112//
f 630// 625// 113//
f 113// 625// 548//
f 113// 548// 112//
f 112// 548// 547//
f 112// 547// 628//
f 628// 547// 624//
f 508// 631// 632//
f 633// 634// 509//
f 509// 634// 635//
f 636// 637// 108//
f 638// 633// 107//
f 107// 633// 509//
f 107// 509// 108//
f 108// 509// 508//
f 108// 508// 636//
f 636// 508// 632//
f 526// 639// 640//
f 641// 642// 527//
f 527// 642// 643//
f 644// 645// 118//
f 646// 641// 119//
f 119// 641// 527//
f 119// 527// 118//
f 118// 527// 526//
f 118// 526// 644//
f 644// 526// 640//
usemtl 2
f 647// 648// 511//
f 511// 648// 649//
f 650// 647// 114//
f 114// 647// 511//
f 114// 511// 115//
f 115// 511// 510//
usemtl 1
f 138// 651// 652//
f 653// 654// 137//
f 137// 654// 655//
f 656// 657// 562//
f 658// 653// 561//
f 561// 653// 137//
f 561// 137// 562//
f 562// 137// 138//
f 562// 138// 656//
f 656// 138// 652//
f 90// 89// 506//
f 506// 89// 260//
f 115// 510// 105//
f 105// 510// 506//
f 105// 506// 275//
f 275// 506// 260//
f 659// 660// 133//
f 133// 660// 661//
f 662// 659// 564//
f 564// 659// 133//
f 564// 133// 565//
f 565// 133// 131//
f 471// 565// 154//
f 154// 565// 131//
usemtl 4
f 538// 537// 663//
f 663// 537// 664//
f 665// 666// 523//
f 523// 666// 521//
f 577// 576// 667//
f 667// 576// 668//
f 669// 670// 572//
f 572// 670// 571//
f 671// 672// 673//
f 674// 675// 676//
f 673// 677// 671//
f 671// 677// 678//
f 671// 678// 679//
f 680// 681// 682//
f 683// 684// 672//
f 672// 684// 685//
f 672// 685// 673//
f 675// 686// 676//
f 676// 686// 687//
f 676// 687// 688//
f 689// 690// 691//
f 688// 692// 676//
f 676// 692// 693//
f 676// 693// 672//
f 672// 693// 694//
f 672// 694// 695//
f 695// 696// 672//
f 672// 696// 697//
f 672// 697// 683//
f 679// 698// 671//
f 671// 698// 699//
f 671// 699// 700//
f 700// 699// 680//
f 700// 680// 701//
f 701// 680// 682//
f 691// 702// 689//
f 689// 702// 703//
f 689// 703// 704//
f 681// 680// 704//
f 704// 680// 705//
f 704// 705// 689//
f 689// 705// 706//
f 689// 706// 676//
f 676// 706// 707//
f 676// 707// 674//
f 708// 709// 589//
f 589// 709// 590//
f 710// 711// 532//
f 532// 711// 534//
f 664// 537// 536//
f 664// 536// 712//
f 712// 536// 516//
f 712// 516// 713//
f 713// 516// 515//
f 713// 515// 714//
f 714// 515// 514//
f 714// 514// 715//
f 715// 514// 513//
f 715// 513// 716//
f 716// 513// 521//
f 716// 521// 666//
f 672// 671// 717//
f 672// 717// 718//
f 718// 717// 719//
f 718// 719// 720//
f 720// 719// 721//
f 720// 721// 722//
f 722// 721// 723//
f 722// 723// 724//
f 724// 723// 725//
f 724// 725// 726//
f 726// 725// 663//
f 726// 663// 664//
f 538// 663// 727//
f 538// 727// 539//
f 539// 727// 728//
f 539// 728// 520//
f 520// 728// 729//
f 520// 729// 519//
f 519// 729// 730//
f 519// 730// 517//
f 517// 730// 731//
f 517// 731// 531//
f 531// 731// 710//
f 531// 710// 532//
f 666// 732// 733//
f 734// 735// 736//
f 672// 718// 737//
f 736// 735// 672//
f 738// 672// 735//
f 738// 735// 739//
f 739// 735// 734//
f 739// 734// 740//
f 741// 672// 738//
f 742// 743// 744//
f 744// 743// 737//
f 744// 737// 745//
f 745// 737// 718//
f 745// 718// 720//
f 741// 738// 746//
f 746// 738// 739//
f 746// 739// 747//
f 747// 739// 740//
f 747// 740// 748//
f 749// 742// 750//
f 750// 742// 744//
f 750// 744// 751//
f 751// 744// 745//
f 751// 745// 752//
f 752// 745// 720//
f 752// 720// 722//
f 753// 749// 754//
f 754// 749// 750//
f 754// 750// 755//
f 755// 750// 751//
f 755// 751// 756//
f 756// 751// 752//
f 756// 752// 757//
f 757// 752// 722//
f 757// 722// 724//
f 732// 753// 733//
f 733// 753// 754//
f 733// 754// 758//
f 758// 754// 755//
f 758// 755// 759//
f 759// 755// 756//
f 759// 756// 760//
f 760// 756// 757//
f 760// 757// 761//
f 761// 757// 724//
f 761// 724// 726//
f 666// 733// 716//
f 716// 733// 758//
f 716// 758// 715//
f 715// 758// 759//
f 715// 759// 714//
f 714// 759// 760//
f 714// 760// 713//
f 713// 760// 761//
f 713// 761// 712//
f 712// 761// 726//
f 712// 726// 664//
f 743// 672// 737//
f 732// 748// 753//
f 753// 748// 740//
f 753// 740// 749//
f 749// 740// 734//
f 749// 734// 742//
f 742// 734// 736//
f 742// 736// 743//
f 743// 736// 672//
f 663// 725// 762//
f 763// 764// 765//
f 671// 766// 767//
f 765// 764// 671//
f 768// 671// 764//
f 768// 764// 769//
f 769// 764// 763//
f 769// 763// 770//
f 717// 671// 768//
f 771// 772// 773//
f 773// 772// 767//
f 773// 767// 774//
f 774// 767// 766//
f 774// 766// 775//
f 717// 768// 719//
f 719// 768// 769//
f 719// 769// 721//
f 721// 769// 770//
f 721// 770// 723//
f 776// 771// 777//
f 777// 771// 773//
f 777// 773// 778//
f 778// 773// 774//
f 778// 774// 779//
f 779// 774// 775//
f 779// 775// 780//
f 781// 776// 782//
f 782// 776// 777//
f 782// 777// 783//
f 783// 777// 778//
f 783// 778// 784//
f 784// 778// 779//
f 784// 779// 785//
f 785// 779// 780//
f 785// 780// 786//
f 725// 781// 762//
f 762// 781// 782//
f 762// 782// 787//
f 787// 782// 783//
f 787// 783// 788//
f 788// 783// 784//
f 788// 784// 789//
f 789// 784// 785//
f 789// 785// 790//
f 790// 785// 786//
f 790// 786// 791//
f 663// 762// 727//
f 727// 762// 787//
f 727// 787// 728//
f 728// 787// 788//
f 728// 788// 729//
f 729// 788// 789//
f 729// 789// 730//
f 730// 789// 790//
f 730// 790// 731//
f 731// 790// 791//
f 731// 791// 710//
f 772// 671// 767//
f 725// 723// 781//
f 781// 723// 770//
f 781// 770// 776//
f 776// 770// 763//
f 776// 763// 771//
f 771// 763// 765//
f 771// 765// 772//
f 772// 765// 671//
f 665// 523// 543//
f 665// 543// 792//
f 792// 543// 560//
f 792// 560// 793//
f 793// 560// 568//
f 793// 568// 794//
f 794// 568// 567//
f 794// 567// 795//
f 795// 567// 578//
f 795// 578// 796//
f 796// 578// 577//
f 796// 577// 667//
f 676// 672// 741//
f 676// 741// 797//
f 797// 741// 746//
f 797// 746// 798//
f 798// 746// 747//
f 798// 747// 799//
f 799// 747// 748//
f 799// 748// 800//
f 800// 748// 732//
f 800// 732// 801//
f 801// 732// 666//
f 801// 666// 665//
f 711// 710// 791//
f 711// 791// 802//
f 802// 791// 786//
f 802// 786// 803//
f 803// 786// 780//
f 803// 780// 804//
f 804// 780// 775//
f 804// 775// 805//
f 805// 775// 766//
f 805// 766// 806//
f 806// 766// 671//
f 806// 671// 700//
f 708// 589// 807//
f 807// 589// 588//
f 807// 588// 808//
f 808// 588// 809//
f 809// 588// 587//
f 809// 587// 810//
f 810// 587// 811//
f 811// 587// 586//
f 811// 586// 812//
f 812// 586// 813//
f 813// 586// 585//
f 813// 585// 814//
f 814// 585// 815//
f 815// 585// 535//
f 815// 535// 816//
f 816// 535// 817//
f 817// 535// 534//
f 817// 534// 711//
f 667// 818// 819//
f 820// 821// 822//
f 676// 797// 823//
f 822// 821// 676//
f 824// 676// 821//
f 824// 821// 825//
f 825// 821// 820//
f 825// 820// 826//
f 827// 676// 824//
f 828// 829// 830//
f 830// 829// 823//
f 830// 823// 831//
f 831// 823// 797//
f 831// 797// 798//
f 827// 824// 832//
f 832// 824// 825//
f 832// 825// 833//
f 833// 825// 826//
f 833// 826// 834//
f 835// 828// 836//
f 836// 828// 830//
f 836// 830// 837//
f 837// 830// 831//
f 837// 831// 838//
f 838// 831// 798//
f 838// 798// 799//
f 839// 835// 840//
f 840// 835// 836//
f 840// 836// 841//
f 841// 836// 837//
f 841// 837// 842//
f 842// 837// 838//
f 842// 838// 843//
f 843// 838// 799//
f 843// 799// 800//
f 818// 839// 819//
f 819// 839// 840//
f 819// 840// 844//
f 844// 840// 841//
f 844// 841// 845//
f 845// 841// 842//
f 845// 842// 846//
f 846// 842// 843//
f 846// 843// 847//
f 847// 843// 800//
f 847// 800// 801//
f 667// 819// 796//
f 796// 819// 844//
f 796// 844// 795//
f 795// 844// 845//
f 795// 845// 794//
f 794// 845// 846//
f 794// 846// 793//
f 793// 846// 847//
f 793// 847// 792//
f 792// 847// 801//
f 792// 801// 665//
f 829// 676// 823//
f 818// 834// 839//
f 839// 834// 826//
f 839// 826// 835//
f 835// 826// 820//
f 835// 820// 828//
f 828// 820// 822//
f 828// 822// 829//
f 829// 822// 676//
f 691// 848// 849//
f 848// 850// 851//
f 850// 852// 853//
f 852// 854// 855//
f 854// 856// 857//
f 856// 708// 807//
f 856// 807// 857//
f 857// 807// 808//
f 857// 808// 858//
f 808// 809// 858//
f 858// 809// 810//
f 858// 810// 859//
f 810// 811// 859//
f 859// 811// 812//
f 859// 812// 860//
f 812// 813// 860//
f 860// 813// 814//
f 860// 814// 861//
f 814// 815// 861//
f 861// 815// 816//
f 861// 816// 862//
f 816// 817// 862//
f 862// 817// 711//
f 862// 711// 802//
f 854// 857// 855//
f 855// 857// 858//
f 855// 858// 863//
f 863// 858// 859//
f 863// 859// 864//
f 864// 859// 860//
f 864// 860// 865//
f 865// 860// 861//
f 865// 861// 866//
f 866// 861// 862//
f 866// 862// 867//
f 867// 862// 802//
f 867// 802// 803//
f 852// 855// 853//
f 853// 855// 863//
f 853// 863// 868//
f 868// 863// 864//
f 868// 864// 869//
f 869// 864// 865//
f 869// 865// 870//
f 870// 865// 866//
f 870// 866// 871//
f 871// 866// 867//
f 871// 867// 872//
f 872// 867// 803//
f 872// 803// 804//
f 850// 853// 851//
f 851// 853// 868//
f 851// 868// 873//
f 873// 868// 869//
f 873// 869// 874//
f 874// 869// 870//
f 874// 870// 875//
f 875// 870// 871//
f 875// 871// 876//
f 876// 871// 872//
f 876// 872// 877//
f 877// 872// 804//
f 877// 804// 805//
f 848// 851// 849//
f 849// 851// 873//
f 849// 873// 878//
f 878// 873// 874//
f 878// 874// 879//
f 879// 874// 875//
f 879// 875// 880//
f 880// 875// 876//
f 880// 876// 881//
f 881// 876// 877//
f 881// 877// 882//
f 882// 877// 805//
f 882// 805// 806//
f 691// 849// 702//
f 702// 849// 878//
f 702// 878// 703//
f 703// 878// 879//
f 703// 879// 704//
f 704// 879// 880//
f 704// 880// 681//
f 681// 880// 881//
f 681// 881// 682//
f 682// 881// 882//
f 682// 882// 701//
f 701// 882// 806//
f 701// 806// 700//
f 668// 576// 575//
f 668// 575// 883//
f 883// 575// 574//
f 883// 574// 884//
f 884// 574// 573//
f 884// 573// 885//
f 885// 573// 570//
f 885// 570// 886//
f 886// 570// 569//
f 886// 569// 887//
f 887// 569// 571//
f 887// 571// 670//
f 689// 676// 827//
f 689// 827// 888//
f 888// 827// 832//
f 888// 832// 889//
f 889// 832// 833//
f 889// 833// 890//
f 890// 833// 834//
f 890// 834// 891//
f 891// 834// 818//
f 891// 818// 892//
f 892// 818// 667//
f 892// 667// 668//
f 709// 708// 856//
f 709// 856// 893//
f 893// 856// 854//
f 893// 854// 894//
f 894// 854// 852//
f 894// 852// 895//
f 895// 852// 850//
f 895// 850// 896//
f 896// 850// 848//
f 896// 848// 897//
f 897// 848// 691//
f 897// 691// 690//
f 590// 709// 898//
f 590// 898// 584//
f 584// 898// 899//
f 584// 899// 583//
f 583// 899// 900//
f 583// 900// 580//
f 580// 900// 901//
f 580// 901// 581//
f 581// 901// 902//
f 581// 902// 579//
f 579// 902// 669//
f 579// 669// 572//
f 670// 903// 904//
f 905// 906// 907//
f 689// 888// 908//
f 907// 906// 689//
f 909// 689// 906//
f 909// 906// 910//
f 910// 906// 905//
f 910// 905// 911//
f 912// 689// 909//
f 913// 914// 915//
f 915// 914// 908//
f 915// 908// 916//
f 916// 908// 888//
f 916// 888// 889//
f 912// 909// 917//
f 917// 909// 910//
f 917// 910// 918//
f 918// 910// 911//
f 918// 911// 919//
f 920// 913// 921//
f 921// 913// 915//
f 921// 915// 922//
f 922// 915// 916//
f 922// 916// 923//
f 923// 916// 889//
f 923// 889// 890//
f 924// 920// 925//
f 925// 920// 921//
f 925// 921// 926//
f 926// 921// 922//
f 926// 922// 927//
f 927// 922// 923//
f 927// 923// 928//
f 928// 923// 890//
f 928// 890// 891//
f 903// 924// 904//
f 904// 924// 925//
f 904// 925// 929//
f 929// 925// 926//
f 929// 926// 930//
f 930// 926// 927//
f 930// 927// 931//
f 931// 927// 928//
f 931// 928// 932//
f 932// 928// 891//
f 932// 891// 892//
f 670// 904// 887//
f 887// 904// 929//
f 887// 929// 886//
f 886// 929// 930//
f 886// 930// 885//
f 885// 930// 931//
f 885// 931// 884//
f 884// 931// 932//
f 884// 932// 883//
f 883// 932// 892//
f 883// 892// 668//
f 914// 689// 908//
f 903// 919// 924//
f 924// 919// 911//
f 924// 911// 920//
f 920// 911// 905//
f 920// 905// 913//
f 913// 905// 907//
f 913// 907// 914//
f 914// 907// 689//
f 709// 893// 933//
f 934// 935// 936//
f 690// 937// 938//
f 936// 935// 690//
f 939// 690// 935//
f 939// 935// 940//
f 940// 935// 934//
f 940// 934// 941//
f 897// 690// 939//
f 942// 943// 944//
f 944// 943// 938//
f 944// 938// 945//
f 945// 938// 937//
f 945// 937// 946//
f 897// 939// 896//
f 896// 939// 940//
f 896// 940// 895//
f 895// 940// 941//
f 895// 941// 894//
f 947// 942// 948//
f 948// 942// 944//
f 948// 944// 949//
f 949// 944// 945//
f 949// 945// 950//
f 950// 945// 946//
f 950// 946// 951//
f 952// 947// 953//
f 953// 947// 948//
f 953// 948// 954//
f 954// 948// 949//
f 954// 949// 955//
f 955// 949// 950//
f 955// 950// 956//
f 956// 950// 951//
f 956// 951// 957//
f 893// 952// 933//
f 933// 952// 953//
f 933// 953// 958//
f 958// 953// 954//
f 958// 954// 959//
f 959// 954// 955//
f 959// 955// 960//
f 960// 955// 956//
f 960// 956// 961//
f 961// 956// 957//
f 961// 957// 962//
f 709// 933// 898//
f 898// 933// 958//
f 898// 958// 899//
f 899// 958// 959//
f 899// 959// 900//
f 900// 959// 960//
f 900// 960// 901//
f 901// 960// 961//
f 901// 961// 902//
f 902// 961// 962//
f 902// 962// 669//
f 943// 690// 938//
f 893// 894// 952//
f 952// 894// 941//
f 952// 941// 947//
f 947// 941// 934//
f 947// 934// 942//
f 942// 934// 936//
f 942// 936// 943//
f 943// 936// 690//
f 690// 689// 912//
f 690// 912// 937//
f 937// 912// 917//
f 937// 917// 946//
f 946// 917// 918//
f 946// 918// 951//
f 951// 918// 919//
f 951// 919// 957//
f 957// 919// 903//
f 957// 903// 962//
f 962// 903// 670//
f 962// 670// 669//
usemtl 5
f 963// 685// 964//
f 964// 685// 684//
f 964// 684// 965//
f 965// 684// 683//
f 965// 683// 966//
f 966// 683// 697//
f 966// 697// 967//
f 967// 697// 696//
f 967// 696// 968//
f 968// 696// 695//
f 968// 695// 969//
f 969// 695// 694//
f 969// 694// 970//
f 970// 694// 693//
f 970// 693// 971//
f 971// 693// 692//
f 971// 692// 972//
f 972// 692// 688//
f 972// 688// 973//
f 973// 688// 687//
f 973// 687// 974//
f 974// 687// 686//
f 974// 686// 975//
f 975// 686// 675//
f 975// 675// 976//
f 976// 675// 674//
f 976// 674// 977//
f 977// 674// 707//
f 977// 707// 978//
f 978// 707// 706//
f 978// 706// 979//
f 979// 706// 705//
f 979// 705// 980//
f 980// 705// 680//
f 980// 680// 981//
f 981// 680// 699//
f 981// 699// 982//
f 982// 699// 698//
f 982// 698// 983//
f 983// 698// 679//
f 983// 679// 984//
f 984// 679// 678//
f 984// 678// 985//
f 985// 678// 677//
f 985// 677// 986//
f 986// 677// 673//
f 986// 673// 963//
f 963// 673// 685//
f 985// 986// 987//
f 987// 986// 963//
f 987// 963// 964//
f 982// 983// 987//
f 987// 983// 984//
f 987// 984// 985//
f 979// 980// 987//
f 987// 980// 981//
f 987// 981// 982//
f 976// 977// 987//
f 987// 977// 978//
f 987// 978// 979//
f 973// 974// 987//
f 987// 974// 975//
f 987// 975// 976//
f 970// 971// 987//
f 987// 971// 972//
f 987// 972// 973//
f 967// 968// 987//
f 987// 968// 969//
f 987// 969// 970//
f 964// 965// 987//
f 987// 965// 966//
f 987// 966// 967//
usemtl 6
f 988// 989// 582//
f 582// 989// 533//
f 990// 988// 546//
f 546// 988// 582//
f 991// 990// 518//
f 518// 990// 546//
f 989// 991// 533//
f 533// 991// 518//
f 992// 993// 989//
f 994// 995// 990//
f 996// 988// 997//
f 997// 988// 990//
f 996// 998// 988//
f 988// 998// 999//
f 988// 999// 1000//
f 991// 1001// 1002//
f 991// 1002// 990//
f 990// 1002// 1003//
f 990// 1003// 994//
f 989// 993// 991//
f 991// 993// 1004//
f 991// 1004// 1005//
f 995// 1006// 990//
f 990// 1006// 1007//
f 990// 1007// 997//
f 1000// 1008// 988//
f 988// 1008// 1009//
f 988// 1009// 989//
f 989// 1009// 1010//
f 989// 1010// 1011//
f 1011// 1012// 989//
f 989// 1012// 1013//
f 989// 1013// 992//
f 1005// 1014// 991//
f 991// 1014// 1015//
f 991// 1015// 1001//
usemtl 7
f 1016// 1017// 1018//
f 1018// 1017// 1019//
f 1018// 1019// 1020//
f 1020// 1019// 1021//
f 1020// 1021// 1022//
f 1022// 1021// 1023//
f 1022// 1023// 1024//
f 1024// 1023// 1025//
f 1024// 1025// 1026//
f 1026// 1025// 1027//
f 1026// 1027// 1028//
f 1028// 1027// 1029//
f 1028// 1029// 1030//
f 1030// 1029// 1031//
f 1030// 1031// 1032//
f 1032// 1031// 1033//
f 1032// 1033// 1034//
f 1034// 1033// 1035//
f 1034// 1035// 1036//
f 1036// 1035// 1037//
f 1036// 1037// 1038//
f 1038// 1037// 1039//
f 1038// 1039// 1040//
f 1040// 1039// 1041//
f 1040// 1041// 1042//
f 1042// 1041// 1043//
f 1042// 1043// 1044//
f 1044// 1043// 1045//
f 1044// 1045// 1046//
f 1046// 1045// 1047//
f 1046// 1047// 1048//
f 1048// 1047// 1049//
f 1048// 1049// 1050//
f 1050// 1049// 1051//
f 1050// 1051// 1052//
f 1052// 1051// 1053//
f 1052// 1053// 1054//
f 1054// 1053// 1055//
f 1054// 1055// 1056//
f 1056// 1055// 1057//
f 1056// 1057// 1058//
f 1058// 1057// 1059//
f 1058// 1059// 1060//
f 1060// 1059// 1061//
f 1060// 1061// 1062//
f 1062// 1061// 1063//
f 1062// 1063// 1016//
f 1016// 1063// 1017//
f 1009// 1063// 1010//
f 1010// 1063// 1061//
f 1010// 1061// 1011//
f 1011// 1061// 1059//
f 1011// 1059// 1012//
f 1012// 1059// 1057//
f 1012// 1057// 1013//
f 1013// 1057// 1055//
f 1013// 1055// 992//
f 992// 1055// 1053//
f 992// 1053// 993//
f 993// 1053// 1051//
f 993// 1051// 1004//
f 1004// 1051// 1049//
f 1004// 1049// 1005//
f 1005// 1049// 1047//
f 1005// 1047// 1014//
f 1014// 1047// 1045//
f 1014// 1045// 1015//
f 1015// 1045// 1043//
f 1015// 1043// 1001//
f 1001// 1043// 1041//
f 1001// 1041// 1002//
f 1002// 1041// 1039//
f 1002// 1039// 1003//
f 1003// 1039// 1037//
f 1003// 1037// 994//
f 994// 1037// 1035//
f 994// 1035// 995//
f 995// 1035// 1033//
f 995// 1033// 1006//
f 1006// 1033// 1031//
f 1006// 1031// 1007//
f 1007// 1031// 1029//
f 1007// 1029// 997//
f 997// 1029// 1027//
f 997// 1027// 996//
f 996// 1027// 1025//
f 996// 1025// 998//
f 998// 1025// 1023//
f 998// 1023// 999//
f 999// 1023// 1021//
f 999// 1021// 1000//
f 1000// 1021// 1019//
f 1000// 1019// 1008//
f 1008// 1019// 1017//
f 1008// 1017// 1009//
f 1009// 1017// 1063//
f 1016// 1064// 1062//
f 1062// 1064// 1065//
f 1062// 1065// 1060//
f 1060// 1065// 1066//
f 1060// 1066// 1058//
f 1058// 1066// 1067//
f 1058// 1067// 1056//
f 1056// 1067// 1068//
f 1056// 1068// 1054//
f 1054// 1068// 1069//
f 1054// 1069// 1052//
f 1052// 1069// 1070//
f 1052// 1070// 1050//
f 1050// 1070// 1071//
f 1050// 1071// 1048//
f 1048// 1071// 1072//
f 1048// 1072// 1046//
f 1046// 1072// 1073//
f 1046// 1073// 1044//
f 1044// 1073// 1074//
f 1044// 1074// 1042//
f 1042// 1074// 1075//
f 1042// 1075// 1040//
f 1040// 1075// 1076//
f 1040// 1076// 1038//
f 1038// 1076// 1077//
f 1038// 1077// 1036//
f 1036// 1077// 1078//
f 1036// 1078// 1034//
f 1034// 1078// 1079//
f 1034// 1079// 1032//
f 1032// 1079// 1080//
f 1032// 1080// 1030//
f 1030// 1080// 1081//
f 1030// 1081// 1028//
f 1028// 1081// 1082//
f 1028// 1082// 1026//
f 1026// 1082// 1083//
f 1026// 1083// 1024//
f 1024// 1083// 1084//
f 1024// 1084// 1022//
f 1022// 1084// 1085//
f 1022// 1085// 1020//
f 1020// 1085// 1086//
f 1020// 1086// 1018//
f 1018// 1086// 1087//
f 1018// 1087// 1016//
f 1016// 1087// 1064//
usemtl 6
f 1088// 1072// 1089//
f 1089// 1072// 1071//
f 1089// 1071// 1090//
f 1090// 1071// 1070//
f 1090// 1070// 1091//
f 1091// 1070// 1069//
f 1091// 1069// 1092//
f 1092// 1069// 1068//
f 1092// 1068// 1093//
f 1093// 1068// 1067//
f 1093// 1067// 1094//
f 1094// 1067// 1066//
f 1094// 1066// 1095//
f 1095// 1066// 1065//
f 1095// 1065// 1096//
f 1096// 1065// 1064//
f 1096// 1064// 1097//
f 1097// 1064// 1087//
f 1097// 1087// 1098//
f 1098// 1087// 1086//
f 1098// 1086// 1099//
f 1099// 1086// 1085//
f 1099// 1085// 1100//
f 1100// 1085// 1084//
f 1100// 1084// 1101//
f 1101// 1084// 1083//
f 1101// 1083// 1102//
f 1102// 1083// 1082//
f 1102// 1082// 1103//
f 1103// 1082// 1081//
f 1103// 1081// 1104//
f 1104// 1081// 1080//
f 1104// 1080// 1105//
f 1105// 1080// 1079//
f 1105// 1079// 1106//
f 1106// 1079// 1078//
f 1106// 1078// 1107//
f 1107// 1078// 1077//
f 1107// 1077// 1108//
f 1108// 1077// 1076//
f 1108// 1076// 1109//
f 1109// 1076// 1075//
f 1109// 1075// 1110//
f 1110// 1075// 1074//
f 1110// 1074// 1111//
f 1111// 1074// 1073//
f 1111// 1073// 1088//
f 1088// 1073// 1072//
usemtl 7
f 1096// 1112// 1095//
f 1095// 1112// 1113//
f 1095// 1113// 1094//
f 1094// 1113// 1114//
f 1094// 1114// 1093//
f 1093// 1114// 1115//
f 1093// 1115// 1092//
f 1092// 1115// 1116//
f 1092// 1116// 1091//
f 1091// 1116// 1117//
f 1091// 1117// 1090//
f 1090// 1117// 1118//
f 1090// 1118// 1089//
f 1089// 1118// 1119//
f 1089// 1119// 1088//
f 1088// 1119// 1120//
f 1088// 1120// 1111//
f 1111// 1120// 1121//
f 1111// 1121// 1110//
f 1110// 1121// 1122//
f 1110// 1122// 1109//
f 1109// 1122// 1123//
f 1109// 1123// 1108//
f 1108// 1123// 1124//
f 1108// 1124// 1107//
f 1107// 1124// 1125//
f 1107// 1125// 1106//
f 1106// 1125// 1126//
f 1106// 1126// 1105//
f 1105// 1126// 1127//
f 1105// 1127// 1104//
f 1104// 1127// 1128//
f 1104// 1128// 1103//
f 1103// 1128// 1129//
f 1103// 1129// 1102//
f 1102// 1129// 1130//
f 1102// 1130// 1101//
f 1101// 1130// 1131//
f 1101// 1131// 1100//
f 1100// 1131// 1132//
f 1100// 1132// 1099//
f 1099// 1132// 1133//
f 1099// 1133// 1098//
f 1098// 1133// 1134//
f 1098// 1134// 1097//
f 1097// 1134// 1135//
f 1097// 1135// 1096//
f 1096// 1135// 1112//
f 1136// 1137// 1138//
f 1139// 1137// 1136//
f 1136// 1140// 1141//
f 1142// 1140// 1136//
f 1138// 1142// 1136//
f 1136// 1143// 1144//
f 1145// 1143// 1136//
f 1141// 1145// 1136//
f 1136// 1146// 1147//
f 1148// 1146// 1136//
f 1144// 1148// 1136//
f 1136// 1149// 1150//
f 1151// 1149// 1136//
f 1147// 1151// 1136//
f 1136// 1152// 1153//
f 1154// 1152// 1136//
f 1150// 1154// 1136//
f 1136// 1155// 1156//
f 1157// 1155// 1136//
f 1153// 1157// 1136//
f 1136// 1158// 1159//
f 1160// 1158// 1136//
f 1156// 1160// 1136//
f 1159// 1139// 1136//
f 1139// 1161// 1137//
f 1137// 1161// 1162//
f 1137// 1162// 1138//
f 1138// 1162// 1163//
f 1138// 1163// 1142//
f 1142// 1163// 1164//
f 1142// 1164// 1140//
f 1140// 1164// 1165//
f 1140// 1165// 1141//
f 1141// 1165// 1166//
f 1141// 1166// 1145//
f 1145// 1166// 1167//
f 1145// 1167// 1143//
f 1143// 1167// 1168//
f 1143// 1168// 1144//
f 1144// 1168// 1169//
f 1144// 1169// 1148//
f 1148// 1169// 1170//
f 1148// 1170// 1146//
f 1146// 1170// 1171//
f 1146// 1171// 1147//
f 1147// 1171// 1172//
f 1147// 1172// 1151//
f 1151// 1172// 1173//
f 1151// 1173// 1149//
f 1149// 1173// 1174//
f 1149// 1174// 1150//
f 1150// 1174// 1175//
f 1150// 1175// 1154//
f 1154// 1175// 1176//
f 1154// 1176// 1152//
f 1152// 1176// 1177//
f 1152// 1177// 1153//
f 1153// 1177// 1178//
f 1153// 1178// 1157//
f 1157// 1178// 1179//
f 1157// 1179// 1155//
f 1155// 1179// 1180//
f 1155// 1180// 1156//
f 1156// 1180// 1181//
f 1156// 1181// 1160//
f 1160// 1181// 1182//
f 1160// 1182// 1158//
f 1158// 1182// 1183//
f 1158// 1183// 1159//
f 1159// 1183// 1184//
f 1159// 1184// 1139//
f 1139// 1184// 1161//
f 1184// 1185// 1161//
f 1161// 1185// 1186//
f 1161// 1186// 1162//
f 1162// 1186// 1187//
f 1162// 1187// 1163//
f 1163// 1187// 1188//
f 1163// 1188// 1164//
f 1164// 1188// 1189//
f 1164// 1189// 1165//
f 1165// 1189// 1190//
f 1165// 1190// 1166//
f 1166// 1190// 1191//
f 1166// 1191// 1167//
f 1167// 1191// 1192//
f 1167// 1192// 1168//
f 1168// 1192// 1193//
f 1168// 1193// 1169//
f 1169// 1193// 1194//
f 1169// 1194// 1170//
f 1170// 1194// 1195//
f 1170// 1195// 1171//
f 1171// 1195// 1196//
f 1171// 1196// 1172//
f 1172// 1196// 1197//
f 1172// 1197// 1173//
f 1173// 1197// 1198//
f 1173// 1198// 1174//
f 1174// 1198// 1199//
f 1174// 1199// 1175//
f 1175// 1199// 1200//
f 1175// 1200// 1176//
f 1176// 1200// 1201//
f 1176// 1201// 1177//
f 1177// 1201// 1202//
f 1177// 1202// 1178//
f 1178// 1202// 1203//
f 1178// 1203// 1179//
f 1179// 1203// 1204//
f 1179// 1204// 1180//
f 1180// 1204// 1205//
f 1180// 1205// 1181//
f 1181// 1205// 1206//
f 1181// 1206// 1182//
f 1182// 1206// 1207//
f 1182// 1207// 1183//
f 1183// 1207// 1208//
f 1183// 1208// 1184//
f 1184// 1208// 1185//
f 1208// 1209// 1185//
f 1185// 1209// 1210//
f 1185// 1210// 1186//
f 1186// 1210// 1211//
f 1186// 1211// 1187//
f 1187// 1211// 1212//
f 1187// 1212// 1188//
f 1188// 1212// 1213//
f 1188// 1213// 1189//
f 1189// 1213// 1214//
f 1189// 1214// 1190//
f 1190// 1214// 1215//
f 1190// 1215// 1191//
f 1191// 1215// 1216//
f 1191// 1216// 1192//
f 1192// 1216// 1217//
f 1192// 1217// 1193//
f 1193// 1217// 1218//
f 1193// 1218// 1194//
f 1194// 1218// 1219//
f 1194// 1219// 1195//
f 1195// 1219// 1220//
f 1195// 1220// 1196//
f 1196// 1220// 1221//
f 1196// 1221// 1197//
f 1197// 1221// 1222//
f 1197// 1222// 1198//
f 1198// 1222// 1223//
f 1198// 1223// 1199//
f 1199// 1223// 1224//
f 1199// 1224// 1200//
f 1200// 1224// 1225//
f 1200// 1225// 1201//
f 1201// 1225// 1226//
f 1201// 1226// 1202//
f 1202// 1226// 1227//
f 1202// 1227// 1203//
f 1203// 1227// 1228//
f 1203// 1228// 1204//
f 1204// 1228// 1229//
f 1204// 1229// 1205//
f 1205// 1229// 1230//
f 1205// 1230// 1206//
f 1206// 1230// 1231//
f 1206// 1231// 1207//
f 1207// 1231// 1232//
f 1207// 1232// 1208//
f 1208// 1232// 1209//
f 1232// 1233// 1209//
f 1209// 1233// 1234//
f 1209// 1234// 1210//
f 1210// 1234// 1235//
f 1210// 1235// 1211//
f 1211// 1235// 1236//
f 1211// 1236// 1212//
f 1212// 1236// 1237//
f 1212// 1237// 1213//
f 1213// 1237// 1238//
f 1213// 1238// 1214//
f 1214// 1238// 1239//
f 1214// 1239// 1215//
f 1215// 1239// 1240//
f 1215// 1240// 1216//
f 1216// 1240// 1241//
f 1216// 1241// 1217//
f 1217// 1241// 1242//
f 1217// 1242// 1218//
f 1218// 1242// 1243//
f 1218// 1243// 1219//
f 1219// 1243// 1244//
f 1219// 1244// 1220//
f 1220// 1244// 1245//
f 1220// 1245// 1221//
f 1221// 1245// 1246//
f 1221// 1246// 1222//
f 1222// 1246// 1247//
f 1222// 1247// 1223//
f 1223// 1247// 1248//
f 1223// 1248// 1224//
f 1224// 1248// 1249//
f 1224// 1249// 1225//
f 1225// 1249// 1250//
f 1225// 1250// 1226//
f 1226// 1250// 1251//
f 1226// 1251// 1227//
f 1227// 1251// 1252//
f 1227// 1252// 1228//
f 1228// 1252// 1253//
f 1228// 1253// 1229//
f 1229// 1253// 1254//
f 1229// 1254// 1230//
f 1230// 1254// 1255//
f 1230// 1255// 1231//
f 1231// 1255// 1256//
f 1231// 1256// 1232//
f 1232// 1256// 1233//
f 1256// 1122// 1233//
f 1233// 1122// 1121//
f 1233// 1121// 1234//
f 1234// 1121// 1120//
f 1234// 1120// 1235//
f 1235// 1120// 1119//
f 1235// 1119// 1236//
f 1236// 1119// 1118//
f 1236// 1118// 1237//
f 1237// 1118// 1117//
f 1237// 1117// 1238//
f 1238// 1117// 1116//
f 1238// 1116// 1239//
f 1239// 1116// 1115//
f 1239// 1115// 1240//
f 1240// 1115// 1114//
f 1240// 1114// 1241//
f 1241// 1114// 1113//
f 1241// 1113// 1242//
f 1242// 1113// 1112//
f 1242// 1112// 1243//
f 1243// 1112// 1135//
f 1243// 1135// 1244//
f 1244// 1135// 1134//
f 1244// 1134// 1245//
f 1245// 1134// 1133//
f 1245// 1133// 1246//
f 1246// 1133// 1132//
f 1246// 1132// 1247//
f 1247// 1132// 1131//
f 1247// 1131// 1248//
f 1248// 1131// 1130//
f 1248// 1130// 1249//
f 1249// 1130// 1129//
f 1249// 1129// 1250//
f 1250// 1129// 1128//
f 1250// 1128// 1251//
f 1251// 1128// 1127//
f 1251// 1127// 1252//
f 1252// 1127// 1126//
f 1252// 1126// 1253//
f 1253// 1126// 1125//
f 1253// 1125// 1254//
f 1254// 1125// 1124//
f 1254// 1124// 1255//
f 1255// 1124// 1123//
f 1255// 1123// 1256//
f 1256// 1123// 1122//
usemtl 2
f 661// 660// 1257//
f 1258// 1259// 1260//
f 661// 1257// 1261//
f 1261// 1257// 1262//
f 1261// 1262// 1263//
f 1259// 1264// 1260//
f 1260// 1264// 1265//
f 1260// 1265// 651//
f 651// 1265// 1266//
f 651// 1266// 652//
f 1263// 1267// 1261//
f 1261// 1267// 1268//
f 1261// 1268// 1260//
f 1260// 1268// 1269//
f 1260// 1269// 1258//
f 1261// 1260// 132//
f 132// 1260// 134//
f 1260// 651// 134//
f 134// 651// 138//
f 661// 1261// 133//
f 133// 1261// 132//
f 662// 564// 1270//
f 1270// 564// 566//
f 562// 657// 563//
f 563// 657// 1271//
f 1272// 1273// 1271//
f 1271// 1273// 1274//
f 1272// 1271// 1275//
f 1275// 1271// 657//
f 1275// 657// 656//
f 1276// 1277// 1270//
f 1270// 1277// 1278//
f 1270// 1278// 662//
f 662// 1278// 1279//
f 662// 1279// 659//
f 1274// 1280// 1271//
f 1271// 1280// 1281//
f 1271// 1281// 1270//
f 1270// 1281// 1282//
f 1270// 1282// 1276//
f 660// 659// 1257//
f 1257// 659// 1279//
f 1257// 1279// 1262//
f 1262// 1279// 1278//
f 1262// 1278// 1263//
f 1263// 1278// 1277//
f 1263// 1277// 1267//
f 1267// 1277// 1276//
f 1267// 1276// 1268//
f 1268// 1276// 1282//
f 1268// 1282// 1269//
f 1269// 1282// 1281//
f 1269// 1281// 1258//
f 1258// 1281// 1280//
f 1258// 1280// 1259//
f 1259// 1280// 1274//
f 1259// 1274// 1264//
f 1264// 1274// 1273//
f 1264// 1273// 1265//
f 1265// 1273// 1272//
f 1265// 1272// 1266//
f 1266// 1272// 1275//
f 1266// 1275// 652//
f 652// 1275// 656//
f 566// 563// 1270//
f 1270// 563// 1271//
f 655// 654// 1283//
f 655// 1283// 1284//
f 1284// 1283// 1285//
f 1284// 1285// 1286//
f 1286// 1287// 1284//
f 1284// 1287// 1288//
f 1284// 1288// 1289//
f 1288// 1290// 1289//
f 1289// 1290// 1291//
f 1289// 1291// 1292//
f 1292// 1293// 1289//
f 1289// 1293// 1294//
f 1289// 1294// 598//
f 598// 1294// 1295//
f 598// 1295// 593//
f 1284// 1289// 136//
f 136// 1289// 135//
f 1289// 598// 135//
f 135// 598// 143//
f 655// 1284// 137//
f 137// 1284// 136//
f 658// 561// 1296//
f 1296// 561// 559//
f 557// 595// 558//
f 558// 595// 1297//
f 595// 594// 1298//
f 1297// 1299// 1300//
f 595// 1298// 1297//
f 1297// 1298// 1301//
f 1297// 1301// 1299//
f 1300// 1302// 1297//
f 1297// 1302// 1303//
f 1297// 1303// 1296//
f 1296// 1303// 1304//
f 1296// 1304// 1305//
f 1305// 1306// 1296//
f 1296// 1306// 1307//
f 1296// 1307// 658//
f 658// 1307// 1308//
f 658// 1308// 653//
f 1309// 1310// 1311//
f 1312// 1313// 1314//
f 1310// 1315// 1311//
f 1311// 1315// 1316//
f 1311// 1316// 1314//
f 1314// 1316// 1317//
f 1314// 1317// 1312//
f 1309// 1311// 1318//
f 1318// 1311// 597//
f 1318// 597// 596//
f 1313// 1319// 1314//
f 1314// 1319// 1320//
f 1314// 1320// 606//
f 606// 1320// 1321//
f 606// 1321// 601//
f 1311// 1314// 141//
f 141// 1314// 140//
f 1314// 606// 140//
f 140// 606// 139//
f 597// 1311// 142//
f 142// 1311// 141//
f 591// 556// 1322//
f 1322// 556// 545//
f 555// 603// 544//
f 544// 603// 1323//
f 1324// 1325// 1323//
f 1323// 1325// 1326//
f 1326// 1327// 1323//
f 1323// 1327// 1328//
f 1323// 1328// 1322//
f 1322// 1328// 1329//
f 1322// 1329// 1330//
f 1324// 1323// 1331//
f 1331// 1323// 603//
f 1331// 603// 602//
f 1330// 1332// 1322//
f 1322// 1332// 1333//
f 1322// 1333// 591//
f 591// 1333// 1334//
f 591// 1334// 592//
f 1335// 1336// 1337//
f 1338// 1339// 1340//
f 1335// 1337// 1341//
f 1341// 1337// 605//
f 1341// 605// 604//
f 1336// 1342// 1337//
f 1337// 1342// 1343//
f 1337// 1343// 1340//
f 1340// 1343// 1344//
f 1340// 1344// 1338//
f 1339// 1345// 1340//
f 1340// 1345// 1346//
f 1340// 1346// 614//
f 614// 1346// 1347//
f 614// 1347// 609//
f 1337// 1340// 70//
f 70// 1340// 73//
f 1340// 614// 73//
f 73// 614// 72//
f 605// 1337// 71//
f 71// 1337// 70//
f 599// 554// 1348//
f 1348// 554// 553//
f 551// 611// 552//
f 552// 611// 1349//
f 1350// 1351// 1349//
f 1349// 1351// 1352//
f 1350// 1349// 1353//
f 1353// 1349// 611//
f 1353// 611// 610//
f 1352// 1354// 1349//
f 1349// 1354// 1355//
f 1349// 1355// 1348//
f 1348// 1355// 1356//
f 1348// 1356// 1357//
f 1357// 1358// 1348//
f 1348// 1358// 1359//
f 1348// 1359// 599//
f 599// 1359// 1360//
f 599// 1360// 600//
f 613// 612// 1361//
f 1362// 1363// 1364//
f 1363// 1365// 1364//
f 1364// 1365// 1366//
f 1364// 1366// 622//
f 622// 1366// 1367//
f 622// 1367// 617//
f 613// 1361// 1368//
f 1368// 1361// 1369//
f 1368// 1369// 1370//
f 1370// 1371// 1368//
f 1368// 1371// 1372//
f 1368// 1372// 1364//
f 1364// 1372// 1373//
f 1364// 1373// 1362//
f 1368// 1364// 121//
f 121// 1364// 45//
f 1364// 622// 45//
f 45// 622// 47//
f 613// 1368// 125//
f 125// 1368// 121//
f 607// 550// 1374//
f 1374// 550// 530//
f 542// 619// 529//
f 529// 619// 1375//
f 619// 618// 1376//
f 1377// 1378// 1375//
f 619// 1376// 1375//
f 1375// 1376// 1379//
f 1375// 1379// 1377//
f 1380// 1381// 1374//
f 1374// 1381// 1382//
f 1374// 1382// 607//
f 607// 1382// 1383//
f 607// 1383// 608//
f 1378// 1384// 1375//
f 1375// 1384// 1385//
f 1375// 1385// 1374//
f 1374// 1385// 1386//
f 1374// 1386// 1380//
f 1387// 1388// 1389//
f 1390// 1391// 1392//
f 1387// 1389// 1393//
f 1393// 1389// 621//
f 1393// 621// 620//
f 1388// 1394// 1389//
f 1389// 1394// 1395//
f 1389// 1395// 1392//
f 1392// 1395// 1396//
f 1392// 1396// 1390//
f 1391// 1397// 1392//
f 1392// 1397// 1398//
f 1392// 1398// 630//
f 630// 1398// 1399//
f 630// 1399// 625//
f 1389// 1392// 44//
f 44// 1392// 104//
f 1392// 630// 104//
f 104// 630// 113//
f 621// 1389// 46//
f 46// 1389// 44//
f 615// 541// 1400//
f 1400// 541// 540//
f 548// 627// 549//
f 549// 627// 1401//
f 1402// 1403// 1401//
f 1401// 1403// 1404//
f 1402// 1401// 1405//
f 1405// 1401// 627//
f 1405// 627// 626//
f 1404// 1406// 1401//
f 1401// 1406// 1407//
f 1401// 1407// 1400//
f 1400// 1407// 1408//
f 1400// 1408// 1409//
f 1409// 1410// 1400//
f 1400// 1410// 1411//
f 1400// 1411// 615//
f 615// 1411// 1412//
f 615// 1412// 616//
f 1413// 1414// 1415//
f 1416// 1417// 1418//
f 1414// 1419// 1415//
f 1415// 1419// 1420//
f 1415// 1420// 1418//
f 1418// 1420// 1421//
f 1418// 1421// 1416//
f 1413// 1415// 1422//
f 1422// 1415// 629//
f 1422// 629// 628//
f 1417// 1423// 1418//
f 1418// 1423// 1424//
f 1418// 1424// 638//
f 638// 1424// 1425//
f 638// 1425// 633//
f 1415// 1418// 111//
f 111// 1418// 106//
f 1418// 638// 106//
f 106// 638// 107//
f 629// 1415// 112//
f 112// 1415// 111//
f 623// 547// 1426//
f 1426// 547// 525//
f 509// 635// 524//
f 524// 635// 1427//
f 1428// 1429// 1427//
f 1427// 1429// 1430//
f 1430// 1431// 1427//
f 1427// 1431// 1432//
f 1427// 1432// 1426//
f 1426// 1432// 1433//
f 1426// 1433// 1434//
f 1428// 1427// 1435//
f 1435// 1427// 635//
f 1435// 635// 634//
f 1434// 1436// 1426//
f 1426// 1436// 1437//
f 1426// 1437// 623//
f 623// 1437// 1438//
f 623// 1438// 624//
f 637// 636// 1439//
f 1440// 1441// 1442//
f 637// 1439// 1443//
f 1443// 1439// 1444//
f 1443// 1444// 1445//
f 1441// 1446// 1442//
f 1442// 1446// 1447//
f 1442// 1447// 646//
f 646// 1447// 1448//
f 646// 1448// 641//
f 1445// 1449// 1443//
f 1443// 1449// 1450//
f 1443// 1450// 1442//
f 1442// 1450// 1451//
f 1442// 1451// 1440//
f 1443// 1442// 109//
f 109// 1442// 110//
f 1442// 646// 110//
f 110// 646// 119//
f 637// 1443// 108//
f 108// 1443// 109//
f 631// 508// 1452//
f 1452// 508// 507//
f 527// 643// 528//
f 528// 643// 1453//
f 1454// 1455// 1453//
f 1453// 1455// 1456//
f 1454// 1453// 1457//
f 1457// 1453// 643//
f 1457// 643// 642//
f 1458// 1459// 1452//
f 1452// 1459// 1460//
f 1452// 1460// 631//
f 631// 1460// 1461//
f 631// 1461// 632//
f 1456// 1462// 1453//
f 1453// 1462// 1463//
f 1453// 1463// 1452//
f 1452// 1463// 1464//
f 1452// 1464// 1458//
f 645// 644// 1465//
f 1466// 1467// 1468//
f 645// 1465// 1469//
f 1469// 1465// 1470//
f 1469// 1470// 1471//
f 1467// 1472// 1468//
f 1468// 1472// 1473//
f 1468// 1473// 650//
f 650// 1473// 1474//
f 650// 1474// 647//
f 1471// 1475// 1469//
f 1469// 1475// 1476//
f 1469// 1476// 1468//
f 1468// 1476// 1477//
f 1468// 1477// 1466//
f 1469// 1468// 117//
f 117// 1468// 116//
f 1468// 650// 116//
f 116// 650// 114//
f 645// 1469// 118//
f 118// 1469// 117//
f 639// 526// 1478//
f 1478// 526// 522//
f 511// 649// 512//
f 512// 649// 1479//
f 1480// 1481// 1479//
f 1479// 1481// 1482//
f 1480// 1479// 1483//
f 1483// 1479// 649//
f 1483// 649// 648//
f 1484// 1485// 1478//
f 1478// 1485// 1486//
f 1478// 1486// 639//
f 639// 1486// 1487//
f 639// 1487// 640//
f 1482// 1488// 1479//
f 1479// 1488// 1489//
f 1479// 1489// 1478//
f 1478// 1489// 1490//
f 1478// 1490// 1484//
f 644// 640// 1465//
f 1465// 640// 1487//
f 1465// 1487// 1470//
f 1470// 1487// 1486//
f 1470// 1486// 1471//
f 1471// 1486// 1485//
f 1471// 1485// 1475//
f 1475// 1485// 1484//
f 1475// 1484// 1476//
f 1476// 1484// 1490//
f 1476// 1490// 1477//
f 1477// 1490// 1489//
f 1477// 1489// 1466//
f 1466// 1489// 1488//
f 1466// 1488// 1467//
f 1467// 1488// 1482//
f 1467// 1482// 1472//
f 1472// 1482// 1481//
f 1472// 1481// 1473//
f 1473// 1481// 1480//
f 1473// 1480// 1474//
f 1474// 1480// 1483//
f 1474// 1483// 647//
f 647// 1483// 648//
f 636// 632// 1439//
f 1439// 632// 1461//
f 1439// 1461// 1444//
f 1444// 1461// 1460//
f 1444// 1460// 1445//
f 1445// 1460// 1459//
f 1445// 1459// 1449//
f 1449// 1459// 1458//
f 1449// 1458// 1450//
f 1450// 1458// 1464//
f 1450// 1464// 1451//
f 1451// 1464// 1463//
f 1451// 1463// 1440//
f 1440// 1463// 1462//
f 1440// 1462// 1441//
f 1441// 1462// 1456//
f 1441// 1456// 1446//
f 1446// 1456// 1455//
f 1446// 1455// 1447//
f 1447// 1455// 1454//
f 1447// 1454// 1448//
f 1448// 1454// 1457//
f 1448// 1457// 641//
f 641// 1457// 642//
f 628// 624// 1422//
f 1422// 624// 1438//
f 1422// 1438// 1413//
f 1413// 1438// 1437//
f 1413// 1437// 1414//
f 1414// 1437// 1436//
f 1414// 1436// 1419//
f 1419// 1436// 1434//
f 1419// 1434// 1420//
f 1420// 1434// 1433//
f 1420// 1433// 1421//
f 1421// 1433// 1432//
f 1421// 1432// 1416//
f 1416// 1432// 1431//
f 1416// 1431// 1417//
f 1417// 1431// 1430//
f 1417// 1430// 1423//
f 1423// 1430// 1429//
f 1423// 1429// 1424//
f 1424// 1429// 1428//
f 1424// 1428// 1425//
f 1425// 1428// 1435//
f 1425// 1435// 633//
f 633// 1435// 634//
f 620// 616// 1393//
f 1393// 616// 1412//
f 1393// 1412// 1387//
f 1387// 1412// 1411//
f 1387// 1411// 1388//
f 1388// 1411// 1410//
f 1388// 1410// 1394//
f 1394// 1410// 1409//
f 1394// 1409// 1395//
f 1395// 1409// 1408//
f 1395// 1408// 1396//
f 1396// 1408// 1407//
f 1396// 1407// 1390//
f 1390// 1407// 1406//
f 1390// 1406// 1391//
f 1391// 1406// 1404//
f 1391// 1404// 1397//
f 1397// 1404// 1403//
f 1397// 1403// 1398//
f 1398// 1403// 1402//
f 1398// 1402// 1399//
f 1399// 1402// 1405//
f 1399// 1405// 625//
f 625// 1405// 626//
f 612// 608// 1361//
f 1361// 608// 1383//
f 1361// 1383// 1369//
f 1369// 1383// 1382//
f 1369// 1382// 1370//
f 1370// 1382// 1381//
f 1370// 1381// 1371//
f 1371// 1381// 1380//
f 1371// 1380// 1372//
f 1372// 1380// 1386//
f 1372// 1386// 1373//
f 1373// 1386// 1385//
f 1373// 1385// 1362//
f 1362// 1385// 1384//
f 1362// 1384// 1363//
f 1363// 1384// 1378//
f 1363// 1378// 1365//
f 1365// 1378// 1377//
f 1365// 1377// 1366//
f 1366// 1377// 1379//
f 1366// 1379// 1367//
f 1367// 1379// 1376//
f 1367// 1376// 617//
f 617// 1376// 618//
f 604// 600// 1341//
f 1341// 600// 1360//
f 1341// 1360// 1335//
f 1335// 1360// 1359//
f 1335// 1359// 1336//
f 1336// 1359// 1358//
f 1336// 1358// 1342//
f 1342// 1358// 1357//
f 1342// 1357// 1343//
f 1343// 1357// 1356//
f 1343// 1356// 1344//
f 1344// 1356// 1355//
f 1344// 1355// 1338//
f 1338// 1355// 1354//
f 1338// 1354// 1339//
f 1339// 1354// 1352//
f 1339// 1352// 1345//
f 1345// 1352// 1351//
f 1345// 1351// 1346//
f 1346// 1351// 1350//
f 1346// 1350// 1347//
f 1347// 1350// 1353//
f 1347// 1353// 609//
f 609// 1353// 610//
f 596// 592// 1318//
f 1318// 592// 1334//
f 1318// 1334// 1309//
f 1309// 1334// 1333//
f 1309// 1333// 1310//
f 1310// 1333// 1332//
f 1310// 1332// 1315//
f 1315// 1332// 1330//
f 1315// 1330// 1316//
f 1316// 1330// 1329//
f 1316// 1329// 1317//
f 1317// 1329// 1328//
f 1317// 1328// 1312//
f 1312// 1328// 1327//
f 1312// 1327// 1313//
f 1313// 1327// 1326//
f 1313// 1326// 1319//
f 1319// 1326// 1325//
f 1319// 1325// 1320//
f 1320// 1325// 1324//
f 1320// 1324// 1321//
f 1321// 1324// 1331//
f 1321// 1331// 601//
f 601// 1331// 602//
f 654// 653// 1283//
f 1283// 653// 1308//
f 1283// 1308// 1285//
f 1285// 1308// 1307//
f 1285// 1307// 1286//
f 1286// 1307// 1306//
f 1286// 1306// 1287//
f 1287// 1306// 1305//
f 1287// 1305// 1288//
f 1288// 1305// 1304//
f 1288// 1304// 1290//
f 1290// 1304// 1303//
f 1290// 1303// 1291//
f 1291// 1303// 1302//
f 1291// 1302// 1292//
f 1292// 1302// 1300//
f 1292// 1300// 1293//
f 1293// 1300// 1299//
f 1293// 1299// 1294//
f 1294// 1299// 1301//
f 1294// 1301// 1295//
f 1295// 1301// 1298//
f 1295// 1298// 593//
f 593// 1298// 594//
f 522// 512// 1478//
f 1478// 512// 1479//
f 507// 528// 1452//
f 1452// 528// 1453//
f 525// 524// 1426//
f 1426// 524// 1427//
f 540// 549// 1400//
f 1400// 549// 1401//
f 530// 529// 1374//
f 1374// 529// 1375//
f 553// 552// 1348//
f 1348// 552// 1349//
f 545// 544// 1322//
f 1322// 544// 1323//
f 559// 558// 1296//
f 1296// 558// 1297//
f 1491// 1492// 1493//
f 1493// 1492// 1494//
f 1491// 1493// 1495//
f 1495// 1493// 475//
f 1495// 475// 474//
f 1494// 1496// 1493//
f 1493// 1496// 1497//
f 1493// 1497// 1498//
f 1498// 1497// 1499//
f 1498// 1499// 1500//
f 1500// 1501// 1498//
f 1498// 1501// 1502//
f 1498// 1502// 470//
f 470// 1502// 1503//
f 470// 1503// 469//
f 157// 475// 156//
f 156// 475// 1493//
f 156// 1493// 155//
f 155// 1493// 1498//
f 155// 1498// 153//
f 153// 1498// 470//
f 479// 478// 1504//
f 1505// 1506// 1507//
f 1507// 1508// 1505//
f 1505// 1508// 1509//
f 1505// 1509// 1510//
f 1510// 1509// 1511//
f 1510// 1511// 1512//
f 479// 1504// 1505//
f 1505// 1504// 1513//
f 1505// 1513// 1506//
f 1512// 1514// 1510//
f 1510// 1514// 1515//
f 1510// 1515// 472//
f 472// 1515// 1516//
f 472// 1516// 473//
f 149// 479// 150//
f 150// 479// 1505//
f 150// 1505// 151//
f 151// 1505// 1510//
f 151// 1510// 158//
f 158// 1510// 472//
f 1517// 1518// 1519//
f 1519// 1518// 1520//
f 1517// 1519// 1521//
f 1521// 1519// 483//
f 1521// 483// 482//
f 1520// 1522// 1519//
f 1519// 1522// 1523//
f 1519// 1523// 1524//
f 1524// 1523// 1525//
f 1524// 1525// 1526//
f 1526// 1527// 1524//
f 1524// 1527// 1528//
f 1524// 1528// 476//
f 476// 1528// 1529//
f 476// 1529// 477//
f 145// 483// 146//
f 146// 483// 1519//
f 146// 1519// 147//
f 147// 1519// 1524//
f 147// 1524// 148//
f 148// 1524// 476//
f 1530// 1531// 1532//
f 1533// 1534// 1535//
f 1530// 1532// 1536//
f 1536// 1532// 487//
f 1536// 487// 486//
f 1531// 1537// 1532//
f 1532// 1537// 1538//
f 1532// 1538// 1535//
f 1535// 1538// 1539//
f 1535// 1539// 1533//
f 1534// 1540// 1535//
f 1535// 1540// 1541//
f 1535// 1541// 480//
f 480// 1541// 1542//
f 480// 1542// 481//
f 160// 487// 161//
f 161// 487// 1532//
f 161// 1532// 163//
f 163// 1532// 1535//
f 163// 1535// 162//
f 162// 1535// 480//
f 491// 490// 1543//
f 1544// 1545// 1546//
f 491// 1543// 1544//
f 1544// 1543// 1547//
f 1544// 1547// 1545//
f 1546// 1548// 1544//
f 1544// 1548// 1549//
f 1544// 1549// 1550//
f 1550// 1549// 1551//
f 1550// 1551// 1552//
f 1552// 1553// 1550//
f 1550// 1553// 1554//
f 1550// 1554// 484//
f 484// 1554// 1555//
f 484// 1555// 485//
f 174// 491// 172//
f 172// 491// 1544//
f 172// 1544// 167//
f 167// 1544// 1550//
f 167// 1550// 166//
f 166// 1550// 484//
f 1556// 1557// 1558//
f 1559// 1560// 1561//
f 1556// 1558// 1562//
f 1562// 1558// 495//
f 1562// 495// 494//
f 1557// 1563// 1558//
f 1558// 1563// 1564//
f 1558// 1564// 1561//
f 1561// 1564// 1565//
f 1561// 1565// 1559//
f 1560// 1566// 1561//
f 1561// 1566// 1567//
f 1561// 1567// 488//
f 488// 1567// 1568//
f 488// 1568// 489//
f 100// 495// 1//
f 1// 495// 1558//
f 1// 1558// 173//
f 173// 1558// 1561//
f 173// 1561// 175//
f 175// 1561// 488//
f 1569// 1570// 1571//
f 1571// 1570// 1572//
f 1569// 1571// 1573//
f 1573// 1571// 499//
f 1573// 499// 498//
f 1572// 1574// 1571//
f 1571// 1574// 1575//
f 1571// 1575// 1576//
f 1576// 1575// 1577//
f 1576// 1577// 1578//
f 1578// 1579// 1576//
f 1576// 1579// 1580//
f 1576// 1580// 492//
f 492// 1580// 1581//
f 492// 1581// 493//
f 102// 499// 101//
f 101// 499// 1571//
f 101// 1571// 98//
f 98// 1571// 1576//
f 98// 1576// 99//
f 99// 1576// 492//
f 1582// 1583// 1584//
f 1584// 1583// 1585//
f 1582// 1584// 1586//
f 1586// 1584// 503//
f 1586// 503// 502//
f 1585// 1587// 1584//
f 1584// 1587// 1588//
f 1584// 1588// 1589//
f 1589// 1588// 1590//
f 1589// 1590// 1591//
f 1591// 1592// 1589//
f 1589// 1592// 1593//
f 1589// 1593// 496//
f 496// 1593// 1594//
f 496// 1594// 497//
f 96// 503// 94//
f 94// 503// 1584//
f 94// 1584// 93//
f 93// 1584// 1589//
f 93// 1589// 103//
f 103// 1589// 496//
f 1595// 1596// 1597//
f 1597// 1596// 1598//
f 1595// 1597// 1599//
f 1599// 1597// 505//
f 1599// 505// 504//
f 1598// 1600// 1597//
f 1597// 1600// 1601//
f 1597// 1601// 1602//
f 1602// 1601// 1603//
f 1602// 1603// 1604//
f 1604// 1605// 1602//
f 1602// 1605// 1606//
f 1602// 1606// 500//
f 500// 1606// 1607//
f 500// 1607// 501//
f 92// 505// 91//
f 91// 505// 1597//
f 91// 1597// 95//
f 95// 1597// 1602//
f 95// 1602// 97//
f 97// 1602// 500//
f 504// 468// 1599//
f 1599// 468// 467//
f 1599// 467// 1595//
f 1595// 467// 466//
f 1595// 466// 1596//
f 1596// 466// 465//
f 1596// 465// 1598//
f 1598// 465// 464//
f 1598// 464// 1600//
f 1600// 464// 463//
f 1600// 463// 1601//
f 1601// 463// 462//
f 1601// 462// 1603//
f 1603// 462// 461//
f 1603// 461// 1604//
f 1604// 461// 458//
f 1604// 458// 1605//
f 1605// 458// 457//
f 1605// 457// 1606//
f 1606// 457// 456//
f 1606// 456// 1607//
f 1607// 456// 459//
f 1607// 459// 501//
f 501// 459// 460//
f 502// 447// 1586//
f 1586// 447// 446//
f 1586// 446// 1582//
f 1582// 446// 445//
f 1582// 445// 1583//
f 1583// 445// 444//
f 1583// 444// 1585//
f 1585// 444// 443//
f 1585// 443// 1587//
f 1587// 443// 442//
f 1587// 442// 1588//
f 1588// 442// 441//
f 1588// 441// 1590//
f 1590// 441// 440//
f 1590// 440// 1591//
f 1591// 440// 437//
f 1591// 437// 1592//
f 1592// 437// 436//
f 1592// 436// 1593//
f 1593// 436// 435//
f 1593// 435// 1594//
f 1594// 435// 438//
f 1594// 438// 497//
f 497// 438// 439//
f 498// 426// 1573//
f 1573// 426// 425//
f 1573// 425// 1569//
f 1569// 425// 424//
f 1569// 424// 1570//
f 1570// 424// 423//
f 1570// 423// 1572//
f 1572// 423// 422//
f 1572// 422// 1574//
f 1574// 422// 421//
f 1574// 421// 1575//
f 1575// 421// 420//
f 1575// 420// 1577//
f 1577// 420// 419//
f 1577// 419// 1578//
f 1578// 419// 416//
f 1578// 416// 1579//
f 1579// 416// 415//
f 1579// 415// 1580//
f 1580// 415// 414//
f 1580// 414// 1581//
f 1581// 414// 417//
f 1581// 417// 493//
f 493// 417// 418//
f 494// 405// 1562//
f 1562// 405// 404//
f 1562// 404// 1556//
f 1556// 404// 403//
f 1556// 403// 1557//
f 1557// 403// 402//
f 1557// 402// 1563//
f 1563// 402// 401//
f 1563// 401// 1564//
f 1564// 401// 400//
f 1564// 400// 1565//
f 1565// 400// 399//
f 1565// 399// 1559//
f 1559// 399// 398//
f 1559// 398// 1560//
f 1560// 398// 395//
f 1560// 395// 1566//
f 1566// 395// 394//
f 1566// 394// 1567//
f 1567// 394// 393//
f 1567// 393// 1568//
f 1568// 393// 396//
f 1568// 396// 489//
f 489// 396// 397//
f 490// 381// 1543//
f 1543// 381// 380//
f 1543// 380// 1547//
f 1547// 380// 379//
f 1547// 379// 1545//
f 1545// 379// 378//
f 1545// 378// 1546//
f 1546// 378// 377//
f 1546// 377// 1548//
f 1548// 377// 384//
f 1548// 384// 1549//
f 1549// 384// 383//
f 1549// 383// 1551//
f 1551// 383// 382//
f 1551// 382// 1552//
f 1552// 382// 374//
f 1552// 374// 1553//
f 1553// 374// 373//
f 1553// 373// 1554//
f 1554// 373// 372//
f 1554// 372// 1555//
f 1555// 372// 375//
f 1555// 375// 485//
f 485// 375// 376//
f 486// 363// 1536//
f 1536// 363// 362//
f 1536// 362// 1530//
f 1530// 362// 361//
f 1530// 361// 1531//
f 1531// 361// 360//
f 1531// 360// 1537//
f 1537// 360// 359//
f 1537// 359// 1538//
f 1538// 359// 358//
f 1538// 358// 1539//
f 1539// 358// 357//
f 1539// 357// 1533//
f 1533// 357// 356//
f 1533// 356// 1534//
f 1534// 356// 353//
f 1534// 353// 1540//
f 1540// 353// 352//
f 1540// 352// 1541//
f 1541// 352// 351//
f 1541// 351// 1542//
f 1542// 351// 354//
f 1542// 354// 481//
f 481// 354// 355//
f 482// 342// 1521//
f 1521// 342// 341//
f 1521// 341// 1517//
f 1517// 341// 340//
f 1517// 340// 1518//
f 1518// 340// 339//
f 1518// 339// 1520//
f 1520// 339// 338//
f 1520// 338// 1522//
f 1522// 338// 337//
f 1522// 337// 1523//
f 1523// 337// 336//
f 1523// 336// 1525//
f 1525// 336// 335//
f 1525// 335// 1526//
f 1526// 335// 332//
f 1526// 332// 1527//
f 1527// 332// 331//
f 1527// 331// 1528//
f 1528// 331// 330//
f 1528// 330// 1529//
f 1529// 330// 333//
f 1529// 333// 477//
f 477// 333// 334//
f 478// 321// 1504//
f 1504// 321// 320//
f 1504// 320// 1513//
f 1513// 320// 319//
f 1513// 319// 1506//
f 1506// 319// 318//
f 1506// 318// 1507//
f 1507// 318// 315//
f 1507// 315// 1508//
f 1508// 315// 314//
f 1508// 314// 1509//
f 1509// 314// 313//
f 1509// 313// 1511//
f 1511// 313// 312//
f 1511// 312// 1512//
f 1512// 312// 311//
f 1512// 311// 1514//
f 1514// 311// 310//
f 1514// 310// 1515//
f 1515// 310// 309//
f 1515// 309// 1516//
f 1516// 309// 316//
f 1516// 316// 473//
f 473// 316// 317//
f 474// 300// 1495//
f 1495// 300// 299//
f 1495// 299// 1491//
f 1491// 299// 298//
f 1491// 298// 1492//
f 1492// 298// 297//
f 1492// 297// 1494//
f 1494// 297// 296//
f 1494// 296// 1496//
f 1496// 296// 295//
f 1496// 295// 1497//
f 1497// 295// 294//
f 1497// 294// 1499//
f 1499// 294// 293//
f 1499// 293// 1500//
f 1500// 293// 290//
f 1500// 290// 1501//
f 1501// 290// 289//
f 1501// 289// 1502//
f 1502// 289// 288//
f 1502// 288// 1503//
f 1503// 288// 291//
f 1503// 291// 469//
f 469// 291// 292//
f 455// 450// 454//
f 454// 450// 451//
f 434// 429// 433//
f 433// 429// 430//
f 413// 408// 412//
f 412// 408// 409//
f 392// 387// 391//
f 391// 387// 388//
f 371// 366// 370//
f 370// 366// 367//
f 350// 345// 349//
f 349// 345// 346//
f 329// 324// 328//
f 328// 324// 325//
f 308// 303// 307//
f 307// 303// 304//
f 287// 282// 286//
f 286// 282// 283//
f 1608// 1609// 182//
f 182// 1609// 181//
f 1610// 1608// 178//
f 178// 1608// 182//
f 1611// 1610// 179//
f 179// 1610// 178//
f 1609// 1611// 181//
f 181// 1611// 179//
f 1610// 1611// 1608//
f 1608// 1611// 1609//
f 1612// 1613// 87//
f 87// 1613// 85//
f 1614// 1612// 81//
f 81// 1612// 87//
f 1615// 1614// 82//
f 82// 1614// 81//
f 1613// 1615// 85//
f 85// 1615// 82//
f 1614// 1615// 1612//
f 1612// 1615// 1613//
f 1616// 1617// 187//
f 187// 1617// 185//
f 1618// 1616// 188//
f 188// 1616// 187//
f 1619// 1618// 184//
f 184// 1618// 188//
f 1617// 1619// 185//
f 185// 1619// 184//
f 1618// 1619// 1616//
f 1616// 1619// 1617//
f 1620// 1621// 65//
f 65// 1621// 76//
f 1622// 1620// 80//
f 80// 1620// 65//
f 1623// 1622// 77//
f 77// 1622// 80//
f 1621// 1623// 76//
f 76// 1623// 77//
f 1622// 1623// 1620//
f 1620// 1623// 1621//
f 1624// 1625// 124//
f 124// 1625// 120//
f 1626// 1624// 129//
f 129// 1624// 124//
f 1627// 1626// 126//
f 126// 1626// 129//
f 1625// 1627// 120//
f 120// 1627// 126//
f 1626// 1627// 1624//
f 1624// 1627// 1625//
f 1628// 1629// 62//
f 62// 1629// 60//
f 1630// 1628// 55//
f 55// 1628// 62//
f 1631// 1630// 56//
f 56// 1630// 55//
f 1629// 1631// 60//
f 60// 1631// 56//
f 1630// 1631// 1628//
f 1628// 1631// 1629//
f 1632// 1633// 194//
f 194// 1633// 191//
f 1634// 1632// 196//
f 196// 1632// 194//
f 1635// 1634// 190//
f 190// 1634// 196//
f 1633// 1635// 191//
f 191// 1635// 190//
f 1634// 1635// 1632//
f 1632// 1635// 1633//
f 1636// 1637// 48//
f 48// 1637// 39//
f 1638// 1636// 52//
f 52// 1636// 48//
f 1639// 1638// 53//
f 53// 1638// 52//
f 1640// 1639// 54//
f 54// 1639// 53//
f 1637// 1640// 39//
f 39// 1640// 54//
f 1639// 1640// 1638//
f 1638// 1640// 1637//
f 1638// 1637// 1636//
f 1641// 1642// 203//
f 203// 1642// 202//
f 1643// 1641// 199//
f 199// 1641// 203//
f 1644// 1643// 200//
f 200// 1643// 199//
f 1642// 1644// 202//
f 202// 1644// 200//
f 1643// 1644// 1641//
f 1641// 1644// 1642//
usemtl 5
f 36// 1645// 37//
f 37// 1645// 1646//
f 37// 1646// 278//
f 1646// 1647// 278//
f 278// 1647// 279//
f 279// 1647// 28//
f 28// 1647// 1648//
f 28// 1648// 26//
f 1648// 1649// 26//
f 26// 1649// 27//
f 1649// 1650// 27//
f 27// 1650// 29//
f 1650// 1651// 29//
f 29// 1651// 32//
f 1651// 1652// 32//
f 32// 1652// 34//
f 1652// 1645// 34//
f 34// 1645// 36//
f 1653// 1649// 1654//
f 1654// 1649// 1648//
f 1655// 1652// 1653//
f 1653// 1652// 1651//
f 1653// 1651// 1649//
f 1649// 1651// 1650//
f 1655// 1656// 1652//
f 1652// 1656// 1657//
f 1652// 1657// 1645//
f 1645// 1657// 1658//
f 1645// 1658// 1659//
f 1659// 1660// 1645//
f 1645// 1660// 1654//
f 1645// 1654// 1646//
f 1646// 1654// 1648//
f 1646// 1648// 1647//
f 1653// 1654// 1661//
f 1661// 1654// 1662//
f 1655// 1653// 1663//
f 1663// 1653// 1661//
f 1655// 1663// 1664//
f 1655// 1664// 1656//
f 1656// 1664// 1665//
f 1656// 1665// 1657//
f 1658// 1657// 1666//
f 1666// 1657// 1665//
f 1658// 1666// 1667//
f 1658// 1667// 1659//
f 1659// 1667// 1668//
f 1659// 1668// 1660//
f 1654// 1660// 1662//
f 1662// 1660// 1668//
f 1669// 1670// 207//
f 207// 1670// 208//
f 1670// 1671// 208//
f 208// 1671// 209//
f 1671// 1672// 209//
f 209// 1672// 210//
f 1673// 223// 222//
f 1673// 222// 1674//
f 1674// 222// 214//
f 1674// 214// 1675//
f 1675// 214// 213//
f 1675// 213// 1676//
f 1676// 213// 212//
f 1676// 212// 1677//
f 1677// 212// 221//
f 1677// 221// 1678//
f 1678// 221// 220//
f 1678// 220// 1679//
f 220// 219// 1679//
f 1679// 219// 211//
f 1679// 211// 1680//
f 1680// 211// 210//
f 1680// 210// 1672//
f 1669// 207// 206//
f 1669// 206// 1681//
f 1681// 206// 205//
f 1681// 205// 1682//
f 1682// 205// 218//
f 1682// 218// 1683//
f 218// 217// 1683//
f 1683// 217// 216//
f 1683// 216// 1684//
f 1684// 216// 215//
f 1684// 215// 1685//
f 1685// 215// 224//
f 1685// 224// 1686//
f 1686// 224// 223//
f 1686// 223// 1673//
f 1675// 1676// 1687//
f 1687// 1676// 1677//
f 1687// 1677// 1688//
f 1688// 1677// 1678//
f 1688// 1678// 1689//
f 1689// 1678// 1679//
f 1689// 1679// 1690//
f 1690// 1679// 1680//
f 1690// 1680// 1691//
f 1691// 1680// 1672//
f 1691// 1672// 1692//
f 1692// 1672// 1671//
f 1692// 1671// 1693//
f 1693// 1671// 1670//
f 1693// 1670// 1694//
f 1694// 1670// 1669//
f 1694// 1669// 1695//
f 1695// 1669// 1681//
f 1695// 1681// 1696//
f 1696// 1681// 1682//
f 1696// 1682// 1697//
f 1697// 1682// 1683//
f 1697// 1683// 1698//
f 1698// 1683// 1684//
f 1698// 1684// 1699//
f 1699// 1684// 1685//
f 1699// 1685// 1700//
f 1700// 1685// 1686//
f 1700// 1686// 1701//
f 1701// 1686// 1673//
f 1701// 1673// 1702//
f 1702// 1673// 1674//
f 1702// 1674// 1703//
f 1703// 1674// 1675//
f 1703// 1675// 1687//
f 1691// 1692// 1704//
f 1704// 1692// 1705//
f 1691// 1704// 1706//
f 1691// 1706// 1690//
f 1690// 1706// 1707//
f 1690// 1707// 1689//
f 1689// 1707// 1708//
f 1689// 1708// 1688//
f 1688// 1708// 1709//
f 1688// 1709// 1687//
f 1687// 1709// 1710//
f 1687// 1710// 1703//
f 1703// 1710// 1711//
f 1703// 1711// 1702//
f 1702// 1711// 1712//
f 1702// 1712// 1701//
f 1701// 1712// 1713//
f 1701// 1713// 1700//
f 1700// 1713// 1714//
f 1700// 1714// 1699//
f 1699// 1714// 1715//
f 1699// 1715// 1698//
f 1698// 1715// 1716//
f 1698// 1716// 1697//
f 1697// 1716// 1717//
f 1697// 1717// 1696//
f 1696// 1717// 1718//
f 1696// 1718// 1695//
f 1695// 1718// 1719//
f 1695// 1719// 1694//
f 1693// 1694// 1720//
f 1720// 1694// 1719//
f 1692// 1693// 1705//
f 1705// 1693// 1720//
f 1721// 1722// 7//
f 7// 1722// 9//
f 9// 1722// 227//
f 227// 1722// 1723//
f 227// 1723// 25//
f 1723// 1724// 25//
f 25// 1724// 23//
f 23// 1724// 21//
f 21// 1724// 1725//
f 21// 1725// 4//
f 1725// 1726// 4//
f 4// 1726// 5//
f 5// 1726// 18//
f 18// 1726// 1727//
f 18// 1727// 20//
f 1727// 1728// 20//
f 20// 1728// 19//
f 19// 1728// 17//
f 17// 1728// 1729//
f 17// 1729// 16//
f 1729// 1730// 16//
f 16// 1730// 15//
f 15// 1730// 13//
f 13// 1730// 1731//
f 13// 1731// 11//
f 1731// 1732// 11//
f 11// 1732// 12//
f 12// 1732// 14//
f 14// 1732// 1721//
f 14// 1721// 7//
f 1723// 1722// 1721//
f 1721// 1732// 1723//
f 1723// 1732// 1731//
f 1723// 1731// 1724//
f 1726// 1725// 1727//
f 1727// 1725// 1724//
f 1727// 1724// 1728//
f 1728// 1724// 1731//
f 1728// 1731// 1729//
f 1729// 1731// 1730//
f 1733// 1734// 225//
f 225// 1734// 226//
f 226// 1734// 1735//
f 1736// 176// 230//
f 1736// 230// 1737//
f 1737// 230// 229//
f 1737// 229// 1735//
f 1735// 229// 228//
f 1735// 228// 226//
f 1738// 265// 273//
f 1738// 273// 1739//
f 1739// 273// 272//
f 1739// 272// 1740//
f 1740// 272// 270//
f 1740// 270// 1741//
f 1741// 270// 269//
f 1741// 269// 1742//
f 269// 268// 1742//
f 1742// 268// 267//
f 1742// 267// 1743//
f 1743// 267// 274//
f 1743// 274// 1744//
f 1744// 274// 177//
f 1744// 177// 1736//
f 1736// 177// 176//
f 1745// 254// 253//
f 1745// 253// 1746//
f 1746// 253// 252//
f 1746// 252// 1747//
f 1747// 252// 232//
f 1747// 232// 1748//
f 1748// 232// 231//
f 1748// 231// 1749//
f 231// 261// 1749//
f 1749// 261// 263//
f 1749// 263// 1750//
f 1750// 263// 266//
f 1750// 266// 1751//
f 1751// 266// 265//
f 1751// 265// 1738//
f 1752// 234// 233//
f 1752// 233// 1753//
f 1753// 233// 254//
f 1753// 254// 1745//
f 1752// 1754// 234//
f 234// 1754// 235//
f 1755// 238// 236//
f 1755// 236// 1756//
f 1756// 236// 235//
f 1756// 235// 1754//
f 1757// 243// 256//
f 1757// 256// 1758//
f 1758// 256// 255//
f 1758// 255// 1759//
f 1759// 255// 242//
f 1759// 242// 1760//
f 1760// 242// 241//
f 1760// 241// 1761//
f 1761// 241// 240//
f 1761// 240// 1762//
f 1762// 240// 239//
f 1762// 239// 1763//
f 1763// 239// 238//
f 1763// 238// 1755//
f 1764// 247// 246//
f 1764// 246// 1765//
f 1765// 246// 248//
f 1765// 248// 1766//
f 1766// 248// 249//
f 1766// 249// 1767//
f 1767// 249// 250//
f 1767// 250// 1768//
f 1768// 250// 245//
f 1768// 245// 1769//
f 1769// 245// 244//
f 1769// 244// 1770//
f 1770// 244// 243//
f 1770// 243// 1757//
f 1733// 225// 237//
f 1733// 237// 1771//
f 1771// 237// 251//
f 1771// 251// 1772//
f 1772// 251// 247//
f 1772// 247// 1764//
f 1765// 1736// 1764//
f 1764// 1736// 1737//
f 1764// 1737// 1772//
f 1772// 1737// 1735//
f 1772// 1735// 1771//
f 1771// 1735// 1734//
f 1771// 1734// 1733//
f 1754// 1752// 1756//
f 1756// 1752// 1753//
f 1756// 1753// 1755//
f 1755// 1753// 1745//
f 1755// 1745// 1763//
f 1763// 1745// 1746//
f 1763// 1746// 1762//
f 1762// 1746// 1747//
f 1762// 1747// 1761//
f 1761// 1747// 1748//
f 1761// 1748// 1760//
f 1760// 1748// 1749//
f 1760// 1749// 1759//
f 1759// 1749// 1750//
f 1759// 1750// 1758//
f 1758// 1750// 1751//
f 1758// 1751// 1757//
f 1757// 1751// 1738//
f 1757// 1738// 1770//
f 1770// 1738// 1739//
f 1770// 1739// 1769//
f 1769// 1739// 1740//
f 1769// 1740// 1768//
f 1768// 1740// 1741//
f 1768// 1741// 1767//
f 1767// 1741// 1742//
f 1767// 1742// 1766//
f 1766// 1742// 1743//
f 1766// 1743// 1765//
f 1765// 1743// 1744//
f 1765// 1744// 1736//
f 1773// 1774// 271//
f 271// 1774// 257//
f 1774// 1775// 257//
f 257// 1775// 258//
f 1775// 1776// 258//
f 258// 1776// 259//
f 1776// 1777// 259//
f 259// 1777// 262//
f 1777// 1778// 262//
f 262// 1778// 264//
f 1778// 1773// 264//
f 264// 1773// 271//
f 1777// 1776// 1778//
f 1778// 1776// 1775//
f 1778// 1775// 1773//
f 1773// 1775// 1774//
usemtl 1
f 1661// 1662// 1663//
f 1663// 1662// 1668//
f 1663// 1668// 1664//
f 1664// 1668// 1667//
f 1664// 1667// 1665//
f 1665// 1667// 1666//
f 1705// 1720// 1704//
f 1704// 1720// 1719//
f 1704// 1719// 1718//
f 1712// 1711// 1704//
f 1704// 1711// 1710//
f 1704// 1710// 1706//
f 1718// 1717// 1704//
f 1704// 1717// 1716//
f 1704// 1716// 1715//
f 1715// 1714// 1704//
f 1704// 1714// 1713//
f 1704// 1713// 1712//
f 1709// 1708// 1710//
f 1710// 1708// 1707//
f 1710// 1707// 1706//
