v 2.1 0.43 -0.0
v 1.2 0.43 -0.0
v 2.1 0.55 -0.0
newmtl 1
Ka 0.7764705882352941 0.7568627450980392 0.7372549019607844
Kd 0.7764705882352941 0.7568627450980392 0.7372549019607844
Ks 0.38823529411764707 0.3764705882352941 0.3686274509803922
d 0.0
endmtl
v 1.2 1.05 0.0
v 2.35 0.55 -0.0
v 2.35 1.05 0.0
v 2.35 1.05 0.1
v 1.2 1.05 0.1
v 2.35 0.55 0.1
v 2.1 0.55 0.1
v 2.1 0.43 0.1
v 1.2 0.43 0.1
v 2.1 -0.43 0.1
v 1.2 -0.43 0.1
v 2.1 -0.55 0.1
v 1.2 -1.05 0.1
v 2.35 -0.55 0.1
v 2.35 -1.05 0.1
v 2.35 -1.05 0.0
v 1.2 -1.05 0.0
v 2.35 -0.55 -0.0
v 2.1 -0.55 -0.0
v 2.1 -0.43 -0.0
v 1.2 -0.43 -0.0
v -0.17679 -0.288415 0.0
v -0.321322 -0.288415 0.0
v -0.321322 -9.15E-4 0.0
newmtl 2
Ka 0.10980392156862745 0.10980392156862745 0.10980392156862745
Kd 0.10980392156862745 0.10980392156862745 0.10980392156862745
Ks 0.0784313725490196 0.0784313725490196 0.0784313725490196
d 0.0
endmtl
v -0.1625 1.181458 0.0
v -0.17679 1.170493 0.0
v -0.17679 1.45 0.0
v -0.73 1.24 0.0
v -0.73 1.45 0.0
v -0.321322 1.45 0.0
v 1.2 0.39 0.0
v 1.75 0.39 0.0
v 1.75 0.363415 0.0
v -1.2 -0.39 0.0
v -1.75 -0.39 0.0
v -1.75 -0.288415 0.0
v -1.75 -1.3375 0.0
v -1.75 -1.09 0.0
v -1.2 -1.09 0.0
v -1.2 -0.43 0.0
v -0.321322 -0.87206 0.0
v -0.325 -0.9 0.0
v -1.2 -1.05 0.0
v -0.321322 -0.92794 0.0
v 1.75 -0.288415 0.0
v 1.75 -0.39 0.0
v 1.2 -0.39 0.0
v 1.75 -1.09 0.0
v 1.75 -1.3375 0.0
v 1.2 -1.09 0.0
v 0.07382 -1.3375 0.0
v 0.07382 -1.215281 0.0
v 0.084116 -1.213926 0.0
v 0.1625 -1.181458 0.0
v 0.22981 -1.12981 0.0
v 0.281458 -1.0625 0.0
v 0.313926 -0.984116 0.0
v 0.325 -0.9 0.0
v 0.313926 -0.815884 0.0
v 0.281458 -0.7375 0.0
v 0.22981 -0.67019 0.0
v 0.1625 -0.618542 0.0
v 0.07382 -0.288415 0.0
v 0.73 1.24 0.0
v 1.75 1.24 0.0
v 1.2 1.09 0.0
v 1.75 1.09 0.0
v 0.22981 0.67019 0.0
v 0.281458 0.7375 0.0
v 0.313926 0.815884 0.0
v 0.325 0.9 0.0
v 0.07382 1.45 0.0
v 0.73 1.45 0.0
v 0.1625 1.181458 0.0
v 0.07382 0.363415 0.0
v 0.07382 0.584719 0.0
v 0.084116 0.586074 0.0
v 0.313926 0.984116 0.0
v 0.281458 1.0625 0.0
v 0.22981 1.12981 0.0
v 0.1625 0.618542 0.0
v -1.2 0.43 0.0
v -0.321322 0.363415 0.0
v -1.2 0.39 0.0
v -1.75 0.363415 0.0
v -1.75 0.39 0.0
v -1.2 1.09 0.0
v -0.321322 0.92794 0.0
v -1.2 1.05 0.0
v -0.325 0.9 0.0
v -0.321322 0.87206 0.0
v 0.07382 0.150915 0.0
v 0.088454 0.024238 0.0
v 0.07382 -9.15E-4 0.0
v 0.088454 0.007774 0.0
v 0.104443 0.001209 0.0
v 0.110498 0.150915 0.0
v 0.105797 0.15059 0.0
v 0.088454 0.145884 0.0
v 0.088454 0.125762 0.0
v 0.10535 0.132997 0.0
v 0.091143 0.022749 0.0
v 0.123582 0.135366 0.0
v 0.138352 0.133707 0.0
v 0.149579 0.129655 0.0
v 0.159962 0.12271 0.0
v 0.16902 0.11271 0.0
v 0.179918 0.073399 0.0
v 0.178399 0.057161 0.0
v 0.174324 0.044259 0.0
v 0.140946 0.016204 0.0
v 0.126955 0.014634 0.0
v 0.151875 0.020227 0.0
v 0.161081 0.026432 0.0
v 0.16812 0.033858 0.0
v 0.107044 0.016844 0.0
v 0.175204 0.101128 0.0
v 0.179202 0.08507 0.0
v 0.134957 0.150915 0.0
v 0.123753 0.151829 0.0
v 1.75 0.150915 0.0
v 0.138548 -9.15E-4 0.0
v 0.212845 0.0 0.0
v 0.289674 0.0 0.0
v 0.174817 0.012797 0.0
v 0.186084 0.024658 0.0
v 0.192123 0.110492 0.0
v 0.183331 0.124516 0.0
v 0.269552 0.15 0.0
v 0.169789 0.13754 0.0
v 0.155541 0.145741 0.0
v 0.212845 0.016463 0.0
v 0.194075 0.038921 0.0
v 0.269552 0.016463 0.0
v 0.148212 8.7E-5 0.0
v 0.162751 0.005092 0.0
v 0.198589 0.054798 0.0
v 0.20004 0.07217 0.0
v 0.197882 0.093496 0.0
v 0.119601 -9.15E-4 0.0
v 0.125626 -0.001759 0.0
v 0.129727 -0.001829 0.0
v 1.75 -9.15E-4 0.0
v 0.289674 0.15 0.0
v 0.138819 0.150599 0.0
v -0.0 -1.225 0.0
v -0.035936 -1.3375 0.0
v -0.035936 -1.220269 0.0
v -0.084116 -1.213926 0.0
v -0.17679 -1.3375 0.0
v -0.1625 -1.181458 0.0
v -0.321322 -1.3375 0.0
v -0.313926 -0.984116 0.0
v -0.281458 -1.0625 0.0
v -0.22981 -1.12981 0.0
v -0.17679 -1.170493 0.0
v -0.313926 -0.815884 0.0
v -0.281458 -0.7375 0.0
v -0.17679 -0.629507 0.0
v -0.22981 -0.67019 0.0
v -0.035936 -0.579731 0.0
v -0.084116 -0.586074 0.0
v -0.1625 -0.618542 0.0
v 0.084116 -0.586074 0.0
v 0.07382 -0.584719 0.0
v -0.035936 -0.288415 0.0
v 0.0 -0.575 0.0
v -0.0 0.575 0.0
v -0.035936 0.363415 0.0
v -0.035936 0.579731 0.0
v -0.084116 0.586074 0.0
v -0.17679 0.363415 0.0
v -0.1625 0.618542 0.0
v -0.313926 0.815884 0.0
v -0.281458 0.7375 0.0
v -0.22981 0.67019 0.0
v -0.17679 0.629507 0.0
v -1.75 1.09 0.0
v -1.75 1.24 0.0
v -0.313926 0.984116 0.0
v -0.281458 1.0625 0.0
v -0.22981 1.12981 0.0
v -0.035936 1.45 0.0
v -0.035936 1.220269 0.0
v -0.084116 1.213926 0.0
v 0.084116 1.213926 0.0
v 0.07382 1.215281 0.0
v -0.0 1.225 0.0
v -1.75 -1.45 0.0
v -0.321322 -1.45 0.0
v -0.17679 -1.45 0.0
v -0.035936 -1.45 0.0
v 0.07382 -1.45 0.0
v 1.75 -1.45 0.0
v -0.035936 -9.15E-4 0.0
v -0.17679 -9.15E-4 0.0
v -1.75 -9.15E-4 0.0
v 0.039064 0.133537 0.0
v 0.039064 0.084146 0.0
v -0.017643 0.133537 0.0
v -0.013985 0.084146 0.0
v -0.017643 0.15 0.0
v -0.035936 0.150915 0.0
v -0.013985 0.067683 0.0
v 0.039064 0.067683 0.0
v 0.039064 0.016463 0.0
v -0.021302 0.016463 0.0
v -0.021302 0.0 0.0
v 0.059186 0.0 0.0
v 0.059186 0.15 0.0
v -0.163812 0.041112 0.0
v -0.169197 0.056812 0.0
v -0.171302 0.076886 0.0
v -0.15521 0.027695 0.0
v -0.142863 0.015874 0.0
v -0.127201 0.006772 0.0
v -0.114571 0.147684 0.0
v -0.17679 0.150915 0.0
v -0.092901 0.15 0.0
v -0.132122 0.141521 0.0
v -0.148448 0.13058 0.0
v -0.148605 0.130442 0.0
v -0.159212 0.11868 0.0
v -0.166183 0.10578 0.0
v -0.170212 0.091001 0.0
v -0.109917 0.00162 0.0
v -0.091357 0.0 0.0
v -0.05057 0.0 0.0
v -0.05057 0.15 0.0
v -0.204229 0.0 0.0
v -0.182277 0.0 0.0
v -0.259107 0.15 0.0
v -0.317643 0.0 0.0
v -0.295692 0.0 0.0
v -0.280515 0.042073 0.0
v -0.218548 0.042073 0.0
v -1.75 0.150915 0.0
v -0.321322 0.150915 0.0
v -0.238985 0.15 0.0
v -2.1 -0.43 0.0
v -2.1 -0.55 0.0
v -2.35 -0.55 0.0
v -2.35 -1.05 0.0
v -1.2 -1.05 0.1
newmtl 3
Ka 0.25098039215686274 0.25098039215686274 0.25098039215686274
Kd 0.25098039215686274 0.25098039215686274 0.25098039215686274
Ks 0.17647058823529413 0.17647058823529413 0.17647058823529413
d 0.0
endmtl
v -1.2 -1.09 0.12
v -1.2 -0.43 0.1
v -1.2 -0.39 0.12
v -1.2 0.43 0.1
v -1.2 0.39 0.12
v -1.2 1.05 0.1
v -1.2 1.09 0.12
v -0.8 0.195247 0.85
v -0.8 0.273682 0.985853
v 0.8 0.195247 0.85
v 0.8 0.273682 0.985853
v 0.8 0.108986 0.85
v 0.8 -0.287424 1.309808
v 0.8 -0.387424 1.136603
v -0.8 0.108986 0.85
v -0.8 -0.387424 1.136603
v -0.8 -0.287424 1.309808
v -1.75 0.8 1.35
v -1.75 1.25 1.35
v -1.75 0.8 1.15
v -1.75 1.25 1.15
v 1.49 1.45 0.34
v 0.85 1.45 0.34
v 1.54 1.45 0.39
v 1.124645 1.45 0.604645
v 1.135 1.45 0.596699
v 0.8 1.45 0.39
v 1.111704 1.45 0.627059
v 1.116699 1.45 0.615
v 0.8 1.45 1.15
v 1.11 1.45 1.15
v 1.11 1.45 0.64
v 0.825 1.45 0.346699
v 0.814645 1.45 0.354645
v 1.54 1.45 0.54
v 0.806699 1.45 0.365
v 0.801704 1.45 0.377059
v 0.837059 1.45 0.341704
v 1.147059 1.45 0.591704
v 1.16 1.45 0.59
v 1.49 1.45 0.59
v 1.502941 1.45 0.588296
v 1.533301 1.45 0.365
v 1.525355 1.45 0.354645
v 1.515 1.45 0.346699
v 1.538296 1.45 0.377059
v 1.502941 1.45 0.341704
v 1.515 1.45 0.583301
v 1.525355 1.45 0.575355
v 1.538296 1.45 0.552941
v 1.533301 1.45 0.565
v -1.49 1.45 0.34
v -0.85 1.45 0.34
v -1.49 1.25 0.34
v -0.85 1.25 0.34
v 0.85 1.25 0.34
v 1.49 1.25 0.34
v 1.16 1.25 0.59
v 1.147059 1.25 0.591704
v 1.11 1.25 1.15
v 0.8 1.25 1.15
v 1.11 1.25 0.64
v 0.8 1.25 0.39
v 1.111704 1.25 0.627059
v 0.814645 1.25 0.354645
v 0.825 1.25 0.346699
v 1.124645 1.25 0.604645
v 1.54 1.25 0.39
v 1.116699 1.25 0.615
v 0.801704 1.25 0.377059
v 0.806699 1.25 0.365
v 1.135 1.25 0.596699
v 0.837059 1.25 0.341704
v 1.54 1.25 0.54
v 1.49 1.25 0.59
v 1.515 1.25 0.346699
v 1.525355 1.25 0.354645
v 1.502941 1.25 0.341704
v 1.533301 1.25 0.365
v 1.538296 1.25 0.377059
v 1.533301 1.25 0.565
v 1.525355 1.25 0.575355
v 1.538296 1.25 0.552941
v 1.515 1.25 0.583301
v 1.502941 1.25 0.588296
v -0.2 1.45 1.15
v -0.2 1.45 1.35
v 0.2 1.45 1.15
v 0.2 1.45 1.35
v 1.75 1.25 1.35
v 1.75 0.8 1.35
v 1.75 1.25 1.15
v 1.75 0.8 1.15
v 1.575 -0.793301 1.35
v 1.564645 -0.785355 1.35
v 1.05 -1.3 1.35
v 1.048746 -1.288874 1.35
v 1.556699 0.775 1.35
v 1.564645 0.785355 1.35
v 1.11 1.25 1.35
v 1.4 -1.45 1.35
v 1.4 -1.3 1.35
v 1.05 -1.45 1.35
v 1.401254 -1.288874 1.35
v 1.404952 -1.278306 1.35
v -0.8 -1.25 1.35
v 1.556699 -0.775 1.35
v -1.0 -1.25 1.35
v 1.551704 -0.762941 1.35
v -1.011126 -1.251254 1.35
v -1.551704 0.762941 1.35
v -0.25 1.25 1.35
v -1.556699 0.775 1.35
v -0.45 1.25 1.35
v -1.564645 0.785355 1.35
v -1.11 1.25 1.35
v -1.575 0.793301 1.35
v -1.587059 0.798296 1.35
v 0.85 -0.6 1.35
v 0.838874 -0.598746 1.35
v -1.551704 -0.762941 1.35
v 0.218826 1.260908 1.35
v 0.210908 1.268826 1.35
v -0.210908 1.268826 1.35
v 1.575 0.793301 1.35
v 1.587059 0.798296 1.35
v 1.6 0.8 1.35
v 1.587059 -0.798296 1.35
v 1.410908 -1.268826 1.35
v 1.418826 -1.260908 1.35
v 0.766338 -1.263029 1.35
v 0.776364 -1.25594 1.35
v 1.551704 0.762941 1.35
v -0.218826 1.260908 1.35
v -0.228306 1.254952 1.35
v -0.238874 1.251254 1.35
v 1.428306 -1.254952 1.35
v 1.438874 -1.251254 1.35
v 1.6 -0.8 1.35
v 1.45 -1.25 1.35
v 1.75 -0.8 1.35
v 1.75 -1.25 1.35
v 0.787814 -1.251508 1.35
v 0.8 -1.25 1.35
v 1.0 -1.25 1.35
v 1.011126 -1.251254 1.35
v 1.021694 -1.254952 1.35
v 1.031174 -1.260908 1.35
v -1.6 0.8 1.35
v 1.039092 -0.581174 1.35
v 1.031174 -0.589092 1.35
v -0.85 0.6 1.35
v -0.838874 0.598746 1.35
v -1.564645 -0.785355 1.35
v -1.05 -1.3 1.35
v -1.048746 -1.288874 1.35
v -1.05 -1.45 1.35
v -1.575 -0.793301 1.35
v -1.587059 -0.798296 1.35
v 0.204952 1.278306 1.35
v 0.201254 1.288874 1.35
v -0.204952 1.278306 1.35
v 1.039092 -1.268826 1.35
v 1.045048 -1.278306 1.35
v 0.63397 -1.598367 1.35
v -0.787814 -1.251508 1.35
v 0.621296 -1.6 1.35
v -0.776364 -1.25594 1.35
v -0.766338 -1.263029 1.35
v -0.758343 -1.272347 1.35
v -0.75286 -1.283333 1.35
v -0.621296 -1.6 1.35
v -0.669217 -1.564268 1.35
v 1.021694 -0.595048 1.35
v 1.011126 -0.598746 1.35
v 1.0 -0.6 1.35
v -1.404952 -1.278306 1.35
v -1.401254 -1.288874 1.35
v -1.4 -1.3 1.35
v -1.4 -1.45 1.35
v 0.645817 -1.593574 1.35
v 0.656062 -1.585935 1.35
v 0.664035 -1.575949 1.35
v 0.828306 -0.595048 1.35
v 0.818825 -0.589092 1.35
v -0.801254 -0.561126 1.35
v 0.810908 -0.581174 1.35
v 0.804952 -0.571694 1.35
v -1.75 -0.8 1.35
v -1.75 -1.25 1.35
v -1.6 -0.8 1.35
v -1.45 -1.25 1.35
v -1.438874 -1.251254 1.35
v 0.45 1.25 1.35
v 0.25 1.25 1.35
v 0.238874 1.251254 1.35
v 0.228306 1.254952 1.35
v -0.664035 -1.575949 1.35
v -0.656062 -1.585935 1.35
v -0.63397 -1.598367 1.35
v -0.645817 -1.593574 1.35
v -1.556699 -0.775 1.35
v -1.021694 -1.254952 1.35
v -1.045048 -1.278306 1.35
v -1.039092 -1.268826 1.35
v -1.031174 -1.260908 1.35
v 0.2 1.3 1.35
v -0.2 1.3 1.35
v -0.201254 1.288874 1.35
v 0.669217 -1.564268 1.35
v 0.75286 -1.283333 1.35
v 0.758343 -1.272347 1.35
v 0.8 -0.55 1.35
v 0.8 -0.437424 1.35
v -0.8 -0.437424 1.35
v -0.810908 -0.581174 1.35
v -0.818825 -0.589092 1.35
v -1.039092 0.581174 1.35
v -1.031174 0.589092 1.35
v 0.801254 0.561126 1.35
v -0.828306 0.595048 1.35
v -0.818825 0.589092 1.35
v -0.810908 0.581174 1.35
v -0.804952 0.571694 1.35
v 1.021694 0.595048 1.35
v 1.031174 0.589092 1.35
v -1.428306 -1.254952 1.35
v -1.418826 -1.260908 1.35
v -1.410908 -1.268826 1.35
v 0.801254 -0.561126 1.35
v -0.8 -0.55 1.35
v -1.0 -0.6 1.35
v -1.011126 -0.598746 1.35
v -1.021694 -0.595048 1.35
v -1.031174 -0.589092 1.35
v -1.021694 0.595048 1.35
v -1.011126 0.598746 1.35
v -1.0 0.6 1.35
v -0.8 0.55 1.35
v -0.8 0.5 1.35
v 0.8 0.5 1.35
v 0.804952 0.571694 1.35
v 0.810908 0.581174 1.35
v 0.818825 0.589092 1.35
v 0.828306 0.595048 1.35
v 0.838874 0.598746 1.35
v 1.039092 0.581174 1.35
v 1.045048 0.571694 1.35
v 1.55 0.75 1.35
v 1.048746 0.561126 1.35
v 1.55 0.45 1.35
v 1.05 0.55 1.35
v 1.55 -0.45 1.35
v 1.05 -0.55 1.35
v 1.55 -0.75 1.35
v 1.048746 -0.561126 1.35
v 1.045048 -0.571694 1.35
v -0.804952 -0.571694 1.35
v -0.801254 0.561126 1.35
v 0.8 0.55 1.35
v -0.828306 -0.595048 1.35
v -0.838874 -0.598746 1.35
v -0.85 -0.6 1.35
v -1.039092 -0.581174 1.35
v -1.045048 -0.571694 1.35
v -1.55 -0.75 1.35
v -1.048746 -0.561126 1.35
v -1.55 -0.45 1.35
v -1.05 -0.55 1.35
v -1.55 0.45 1.35
v -1.05 0.55 1.35
v -1.55 0.75 1.35
v -1.048746 0.561126 1.35
v -1.045048 0.571694 1.35
v 0.85 0.6 1.35
v 1.0 0.6 1.35
v 1.011126 0.598746 1.35
v -0.2 1.3 1.15
v -0.25 1.25 1.15
v -0.238874 1.251254 1.15
v -0.228306 1.254952 1.15
v -0.218826 1.260908 1.15
v -0.210908 1.268826 1.15
v -0.204952 1.278306 1.15
v -0.201254 1.288874 1.15
v 0.5 1.3 1.343649
v 0.5 1.301764 1.343185
v 0.5 1.3 1.15
v 0.5 1.35 1.323205
v 0.5 1.391421 1.291421
v 0.5 1.423205 1.25
v 0.5 1.443185 1.201764
v 0.5 1.45 1.15
v 0.498746 1.288874 1.15
v 0.498746 1.288874 1.346186
v 0.495048 1.278306 1.15
v 0.495048 1.278306 1.347987
v 0.489092 1.268826 1.15
v 0.489092 1.268826 1.349112
v 0.481174 1.260908 1.15
v 0.481174 1.260908 1.349702
v 0.471694 1.254952 1.15
v 0.471694 1.254952 1.349939
v 0.461126 1.251254 1.15
v 0.461126 1.251254 1.349996
v 0.45 1.25 1.15
v 0.2 1.3 1.15
v 0.201254 1.288874 1.15
v 0.204952 1.278306 1.15
v 0.210908 1.268826 1.15
v 0.218826 1.260908 1.15
v 0.228306 1.254952 1.15
v 0.238874 1.251254 1.15
v 0.25 1.25 1.15
v -1.05 -1.45 1.15
v -1.4 -1.45 1.15
v -1.75 -0.8 1.15
v -1.75 -1.25 1.15
v -1.16 1.45 0.59
v -1.147059 1.45 0.591704
v -1.135 1.45 0.596699
v -1.124645 1.45 0.604645
v -1.11 1.45 1.15
v -0.8 1.45 1.15
v -1.11 1.45 0.64
v -0.8 1.45 0.39
v -1.111704 1.45 0.627059
v -1.538296 1.45 0.377059
v -1.54 1.45 0.39
v -1.502941 1.45 0.341704
v -1.515 1.45 0.346699
v -1.525355 1.45 0.354645
v -0.814645 1.45 0.354645
v -0.825 1.45 0.346699
v -0.837059 1.45 0.341704
v -1.116699 1.45 0.615
v -0.801704 1.45 0.377059
v -0.806699 1.45 0.365
v -1.533301 1.45 0.365
v -1.515 1.45 0.583301
v -1.502941 1.45 0.588296
v -1.525355 1.45 0.575355
v -1.49 1.45 0.59
v -1.533301 1.45 0.565
v -1.54 1.45 0.54
v -1.538296 1.45 0.552941
v 1.75 -0.8 1.15
v 1.75 -1.25 1.15
v 1.75 0.4 1.15
v 1.75 -0.4 1.15
v 1.75 0.4 0.9
v 1.75 -0.4 0.9
v 1.75 -0.398296 0.887059
v 1.75 -0.393301 0.875
v 1.75 -0.35 0.85
v 1.75 0.35 0.85
v 1.75 -0.385355 0.864645
v 1.75 -0.375 0.856699
v 1.75 -0.362941 0.851704
v 1.75 0.375 0.856699
v 1.75 0.385355 0.864645
v 1.75 0.362941 0.851704
v 1.75 0.393301 0.875
v 1.75 0.398296 0.887059
v 1.55 0.4 1.15
v 1.55 0.4 0.9
v 1.55 0.35 0.85
v 1.55 0.398296 0.887059
v 1.55 0.393301 0.875
v 1.55 0.385355 0.864645
v 1.55 0.375 0.856699
v 1.55 0.362941 0.851704
v 1.55 -0.4 1.15
v 1.55 -0.35 0.85
v 1.55 -0.4 0.9
v 1.55 -0.362941 0.851704
v 1.55 -0.375 0.856699
v 1.55 -0.385355 0.864645
v 1.55 -0.393301 0.875
v 1.55 -0.398296 0.887059
v 1.05 -1.45 1.15
v 1.4 -1.45 1.15
v -1.75 -0.4 0.9
v -1.75 -0.4 1.15
v -1.75 0.4 1.15
v -1.75 0.362941 0.851704
v -1.75 0.35 0.85
v -1.75 0.375 0.856699
v -1.75 0.385355 0.864645
v -1.75 0.4 0.9
v -1.75 0.398296 0.887059
v -1.75 0.393301 0.875
v -1.75 -0.393301 0.875
v -1.75 -0.35 0.85
v -1.75 -0.385355 0.864645
v -1.75 -0.362941 0.851704
v -1.75 -0.375 0.856699
v -1.75 -0.398296 0.887059
v -0.8 1.25 1.15
v -1.11 1.25 1.15
v -0.8 1.25 0.39
v -1.11 1.25 0.64
v -1.124645 1.25 0.604645
v -1.135 1.25 0.596699
v -1.147059 1.25 0.591704
v -1.16 1.25 0.59
v -0.837059 1.25 0.341704
v -0.825 1.25 0.346699
v -0.814645 1.25 0.354645
v -1.111704 1.25 0.627059
v -1.116699 1.25 0.615
v -0.801704 1.25 0.377059
v -0.806699 1.25 0.365
v -1.538296 1.25 0.552941
v -1.54 1.25 0.54
v -1.49 1.25 0.59
v -1.515 1.25 0.583301
v -1.525355 1.25 0.575355
v -1.533301 1.25 0.565
v -1.538296 1.25 0.377059
v -1.54 1.25 0.39
v -1.533301 1.25 0.365
v -1.525355 1.25 0.354645
v -1.502941 1.25 0.341704
v -1.515 1.25 0.346699
v -1.502941 1.25 0.588296
v -1.55 0.398296 0.887059
v -1.55 0.4 0.9
v -1.55 0.35 0.85
v -1.55 0.4 1.15
v -1.55 -0.35 0.85
v -1.55 -0.4 1.15
v -1.55 -0.4 0.9
v -1.55 -0.393301 0.875
v -1.55 -0.385355 0.864645
v -1.55 -0.375 0.856699
v -1.55 0.375 0.856699
v -1.55 0.385355 0.864645
v -1.55 0.393301 0.875
v -1.55 -0.398296 0.887059
v -1.55 -0.362941 0.851704
v -1.55 0.362941 0.851704
v -1.575 -0.793301 1.15
v -1.564645 -0.785355 1.15
v -1.05 -1.3 1.15
v -1.564645 0.414645 1.15
v -1.556699 0.425 1.15
v -1.05 0.55 1.15
v -1.048746 -1.288874 1.15
v -1.564645 -0.414645 1.15
v -1.575 -0.406699 1.15
v -1.587059 -0.401704 1.15
v -1.6 -0.4 1.15
v -1.575 0.406699 1.15
v -1.587059 0.401704 1.15
v -1.6 0.4 1.15
v -1.4 -1.3 1.15
v -1.401254 -1.288874 1.15
v -1.404952 -1.278306 1.15
v 0.787814 -1.251508 1.15
v 0.776364 -1.25594 1.15
v 1.556699 -0.775 1.15
v -1.587059 -0.798296 1.15
v -1.410908 -1.268826 1.15
v -1.418826 -1.260908 1.15
v -1.551704 -0.762941 1.15
v -0.776364 -1.25594 1.15
v -1.556699 -0.775 1.15
v -0.787814 -1.251508 1.15
v -0.8 -1.25 1.15
v -1.0 -1.25 1.15
v -1.011126 -1.251254 1.15
v -1.021694 -1.254952 1.15
v -1.031174 -1.260908 1.15
v -1.55 -0.75 1.15
v -1.55 -0.45 1.15
v -0.766338 -1.263029 1.15
v -1.551704 -0.437059 1.15
v -1.556699 -0.425 1.15
v 1.021694 0.595048 1.15
v -1.428306 -1.254952 1.15
v -1.438874 -1.251254 1.15
v -1.6 -0.8 1.15
v -1.45 -1.25 1.15
v -1.039092 -1.268826 1.15
v -1.045048 -1.278306 1.15
v -1.551704 0.437059 1.15
v -1.55 0.45 1.15
v -1.048746 0.561126 1.15
v -1.55 0.75 1.15
v -1.045048 0.571694 1.15
v -1.551704 0.762941 1.15
v -1.039092 0.581174 1.15
v -1.031174 0.589092 1.15
v -1.564645 0.785355 1.15
v -1.575 0.793301 1.15
v -1.587059 0.798296 1.15
v -1.6 0.8 1.15
v 1.587059 0.798296 1.15
v 1.575 0.793301 1.15
v 1.564645 0.785355 1.15
v 1.564645 0.414645 1.15
v 1.575 0.406699 1.15
v 1.587059 0.401704 1.15
v 1.6 0.4 1.15
v -0.804952 -0.571694 1.15
v -0.801254 -0.561126 1.15
v 0.8 -0.437424 1.15
v -0.8 -0.55 1.15
v -0.8 -0.437424 1.15
v 1.551704 -0.762941 1.15
v 1.575 -0.793301 1.15
v 1.587059 -0.798296 1.15
v 0.818825 0.589092 1.15
v 0.828306 0.595048 1.15
v 0.838874 0.598746 1.15
v 0.810908 0.581174 1.15
v 0.804952 0.571694 1.15
v 0.801254 0.561126 1.15
v -0.85 0.6 1.15
v -1.0 0.6 1.15
v -1.011126 0.598746 1.15
v -1.021694 0.595048 1.15
v -1.556699 0.775 1.15
v 1.6 0.8 1.15
v 1.556699 0.775 1.15
v 1.551704 0.762941 1.15
v 1.55 0.75 1.15
v 1.55 0.45 1.15
v 1.551704 0.437059 1.15
v 1.556699 0.425 1.15
v -0.669217 -1.564268 1.15
v -0.75286 -1.283333 1.15
v -0.621296 -1.6 1.15
v 1.575 -0.406699 1.15
v 1.587059 -0.401704 1.15
v 1.6 -0.4 1.15
v 1.564645 -0.414645 1.15
v 1.556699 -0.425 1.15
v 0.766338 -1.263029 1.15
v 1.011126 0.598746 1.15
v -0.818825 0.589092 1.15
v -0.828306 0.595048 1.15
v -0.838874 0.598746 1.15
v -1.021694 -0.595048 1.15
v -1.011126 -0.598746 1.15
v 1.410908 -1.268826 1.15
v 1.404952 -1.278306 1.15
v 1.0 0.6 1.15
v 0.85 0.6 1.15
v -0.810908 0.581174 1.15
v -0.804952 0.571694 1.15
v 1.0 -0.6 1.15
v 1.011126 -0.598746 1.15
v -1.05 -0.55 1.15
v -1.048746 -0.561126 1.15
v 1.564645 -0.785355 1.15
v 1.05 -1.3 1.15
v 1.048746 -1.288874 1.15
v 0.8 0.5 1.15
v -0.8 0.5 1.15
v 0.8 0.55 1.15
v -0.8 0.55 1.15
v -0.801254 0.561126 1.15
v 0.801254 -0.561126 1.15
v 0.758343 -1.272347 1.15
v 0.8 -0.55 1.15
v 1.021694 -0.595048 1.15
v 1.031174 -0.589092 1.15
v 1.039092 -0.581174 1.15
v 1.045048 -0.571694 1.15
v -0.758343 -1.272347 1.15
v 0.75286 -1.283333 1.15
v 0.621296 -1.6 1.15
v -1.045048 -0.571694 1.15
v -1.039092 -0.581174 1.15
v -1.031174 -0.589092 1.15
v 1.021694 -1.254952 1.15
v 1.011126 -1.251254 1.15
v 1.418826 -1.260908 1.15
v 1.428306 -1.254952 1.15
v 1.401254 -1.288874 1.15
v 1.4 -1.3 1.15
v 0.804952 -0.571694 1.15
v 0.810908 -0.581174 1.15
v 0.818825 -0.589092 1.15
v 0.828306 -0.595048 1.15
v 0.838874 -0.598746 1.15
v 0.85 -0.6 1.15
v 0.664035 -1.575949 1.15
v 0.656062 -1.585935 1.15
v 0.645817 -1.593574 1.15
v -0.645817 -1.593574 1.15
v -0.656062 -1.585935 1.15
v -0.664035 -1.575949 1.15
v 1.551704 -0.437059 1.15
v 1.55 -0.45 1.15
v 1.55 -0.75 1.15
v 1.045048 -1.278306 1.15
v 1.039092 -1.268826 1.15
v 1.031174 -1.260908 1.15
v 1.6 -0.8 1.15
v 1.45 -1.25 1.15
v 1.438874 -1.251254 1.15
v -0.498746 1.288874 1.15
v -0.495048 1.278306 1.15
v -0.489092 1.268826 1.15
v -0.481174 1.260908 1.15
v 0.669217 -1.564268 1.15
v 0.63397 -1.598367 1.15
v -0.838874 -0.598746 1.15
v -0.85 -0.6 1.15
v -1.0 -0.6 1.15
v -0.828306 -0.595048 1.15
v -0.818825 -0.589092 1.15
v -0.810908 -0.581174 1.15
v 1.0 -1.25 1.15
v 0.8 -1.25 1.15
v -0.5 1.45 1.15
v -0.5 1.3 1.15
v -0.63397 -1.598367 1.15
v 1.048746 -0.561126 1.15
v 1.05 -0.55 1.15
v 1.05 0.55 1.15
v 1.048746 0.561126 1.15
v -0.471694 1.254952 1.15
v -0.461126 1.251254 1.15
v -0.45 1.25 1.15
v 1.045048 0.571694 1.15
v 1.039092 0.581174 1.15
v 1.031174 0.589092 1.15
v -0.5 1.301764 1.343185
v -0.5 1.3 1.343649
v -0.5 1.35 1.323205
v -0.5 1.443185 1.201764
v -0.5 1.423205 1.25
v -0.5 1.391421 1.291421
v -0.461126 1.251254 1.349996
v -0.471694 1.254952 1.349939
v -0.481174 1.260908 1.349702
v -0.489092 1.268826 1.349112
v -0.495048 1.278306 1.347987
v -0.498746 1.288874 1.346186
v 1.6 0.4 1.343649
v 1.601764 0.4 1.343185
v 1.65 0.4 1.323205
v 1.691421 0.4 1.291421
v 1.723205 0.4 1.25
v 1.743185 0.4 1.201764
v 1.601764 -0.4 1.343185
v 1.6 -0.4 1.343649
v 1.65 -0.4 1.323205
v 1.743185 -0.4 1.201764
v 1.723205 -0.4 1.25
v 1.691421 -0.4 1.291421
v -1.601764 0.4 1.343185
v -1.6 0.4 1.343649
v -1.65 0.4 1.323205
v -1.743185 0.4 1.201764
v -1.723205 0.4 1.25
v -1.691421 0.4 1.291421
v -1.6 -0.4 1.343649
v -1.601764 -0.4 1.343185
v -1.65 -0.4 1.323205
v -1.691421 -0.4 1.291421
v -1.723205 -0.4 1.25
v -1.743185 -0.4 1.201764
v 1.11 1.443185 1.201764
v 1.11 1.423205 1.25
v 1.11 1.391421 1.291421
v 1.11 1.35 1.323205
v 1.11 1.301764 1.343185
v -1.11 1.301764 1.343185
v -1.11 1.35 1.323205
v -1.11 1.391421 1.291421
v -1.11 1.423205 1.25
v -1.11 1.443185 1.201764
newmtl 4
Ka 1.0 1.0 1.0
Kd 1.0 1.0 1.0
Ks 0.8784313725490196 0.8784313725490196 0.8784313725490196
d 0.0
endmtl
v 1.550427 -0.443476 1.35
v 1.551704 -0.437059 1.349993
v 1.553809 -0.430859 1.349964
v 1.556699 -0.425 1.349888
v 1.56035 -0.419539 1.349732
v 1.564645 -0.414645 1.349463
v 1.569573 -0.410324 1.34904
v 1.575 -0.406699 1.348431
v 1.580857 -0.40381 1.347605
v 1.587059 -0.401704 1.346537
v 1.593485 -0.400426 1.345215
v 1.593503 0.400424 1.345211
v 1.587059 0.401704 1.346537
v 1.58088 0.4038 1.347602
v 1.575 0.406699 1.348431
v 1.569546 0.410344 1.349043
v 1.564645 0.414645 1.349463
v 1.560326 0.41957 1.349733
v 1.556699 0.425 1.349888
v 1.553816 0.430843 1.349964
v 1.551704 0.437059 1.349993
v 1.55043 0.443458 1.35
v -1.550427 0.443476 1.35
v -1.551704 0.437059 1.349993
v -1.553809 0.430859 1.349964
v -1.556699 0.425 1.349888
v -1.56035 0.419539 1.349732
v -1.564645 0.414645 1.349463
v -1.569573 0.410324 1.34904
v -1.575 0.406699 1.348431
v -1.580857 0.40381 1.347605
v -1.587059 0.401704 1.346537
v -1.593485 0.400426 1.345215
v -1.593503 -0.400424 1.345211
v -1.587059 -0.401704 1.346537
v -1.58088 -0.4038 1.347602
v -1.575 -0.406699 1.348431
v -1.569546 -0.410344 1.349043
v -1.564645 -0.414645 1.349463
v -1.560326 -0.41957 1.349733
v -1.556699 -0.425 1.349888
v -1.553816 -0.430843 1.349964
v -1.551704 -0.437059 1.349993
v -1.55043 -0.443458 1.35
v 0.8 -0.403222 1.143969
v 0.8 -0.334818 1.331908
v 0.8 -0.420059 1.148481
v 0.8 -0.38533 1.345442
v -0.8 -0.420059 1.148481
v -0.8 -0.403222 1.143969
v -0.8 -0.38533 1.345442
v -0.8 -0.334818 1.331908
v -0.85 -1.45 0.94
v -1.75 -1.45 0.94
v -0.85 -1.45 0.82
v 0.85 -1.45 0.82
v 0.85 -1.45 0.94
v 1.75 -1.45 0.94
v 1.75 1.45 0.94
v 1.75 1.45 0.621829
v 1.13 1.45 0.94
v 1.16 1.45 0.621829
v 1.152235 1.45 0.622851
v 1.131022 1.45 0.644064
v 1.13 1.45 0.651829
v 1.145 1.45 0.625848
v 1.138787 1.45 0.630615
v 1.134019 1.45 0.636829
v -1.75 1.45 0.94
v -1.13 1.45 0.94
v -1.75 1.45 0.621829
v -1.13 1.45 0.651829
v -1.16 1.45 0.621829
v -1.131022 1.45 0.644064
v -1.134019 1.45 0.636829
v -1.138787 1.45 0.630615
v -1.145 1.45 0.625848
v -1.152235 1.45 0.622851
v 1.75 -0.42 0.9
v 1.75 -0.42 1.14
v 1.75 -1.25 1.14
v 1.75 0.39 0.12
v 1.75 -0.39 0.12
v 1.75 1.24 0.621829
v 1.75 1.25 1.14
v 1.75 0.42 1.14
v 1.75 0.42 0.9
v 1.75 0.417615 0.881883
v 1.75 0.410622 0.865
v 1.75 1.09 0.12
v 1.75 0.399497 0.850502
v 1.75 0.385 0.839378
v 1.75 0.368117 0.832385
v 1.75 -0.380372 0.836932
v 1.75 -0.393644 0.845272
v 1.75 -0.404728 0.856356
v 1.75 -0.413068 0.869628
v 1.75 -0.418245 0.884424
v 1.75 0.35 0.83
v 1.75 -0.35 0.83
v 1.75 -0.365576 0.831755
v 1.75 -1.09 0.12
v 1.54 0.42 1.14
v 1.05 0.55 1.14
v 1.13 1.25 1.14
v 1.13 1.24 1.14
v -1.13 1.25 1.14
v -1.75 1.25 1.14
v -1.13 1.24 1.14
v -1.75 0.42 1.14
v -1.54 0.42 1.14
v 1.048746 0.561126 1.14
v 1.54 -0.42 1.14
v 1.048746 -0.561126 1.14
v 1.045048 -0.571694 1.14
v 1.039092 -0.581174 1.14
v 1.031174 -0.589092 1.14
v 1.021694 -0.595048 1.14
v 1.05 -0.55 1.14
v 1.011126 -0.598746 1.14
v -1.54 -0.42 1.14
v -1.011126 -0.598746 1.14
v -1.021694 -0.595048 1.14
v -1.031174 -0.589092 1.14
v -1.039092 -0.581174 1.14
v -1.045048 -0.571694 1.14
v -1.048746 0.561126 1.14
v -1.045048 0.571694 1.14
v 0.810908 0.581174 1.14
v 0.818825 0.589092 1.14
v -1.0 0.6 1.14
v -0.85 0.6 1.14
v -0.838874 0.598746 1.14
v -0.828306 0.595048 1.14
v -0.818825 0.589092 1.14
v 0.801254 0.561126 1.14
v -0.810908 0.581174 1.14
v -0.804952 0.571694 1.14
v 0.838874 -0.598746 1.14
v -1.75 -1.25 1.14
v 0.85 -0.6 1.14
v 1.0 -0.6 1.14
v 0.828306 -0.595048 1.14
v 0.818825 -0.589092 1.14
v -0.801254 -0.561126 1.14
v 0.810908 -0.581174 1.14
v 0.804952 -0.571694 1.14
v -0.804952 -0.571694 1.14
v -0.810908 -0.581174 1.14
v -1.031174 0.589092 1.14
v -1.021694 0.595048 1.14
v -1.011126 0.598746 1.14
v -0.8 0.55 1.14
v -0.8 0.5 1.14
v 0.8 0.5 1.14
v 0.804952 0.571694 1.14
v -0.818825 -0.589092 1.14
v -0.828306 -0.595048 1.14
v -0.838874 -0.598746 1.14
v -0.85 -0.6 1.14
v -1.039092 0.581174 1.14
v -0.801254 0.561126 1.14
v 0.8 0.55 1.14
v 1.021694 0.595048 1.14
v 1.031174 0.589092 1.14
v 1.039092 0.581174 1.14
v 1.045048 0.571694 1.14
v 0.8 -0.55 1.14
v 0.8 -0.5 1.14
v -0.8 -0.5 1.14
v -1.75 -0.42 1.14
v -1.0 -0.6 1.14
v 0.828306 0.595048 1.14
v 0.838874 0.598746 1.14
v 0.85 0.6 1.14
v 0.801254 -0.561126 1.14
v -0.8 -0.55 1.14
v -1.048746 -0.561126 1.14
v -1.05 -0.55 1.14
v -1.05 0.55 1.14
v 1.0 0.6 1.14
v 1.011126 0.598746 1.14
v 0.73 1.45 0.94
v -0.73 1.45 0.94
v -0.778296 1.45 0.037059
v -0.78 1.45 0.05
v -0.755 1.45 0.006699
v -0.765355 1.45 0.014645
v -0.773301 1.45 0.025
v -0.78 1.45 0.89
v -0.742941 1.45 0.938296
v -0.778296 1.45 0.902941
v -0.773301 1.45 0.915
v -0.765355 1.45 0.925355
v 0.742941 1.45 0.938296
v 0.778296 1.45 0.902941
v 0.78 1.45 0.89
v 0.755 1.45 0.933301
v 0.765355 1.45 0.925355
v 0.773301 1.45 0.915
v -0.742941 1.45 0.001704
v 0.755 1.45 0.006699
v 0.778296 1.45 0.037059
v 0.765355 1.45 0.014645
v 0.773301 1.45 0.025
v 0.78 1.45 0.05
v 0.742941 1.45 0.001704
v -0.755 1.45 0.933301
v -1.75 1.24 0.621829
v -1.75 -1.09 0.12
v -1.75 0.39 0.12
v -1.75 -0.39 0.12
v -1.75 1.09 0.12
v -1.75 -0.35 0.83
v -1.75 0.35 0.83
v -1.75 0.368117 0.832385
v -1.75 0.385 0.839378
v -1.75 0.399497 0.850502
v -1.75 0.410622 0.865
v -1.75 -0.404728 0.856356
v -1.75 -0.393644 0.845272
v -1.75 -0.380372 0.836932
v -1.75 -0.365576 0.831755
v -1.75 -0.42 0.9
v -1.75 -0.418245 0.884424
v -1.75 -0.413068 0.869628
v -1.75 0.417615 0.881883
v -1.75 0.42 0.9
v -2.35 0.55 0.0
v -2.35 1.05 0.0
v -2.1 0.55 0.0
v -2.1 0.43 0.0
v -1.54 -0.35 0.83
v -1.54 -0.365576 0.831755
v -1.54 -0.380372 0.836932
v -1.54 -0.393644 0.845272
v -1.54 -0.404728 0.856356
v -1.54 -0.413068 0.869628
v -1.54 -0.418245 0.884424
v -1.54 -0.42 0.9
v -1.54 0.35 0.83
v -1.54 0.42 0.9
v -1.54 0.417615 0.881883
v -1.54 0.410622 0.865
v -1.54 0.399497 0.850502
v -1.54 0.385 0.839378
v -1.54 0.368117 0.832385
v 1.54 -0.42 0.9
v 1.54 -0.418245 0.884424
v 1.54 -0.413068 0.869628
v 1.54 -0.404728 0.856356
v 1.54 -0.393644 0.845272
v 1.54 -0.380372 0.836932
v 1.54 -0.365576 0.831755
v 1.54 -0.35 0.83
v 1.54 0.42 0.9
v 1.54 0.35 0.83
v 1.54 0.368117 0.832385
v 1.54 0.385 0.839378
v 1.54 0.399497 0.850502
v 1.54 0.410622 0.865
v 1.54 0.417615 0.881883
v 1.16 1.24 0.621829
v 1.13 1.24 0.651829
v 1.131022 1.24 0.644064
v 1.134019 1.24 0.636829
v 1.138787 1.24 0.630615
v 1.145 1.24 0.625848
v 1.152235 1.24 0.622851
v -1.13 1.24 0.651829
v -1.16 1.24 0.621829
v -1.152235 1.24 0.622851
v -1.145 1.24 0.625848
v -1.138787 1.24 0.630615
v -1.134019 1.24 0.636829
v -1.131022 1.24 0.644064
v -0.78 1.24 0.05
v -0.78 1.24 0.89
v -0.73 1.24 0.94
v 0.73 1.24 0.94
v 0.78 1.24 0.05
v 0.78 1.24 0.89
v -0.742941 1.24 0.001704
v -0.773301 1.24 0.025
v -0.765355 1.24 0.014645
v -0.755 1.24 0.006699
v 0.765355 1.24 0.925355
v 0.755 1.24 0.933301
v 0.755 1.24 0.006699
v 0.742941 1.24 0.001704
v 0.778296 1.24 0.902941
v 0.773301 1.24 0.915
v 0.773301 1.24 0.025
v -0.778296 1.24 0.037059
v 0.778296 1.24 0.037059
v -0.742941 1.24 0.938296
v -0.755 1.24 0.933301
v -0.765355 1.24 0.925355
v 0.765355 1.24 0.014645
v -0.773301 1.24 0.915
v -0.778296 1.24 0.902941
v 0.742941 1.24 0.938296
v 0.85 -1.27 1.12
v 0.85 -2.1 1.12
v 0.85 -1.9 0.02
v 0.85 -1.75 0.02
v 0.85 -1.75 0.82
v 0.85 -2.1 0.22
v 0.85 -2.073205 0.12
v 0.85 -2.041421 0.078579
v 0.85 -2.0 0.046795
v 0.85 -2.093185 0.168236
v 0.85 -1.951764 0.026815
v -0.85 -1.27 1.12
v -0.85 -2.1 1.12
v -0.85 -1.75 0.82
v -0.85 -1.75 0.02
v -0.85 -1.9 0.02
v -0.85 -2.0 0.046795
v -0.85 -2.041421 0.078579
v -0.85 -2.073205 0.12
v -0.85 -2.1 0.22
v -0.85 -2.093185 0.168236
v -0.85 -1.951764 0.026815
v -0.8 0.5 0.85
v 0.8 0.5 0.85
v 0.8 0.55 0.85
v 0.85 0.6 0.85
v 0.838874 0.598746 0.85
v 0.828306 0.595048 0.85
v 0.818825 0.589092 0.85
v 0.810908 0.581174 0.85
v 0.804952 0.571694 0.85
v 0.801254 0.561126 0.85
v 1.0 0.6 0.85
v 1.05 0.55 0.85
v 1.048746 0.561126 0.85
v 1.045048 0.571694 0.85
v 1.039092 0.581174 0.85
v 1.031174 0.589092 0.85
v 1.021694 0.595048 0.85
v 1.011126 0.598746 0.85
v 1.05 -0.55 0.85
v 1.0 -0.6 0.85
v 1.011126 -0.598746 0.85
v 1.021694 -0.595048 0.85
v 1.031174 -0.589092 0.85
v 1.039092 -0.581174 0.85
v 1.045048 -0.571694 0.85
v 1.048746 -0.561126 0.85
v 0.85 -0.6 0.85
v 0.8 -0.55 0.85
v 0.801254 -0.561126 0.85
v 0.804952 -0.571694 0.85
v 0.810908 -0.581174 0.85
v 0.818825 -0.589092 0.85
v 0.828306 -0.595048 0.85
v 0.838874 -0.598746 0.85
v 0.8 -0.5 0.85
v -0.8 -0.5 0.85
v -0.8 -0.55 0.85
v -0.85 -0.6 0.85
v -0.838874 -0.598746 0.85
v -0.828306 -0.595048 0.85
v -0.818825 -0.589092 0.85
v -0.810908 -0.581174 0.85
v -0.804952 -0.571694 0.85
v -0.801254 -0.561126 0.85
v -1.0 -0.6 0.85
v -1.05 -0.55 0.85
v -1.048746 -0.561126 0.85
v -1.045048 -0.571694 0.85
v -1.039092 -0.581174 0.85
v -1.031174 -0.589092 0.85
v -1.021694 -0.595048 0.85
v -1.011126 -0.598746 0.85
v -1.05 0.55 0.85
v -1.0 0.6 0.85
v -1.011126 0.598746 0.85
v -1.021694 0.595048 0.85
v -1.031174 0.589092 0.85
v -1.039092 0.581174 0.85
v -1.045048 0.571694 0.85
v -1.048746 0.561126 0.85
v -0.85 0.6 0.85
v -0.8 0.55 0.85
v -0.801254 0.561126 0.85
v -0.804952 0.571694 0.85
v -0.810908 0.581174 0.85
v -0.818825 0.589092 0.85
v -0.828306 0.595048 0.85
v -0.838874 0.598746 0.85
v 1.2 -1.09 0.12
v 1.2 -0.39 0.12
v 1.2 1.09 0.12
v 1.2 0.39 0.12
v -2.35 1.05 0.1
v -2.1 0.43 0.1
v -2.1 0.55 0.1
v -2.35 0.55 0.1
v -2.35 -0.55 0.1
v -2.35 -1.05 0.1
v -2.1 -0.55 0.1
v -2.1 -0.43 0.1
v -0.223607 0.058537 0.01
v -0.218548 0.042073 0.01
v -0.273769 0.058537 0.01
v -0.280515 0.042073 0.01
v -0.245987 0.121189 0.01
v -0.238985 0.15 0.01
v -0.182277 0.0 0.01
v -0.204229 0.0 0.01
v -0.247431 0.126391 0.01
v -0.248388 0.131707 0.01
v -0.259107 0.15 0.01
v -0.248874 0.131707 0.01
v -0.249853 0.126407 0.01
v -0.251189 0.121189 0.01
v -0.317643 0.0 0.01
v -0.295692 0.0 0.01
v -0.251189 0.121189 0.0
v -0.249853 0.126407 0.0
v -0.248874 0.131707 0.0
v -0.248388 0.131707 0.0
v -0.247431 0.126391 0.0
v -0.245987 0.121189 0.0
v -0.223607 0.058537 0.0
v -0.273769 0.058537 0.0
v -0.092901 0.15 0.01
v -0.05057 0.15 0.01
v -0.114571 0.147684 0.01
v -0.132122 0.141521 0.01
v -0.148448 0.13058 0.01
v -0.148605 0.130442 0.01
v -0.159212 0.11868 0.01
v -0.166183 0.10578 0.01
v -0.170212 0.091001 0.01
v -0.171302 0.076886 0.01
v -0.169197 0.056812 0.01
v -0.163812 0.041112 0.01
v -0.15521 0.027695 0.01
v -0.142863 0.015874 0.01
v -0.127201 0.006772 0.01
v -0.109917 0.00162 0.01
v -0.091357 0.0 0.01
v -0.05057 0.0 0.01
v -0.141193 0.112502 0.01
v -0.133907 0.120238 0.01
v -0.12295 0.127316 0.01
v -0.110569 0.131649 0.01
v -0.092815 0.133537 0.01
v -0.070692 0.133537 0.01
v -0.070692 0.016463 0.01
v -0.091986 0.016463 0.01
v -0.107811 0.017936 0.01
v -0.120434 0.021876 0.01
v -0.130664 0.027951 0.01
v -0.139077 0.036261 0.01
v -0.145403 0.046603 0.01
v -0.149803 0.060703 0.01
v -0.15118 0.076458 0.01
v -0.149906 0.091386 0.01
v -0.146404 0.10325 0.01
v -0.091986 0.016463 0.0
v -0.070692 0.016463 0.0
v -0.107811 0.017936 0.0
v -0.120434 0.021876 0.0
v -0.130664 0.027951 0.0
v -0.139077 0.036261 0.0
v -0.145403 0.046603 0.0
v -0.149803 0.060703 0.0
v -0.15118 0.076458 0.0
v -0.149906 0.091386 0.0
v -0.146404 0.10325 0.0
v -0.141193 0.112502 0.0
v -0.133907 0.120238 0.0
v -0.12295 0.127316 0.0
v -0.110569 0.131649 0.0
v -0.092815 0.133537 0.0
v -0.070692 0.133537 0.0
v 0.059186 0.15 0.01
v 0.059186 0.0 0.01
v -0.017643 0.15 0.01
v -0.017643 0.133537 0.01
v 0.039064 0.133537 0.01
v 0.039064 0.084146 0.01
v -0.013985 0.084146 0.01
v -0.013985 0.067683 0.01
v 0.039064 0.067683 0.01
v 0.039064 0.016463 0.01
v -0.021302 0.016463 0.01
v -0.021302 0.0 0.01
v 0.129727 -0.001829 0.01
v 0.148212 8.7E-5 0.01
v 0.162751 0.005092 0.01
v 0.174817 0.012797 0.01
v 0.186084 0.024658 0.01
v 0.194075 0.038921 0.01
v 0.198589 0.054798 0.01
v 0.20004 0.07217 0.01
v 0.197882 0.093496 0.01
v 0.192123 0.110492 0.01
v 0.183331 0.124516 0.01
v 0.169789 0.13754 0.01
v 0.155541 0.145741 0.01
v 0.138819 0.150599 0.01
v 0.123753 0.151829 0.01
v 0.105797 0.15059 0.01
v 0.088454 0.145884 0.01
v 0.088454 0.125762 0.01
v 0.10535 0.132997 0.01
v 0.123582 0.135366 0.01
v 0.138352 0.133707 0.01
v 0.149579 0.129655 0.01
v 0.159962 0.12271 0.01
v 0.16902 0.11271 0.01
v 0.175204 0.101128 0.01
v 0.179202 0.08507 0.01
v 0.179918 0.073399 0.01
v 0.178399 0.057161 0.01
v 0.174324 0.044259 0.01
v 0.16812 0.033858 0.01
v 0.161081 0.026432 0.01
v 0.151875 0.020227 0.01
v 0.140946 0.016204 0.01
v 0.126955 0.014634 0.01
v 0.107044 0.016844 0.01
v 0.091143 0.022749 0.01
v 0.088454 0.024238 0.01
v 0.088454 0.007774 0.01
v 0.104443 0.001209 0.01
v 0.125626 -0.001759 0.01
v 0.289674 0.15 0.01
v 0.289674 0.0 0.01
v 0.269552 0.15 0.01
v 0.269552 0.016463 0.01
v 0.212845 0.016463 0.01
v 0.212845 0.0 0.01
v 0.313926 -0.815884 -0.2
v 0.281458 -0.7375 -0.2
v 0.22981 -0.67019 -0.2
v 0.1625 -0.618542 -0.2
v 0.084116 -0.586074 -0.2
v 0.0 -0.575 -0.2
v -0.084116 -0.586074 -0.2
v -0.1625 -0.618542 -0.2
v -0.22981 -0.67019 -0.2
v -0.281458 -0.7375 -0.2
v -0.313926 -0.815884 -0.2
v -0.325 -0.9 -0.2
v -0.313926 -0.984116 -0.2
v -0.281458 -1.0625 -0.2
v -0.22981 -1.12981 -0.2
v -0.1625 -1.181458 -0.2
v -0.084116 -1.213926 -0.2
v -0.0 -1.225 -0.2
v 0.084116 -1.213926 -0.2
v 0.1625 -1.181458 -0.2
v 0.22981 -1.12981 -0.2
v 0.281458 -1.0625 -0.2
v 0.313926 -0.984116 -0.2
v 0.325 -0.9 -0.2
v -0.086603 -0.95 -0.5
v -0.096593 -0.925882 -0.5
v 0.0 -0.9 -0.5
v -0.1 -0.9 -0.5
v -0.096593 -0.874118 -0.5
v -0.025882 -0.996593 -0.5
v -0.05 -0.986602 -0.5
v -0.070711 -0.970711 -0.5
v 0.05 -0.986602 -0.5
v 0.025882 -0.996593 -0.5
v -0.0 -1.0 -0.5
v 0.096593 -0.925882 -0.5
v 0.086603 -0.95 -0.5
v 0.070711 -0.970711 -0.5
v 0.086603 -0.85 -0.5
v 0.096593 -0.874118 -0.5
v 0.1 -0.9 -0.5
v 0.025882 -0.803407 -0.5
v 0.05 -0.813397 -0.5
v 0.070711 -0.829289 -0.5
v -0.05 -0.813397 -0.5
v -0.025882 -0.803407 -0.5
v 0.0 -0.8 -0.5
v -0.086603 -0.85 -0.5
v -0.070711 -0.829289 -0.5
v 0.313926 0.984116 -0.2
v 0.281458 1.0625 -0.2
v 0.22981 1.12981 -0.2
v 0.1625 1.181458 -0.2
v 0.084116 1.213926 -0.2
v -0.0 1.225 -0.2
v -0.084116 1.213926 -0.2
v -0.1625 1.181458 -0.2
v -0.22981 1.12981 -0.2
v -0.281458 1.0625 -0.2
v -0.313926 0.984116 -0.2
v -0.325 0.9 -0.2
v -0.313926 0.815884 -0.2
v -0.281458 0.7375 -0.2
v -0.22981 0.67019 -0.2
v -0.1625 0.618542 -0.2
v -0.084116 0.586074 -0.2
v -0.0 0.575 -0.2
v 0.084116 0.586074 -0.2
v 0.1625 0.618542 -0.2
v 0.22981 0.67019 -0.2
v 0.281458 0.7375 -0.2
v 0.313926 0.815884 -0.2
v 0.325 0.9 -0.2
v 0.086603 0.95 -0.5
v 0.096593 0.925882 -0.5
v -0.0 0.9 -0.5
v 0.1 0.9 -0.5
v 0.096593 0.874118 -0.5
v 0.025882 0.996593 -0.5
v 0.05 0.986602 -0.5
v 0.070711 0.970711 -0.5
v -0.05 0.986602 -0.5
v -0.025882 0.996593 -0.5
v -0.0 1.0 -0.5
v -0.096593 0.925882 -0.5
v -0.086603 0.95 -0.5
v -0.070711 0.970711 -0.5
v -0.086603 0.85 -0.5
v -0.096593 0.874118 -0.5
v -0.1 0.9 -0.5
v -0.025882 0.803407 -0.5
v -0.05 0.813397 -0.5
v -0.070711 0.829289 -0.5
v 0.05 0.813397 -0.5
v 0.025882 0.803407 -0.5
v -0.0 0.8 -0.5
v 0.086603 0.85 -0.5
v 0.070711 0.829289 -0.5
usemtl 1
f 1// 2// 3//
f 3// 2// 4//
f 3// 4// 5//
f 5// 4// 6//
f 7// 6// 8//
f 8// 6// 4//
f 9// 7// 10//
f 10// 7// 8//
f 10// 8// 11//
f 11// 8// 12//
f 11// 12// 1//
f 1// 12// 2//
f 6// 7// 5//
f 5// 7// 9//
f 12// 8// 2//
f 2// 8// 4//
f 3// 10// 1//
f 1// 10// 11//
f 5// 9// 3//
f 3// 9// 10//
f 13// 14// 15//
f 15// 14// 16//
f 15// 16// 17//
f 17// 16// 18//
f 19// 18// 20//
f 20// 18// 16//
f 21// 19// 22//
f 22// 19// 20//
f 22// 20// 23//
f 23// 20// 24//
f 23// 24// 13//
f 13// 24// 14//
f 17// 18// 21//
f 21// 18// 19//
f 24// 20// 14//
f 14// 20// 16//
f 23// 13// 22//
f 22// 13// 15//
f 22// 15// 21//
f 21// 15// 17//
usemtl 2
f 25// 26// 27//
f 28// 29// 30//
f 31// 32// 33//
f 34// 35// 36//
f 37// 38// 39//
f 40// 41// 42//
f 43// 37// 26//
f 44// 45// 46//
f 46// 45// 47//
f 46// 47// 42//
f 48// 49// 50//
f 51// 52// 53//
f 53// 52// 54//
f 55// 56// 54//
f 54// 56// 57//
f 54// 57// 53//
f 53// 57// 58//
f 53// 58// 59//
f 59// 60// 53//
f 53// 60// 61//
f 53// 61// 50//
f 50// 61// 62//
f 50// 62// 63//
f 64// 65// 66//
f 67// 68// 69//
f 69// 68// 70//
f 71// 72// 67//
f 67// 72// 73//
f 67// 73// 74//
f 75// 76// 77//
f 78// 79// 80//
f 74// 81// 67//
f 67// 81// 82//
f 67// 82// 76//
f 76// 82// 83//
f 76// 83// 77//
f 67// 69// 71//
f 71// 69// 34//
f 71// 34// 84//
f 85// 86// 87//
f 87// 86// 88//
f 87// 88// 89//
f 90// 91// 92//
f 92// 91// 93//
f 92// 93// 94//
f 95// 96// 97//
f 97// 96// 98//
f 97// 98// 99//
f 95// 100// 101//
f 101// 102// 95//
f 95// 102// 103//
f 95// 103// 96//
f 96// 103// 104//
f 96// 104// 105//
f 105// 104// 106//
f 105// 106// 107//
f 107// 108// 105//
f 105// 108// 109//
f 105// 109// 110//
f 111// 112// 105//
f 105// 112// 113//
f 114// 115// 116//
f 116// 115// 117//
f 113// 118// 105//
f 105// 118// 117//
f 105// 117// 119//
f 119// 117// 115//
f 110// 120// 105//
f 105// 120// 121//
f 105// 121// 111//
f 122// 123// 78//
f 124// 122// 36//
f 36// 122// 78//
f 36// 78// 34//
f 34// 78// 80//
f 34// 80// 84//
f 125// 126// 127//
f 128// 129// 126//
f 130// 131// 132//
f 132// 131// 133//
f 132// 133// 134//
f 126// 129// 135//
f 135// 129// 136//
f 135// 136// 137//
f 125// 138// 126//
f 126// 138// 139//
f 126// 139// 128//
f 136// 140// 137//
f 137// 140// 141//
f 137// 141// 132//
f 132// 141// 142//
f 132// 142// 130//
f 143// 144// 66//
f 66// 144// 145//
f 66// 145// 125//
f 63// 64// 50//
f 50// 64// 66//
f 50// 66// 48//
f 48// 66// 125//
f 48// 125// 146//
f 146// 125// 127//
f 146// 127// 124//
f 124// 127// 147//
f 124// 147// 122//
f 122// 147// 132//
f 122// 132// 148//
f 148// 132// 134//
f 55// 54// 149//
f 149// 54// 150//
f 149// 150// 151//
f 151// 150// 152//
f 152// 150// 153//
f 152// 153// 154//
f 40// 42// 155//
f 155// 42// 47//
f 155// 47// 156//
f 156// 157// 155//
f 155// 157// 158//
f 155// 158// 153//
f 153// 158// 159//
f 153// 159// 154//
f 46// 43// 44//
f 44// 43// 26//
f 44// 26// 160//
f 160// 26// 161//
f 25// 162// 26//
f 26// 162// 163//
f 26// 163// 161//
f 164// 165// 25//
f 25// 165// 166//
f 25// 166// 162//
f 65// 167// 66//
f 66// 167// 168//
f 66// 168// 169//
f 169// 168// 170//
f 79// 78// 171//
f 171// 78// 172//
f 171// 172// 173//
f 173// 172// 174//
f 174// 172// 175//
f 174// 175// 176//
f 177// 86// 94//
f 94// 86// 85//
f 94// 85// 92//
f 177// 178// 86//
f 86// 178// 179//
f 86// 179// 175//
f 175// 179// 180//
f 175// 180// 176//
f 181// 182// 90//
f 90// 182// 31//
f 90// 31// 91//
f 91// 31// 33//
f 91// 33// 183//
f 183// 33// 184//
f 30// 29// 33//
f 33// 29// 185//
f 33// 185// 184//
f 186// 187// 30//
f 30// 187// 188//
f 30// 188// 28//
f 77// 189// 75//
f 75// 189// 190//
f 75// 190// 186//
f 186// 190// 191//
f 186// 191// 187//
f 192// 40// 193//
f 193// 40// 155//
f 193// 155// 194//
f 194// 155// 153//
f 194// 153// 195//
f 195// 153// 150//
f 195// 150// 196//
f 196// 150// 54//
f 196// 54// 197//
f 197// 54// 52//
f 99// 143// 97//
f 97// 143// 66//
f 97// 66// 198//
f 198// 66// 169//
f 198// 169// 199//
f 37// 39// 26//
f 26// 39// 200//
f 26// 200// 27//
f 201// 202// 203//
f 203// 202// 204//
f 95// 205// 206//
f 206// 205// 203//
f 206// 203// 198//
f 198// 203// 204//
f 198// 204// 207//
f 208// 209// 207//
f 207// 209// 210//
f 207// 210// 198//
f 198// 210// 211//
f 198// 211// 97//
f 97// 211// 212//
f 97// 212// 95//
f 95// 212// 213//
f 95// 213// 205//
f 214// 199// 215//
f 215// 199// 216//
f 214// 217// 199//
f 199// 217// 218//
f 199// 218// 219//
f 220// 221// 222//
f 222// 221// 206//
f 220// 223// 221//
f 221// 223// 224//
f 221// 224// 225//
f 225// 226// 221//
f 221// 226// 227//
f 221// 227// 228//
f 219// 229// 199//
f 199// 229// 230//
f 199// 230// 198//
f 198// 230// 231//
f 198// 231// 206//
f 206// 231// 232//
f 206// 232// 222//
f 233// 234// 199//
f 199// 234// 221//
f 199// 221// 216//
f 216// 221// 228//
f 235// 236// 27//
f 27// 236// 237//
f 238// 239// 237//
f 237// 239// 233//
f 237// 233// 27//
f 27// 233// 199//
f 27// 199// 25//
f 25// 199// 169//
f 25// 169// 164//
f 164// 169// 170//
f 200// 240// 27//
f 27// 240// 241//
f 27// 241// 235//
f 235// 241// 221//
f 235// 221// 242//
f 242// 221// 234//
f 240// 88// 241//
f 241// 88// 86//
f 241// 86// 221//
f 221// 86// 175//
f 221// 175// 206//
f 206// 175// 172//
f 206// 172// 95//
f 95// 172// 78//
f 95// 78// 100//
f 100// 78// 123//
usemtl 1
f 243// 43// 244//
f 244// 43// 46//
f 244// 46// 245//
f 245// 46// 246//
usemtl 3
f 46// 42// 247//
f 247// 42// 248//
f 247// 248// 249//
f 249// 248// 250//
f 249// 250// 43//
f 43// 250// 37//
f 85// 87// 251//
f 251// 87// 252//
f 251// 252// 253//
f 253// 252// 254//
f 253// 254// 92//
f 92// 254// 90//
usemtl 1
f 255// 256// 257//
f 257// 256// 258//
f 257// 258// 259//
f 259// 258// 260//
f 259// 260// 261//
f 259// 261// 262//
f 262// 261// 263//
f 263// 264// 262//
f 262// 264// 256//
f 262// 256// 255//
f 265// 266// 267//
f 267// 266// 268//
f 269// 270// 271//
f 270// 272// 273//
f 274// 275// 276//
f 277// 278// 274//
f 274// 278// 279//
f 274// 279// 275//
f 280// 281// 276//
f 271// 270// 282//
f 281// 283// 276//
f 276// 283// 284//
f 276// 284// 274//
f 272// 270// 276//
f 276// 270// 285//
f 276// 285// 280//
f 273// 286// 270//
f 270// 286// 287//
f 270// 287// 282//
f 282// 287// 288//
f 282// 288// 289//
f 290// 291// 292//
f 271// 293// 269//
f 269// 293// 290//
f 269// 290// 294//
f 294// 290// 292//
f 289// 295// 282//
f 282// 295// 296//
f 282// 296// 297//
f 297// 296// 298//
f 299// 300// 301//
f 301// 300// 302//
f 270// 269// 303//
f 303// 269// 304//
f 305// 306// 303//
f 307// 308// 309//
f 309// 308// 310//
f 309// 310// 311//
f 312// 313// 314//
f 315// 303// 304//
f 311// 310// 316//
f 316// 310// 317//
f 316// 317// 314//
f 314// 317// 318//
f 314// 318// 312//
f 306// 319// 303//
f 303// 319// 314//
f 303// 314// 320//
f 320// 314// 313//
f 303// 315// 305//
f 305// 315// 321//
f 305// 321// 322//
f 323// 324// 325//
f 325// 324// 326//
f 325// 326// 304//
f 304// 326// 327//
f 304// 327// 315//
f 328// 329// 330//
f 330// 329// 331//
f 330// 331// 321//
f 321// 331// 332//
f 321// 332// 322//
f 333// 334// 335//
f 335// 334// 336//
f 337// 338// 339//
f 339// 338// 340//
f 341// 342// 343//
f 343// 342// 344//
f 345// 346// 347//
f 348// 349// 350//
f 350// 349// 351//
f 350// 351// 352//
f 353// 354// 355//
f 355// 354// 356//
f 355// 356// 357//
f 358// 359// 360//
f 360// 359// 361//
f 360// 361// 362//
f 362// 361// 363//
f 362// 363// 364//
f 364// 363// 365//
f 366// 367// 368//
f 369// 370// 371//
f 346// 372// 347//
f 347// 372// 373//
f 347// 373// 337//
f 337// 373// 374//
f 337// 374// 338//
f 343// 350// 341//
f 341// 350// 352//
f 341// 352// 375//
f 375// 352// 376//
f 375// 376// 377//
f 353// 378// 379//
f 380// 371// 381//
f 381// 382// 380//
f 380// 382// 383//
f 380// 383// 359//
f 377// 384// 375//
f 375// 384// 385//
f 375// 385// 386//
f 386// 385// 387//
f 386// 387// 388//
f 388// 387// 389//
f 353// 379// 354//
f 354// 379// 390//
f 354// 390// 342//
f 342// 390// 391//
f 342// 391// 392//
f 392// 393// 342//
f 342// 393// 394//
f 342// 394// 395//
f 365// 363// 396//
f 396// 363// 266//
f 396// 266// 265//
f 356// 397// 398//
f 399// 400// 359//
f 401// 402// 403//
f 402// 401// 404//
f 404// 401// 405//
f 404// 405// 406//
f 370// 407// 371//
f 371// 407// 408//
f 371// 408// 409//
f 395// 410// 342//
f 342// 410// 411//
f 342// 411// 344//
f 412// 413// 414//
f 414// 413// 415//
f 414// 415// 416//
f 416// 417// 414//
f 414// 417// 418//
f 414// 418// 419//
f 419// 418// 420//
f 398// 421// 356//
f 356// 421// 422//
f 356// 422// 423//
f 424// 425// 404//
f 404// 425// 426//
f 404// 426// 427//
f 412// 428// 413//
f 413// 428// 429//
f 413// 429// 430//
f 431// 432// 433//
f 433// 432// 434//
f 433// 434// 435//
f 436// 437// 438//
f 438// 437// 439//
f 438// 439// 406//
f 406// 439// 440//
f 347// 441// 345//
f 345// 441// 442//
f 345// 442// 380//
f 380// 442// 443//
f 380// 443// 371//
f 371// 443// 444//
f 371// 444// 369//
f 420// 445// 419//
f 419// 445// 446//
f 419// 446// 447//
f 447// 446// 448//
f 423// 366// 356//
f 356// 366// 368//
f 356// 368// 357//
f 357// 368// 449//
f 357// 449// 450//
f 403// 451// 401//
f 401// 451// 452//
f 401// 452// 449//
f 449// 452// 453//
f 449// 453// 450//
f 336// 334// 454//
f 454// 334// 455//
f 454// 455// 408//
f 408// 455// 456//
f 408// 456// 409//
f 430// 457// 413//
f 413// 457// 458//
f 413// 458// 353//
f 353// 458// 459//
f 353// 459// 378//
f 460// 461// 462//
f 463// 464// 367//
f 465// 466// 358//
f 467// 400// 468//
f 468// 469// 467//
f 467// 469// 470//
f 467// 470// 471//
f 380// 472// 473//
f 440// 474// 406//
f 406// 474// 475//
f 406// 475// 404//
f 404// 475// 476//
f 404// 476// 424//
f 435// 477// 433//
f 433// 477// 460//
f 433// 460// 478//
f 478// 460// 462//
f 479// 480// 368//
f 368// 480// 481//
f 368// 481// 482//
f 466// 483// 358//
f 358// 483// 484//
f 358// 484// 359//
f 359// 484// 485//
f 359// 485// 399//
f 486// 487// 488//
f 400// 467// 359//
f 359// 467// 489//
f 359// 489// 490//
f 490// 491// 359//
f 359// 491// 492//
f 359// 492// 493//
f 473// 494// 380//
f 380// 494// 495//
f 380// 495// 496//
f 496// 495// 497//
f 496// 497// 498//
f 498// 497// 499//
f 498// 499// 500//
f 500// 499// 501//
f 500// 501// 502//
f 502// 501// 503//
f 502// 503// 356//
f 356// 503// 504//
f 356// 504// 397//
f 431// 433// 367//
f 367// 433// 505//
f 367// 505// 463//
f 471// 506// 467//
f 467// 506// 486//
f 467// 486// 507//
f 507// 486// 488//
f 464// 508// 367//
f 367// 508// 509//
f 367// 509// 368//
f 368// 509// 510//
f 368// 510// 479//
f 482// 511// 368//
f 368// 511// 512//
f 368// 512// 513//
f 513// 512// 514//
f 513// 514// 515//
f 515// 514// 516//
f 515// 516// 517//
f 517// 516// 518//
f 517// 518// 519//
f 519// 518// 520//
f 519// 520// 358//
f 358// 520// 521//
f 358// 521// 465//
f 493// 522// 359//
f 359// 522// 523//
f 359// 523// 380//
f 380// 523// 524//
f 380// 524// 472//
f 455// 334// 525//
f 525// 334// 333//
f 526// 359// 527//
f 527// 359// 383//
f 527// 383// 528//
f 528// 383// 382//
f 528// 382// 529//
f 529// 382// 381//
f 529// 381// 530//
f 530// 381// 371//
f 530// 371// 531//
f 531// 371// 409//
f 531// 409// 532//
f 532// 409// 456//
f 532// 456// 525//
f 525// 456// 455//
f 533// 534// 535//
f 535// 534// 536//
f 535// 536// 537//
f 537// 538// 535//
f 535// 538// 539//
f 535// 539// 540//
f 533// 535// 541//
f 533// 541// 542//
f 542// 541// 543//
f 542// 543// 544//
f 544// 543// 545//
f 544// 545// 546//
f 546// 545// 547//
f 546// 547// 548//
f 548// 547// 549//
f 548// 549// 550//
f 550// 549// 551//
f 550// 551// 552//
f 552// 551// 553//
f 552// 553// 441//
f 554// 454// 555//
f 555// 454// 408//
f 555// 408// 556//
f 556// 408// 407//
f 556// 407// 557//
f 557// 407// 370//
f 557// 370// 558//
f 558// 370// 369//
f 558// 369// 559//
f 559// 369// 444//
f 559// 444// 560//
f 560// 444// 443//
f 560// 443// 561//
f 561// 443// 442//
f 336// 454// 335//
f 335// 454// 554//
f 562// 404// 563//
f 563// 404// 427//
f 436// 564// 437//
f 437// 564// 565//
f 566// 567// 300//
f 300// 567// 568//
f 300// 568// 569//
f 570// 571// 572//
f 572// 571// 573//
f 572// 573// 574//
f 575// 576// 299//
f 299// 576// 300//
f 577// 578// 579//
f 580// 581// 569//
f 569// 581// 582//
f 569// 582// 300//
f 574// 573// 583//
f 583// 573// 584//
f 583// 584// 569//
f 569// 584// 585//
f 569// 585// 580//
f 577// 579// 299//
f 299// 579// 586//
f 299// 586// 575//
f 587// 588// 589//
f 589// 588// 590//
f 589// 590// 591//
f 300// 576// 566//
f 566// 576// 592//
f 566// 592// 590//
f 590// 592// 593//
f 590// 593// 591//
f 594// 388// 595//
f 595// 388// 389//
f 596// 597// 598//
f 598// 597// 599//
f 600// 601// 602//
f 603// 598// 602//
f 602// 598// 599//
f 602// 599// 600//
f 601// 604// 602//
f 602// 604// 605//
f 602// 605// 606//
f 607// 608// 609//
f 609// 608// 610//
f 609// 610// 603//
f 603// 610// 611//
f 603// 611// 598//
f 612// 613// 614//
f 614// 613// 615//
f 614// 615// 616//
f 616// 617// 614//
f 614// 617// 618//
f 614// 618// 619//
f 612// 614// 620//
f 620// 614// 621//
f 620// 621// 622//
f 622// 621// 623//
f 622// 623// 624//
f 624// 625// 622//
f 622// 625// 626//
f 622// 626// 627//
f 350// 628// 348//
f 348// 628// 629//
f 630// 631// 632//
f 633// 634// 635//
f 635// 634// 636//
f 637// 638// 634//
f 634// 638// 639//
f 634// 639// 636//
f 640// 641// 642//
f 642// 641// 643//
f 642// 643// 644//
f 640// 645// 641//
f 641// 645// 630//
f 641// 630// 634//
f 634// 630// 632//
f 634// 632// 637//
f 646// 647// 648//
f 648// 647// 649//
f 650// 651// 302//
f 302// 651// 652//
f 302// 652// 653//
f 302// 654// 650//
f 650// 654// 655//
f 650// 655// 656//
f 649// 657// 648//
f 648// 657// 658//
f 648// 658// 659//
f 659// 658// 650//
f 659// 650// 660//
f 660// 650// 656//
f 661// 662// 663//
f 664// 665// 666//
f 667// 301// 668//
f 668// 301// 302//
f 668// 302// 662//
f 662// 302// 653//
f 662// 653// 663//
f 667// 669// 301//
f 301// 669// 670//
f 301// 670// 671//
f 671// 670// 672//
f 661// 663// 666//
f 666// 663// 673//
f 666// 673// 664//
f 674// 675// 676//
f 676// 675// 677//
f 676// 677// 678//
f 678// 677// 679//
f 678// 679// 680//
f 681// 682// 683//
f 684// 685// 686//
f 680// 687// 678//
f 678// 687// 681//
f 678// 681// 688//
f 688// 681// 683//
f 674// 676// 686//
f 686// 676// 689//
f 686// 689// 684//
f 690// 691// 692//
f 693// 694// 695//
f 692// 691// 696//
f 697// 698// 679//
f 679// 698// 699//
f 679// 699// 700//
f 701// 677// 702//
f 702// 677// 703//
f 563// 704// 562//
f 562// 704// 705//
f 562// 705// 706//
f 707// 708// 709//
f 692// 562// 690//
f 690// 562// 706//
f 690// 706// 710//
f 710// 706// 711//
f 710// 711// 712//
f 713// 714// 715//
f 715// 714// 716//
f 715// 716// 691//
f 691// 716// 717//
f 691// 717// 718//
f 718// 719// 691//
f 691// 719// 720//
f 691// 720// 721//
f 713// 722// 714//
f 714// 722// 723//
f 714// 723// 724//
f 724// 723// 725//
f 724// 725// 679//
f 679// 725// 726//
f 679// 726// 697//
f 549// 547// 308//
f 308// 547// 545//
f 308// 545// 543//
f 540// 277// 535//
f 535// 277// 308//
f 535// 308// 541//
f 541// 308// 543//
f 727// 553// 308//
f 308// 553// 551//
f 308// 551// 549//
f 712// 728// 710//
f 710// 728// 729//
f 710// 729// 730//
f 730// 729// 731//
f 730// 731// 564//
f 564// 731// 565//
f 721// 732// 691//
f 691// 732// 733//
f 691// 733// 696//
f 694// 734// 695//
f 695// 734// 735//
f 695// 735// 736//
f 736// 735// 737//
f 736// 737// 738//
f 738// 737// 739//
f 738// 739// 740//
f 740// 739// 741//
f 742// 743// 647//
f 647// 743// 744//
f 647// 744// 268//
f 268// 744// 745//
f 268// 745// 267//
f 746// 747// 307//
f 307// 747// 748//
f 307// 748// 308//
f 749// 750// 612//
f 612// 750// 751//
f 612// 751// 752//
f 753// 754// 755//
f 755// 754// 756//
f 755// 756// 757//
f 709// 708// 758//
f 628// 759// 760//
f 761// 646// 762//
f 762// 646// 763//
f 761// 764// 646//
f 646// 764// 765//
f 646// 765// 766//
f 767// 768// 646//
f 646// 768// 769//
f 646// 769// 770//
f 742// 647// 771//
f 771// 647// 646//
f 771// 646// 739//
f 739// 646// 770//
f 739// 770// 741//
f 746// 307// 772//
f 772// 307// 339//
f 772// 339// 340//
f 748// 773// 308//
f 308// 773// 774//
f 308// 774// 775//
f 775// 776// 308//
f 308// 776// 777//
f 308// 777// 612//
f 612// 777// 778//
f 612// 778// 749//
f 779// 780// 781//
f 782// 620// 783//
f 783// 620// 784//
f 782// 785// 620//
f 620// 785// 786//
f 620// 786// 787//
f 646// 727// 788//
f 789// 790// 646//
f 646// 790// 791//
f 646// 791// 767//
f 724// 792// 793//
f 628// 794// 795//
f 788// 796// 646//
f 646// 796// 797//
f 646// 797// 763//
f 789// 646// 798//
f 798// 646// 766//
f 798// 766// 799//
f 800// 801// 787//
f 701// 693// 677//
f 677// 693// 695//
f 677// 695// 679//
f 679// 695// 802//
f 679// 802// 803//
f 759// 628// 804//
f 804// 628// 805//
f 804// 805// 806//
f 807// 808// 809//
f 809// 808// 810//
f 809// 810// 766//
f 766// 810// 811//
f 766// 811// 799//
f 812// 813// 814//
f 814// 813// 755//
f 801// 815// 787//
f 787// 815// 816//
f 787// 816// 620//
f 620// 816// 817//
f 620// 817// 818//
f 755// 813// 819//
f 819// 813// 820//
f 819// 820// 780//
f 780// 820// 821//
f 780// 821// 781//
f 803// 822// 679//
f 679// 822// 823//
f 679// 823// 724//
f 724// 823// 824//
f 724// 824// 792//
f 709// 825// 826//
f 794// 628// 827//
f 827// 628// 760//
f 827// 760// 828//
f 795// 829// 628//
f 628// 829// 830//
f 628// 830// 629//
f 812// 831// 813//
f 813// 831// 832//
f 813// 832// 833//
f 833// 834// 813//
f 813// 834// 835//
f 813// 835// 787//
f 787// 835// 836//
f 787// 836// 800//
f 558// 526// 527//
f 527// 528// 558//
f 558// 528// 529//
f 558// 529// 530//
f 837// 838// 839//
f 840// 841// 842//
f 786// 843// 787//
f 787// 843// 844//
f 787// 844// 708//
f 708// 844// 845//
f 708// 845// 758//
f 806// 846// 804//
f 804// 846// 847//
f 804// 847// 709//
f 709// 847// 848//
f 709// 848// 825//
f 594// 595// 849//
f 849// 595// 850//
f 849// 850// 760//
f 760// 850// 851//
f 760// 851// 828//
f 530// 531// 558//
f 558// 531// 532//
f 558// 532// 557//
f 852// 853// 646//
f 646// 853// 854//
f 646// 854// 855//
f 820// 856// 821//
f 821// 856// 837//
f 821// 837// 857//
f 857// 837// 839//
f 858// 819// 859//
f 859// 819// 724//
f 859// 724// 860//
f 860// 724// 793//
f 858// 861// 819//
f 819// 861// 862//
f 819// 862// 755//
f 755// 862// 863//
f 755// 863// 753//
f 826// 864// 709//
f 709// 864// 865//
f 709// 865// 707//
f 525// 333// 335//
f 571// 866// 646//
f 646// 866// 867//
f 646// 867// 852//
f 779// 781// 842//
f 842// 781// 868//
f 842// 868// 840//
f 335// 554// 525//
f 525// 554// 555//
f 525// 555// 532//
f 532// 555// 556//
f 532// 556// 557//
f 818// 869// 620//
f 620// 869// 870//
f 620// 870// 612//
f 612// 870// 871//
f 612// 871// 872//
f 855// 873// 646//
f 646// 873// 874//
f 646// 874// 727//
f 727// 874// 875//
f 727// 875// 526//
f 558// 559// 526//
f 526// 559// 560//
f 526// 560// 727//
f 727// 560// 561//
f 727// 561// 553//
f 872// 876// 612//
f 612// 876// 877//
f 612// 877// 308//
f 308// 877// 878//
f 308// 878// 727//
f 692// 402// 562//
f 562// 402// 404//
f 718// 355// 719//
f 719// 355// 357//
f 719// 357// 720//
f 720// 357// 450//
f 720// 450// 721//
f 721// 450// 453//
f 721// 453// 732//
f 732// 453// 452//
f 732// 452// 733//
f 733// 452// 451//
f 733// 451// 696//
f 696// 451// 403//
f 696// 403// 692//
f 692// 403// 402//
f 353// 355// 717//
f 717// 355// 718//
f 780// 418// 819//
f 819// 418// 417//
f 819// 417// 724//
f 724// 417// 416//
f 724// 416// 714//
f 714// 416// 415//
f 714// 415// 716//
f 716// 415// 413//
f 716// 413// 717//
f 717// 413// 353//
f 879// 880// 867//
f 879// 867// 881//
f 867// 866// 882//
f 882// 883// 867//
f 867// 883// 884//
f 867// 884// 881//
f 361// 359// 875//
f 875// 359// 526//
f 361// 875// 874//
f 361// 874// 885//
f 885// 874// 873//
f 885// 873// 886//
f 886// 873// 855//
f 886// 855// 887//
f 887// 855// 854//
f 887// 854// 888//
f 888// 854// 853//
f 888// 853// 889//
f 889// 853// 852//
f 889// 852// 890//
f 890// 852// 867//
f 890// 867// 880//
f 613// 612// 598//
f 598// 612// 752//
f 598// 752// 596//
f 891// 892// 752//
f 752// 892// 893//
f 752// 893// 894//
f 894// 895// 752//
f 752// 895// 896//
f 752// 896// 596//
f 776// 775// 498//
f 498// 775// 496//
f 772// 340// 374//
f 374// 340// 338//
f 442// 441// 561//
f 561// 441// 553//
f 865// 391// 707//
f 707// 391// 390//
f 707// 390// 708//
f 708// 390// 379//
f 708// 379// 787//
f 787// 379// 378//
f 787// 378// 813//
f 813// 378// 459//
f 813// 459// 820//
f 820// 459// 458//
f 392// 391// 864//
f 864// 391// 865//
f 805// 343// 806//
f 806// 343// 344//
f 806// 344// 846//
f 846// 344// 411//
f 846// 411// 847//
f 847// 411// 410//
f 847// 410// 848//
f 848// 410// 395//
f 848// 395// 825//
f 825// 395// 394//
f 825// 394// 826//
f 826// 394// 393//
f 826// 393// 864//
f 864// 393// 392//
f 628// 350// 805//
f 805// 350// 343//
f 386// 388// 849//
f 849// 388// 594//
f 500// 502// 844//
f 844// 502// 845//
f 784// 620// 622//
f 897// 898// 784//
f 897// 784// 899//
f 622// 599// 784//
f 784// 599// 597//
f 784// 597// 900//
f 900// 901// 784//
f 784// 901// 902//
f 784// 902// 899//
f 396// 265// 745//
f 745// 265// 267//
f 737// 735// 519//
f 519// 735// 517//
f 703// 677// 675//
f 903// 904// 703//
f 903// 703// 905//
f 675// 637// 703//
f 703// 637// 632//
f 703// 632// 906//
f 906// 907// 703//
f 703// 907// 908//
f 703// 908// 905//
f 513// 515// 722//
f 722// 515// 723//
f 730// 564// 438//
f 438// 564// 436//
f 680// 679// 630//
f 630// 679// 700//
f 700// 909// 910//
f 910// 911// 700//
f 700// 911// 912//
f 700// 912// 913//
f 913// 914// 700//
f 700// 914// 631//
f 700// 631// 630//
f 310// 308// 274//
f 274// 308// 277//
f 573// 571// 648//
f 648// 571// 646//
f 271// 282// 315//
f 315// 282// 321//
f 307// 347// 339//
f 339// 347// 337//
f 309// 279// 307//
f 307// 279// 278//
f 278// 915// 307//
f 307// 915// 916//
f 307// 916// 917//
f 917// 918// 307//
f 307// 918// 919//
f 307// 919// 347//
f 288// 287// 322//
f 322// 287// 305//
f 668// 662// 576//
f 576// 662// 592//
f 647// 363// 920//
f 920// 921// 647//
f 647// 921// 922//
f 647// 922// 923//
f 572// 649// 570//
f 570// 649// 647//
f 570// 647// 924//
f 924// 647// 923//
f 663// 653// 590//
f 590// 653// 566//
f 266// 363// 268//
f 268// 363// 647//
usemtl 4
f 676// 678// 634//
f 634// 678// 641//
f 603// 602// 614//
f 614// 602// 621//
usemtl 1
f 414// 419// 821//
f 821// 419// 781//
f 420// 418// 779//
f 779// 418// 780//
f 856// 820// 457//
f 457// 820// 458//
f 414// 821// 857//
f 414// 857// 412//
f 412// 857// 839//
f 412// 839// 428//
f 428// 839// 838//
f 428// 838// 429//
f 429// 838// 837//
f 429// 837// 430//
f 430// 837// 856//
f 430// 856// 457//
f 420// 779// 842//
f 420// 842// 445//
f 445// 842// 841//
f 445// 841// 446//
f 446// 841// 840//
f 446// 840// 448//
f 448// 840// 868//
f 448// 868// 447//
f 447// 868// 781//
f 447// 781// 419//
f 668// 576// 575//
f 668// 575// 667//
f 667// 575// 586//
f 667// 586// 669//
f 669// 586// 579//
f 669// 579// 670//
f 670// 579// 578//
f 670// 578// 672//
f 672// 578// 577//
f 672// 577// 671//
f 671// 577// 299//
f 671// 299// 301//
f 592// 662// 661//
f 592// 661// 593//
f 593// 661// 666//
f 593// 666// 591//
f 591// 666// 665//
f 591// 665// 589//
f 589// 665// 664//
f 589// 664// 587//
f 587// 664// 673//
f 587// 673// 588//
f 588// 673// 663//
f 588// 663// 590//
f 566// 653// 567//
f 567// 653// 652//
f 567// 652// 568//
f 568// 652// 651//
f 568// 651// 569//
f 569// 651// 650//
f 569// 650// 583//
f 583// 650// 658//
f 583// 658// 574//
f 574// 658// 657//
f 574// 657// 572//
f 572// 657// 649//
f 302// 300// 582//
f 302// 582// 654//
f 654// 582// 581//
f 654// 581// 655//
f 655// 581// 580//
f 655// 580// 656//
f 656// 580// 585//
f 656// 585// 660//
f 660// 585// 584//
f 660// 584// 659//
f 659// 584// 573//
f 659// 573// 648//
f 270// 303// 320//
f 270// 320// 285//
f 285// 320// 313//
f 285// 313// 280//
f 280// 313// 312//
f 280// 312// 281//
f 281// 312// 318//
f 281// 318// 283//
f 283// 318// 317//
f 283// 317// 284//
f 284// 317// 310//
f 284// 310// 274//
f 271// 315// 327//
f 271// 327// 293//
f 293// 327// 326//
f 293// 326// 290//
f 290// 326// 324//
f 290// 324// 291//
f 291// 324// 323//
f 291// 323// 292//
f 292// 323// 325//
f 292// 325// 294//
f 294// 325// 304//
f 294// 304// 269//
f 288// 322// 332//
f 288// 332// 289//
f 289// 332// 331//
f 289// 331// 295//
f 295// 331// 329//
f 295// 329// 296//
f 296// 329// 328//
f 296// 328// 298//
f 298// 328// 330//
f 298// 330// 297//
f 297// 330// 321//
f 297// 321// 282//
f 279// 309// 275//
f 275// 309// 311//
f 275// 311// 276//
f 276// 311// 316//
f 276// 316// 272//
f 272// 316// 314//
f 272// 314// 273//
f 273// 314// 319//
f 273// 319// 286//
f 286// 319// 306//
f 286// 306// 287//
f 287// 306// 305//
f 676// 634// 633//
f 676// 633// 689//
f 689// 633// 635//
f 689// 635// 684//
f 684// 635// 636//
f 684// 636// 685//
f 685// 636// 639//
f 685// 639// 686//
f 686// 639// 638//
f 686// 638// 674//
f 674// 638// 637//
f 674// 637// 675//
f 641// 678// 688//
f 641// 688// 643//
f 643// 688// 683//
f 643// 683// 644//
f 644// 683// 682//
f 644// 682// 642//
f 642// 682// 681//
f 642// 681// 640//
f 640// 681// 687//
f 640// 687// 645//
f 645// 687// 680//
f 645// 680// 630//
f 603// 614// 619//
f 603// 619// 609//
f 609// 619// 618//
f 609// 618// 607//
f 607// 618// 617//
f 607// 617// 608//
f 608// 617// 616//
f 608// 616// 610//
f 610// 616// 615//
f 610// 615// 611//
f 611// 615// 613//
f 611// 613// 598//
f 621// 602// 606//
f 621// 606// 623//
f 623// 606// 605//
f 623// 605// 624//
f 624// 605// 604//
f 624// 604// 625//
f 625// 604// 601//
f 625// 601// 626//
f 626// 601// 600//
f 626// 600// 627//
f 627// 600// 599//
f 627// 599// 622//
f 500// 844// 925//
f 925// 844// 843//
f 925// 843// 926//
f 926// 843// 927//
f 927// 843// 786//
f 927// 786// 928//
f 928// 786// 929//
f 929// 786// 785//
f 929// 785// 930//
f 930// 785// 931//
f 931// 785// 782//
f 931// 782// 932//
f 932// 782// 933//
f 933// 782// 783//
f 933// 783// 934//
f 934// 783// 935//
f 935// 783// 784//
f 935// 784// 898//
f 386// 849// 375//
f 375// 849// 760//
f 375// 760// 341//
f 341// 760// 759//
f 341// 759// 342//
f 342// 759// 804//
f 342// 804// 354//
f 354// 804// 709//
f 354// 709// 356//
f 356// 709// 758//
f 356// 758// 502//
f 502// 758// 845//
f 891// 752// 936//
f 936// 752// 751//
f 936// 751// 937//
f 937// 751// 938//
f 938// 751// 750//
f 938// 750// 939//
f 939// 750// 940//
f 940// 750// 749//
f 940// 749// 941//
f 941// 749// 942//
f 942// 749// 778//
f 942// 778// 943//
f 943// 778// 944//
f 944// 778// 777//
f 944// 777// 945//
f 945// 777// 946//
f 946// 777// 776//
f 946// 776// 498//
f 496// 775// 380//
f 380// 775// 774//
f 380// 774// 345//
f 345// 774// 773//
f 345// 773// 346//
f 346// 773// 748//
f 346// 748// 372//
f 372// 748// 747//
f 372// 747// 373//
f 373// 747// 746//
f 373// 746// 374//
f 374// 746// 772//
f 396// 745// 365//
f 365// 745// 744//
f 365// 744// 364//
f 364// 744// 743//
f 364// 743// 362//
f 362// 743// 742//
f 362// 742// 360//
f 360// 742// 771//
f 360// 771// 358//
f 358// 771// 739//
f 358// 739// 519//
f 519// 739// 737//
f 517// 735// 947//
f 947// 735// 734//
f 947// 734// 948//
f 948// 734// 949//
f 949// 734// 694//
f 949// 694// 950//
f 950// 694// 951//
f 951// 694// 693//
f 951// 693// 952//
f 952// 693// 953//
f 953// 693// 701//
f 953// 701// 954//
f 954// 701// 955//
f 955// 701// 702//
f 955// 702// 956//
f 956// 702// 957//
f 957// 702// 703//
f 957// 703// 904//
f 513// 722// 368//
f 368// 722// 713//
f 368// 713// 449//
f 449// 713// 715//
f 449// 715// 401//
f 401// 715// 691//
f 401// 691// 405//
f 405// 691// 690//
f 405// 690// 406//
f 406// 690// 710//
f 406// 710// 438//
f 438// 710// 730//
f 909// 700// 958//
f 958// 700// 699//
f 958// 699// 959//
f 959// 699// 960//
f 960// 699// 698//
f 960// 698// 961//
f 961// 698// 962//
f 962// 698// 697//
f 962// 697// 963//
f 963// 697// 964//
f 964// 697// 726//
f 964// 726// 965//
f 965// 726// 966//
f 966// 726// 725//
f 966// 725// 967//
f 967// 725// 968//
f 968// 725// 723//
f 968// 723// 515//
f 882// 866// 571//
f 920// 881// 921//
f 921// 881// 884//
f 921// 884// 922//
f 922// 884// 883//
f 922// 883// 923//
f 923// 883// 882//
f 923// 882// 924//
f 924// 882// 571//
f 924// 571// 570//
f 886// 363// 885//
f 885// 363// 361//
f 886// 887// 363//
f 363// 887// 888//
f 363// 888// 889//
f 889// 890// 363//
f 363// 890// 880//
f 363// 880// 920//
f 920// 880// 879//
f 920// 879// 881//
f 277// 540// 539//
f 533// 542// 347//
f 533// 347// 534//
f 542// 544// 347//
f 347// 544// 546//
f 347// 546// 548//
f 548// 550// 347//
f 347// 550// 552//
f 347// 552// 441//
f 347// 919// 534//
f 534// 919// 918//
f 534// 918// 536//
f 536// 918// 917//
f 536// 917// 537//
f 537// 917// 916//
f 537// 916// 538//
f 538// 916// 915//
f 278// 277// 915//
f 915// 277// 539//
f 915// 539// 538//
f 961// 962// 953//
f 950// 962// 949//
f 949// 962// 948//
f 950// 951// 962//
f 962// 951// 952//
f 962// 952// 953//
f 953// 954// 961//
f 961// 954// 955//
f 961// 955// 960//
f 960// 955// 956//
f 960// 956// 959//
f 959// 956// 957//
f 959// 957// 958//
f 958// 957// 904//
f 958// 904// 909//
f 909// 904// 910//
f 963// 517// 962//
f 962// 517// 947//
f 962// 947// 948//
f 963// 964// 517//
f 517// 964// 965//
f 517// 965// 966//
f 966// 967// 517//
f 517// 967// 968//
f 517// 968// 515//
f 904// 903// 910//
f 910// 903// 905//
f 910// 905// 911//
f 911// 905// 908//
f 911// 908// 912//
f 912// 908// 907//
f 912// 907// 913//
f 913// 907// 906//
f 913// 906// 914//
f 914// 906// 632//
f 914// 632// 631//
f 939// 940// 931//
f 928// 940// 927//
f 927// 940// 926//
f 928// 929// 940//
f 940// 929// 930//
f 940// 930// 931//
f 931// 932// 939//
f 939// 932// 933//
f 939// 933// 938//
f 938// 933// 934//
f 938// 934// 937//
f 937// 934// 935//
f 937// 935// 936//
f 936// 935// 898//
f 936// 898// 891//
f 891// 898// 892//
f 941// 500// 940//
f 940// 500// 925//
f 940// 925// 926//
f 941// 942// 500//
f 500// 942// 943//
f 500// 943// 944//
f 944// 945// 500//
f 500// 945// 946//
f 500// 946// 498//
f 898// 897// 892//
f 892// 897// 899//
f 892// 899// 893//
f 893// 899// 902//
f 893// 902// 894//
f 894// 902// 901//
f 894// 901// 895//
f 895// 901// 900//
f 895// 900// 896//
f 896// 900// 597//
f 896// 597// 596//
f 387// 850// 389//
f 389// 850// 595//
f 850// 387// 851//
f 851// 387// 385//
f 851// 385// 828//
f 828// 385// 384//
f 828// 384// 827//
f 827// 384// 377//
f 827// 377// 794//
f 794// 377// 376//
f 794// 376// 795//
f 795// 376// 352//
f 795// 352// 829//
f 829// 352// 351//
f 829// 351// 830//
f 830// 351// 349//
f 348// 629// 349//
f 349// 629// 830//
f 426// 704// 427//
f 427// 704// 563//
f 704// 426// 705//
f 705// 426// 425//
f 705// 425// 706//
f 706// 425// 424//
f 706// 424// 711//
f 711// 424// 476//
f 711// 476// 712//
f 712// 476// 475//
f 712// 475// 728//
f 728// 475// 474//
f 728// 474// 729//
f 729// 474// 440//
f 729// 440// 731//
f 731// 440// 439//
f 437// 565// 439//
f 439// 565// 731//
usemtl 3
f 488// 487// 807//
f 807// 487// 808//
f 507// 488// 809//
f 809// 488// 807//
f 797// 522// 763//
f 763// 522// 493//
f 763// 493// 762//
f 762// 493// 492//
f 762// 492// 761//
f 761// 492// 491//
f 761// 491// 764//
f 764// 491// 490//
f 764// 490// 765//
f 765// 490// 489//
f 765// 489// 766//
f 766// 489// 467//
f 766// 467// 809//
f 809// 467// 507//
f 523// 522// 796//
f 796// 522// 797//
f 871// 499// 872//
f 872// 499// 497//
f 872// 497// 876//
f 876// 497// 495//
f 876// 495// 877//
f 877// 495// 494//
f 877// 494// 878//
f 878// 494// 473//
f 878// 473// 727//
f 727// 473// 472//
f 727// 472// 788//
f 788// 472// 524//
f 788// 524// 796//
f 796// 524// 523//
f 501// 499// 870//
f 870// 499// 871//
f 800// 423// 801//
f 801// 423// 422//
f 801// 422// 815//
f 815// 422// 421//
f 815// 421// 816//
f 816// 421// 398//
f 816// 398// 817//
f 817// 398// 397//
f 817// 397// 818//
f 818// 397// 504//
f 818// 504// 869//
f 869// 504// 503//
f 869// 503// 870//
f 870// 503// 501//
f 366// 423// 836//
f 836// 423// 800//
f 814// 460// 812//
f 812// 460// 477//
f 812// 477// 831//
f 831// 477// 435//
f 831// 435// 832//
f 832// 435// 434//
f 832// 434// 833//
f 833// 434// 432//
f 833// 432// 834//
f 834// 432// 431//
f 834// 431// 835//
f 835// 431// 367//
f 835// 367// 836//
f 836// 367// 366//
f 461// 460// 755//
f 755// 460// 814//
f 478// 462// 756//
f 756// 462// 757//
f 859// 510// 858//
f 858// 510// 509//
f 858// 509// 861//
f 861// 509// 508//
f 861// 508// 862//
f 862// 508// 464//
f 862// 464// 863//
f 863// 464// 463//
f 863// 463// 753//
f 753// 463// 505//
f 753// 505// 754//
f 754// 505// 433//
f 754// 433// 756//
f 756// 433// 478//
f 479// 510// 860//
f 860// 510// 859//
f 802// 516// 803//
f 803// 516// 514//
f 803// 514// 822//
f 822// 514// 512//
f 822// 512// 823//
f 823// 512// 511//
f 823// 511// 824//
f 824// 511// 482//
f 824// 482// 792//
f 792// 482// 481//
f 792// 481// 793//
f 793// 481// 480//
f 793// 480// 860//
f 860// 480// 479//
f 518// 516// 695//
f 695// 516// 802//
f 768// 485// 769//
f 769// 485// 484//
f 769// 484// 770//
f 770// 484// 483//
f 770// 483// 741//
f 741// 483// 466//
f 741// 466// 740//
f 740// 466// 465//
f 740// 465// 738//
f 738// 465// 521//
f 738// 521// 736//
f 736// 521// 520//
f 736// 520// 695//
f 695// 520// 518//
f 399// 485// 767//
f 767// 485// 768//
f 810// 486// 811//
f 811// 486// 506//
f 811// 506// 799//
f 799// 506// 471//
f 799// 471// 798//
f 798// 471// 470//
f 798// 470// 789//
f 789// 470// 469//
f 789// 469// 790//
f 790// 469// 468//
f 790// 468// 791//
f 791// 468// 400//
f 791// 400// 767//
f 767// 400// 399//
f 487// 486// 808//
f 808// 486// 810//
usemtl 1
f 261// 260// 969//
f 969// 260// 970//
f 969// 970// 971//
f 971// 970// 972//
f 971// 972// 755//
f 755// 972// 461//
f 755// 757// 971//
f 971// 757// 973//
f 971// 973// 969//
f 969// 973// 974//
f 969// 974// 261//
f 261// 974// 263//
f 757// 462// 973//
f 973// 462// 975//
f 973// 975// 974//
f 974// 975// 976//
f 974// 976// 263//
f 263// 976// 264//
f 260// 264// 976//
f 260// 976// 970//
f 970// 976// 975//
f 970// 975// 972//
f 972// 975// 462//
f 972// 462// 461//
f 264// 260// 256//
f 256// 260// 258//
usemtl 2
f 977// 978// 979//
f 979// 978// 192//
f 979// 192// 980//
f 980// 192// 197//
f 980// 197// 981//
f 981// 197// 982//
f 983// 984// 985//
f 985// 984// 986//
f 987// 988// 986//
f 986// 988// 989//
f 986// 989// 985//
f 987// 990// 988//
f 988// 990// 991//
f 988// 991// 992//
f 993// 994// 995//
f 995// 994// 996//
f 995// 996// 997//
f 997// 996// 998//
f 998// 999// 1000//
f 1000// 1001// 998//
f 998// 1001// 1002//
f 998// 1002// 997//
f 982// 197// 51//
f 1003// 1004// 1005//
f 35// 1006// 146//
f 146// 1006// 1007//
f 146// 1007// 49//
f 984// 983// 1008//
f 1008// 983// 1009//
f 1009// 1010// 1008//
f 1008// 1010// 1011//
f 1008// 1011// 1012//
f 1012// 1013// 1008//
f 1008// 1013// 1014//
f 1008// 1014// 68//
f 68// 1014// 70//
f 1013// 1015// 1014//
f 1014// 1015// 1016//
f 1014// 1016// 1006//
f 1006// 1016// 1017//
f 1018// 1019// 1005//
f 1005// 1019// 1020//
f 1020// 1021// 1005//
f 1005// 1021// 1022//
f 1005// 1022// 1003//
f 1017// 1023// 1006//
f 1006// 1023// 1024//
f 1006// 1024// 1025//
f 1025// 1018// 1006//
f 1006// 1018// 1005//
f 1006// 1005// 1007//
f 1007// 1005// 982//
f 1007// 982// 1026//
f 1026// 982// 51//
f 1027// 1010// 1028//
f 1009// 1029// 1010//
f 1010// 1029// 1030//
f 1031// 1032// 1033//
f 1033// 1032// 1034//
f 1033// 1034// 1035//
f 1028// 1010// 1036//
f 1037// 1038// 1039//
f 1039// 1040// 1037//
f 1037// 1040// 1041//
f 1037// 1041// 1042//
f 1027// 1028// 1037//
f 1037// 1028// 1043//
f 1037// 1043// 1038//
f 1042// 1044// 1037//
f 1037// 1044// 1005//
f 1037// 1005// 1004//
f 1045// 1046// 1047//
f 1047// 1048// 1045//
f 1045// 1048// 1049//
f 1045// 1049// 1050//
f 1051// 1052// 1035//
f 1053// 1054// 1033//
f 1055// 1056// 1033//
f 1033// 1056// 1057//
f 1033// 1057// 1058//
f 1058// 1059// 1060//
f 1060// 1059// 1061//
f 1060// 1061// 1062//
f 1033// 1054// 1030//
f 1063// 1064// 1065//
f 1065// 1064// 1005//
f 1065// 1005// 1066//
f 1066// 1005// 1044//
f 1067// 1068// 1069//
f 1069// 1068// 1070//
f 1069// 1070// 1071//
f 1067// 1069// 1063//
f 1063// 1069// 1072//
f 1063// 1072// 1073//
f 1074// 1075// 1033//
f 1033// 1075// 1076//
f 1033// 1076// 1055//
f 1077// 1078// 1079//
f 1058// 1060// 1033//
f 1033// 1060// 1080//
f 1033// 1080// 1053//
f 1073// 1081// 1063//
f 1063// 1081// 1082//
f 1063// 1082// 1064//
f 1064// 1082// 1083//
f 1064// 1083// 1084//
f 1035// 1052// 1033//
f 1033// 1052// 1085//
f 1033// 1085// 1074//
f 1062// 1086// 1060//
f 1060// 1086// 1077//
f 1060// 1077// 1087//
f 1087// 1077// 1079//
f 1088// 1089// 1030//
f 1030// 1089// 1090//
f 1030// 1090// 1010//
f 1010// 1090// 1091//
f 1010// 1091// 1036//
f 1092// 1093// 1094//
f 1045// 1095// 1046//
f 1046// 1095// 1064//
f 1046// 1064// 1096//
f 1096// 1064// 1084//
f 1054// 1097// 1030//
f 1030// 1097// 1098//
f 1030// 1098// 1099//
f 1071// 1100// 1069//
f 1069// 1100// 1092//
f 1069// 1092// 1101//
f 1101// 1092// 1094//
f 1050// 1102// 1045//
f 1045// 1102// 1103//
f 1045// 1103// 1035//
f 1035// 1103// 1104//
f 1035// 1104// 1051//
f 1099// 1105// 1030//
f 1030// 1105// 1106//
f 1030// 1106// 1088//
f 1107// 76// 1108//
f 1108// 76// 186//
f 1108// 186// 32//
f 1109// 1110// 32//
f 1111// 1112// 1113//
f 32// 1110// 1108//
f 1108// 1110// 1114//
f 1108// 1114// 1115//
f 1116// 1117// 1118//
f 1119// 1120// 1107//
f 1107// 1120// 1121//
f 1107// 1121// 76//
f 1119// 1122// 1120//
f 1120// 1122// 1123//
f 1120// 1123// 1124//
f 1109// 32// 1113//
f 1113// 32// 1125//
f 1113// 1125// 1111//
f 1126// 1127// 1128//
f 1128// 1127// 1129//
f 1121// 1130// 76//
f 76// 1130// 1127//
f 76// 1127// 1131//
f 1131// 1127// 1126//
f 1116// 1118// 1114//
f 1114// 1118// 1132//
f 1114// 1132// 1115//
f 993// 995// 1032//
f 1032// 995// 1133//
f 41// 192// 1134//
f 1134// 192// 978//
f 89// 38// 1135//
f 1135// 38// 1136//
f 1136// 1032// 1135//
f 1135// 1032// 1133//
f 1135// 1133// 1137//
f 1137// 1133// 182//
f 1137// 182// 181//
f 1138// 1139// 1136//
f 1139// 1140// 1136//
f 1136// 1140// 1141//
f 1136// 1141// 1032//
f 1032// 1141// 1142//
f 1032// 1142// 1143//
f 978// 1064// 1095//
f 1144// 1145// 1134//
f 1134// 1145// 1146//
f 1134// 1146// 1136//
f 1136// 1146// 1147//
f 1136// 1147// 1138//
f 1095// 1148// 978//
f 978// 1148// 1149//
f 978// 1149// 1134//
f 1134// 1149// 1150//
f 1134// 1150// 1144//
f 1143// 1151// 1032//
f 1032// 1151// 1152//
f 1032// 1152// 1034//
usemtl 1
f 1153// 1154// 1155//
f 1155// 1154// 92//
f 1155// 92// 1156//
f 1156// 92// 85//
usemtl 3
f 1157// 1138// 1158//
f 1158// 1138// 1147//
f 1158// 1147// 1159//
f 1159// 1147// 1146//
f 1159// 1146// 1160//
f 1160// 1146// 1145//
f 1160// 1145// 1161//
f 1161// 1145// 1144//
f 1161// 1144// 1162//
f 1162// 1144// 1150//
f 1162// 1150// 1163//
f 1163// 1150// 1149//
f 1163// 1149// 1164//
f 1164// 1149// 1148//
f 1157// 1165// 1138//
f 1138// 1165// 1139//
f 1166// 1152// 1167//
f 1167// 1152// 1151//
f 1167// 1151// 1168//
f 1168// 1151// 1143//
f 1168// 1143// 1169//
f 1169// 1143// 1142//
f 1169// 1142// 1170//
f 1170// 1142// 1141//
f 1170// 1141// 1171//
f 1171// 1141// 1140//
f 1171// 1140// 1165//
f 1165// 1140// 1139//
f 1152// 1166// 1034//
f 1034// 1166// 1035//
f 1164// 1148// 1045//
f 1045// 1148// 1095//
f 1045// 1157// 1164//
f 1164// 1157// 1158//
f 1160// 1161// 1162//
f 1045// 1035// 1157//
f 1157// 1035// 1166//
f 1157// 1166// 1165//
f 1165// 1166// 1167//
f 1165// 1167// 1168//
f 1158// 1159// 1164//
f 1164// 1159// 1160//
f 1164// 1160// 1163//
f 1163// 1160// 1162//
f 1168// 1169// 1165//
f 1165// 1169// 1170//
f 1165// 1170// 1171//
f 1172// 1003// 1173//
f 1173// 1003// 1022//
f 1173// 1022// 1174//
f 1174// 1022// 1021//
f 1174// 1021// 1175//
f 1175// 1021// 1020//
f 1175// 1020// 1176//
f 1176// 1020// 1019//
f 1176// 1019// 1177//
f 1177// 1019// 1018//
f 1177// 1018// 1178//
f 1178// 1018// 1025//
f 1178// 1025// 1179//
f 1179// 1025// 1024//
f 1172// 1037// 1003//
f 1003// 1037// 1004//
f 1011// 1010// 1180//
f 1180// 1010// 1027//
f 1181// 1023// 1182//
f 1182// 1023// 1017//
f 1182// 1017// 1183//
f 1183// 1017// 1016//
f 1183// 1016// 1184//
f 1184// 1016// 1015//
f 1184// 1015// 1185//
f 1185// 1015// 1013//
f 1185// 1013// 1186//
f 1186// 1013// 1012//
f 1186// 1012// 1180//
f 1180// 1012// 1011//
f 1181// 1179// 1023//
f 1023// 1179// 1024//
f 1180// 1027// 1037//
f 1175// 1176// 1177//
f 1179// 1172// 1173//
f 1173// 1174// 1179//
f 1179// 1174// 1175//
f 1179// 1175// 1178//
f 1178// 1175// 1177//
f 1185// 1181// 1184//
f 1184// 1181// 1182//
f 1184// 1182// 1183//
f 1185// 1186// 1181//
f 1181// 1186// 1180//
f 1181// 1180// 1179//
f 1179// 1180// 1037//
f 1179// 1037// 1172//
f 1008// 1187// 984//
f 984// 1187// 986//
f 1188// 989// 988//
f 1188// 988// 1189//
f 1189// 988// 992//
f 1189// 992// 1190//
f 1190// 992// 991//
f 1190// 991// 1191//
f 1191// 991// 990//
f 1191// 990// 1192//
f 1192// 990// 987//
f 1192// 987// 1193//
f 1193// 987// 986//
f 1193// 986// 1187//
f 1030// 1029// 1188//
f 1188// 1029// 985//
f 1188// 985// 989//
f 1031// 1033// 994//
f 994// 1033// 1194//
f 994// 1194// 996//
f 1195// 997// 1002//
f 1195// 1002// 1196//
f 1196// 1002// 1001//
f 1196// 1001// 1197//
f 1197// 1001// 1000//
f 1197// 1000// 1198//
f 1198// 1000// 999//
f 1198// 999// 1199//
f 1199// 999// 998//
f 1199// 998// 1200//
f 1200// 998// 996//
f 1200// 996// 1194//
f 1195// 1133// 997//
f 997// 1133// 995//
f 1201// 1202// 1110//
f 1110// 1202// 1114//
f 1203// 1204// 1108//
f 1108// 1204// 1107//
f 1130// 1121// 1205//
f 1205// 1121// 1206//
f 1207// 31// 182//
f 1208// 1209// 182//
f 182// 1209// 1210//
f 182// 1210// 1207//
f 1030// 1211// 1212//
f 1213// 68// 1214//
f 1214// 68// 67//
f 182// 1133// 1195//
f 1206// 1215// 1030//
f 1030// 1215// 1216//
f 1030// 1216// 1211//
f 1192// 1193// 1217//
f 1217// 1193// 1187//
f 182// 1195// 1208//
f 1208// 1195// 1196//
f 1208// 1196// 1218//
f 1218// 1196// 1197//
f 1218// 1197// 1201//
f 1188// 1189// 1219//
f 1219// 1189// 1190//
f 1219// 1190// 1217//
f 1217// 1190// 1191//
f 1217// 1191// 1192//
f 1188// 1219// 1030//
f 1030// 1219// 1205//
f 1030// 1205// 1206//
f 1220// 1221// 1033//
f 1033// 1221// 1222//
f 1033// 1222// 1194//
f 1194// 1222// 1200//
f 1187// 1008// 1217//
f 1217// 1008// 68//
f 1217// 68// 1223//
f 1223// 68// 1213//
f 1200// 1222// 1199//
f 1199// 1222// 1224//
f 1199// 1224// 1198//
f 1198// 1224// 1225//
f 1198// 1225// 1197//
f 1197// 1225// 1202//
f 1197// 1202// 1201//
f 1212// 1226// 1030//
f 1030// 1226// 1204//
f 1030// 1204// 1033//
f 1033// 1204// 1203//
f 1033// 1203// 1220//
f 67// 76// 1131//
f 67// 1131// 1214//
f 1214// 1131// 1126//
f 1214// 1126// 1213//
f 1213// 1126// 1128//
f 1213// 1128// 1223//
f 1223// 1128// 1129//
f 1223// 1129// 1217//
f 1217// 1129// 1127//
f 1217// 1127// 1219//
f 1219// 1127// 1130//
f 1219// 1130// 1205//
f 1201// 1110// 1109//
f 1201// 1109// 1218//
f 1218// 1109// 1113//
f 1218// 1113// 1208//
f 1208// 1113// 1112//
f 1208// 1112// 1209//
f 1209// 1112// 1111//
f 1209// 1111// 1210//
f 1210// 1111// 1125//
f 1210// 1125// 1207//
f 1207// 1125// 32//
f 1207// 32// 31//
f 1203// 1108// 1115//
f 1203// 1115// 1220//
f 1220// 1115// 1132//
f 1220// 1132// 1221//
f 1221// 1132// 1118//
f 1221// 1118// 1222//
f 1222// 1118// 1117//
f 1222// 1117// 1224//
f 1224// 1117// 1116//
f 1224// 1116// 1225//
f 1225// 1116// 1114//
f 1225// 1114// 1202//
f 1206// 1121// 1120//
f 1206// 1120// 1215//
f 1215// 1120// 1124//
f 1215// 1124// 1216//
f 1216// 1124// 1123//
f 1216// 1123// 1211//
f 1211// 1123// 1122//
f 1211// 1122// 1212//
f 1212// 1122// 1119//
f 1212// 1119// 1226//
f 1226// 1119// 1107//
f 1226// 1107// 1204//
f 981// 1227// 1228//
f 1229// 1230// 1231//
f 981// 1228// 980//
f 1232// 1229// 1228//
f 1228// 1229// 1231//
f 1228// 1231// 980//
f 1233// 1234// 1235//
f 1232// 1236// 1229//
f 1229// 1236// 1233//
f 1229// 1233// 1237//
f 1237// 1233// 1235//
f 1238// 1239// 1227//
f 1227// 1239// 1228//
f 977// 979// 1240//
f 1240// 1241// 1242//
f 1243// 1244// 1245//
f 1238// 977// 1239//
f 1239// 977// 1240//
f 1239// 1240// 1246//
f 1246// 1240// 1242//
f 1246// 1242// 1247//
f 1247// 1242// 1245//
f 1245// 1242// 1248//
f 1245// 1248// 1243//
f 1242// 1241// 1229//
f 1229// 1241// 1230//
f 1232// 1228// 1246//
f 1246// 1228// 1239//
f 1249// 1250// 1078//
f 1078// 1250// 1079//
f 1250// 1251// 1079//
f 1079// 1251// 1087//
f 1252// 1099// 1253//
f 1253// 1099// 1098//
f 1253// 1098// 1254//
f 1254// 1098// 1097//
f 1254// 1097// 1255//
f 1255// 1097// 1054//
f 1255// 1054// 1256//
f 1256// 1054// 1053//
f 1256// 1053// 1257//
f 1257// 1053// 1080//
f 1257// 1080// 1258//
f 1258// 1080// 1060//
f 1258// 1060// 1251//
f 1251// 1060// 1087//
f 1252// 1259// 1099//
f 1099// 1259// 1105//
f 1260// 1028// 1261//
f 1261// 1028// 1036//
f 1261// 1036// 1262//
f 1262// 1036// 1091//
f 1262// 1091// 1263//
f 1263// 1091// 1090//
f 1263// 1090// 1264//
f 1264// 1090// 1089//
f 1264// 1089// 1265//
f 1265// 1089// 1088//
f 1265// 1088// 1266//
f 1266// 1088// 1106//
f 1266// 1106// 1259//
f 1259// 1106// 1105//
f 1260// 1267// 1028//
f 1028// 1267// 1043//
f 1268// 1066// 1269//
f 1269// 1066// 1044//
f 1269// 1044// 1270//
f 1270// 1044// 1042//
f 1270// 1042// 1271//
f 1271// 1042// 1041//
f 1271// 1041// 1272//
f 1272// 1041// 1040//
f 1272// 1040// 1273//
f 1273// 1040// 1039//
f 1273// 1039// 1274//
f 1274// 1039// 1038//
f 1274// 1038// 1267//
f 1267// 1038// 1043//
f 1268// 1275// 1066//
f 1066// 1275// 1065//
f 1276// 1092// 1277//
f 1277// 1092// 1100//
f 1277// 1100// 1278//
f 1278// 1100// 1071//
f 1278// 1071// 1279//
f 1279// 1071// 1070//
f 1279// 1070// 1280//
f 1280// 1070// 1068//
f 1280// 1068// 1281//
f 1281// 1068// 1067//
f 1281// 1067// 1282//
f 1282// 1067// 1063//
f 1282// 1063// 1275//
f 1275// 1063// 1065//
f 1276// 1283// 1092//
f 1092// 1283// 1093//
f 1283// 1284// 1093//
f 1093// 1284// 1094//
f 1284// 1285// 1094//
f 1094// 1285// 1101//
f 1286// 1084// 1287//
f 1287// 1084// 1083//
f 1287// 1083// 1288//
f 1288// 1083// 1082//
f 1288// 1082// 1289//
f 1289// 1082// 1081//
f 1289// 1081// 1290//
f 1290// 1081// 1073//
f 1290// 1073// 1291//
f 1291// 1073// 1072//
f 1291// 1072// 1292//
f 1292// 1072// 1069//
f 1292// 1069// 1285//
f 1285// 1069// 1101//
f 1286// 1293// 1084//
f 1084// 1293// 1096//
f 1294// 1103// 1295//
f 1295// 1103// 1102//
f 1295// 1102// 1296//
f 1296// 1102// 1050//
f 1296// 1050// 1297//
f 1297// 1050// 1049//
f 1297// 1049// 1298//
f 1298// 1049// 1048//
f 1298// 1048// 1299//
f 1299// 1048// 1047//
f 1299// 1047// 1300//
f 1300// 1047// 1046//
f 1300// 1046// 1293//
f 1293// 1046// 1096//
f 1294// 1301// 1103//
f 1103// 1301// 1104//
f 1302// 1055// 1303//
f 1303// 1055// 1076//
f 1303// 1076// 1304//
f 1304// 1076// 1075//
f 1304// 1075// 1305//
f 1305// 1075// 1074//
f 1305// 1074// 1306//
f 1306// 1074// 1085//
f 1306// 1085// 1307//
f 1307// 1085// 1052//
f 1307// 1052// 1308//
f 1308// 1052// 1051//
f 1308// 1051// 1301//
f 1301// 1051// 1104//
f 1302// 1309// 1055//
f 1055// 1309// 1056//
f 1310// 1077// 1311//
f 1311// 1077// 1086//
f 1311// 1086// 1312//
f 1312// 1086// 1062//
f 1312// 1062// 1313//
f 1313// 1062// 1061//
f 1313// 1061// 1314//
f 1314// 1061// 1059//
f 1314// 1059// 1315//
f 1315// 1059// 1058//
f 1315// 1058// 1316//
f 1316// 1058// 1057//
f 1316// 1057// 1309//
f 1309// 1057// 1056//
f 1310// 1249// 1077//
f 1077// 1249// 1078//
f 1309// 1302// 1294//
f 1293// 1286// 1284//
f 1249// 255// 1250//
f 1250// 255// 257//
f 1250// 257// 1260//
f 1284// 1283// 259//
f 1260// 1275// 1268//
f 1294// 1302// 1301//
f 1301// 1302// 1303//
f 1301// 1303// 1304//
f 1310// 1309// 1249//
f 1249// 1309// 1294//
f 1249// 1294// 255//
f 255// 1294// 262//
f 1276// 1275// 1283//
f 1283// 1275// 1260//
f 1283// 1260// 259//
f 259// 1260// 257//
f 1304// 1305// 1301//
f 1301// 1305// 1306//
f 1301// 1306// 1308//
f 1308// 1306// 1307//
f 1310// 1311// 1309//
f 1309// 1311// 1312//
f 1309// 1312// 1313//
f 1313// 1314// 1309//
f 1309// 1314// 1315//
f 1309// 1315// 1316//
f 1291// 1292// 1286//
f 1286// 1292// 1285//
f 1286// 1285// 1284//
f 1258// 1251// 1252//
f 1252// 1251// 1250//
f 1252// 1250// 1259//
f 1259// 1250// 1260//
f 1259// 1260// 1261//
f 1276// 1277// 1275//
f 1275// 1277// 1278//
f 1275// 1278// 1279//
f 1279// 1280// 1275//
f 1275// 1280// 1281//
f 1275// 1281// 1282//
f 1269// 1270// 1271//
f 1273// 1274// 1268//
f 1268// 1274// 1267//
f 1268// 1267// 1260//
f 259// 262// 1284//
f 1284// 262// 1294//
f 1284// 1294// 1293//
f 1293// 1294// 1295//
f 1293// 1295// 1296//
f 1296// 1297// 1293//
f 1293// 1297// 1298//
f 1293// 1298// 1300//
f 1300// 1298// 1299//
f 1286// 1287// 1291//
f 1291// 1287// 1288//
f 1291// 1288// 1290//
f 1290// 1288// 1289//
f 1261// 1262// 1259//
f 1259// 1262// 1263//
f 1259// 1263// 1266//
f 1266// 1263// 1264//
f 1266// 1264// 1265//
f 1269// 1271// 1268//
f 1268// 1271// 1272//
f 1268// 1272// 1273//
f 1254// 1255// 1253//
f 1253// 1255// 1256//
f 1253// 1256// 1252//
f 1252// 1256// 1257//
f 1252// 1257// 1258//
f 981// 982// 1227//
f 1227// 982// 1005//
f 1227// 1005// 1238//
f 1238// 1005// 1064//
f 1238// 1064// 977//
f 977// 1064// 978//
f 993// 1032// 994//
f 994// 1032// 1031//
f 985// 1029// 983//
f 983// 1029// 1009//
f 254// 1137// 90//
f 90// 1137// 181//
f 1135// 252// 89//
f 89// 252// 87//
f 1135// 1137// 252//
f 252// 1137// 254//
f 250// 1136// 37//
f 37// 1136// 38//
f 1134// 248// 41//
f 41// 248// 42//
f 1134// 1136// 248//
f 248// 1136// 250//
f 1317// 1026// 53//
f 53// 1026// 51//
f 1007// 1318// 49//
f 49// 1318// 50//
f 1318// 1317// 50//
f 50// 1317// 53//
f 1318// 1007// 1317//
f 1317// 1007// 1026//
f 1319// 1320// 69//
f 69// 1320// 34//
f 1320// 1006// 34//
f 34// 1006// 35//
f 1014// 1319// 70//
f 70// 1319// 69//
f 1014// 1006// 1319//
f 1319// 1006// 1320//
usemtl 1
f 1154// 1321// 92//
f 92// 1321// 253//
f 1322// 251// 1323//
f 1323// 251// 253//
f 1323// 253// 1324//
f 1324// 253// 1321//
f 251// 1322// 85//
f 85// 1322// 1156//
f 1321// 1154// 1324//
f 1324// 1154// 1153//
f 1323// 1155// 1322//
f 1322// 1155// 1156//
f 1324// 1153// 1323//
f 1323// 1153// 1155//
f 1325// 1326// 1327//
f 1327// 1326// 247//
f 1327// 247// 1328//
f 1328// 247// 249//
f 1326// 246// 247//
f 247// 246// 46//
f 43// 243// 249//
f 249// 243// 1328//
f 1326// 1325// 246//
f 246// 1325// 245//
f 1328// 243// 1327//
f 1327// 243// 244//
f 1327// 244// 1325//
f 1325// 244// 245//
usemtl 4
f 1329// 1330// 1331//
f 1331// 1330// 1332//
f 1333// 1334// 1329//
f 1329// 1334// 1335//
f 1329// 1335// 1330//
f 1330// 1335// 1336//
f 1333// 1337// 1334//
f 1334// 1337// 1338//
f 1334// 1338// 1339//
f 1339// 1338// 1340//
f 1339// 1340// 1341//
f 1341// 1342// 1339//
f 1339// 1342// 1331//
f 1339// 1331// 1343//
f 1343// 1331// 1332//
f 1343// 1332// 1344//
f 1332// 238// 1344//
f 1344// 238// 237//
f 1330// 239// 1332//
f 1332// 239// 238//
f 1336// 233// 1330//
f 1330// 233// 239//
f 1335// 234// 1336//
f 1336// 234// 233//
f 1334// 242// 1335//
f 1335// 242// 234//
f 1339// 235// 1334//
f 1334// 235// 242//
f 1343// 236// 1339//
f 1339// 236// 235//
f 1343// 1344// 236//
f 236// 1344// 237//
f 1345// 1342// 1341//
f 1345// 1341// 1346//
f 1346// 1341// 1340//
f 1346// 1340// 1347//
f 1338// 1348// 1340//
f 1340// 1348// 1347//
f 1348// 1338// 1337//
f 1348// 1337// 1349//
f 1349// 1337// 1333//
f 1349// 1333// 1350//
f 1329// 1351// 1333//
f 1333// 1351// 1350//
f 1331// 1352// 1329//
f 1329// 1352// 1351//
f 1345// 1352// 1342//
f 1342// 1352// 1331//
f 1353// 222// 1354//
f 1354// 222// 232//
f 222// 1353// 1355//
f 222// 1355// 220//
f 220// 1355// 1356//
f 220// 1356// 223//
f 223// 1356// 1357//
f 223// 1357// 224//
f 224// 1357// 1358//
f 224// 1358// 225//
f 225// 1358// 1359//
f 225// 1359// 226//
f 226// 1359// 1360//
f 226// 1360// 227//
f 227// 1360// 1361//
f 227// 1361// 228//
f 228// 1361// 1362//
f 228// 1362// 216//
f 216// 1362// 1363//
f 216// 1363// 215//
f 215// 1363// 1364//
f 215// 1364// 214//
f 214// 1364// 1365//
f 214// 1365// 217//
f 217// 1365// 1366//
f 217// 1366// 218//
f 218// 1366// 1367//
f 218// 1367// 219//
f 219// 1367// 1368//
f 219// 1368// 229//
f 229// 1368// 1369//
f 229// 1369// 230//
f 1370// 231// 1369//
f 1369// 231// 230//
f 1370// 1354// 231//
f 231// 1354// 232//
f 1360// 1359// 1371//
f 1371// 1359// 1358//
f 1371// 1358// 1372//
f 1372// 1358// 1357//
f 1372// 1357// 1373//
f 1373// 1357// 1356//
f 1373// 1356// 1374//
f 1374// 1356// 1355//
f 1374// 1355// 1375//
f 1375// 1355// 1353//
f 1375// 1353// 1376//
f 1376// 1353// 1354//
f 1376// 1354// 1377//
f 1377// 1354// 1370//
f 1377// 1370// 1378//
f 1378// 1370// 1369//
f 1378// 1369// 1379//
f 1379// 1369// 1368//
f 1379// 1368// 1380//
f 1380// 1368// 1367//
f 1380// 1367// 1381//
f 1381// 1367// 1366//
f 1381// 1366// 1382//
f 1382// 1366// 1365//
f 1382// 1365// 1383//
f 1383// 1365// 1364//
f 1383// 1364// 1384//
f 1384// 1364// 1363//
f 1384// 1363// 1385//
f 1385// 1363// 1362//
f 1385// 1362// 1386//
f 1386// 1362// 1361//
f 1386// 1361// 1387//
f 1387// 1361// 1360//
f 1387// 1360// 1371//
f 1378// 1388// 1377//
f 1377// 1388// 1389//
f 1388// 1378// 1379//
f 1388// 1379// 1390//
f 1390// 1379// 1380//
f 1390// 1380// 1391//
f 1391// 1380// 1381//
f 1391// 1381// 1392//
f 1392// 1381// 1382//
f 1392// 1382// 1393//
f 1393// 1382// 1383//
f 1393// 1383// 1394//
f 1394// 1383// 1384//
f 1394// 1384// 1395//
f 1395// 1384// 1385//
f 1395// 1385// 1396//
f 1396// 1385// 1386//
f 1396// 1386// 1397//
f 1397// 1386// 1387//
f 1397// 1387// 1398//
f 1398// 1387// 1371//
f 1398// 1371// 1399//
f 1399// 1371// 1372//
f 1399// 1372// 1400//
f 1400// 1372// 1373//
f 1400// 1373// 1401//
f 1401// 1373// 1374//
f 1401// 1374// 1402//
f 1402// 1374// 1375//
f 1402// 1375// 1403//
f 1376// 1404// 1375//
f 1375// 1404// 1403//
f 1389// 1404// 1377//
f 1377// 1404// 1376//
f 1405// 213// 1406//
f 1406// 213// 212//
f 1407// 205// 1405//
f 1405// 205// 213//
f 1408// 203// 1407//
f 1407// 203// 205//
f 1409// 201// 1408//
f 1408// 201// 203//
f 1410// 202// 1409//
f 1409// 202// 201//
f 1411// 204// 1410//
f 1410// 204// 202//
f 1412// 207// 1411//
f 1411// 207// 204//
f 1413// 208// 1412//
f 1412// 208// 207//
f 1414// 209// 1413//
f 1413// 209// 208//
f 1415// 210// 1414//
f 1414// 210// 209//
f 1416// 211// 1415//
f 1415// 211// 210//
f 1416// 1406// 211//
f 211// 1406// 212//
f 1406// 1416// 1415//
f 1415// 1414// 1406//
f 1406// 1414// 1413//
f 1406// 1413// 1405//
f 1408// 1407// 1409//
f 1409// 1407// 1405//
f 1409// 1405// 1410//
f 1410// 1405// 1413//
f 1410// 1413// 1411//
f 1411// 1413// 1412//
f 125// 145// 1417//
f 125// 1417// 138//
f 1417// 1418// 138//
f 138// 1418// 1419//
f 138// 1419// 139//
f 139// 1419// 1420//
f 139// 1420// 128//
f 128// 1420// 1421//
f 128// 1421// 129//
f 129// 1421// 1422//
f 129// 1422// 136//
f 136// 1422// 1423//
f 136// 1423// 140//
f 140// 1423// 1424//
f 140// 1424// 141//
f 141// 1424// 1425//
f 141// 1425// 142//
f 142// 1425// 1426//
f 142// 1426// 130//
f 130// 1426// 1427//
f 130// 1427// 131//
f 131// 1427// 1428//
f 131// 1428// 133//
f 133// 1428// 1429//
f 133// 1429// 134//
f 134// 1429// 1430//
f 134// 1430// 148//
f 148// 1430// 1431//
f 148// 1431// 123//
f 123// 1431// 1432//
f 123// 1432// 101//
f 101// 1432// 1433//
f 101// 1433// 102//
f 1434// 103// 1433//
f 1433// 103// 102//
f 103// 1434// 1435//
f 103// 1435// 104//
f 104// 1435// 1436//
f 104// 1436// 106//
f 106// 1436// 1437//
f 106// 1437// 107//
f 107// 1437// 1438//
f 107// 1438// 108//
f 108// 1438// 1439//
f 108// 1439// 109//
f 109// 1439// 1440//
f 109// 1440// 110//
f 110// 1440// 1441//
f 110// 1441// 120//
f 120// 1441// 1442//
f 120// 1442// 121//
f 121// 1442// 1443//
f 121// 1443// 111//
f 111// 1443// 1444//
f 111// 1444// 112//
f 112// 1444// 1445//
f 112// 1445// 113//
f 113// 1445// 1446//
f 113// 1446// 118//
f 118// 1446// 1447//
f 118// 1447// 117//
f 117// 1447// 1448//
f 117// 1448// 116//
f 116// 1448// 1449//
f 116// 1449// 114//
f 114// 1449// 1450//
f 114// 1450// 115//
f 115// 1450// 1451//
f 115// 1451// 119//
f 119// 1451// 1452//
f 119// 1452// 105//
f 105// 1452// 1453//
f 105// 1453// 96//
f 1454// 98// 1453//
f 1453// 98// 96//
f 99// 98// 1455//
f 1455// 98// 1454//
f 99// 1455// 143//
f 143// 1455// 1456//
f 143// 1456// 144//
f 144// 1456// 1417//
f 144// 1417// 145//
f 1449// 1417// 1450//
f 1450// 1417// 1456//
f 1450// 1456// 1451//
f 1451// 1456// 1455//
f 1451// 1455// 1452//
f 1452// 1455// 1454//
f 1452// 1454// 1453//
f 1434// 1433// 1435//
f 1435// 1433// 1432//
f 1435// 1432// 1436//
f 1436// 1432// 1431//
f 1436// 1431// 1437//
f 1437// 1431// 1430//
f 1437// 1430// 1438//
f 1438// 1430// 1429//
f 1438// 1429// 1439//
f 1439// 1429// 1428//
f 1439// 1428// 1440//
f 1440// 1428// 1427//
f 1440// 1427// 1441//
f 1441// 1427// 1426//
f 1441// 1426// 1442//
f 1442// 1426// 1425//
f 1442// 1425// 1443//
f 1443// 1425// 1424//
f 1443// 1424// 1444//
f 1444// 1424// 1423//
f 1444// 1423// 1445//
f 1445// 1423// 1422//
f 1445// 1422// 1446//
f 1446// 1422// 1421//
f 1446// 1421// 1447//
f 1447// 1421// 1420//
f 1447// 1420// 1448//
f 1448// 1420// 1419//
f 1448// 1419// 1449//
f 1449// 1419// 1418//
f 1449// 1418// 1417//
f 1457// 147// 1458//
f 1458// 147// 127//
f 1459// 132// 1457//
f 1457// 132// 147//
f 1460// 137// 1459//
f 1459// 137// 132//
f 1461// 135// 1460//
f 1460// 135// 137//
f 1462// 126// 1461//
f 1461// 126// 135//
f 1462// 1458// 126//
f 126// 1458// 127//
f 1459// 1457// 1460//
f 1460// 1457// 1458//
f 1460// 1458// 1461//
f 1461// 1458// 1462//
usemtl 2
f 1351// 1352// 1350//
f 1350// 1352// 1345//
f 1350// 1345// 1349//
f 1349// 1345// 1346//
f 1349// 1346// 1348//
f 1348// 1346// 1347//
f 1404// 1389// 1403//
f 1403// 1389// 1388//
f 1403// 1388// 1390//
f 1396// 1397// 1403//
f 1403// 1397// 1398//
f 1403// 1398// 1402//
f 1390// 1391// 1403//
f 1403// 1391// 1392//
f 1403// 1392// 1393//
f 1393// 1394// 1403//
f 1403// 1394// 1395//
f 1403// 1395// 1396//
f 1399// 1400// 1398//
f 1398// 1400// 1401//
f 1398// 1401// 1402//
usemtl 3
f 1231// 1240// 980//
f 980// 1240// 979//
f 1230// 1241// 1231//
f 1231// 1241// 1240//
f 1242// 1229// 1237//
f 1242// 1237// 1248//
f 1248// 1237// 1235//
f 1248// 1235// 1243//
f 1243// 1235// 1234//
f 1243// 1234// 1244//
f 1244// 1234// 1233//
f 1244// 1233// 1245//
f 1245// 1233// 1236//
f 1245// 1236// 1247//
f 1247// 1236// 1232//
f 1247// 1232// 1246//
f 61// 1463// 62//
f 62// 1463// 1464//
f 62// 1464// 63//
f 63// 1464// 1465//
f 63// 1465// 64//
f 64// 1465// 1466//
f 64// 1466// 65//
f 65// 1466// 1467//
f 65// 1467// 167//
f 167// 1467// 1468//
f 167// 1468// 170//
f 170// 1468// 1469//
f 170// 1469// 165//
f 165// 1469// 1470//
f 165// 1470// 166//
f 166// 1470// 1471//
f 166// 1471// 163//
f 163// 1471// 1472//
f 163// 1472// 161//
f 161// 1472// 1473//
f 161// 1473// 160//
f 160// 1473// 1474//
f 160// 1474// 45//
f 45// 1474// 1475//
f 45// 1475// 156//
f 156// 1475// 1476//
f 156// 1476// 157//
f 157// 1476// 1477//
f 157// 1477// 158//
f 158// 1477// 1478//
f 158// 1478// 154//
f 154// 1478// 1479//
f 154// 1479// 152//
f 152// 1479// 1480//
f 152// 1480// 149//
f 149// 1480// 1481//
f 149// 1481// 56//
f 56// 1481// 1482//
f 56// 1482// 57//
f 57// 1482// 1483//
f 57// 1483// 58//
f 58// 1483// 1484//
f 58// 1484// 59//
f 59// 1484// 1485//
f 59// 1485// 60//
f 60// 1485// 1486//
f 60// 1486// 61//
f 61// 1486// 1463//
f 1487// 1488// 1489//
f 1489// 1488// 1490//
f 1489// 1490// 1491//
f 1492// 1493// 1489//
f 1489// 1493// 1494//
f 1489// 1494// 1487//
f 1495// 1496// 1489//
f 1489// 1496// 1497//
f 1489// 1497// 1492//
f 1498// 1499// 1489//
f 1489// 1499// 1500//
f 1489// 1500// 1495//
f 1501// 1502// 1489//
f 1489// 1502// 1503//
f 1489// 1503// 1498//
f 1504// 1505// 1489//
f 1489// 1505// 1506//
f 1489// 1506// 1501//
f 1507// 1508// 1489//
f 1489// 1508// 1509//
f 1489// 1509// 1504//
f 1491// 1510// 1489//
f 1489// 1510// 1511//
f 1489// 1511// 1507//
f 74// 1512// 81//
f 81// 1512// 1513//
f 81// 1513// 82//
f 82// 1513// 1514//
f 82// 1514// 83//
f 83// 1514// 1515//
f 83// 1515// 77//
f 77// 1515// 1516//
f 77// 1516// 189//
f 189// 1516// 1517//
f 189// 1517// 191//
f 191// 1517// 1518//
f 191// 1518// 188//
f 188// 1518// 1519//
f 188// 1519// 28//
f 28// 1519// 1520//
f 28// 1520// 185//
f 185// 1520// 1521//
f 185// 1521// 184//
f 184// 1521// 1522//
f 184// 1522// 183//
f 183// 1522// 1523//
f 183// 1523// 93//
f 93// 1523// 1524//
f 93// 1524// 177//
f 177// 1524// 1525//
f 177// 1525// 178//
f 178// 1525// 1526//
f 178// 1526// 179//
f 179// 1526// 1527//
f 179// 1527// 176//
f 176// 1527// 1528//
f 176// 1528// 174//
f 174// 1528// 1529//
f 174// 1529// 171//
f 171// 1529// 1530//
f 171// 1530// 80//
f 80// 1530// 1531//
f 80// 1531// 84//
f 84// 1531// 1532//
f 84// 1532// 71//
f 71// 1532// 1533//
f 71// 1533// 72//
f 72// 1533// 1534//
f 72// 1534// 73//
f 73// 1534// 1535//
f 73// 1535// 74//
f 74// 1535// 1512//
f 1536// 1537// 1538//
f 1538// 1537// 1539//
f 1538// 1539// 1540//
f 1541// 1542// 1538//
f 1538// 1542// 1543//
f 1538// 1543// 1536//
f 1544// 1545// 1538//
f 1538// 1545// 1546//
f 1538// 1546// 1541//
f 1547// 1548// 1538//
f 1538// 1548// 1549//
f 1538// 1549// 1544//
f 1550// 1551// 1538//
f 1538// 1551// 1552//
f 1538// 1552// 1547//
f 1553// 1554// 1538//
f 1538// 1554// 1555//
f 1538// 1555// 1550//
f 1556// 1557// 1538//
f 1538// 1557// 1558//
f 1538// 1558// 1553//
f 1540// 1559// 1538//
f 1538// 1559// 1560//
f 1538// 1560// 1556//
f 1535// 1537// 1512//
f 1512// 1537// 1536//
f 1512// 1536// 1513//
f 1513// 1536// 1543//
f 1513// 1543// 1514//
f 1514// 1543// 1542//
f 1514// 1542// 1515//
f 1515// 1542// 1541//
f 1515// 1541// 1516//
f 1516// 1541// 1546//
f 1516// 1546// 1517//
f 1517// 1546// 1545//
f 1517// 1545// 1518//
f 1518// 1545// 1544//
f 1518// 1544// 1519//
f 1519// 1544// 1549//
f 1519// 1549// 1520//
f 1520// 1549// 1548//
f 1520// 1548// 1521//
f 1521// 1548// 1547//
f 1521// 1547// 1522//
f 1522// 1547// 1552//
f 1522// 1552// 1523//
f 1523// 1552// 1551//
f 1523// 1551// 1524//
f 1524// 1551// 1550//
f 1524// 1550// 1525//
f 1525// 1550// 1555//
f 1525// 1555// 1526//
f 1526// 1555// 1554//
f 1526// 1554// 1527//
f 1527// 1554// 1553//
f 1527// 1553// 1528//
f 1528// 1553// 1558//
f 1528// 1558// 1529//
f 1529// 1558// 1557//
f 1529// 1557// 1530//
f 1530// 1557// 1556//
f 1530// 1556// 1531//
f 1531// 1556// 1560//
f 1531// 1560// 1532//
f 1532// 1560// 1559//
f 1532// 1559// 1533//
f 1533// 1559// 1540//
f 1533// 1540// 1534//
f 1534// 1540// 1539//
f 1534// 1539// 1535//
f 1535// 1539// 1537//
f 1486// 1502// 1463//
f 1463// 1502// 1501//
f 1463// 1501// 1464//
f 1464// 1501// 1506//
f 1464// 1506// 1465//
f 1465// 1506// 1505//
f 1465// 1505// 1466//
f 1466// 1505// 1504//
f 1466// 1504// 1467//
f 1467// 1504// 1509//
f 1467// 1509// 1468//
f 1468// 1509// 1508//
f 1468// 1508// 1469//
f 1469// 1508// 1507//
f 1469// 1507// 1470//
f 1470// 1507// 1511//
f 1470// 1511// 1471//
f 1471// 1511// 1510//
f 1471// 1510// 1472//
f 1472// 1510// 1491//
f 1472// 1491// 1473//
f 1473// 1491// 1490//
f 1473// 1490// 1474//
f 1474// 1490// 1488//
f 1474// 1488// 1475//
f 1475// 1488// 1487//
f 1475// 1487// 1476//
f 1476// 1487// 1494//
f 1476// 1494// 1477//
f 1477// 1494// 1493//
f 1477// 1493// 1478//
f 1478// 1493// 1492//
f 1478// 1492// 1479//
f 1479// 1492// 1497//
f 1479// 1497// 1480//
f 1480// 1497// 1496//
f 1480// 1496// 1481//
f 1481// 1496// 1495//
f 1481// 1495// 1482//
f 1482// 1495// 1500//
f 1482// 1500// 1483//
f 1483// 1500// 1499//
f 1483// 1499// 1484//
f 1484// 1499// 1498//
f 1484// 1498// 1485//
f 1485// 1498// 1503//
f 1485// 1503// 1486//
f 1486// 1503// 1502//
