v 0.171159 0.65 0.675
v 0.95 0.65 0.675
v 0.171159 0.65 0.525
newmtl 1
Ka 0.2235294117647059 0.2235294117647059 0.2235294117647059
Kd 0.2235294117647059 0.2235294117647059 0.2235294117647059
Ks 0.06666666666666667 0.06666666666666667 0.06666666666666667
d 0.0
endmtl
v 0.95 0.65 0.525
v -0.5 -0.65 0.525
v 0.5 -0.65 0.525
v -0.5 -0.65 0.675
v 0.5 -0.65 0.675
v -0.8 -0.65 0.675
v -0.95 -0.65 0.675
v -0.8 -0.65 0.525
v -0.95 -0.65 0.525
v -0.041463 0.528534 0.1
v -0.021951 -0.088106 0.1
v -0.041463 -0.111277 0.1
v -0.021951 -0.110057 0.1
v 0.085366 -0.110057 0.1
v 0.12439 -0.099691 0.1
v 0.12439 -0.07774 0.1
v 0.085366 0.089943 0.1
v 0.058537 0.067992 0.1
v 0.058537 0.002138 0.1
v -0.017073 0.067992 0.1
v -0.012195 0.002138 0.1
v 0.058537 -0.019813 0.1
v 0.058537 -0.088106 0.1
v -0.012195 -0.019813 0.1
v 0.392683 -0.110057 0.1
v 0.191182 -0.111277 0.1
v 0.290244 -0.110057 0.1
v 0.204068 -0.10994 0.1
v 0.223495 -0.103248 0.1
v -0.017073 0.089943 0.1
v 0.262644 0.037205 0.1
v 0.250933 0.055915 0.1
v 0.365854 0.089943 0.1
v 0.190921 0.068219 0.1
v 0.205891 0.062817 0.1
v 0.127975 -0.079725 0.1
v 0.219733 0.053556 0.1
v 0.231811 0.040223 0.1
v 0.246341 -0.012191 0.1
v 0.244316 -0.033842 0.1
v 0.238882 -0.051048 0.1
v 0.194385 -0.088451 0.1
v 0.175724 -0.090545 0.1
v 0.208958 -0.083084 0.1
v 0.221232 -0.074809 0.1
v 0.230609 -0.064915 0.1
v 0.149176 -0.087598 0.1
v 0.240056 0.02478 0.1
v 0.245387 0.00337 0.1
v 0.23958 -0.092962 0.1
v 0.254591 -0.077141 0.1
v 0.290244 -0.088106 0.1
v 0.265235 -0.058118 0.1
v 0.365854 -0.088106 0.1
v 0.271245 -0.036944 0.1
v 0.273171 -0.01383 0.1
v 0.270361 0.01429 0.1
v 0.232895 0.073287 0.1
v 0.213902 0.084238 0.1
v 0.191607 0.090731 0.1
v 0.171456 0.092382 0.1
v 0.147514 0.09073 0.1
v 0.12439 0.084455 0.1
v 0.12439 0.057626 0.1
v 0.146918 0.067273 0.1
v 0.171227 0.070431 0.1
v 0.165919 -0.111277 0.1
v 0.173952 -0.112402 0.1
v -0.041463 -0.528534 0.1
v 0.179421 -0.112496 0.1
v 0.392683 0.089943 0.1
v 0.878534 0.528534 0.1
v 0.878534 -0.111277 0.1
v 0.878534 -0.528534 0.1
v -0.878534 -0.528534 0.1
v -0.878534 -0.111277 0.1
v 0.145709 -0.108445 0.1
v -0.236585 -0.110057 0.1
v -0.211982 -0.055205 0.1
v -0.200521 -0.073098 0.1
v -0.387805 -0.110057 0.1
v -0.417073 -0.110057 0.1
v -0.339024 0.089943 0.1
v -0.878534 0.528534 0.1
v -0.312195 0.089943 0.1
v -0.184067 -0.088866 0.1
v -0.163197 -0.101008 0.1
v -0.140154 -0.107888 0.1
v -0.115358 -0.110057 0.1
v -0.060976 -0.110057 0.1
v -0.060976 0.089943 0.1
v -0.117416 0.089943 0.1
v -0.192321 0.063304 0.1
v -0.206242 0.047596 0.1
v -0.215387 0.030315 0.1
v -0.146058 0.086912 0.1
v -0.16939 0.078796 0.1
v -0.191267 0.064234 0.1
v -0.265854 -0.110057 0.1
v -0.284947 -0.053959 0.1
v -0.367569 -0.053959 0.1
v -0.220613 0.01057 0.1
v -0.221951 -0.007542 0.1
v -0.219145 -0.034308 0.1
v 0.878534 -0.528534 1.1
v 0.878534 -0.474198 1.1
v 0.493902 -0.474198 1.1
v -0.600807 0.110179 1.1
v -0.588802 0.11135 1.1
v -0.705156 0.11135 1.1
v 0.878534 -0.141699 1.1
v 0.591771 -0.141699 1.1
v 0.878534 -0.181543 1.1
v 0.589577 -0.142227 1.1
v 0.493902 -0.181543 1.1
v 0.572599 -0.143223 1.1
v 0.555871 -0.141699 1.1
v 0.661585 -0.068481 1.1
v 0.659296 -0.087803 1.1
v 0.653748 -0.102387 1.1
v 0.644449 -0.115712 1.1
v 0.630467 -0.127755 1.1
v 0.613569 -0.136458 1.1
v 0.878534 0.11135 1.1
v 0.653538 -0.038456 1.1
v 0.658982 -0.050463 1.1
v 0.66141 -0.063459 1.1
v 0.601855 0.110968 1.1
v 0.61795 0.105913 1.1
v 0.601372 -0.008553 1.1
v 0.601372 -0.009172 1.1
v 0.606898 -0.006912 1.1
v 0.619825 -0.012964 1.1
v 0.625059 0.001359 1.1
v 0.633845 -0.019258 1.1
v 0.635729 0.00961 1.1
v 0.639834 0.014128 1.1
v 0.630496 0.09845 1.1
v 0.640541 0.088769 1.1
v 0.647035 0.078646 1.1
v 0.651107 0.066853 1.1
v 0.652439 0.053661 1.1
v 0.650856 0.037794 1.1
v 0.645713 -0.028549 1.1
v 0.646563 0.024869 1.1
v 0.493902 0.528534 1.1
v 0.581698 0.112874 1.1
v 0.597821 0.11135 1.1
v 0.878534 0.528534 1.1
v 0.52439 0.093819 1.1
v 0.493902 0.11135 1.1
v 0.52439 0.06638 1.1
v 0.493902 -0.141699 1.1
v 0.543698 0.105325 1.1
v 0.563993 0.11135 1.1
v 0.564239 0.111423 1.1
v 0.543022 -0.140528 1.1
v 0.521516 -0.133606 1.1
v 0.539634 0.003118 1.1
v 0.515244 -0.096729 1.1
v 0.539634 -0.024321 1.1
v 0.535765 -0.10859 1.1
v 0.560356 -0.024321 1.1
v 0.557056 -0.114599 1.1
v 0.572599 -0.115784 1.1
v 0.584002 -0.02604 1.1
v 0.602218 -0.03105 1.1
v 0.515244 -0.130266 1.1
v 0.538267 0.076002 1.1
v 0.559308 0.003118 1.1
v 0.555873 0.083195 1.1
v 0.5798 0.004683 1.1
v 0.618876 0.044798 1.1
v 0.618902 0.045896 1.1
v 0.589027 -0.114326 1.1
v 0.628049 -0.070434 1.1
v 0.626899 -0.059146 1.1
v 0.623987 -0.050603 1.1
v 0.601751 -0.110423 1.1
v 0.610863 -0.105194 1.1
v 0.62707 -0.080374 1.1
v 0.618173 -0.098547 1.1
v 0.623911 -0.089953 1.1
v 0.593857 0.00841 1.1
v 0.603862 0.013744 1.1
v 0.610066 0.019304 1.1
v 0.614462 0.025692 1.1
v 0.6174 0.03346 1.1
v 0.602753 0.078963 1.1
v 0.593936 0.082776 1.1
v 0.618008 0.056185 1.1
v 0.579452 0.085261 1.1
v 0.573409 0.085435 1.1
v 0.619154 -0.043073 1.1
v 0.612504 -0.036817 1.1
v 0.607256 0.0758 1.1
v 0.61563 0.064244 1.1
v 0.612145 0.070519 1.1
v 0.343288 0.099943 1.1
v 0.360204 0.108207 1.1
v 0.297256 0.11135 1.1
v 0.428979 0.105501 1.1
v 0.444122 0.096106 1.1
v 0.454221 0.085719 1.1
v 0.464004 0.022919 1.1
v 0.457009 0.003815 1.1
v 0.472561 -0.112736 1.1
v 0.446959 -0.011265 1.1
v 0.423171 -0.033857 1.1
v 0.317073 -0.127789 1.1
v 0.319223 -0.104207 1.1
v 0.297256 -0.141699 1.1
v 0.326219 0.055043 1.1
v 0.326219 0.085626 1.1
v 0.32542 -0.085748 1.1
v 0.335554 -0.069968 1.1
v 0.356031 -0.049575 1.1
v 0.461014 0.074119 1.1
v 0.465124 0.060805 1.1
v 0.466463 0.045896 1.1
v 0.472561 -0.140175 1.1
v 0.317073 -0.140175 1.1
v 0.410585 -0.04309 1.1
v 0.371564 -0.071653 1.1
v 0.359517 -0.083551 1.1
v 0.354007 -0.092034 1.1
v 0.350986 -0.100968 1.1
v 0.349848 -0.112736 1.1
v 0.425341 0.008357 1.1
v 0.431915 0.020743 1.1
v 0.334693 0.063176 1.1
v 0.382241 -0.029755 1.1
v 0.384956 -0.027846 1.1
v 0.412769 -0.005818 1.1
v 0.435081 0.032405 1.1
v 0.435976 0.043467 1.1
v 0.351991 0.07536 1.1
v 0.434854 0.0543 1.1
v 0.431998 0.062593 1.1
v 0.414058 0.08013 1.1
v 0.402301 0.084065 1.1
v 0.387862 0.085435 1.1
v 0.369112 0.082666 1.1
v 0.427576 0.069592 1.1
v 0.421787 0.075256 1.1
v 0.375076 0.11135 1.1
v 0.379933 0.112376 1.1
v 0.297256 0.528534 1.1
v 0.390911 0.112874 1.1
v 0.407098 0.11135 1.1
v 0.412145 0.110875 1.1
v 0.207624 -0.141699 1.1
v 0.20543 -0.142227 1.1
v 0.297256 -0.181543 1.1
v 0.106707 -0.181543 1.1
v 0.188453 -0.143223 1.1
v 0.171725 -0.141699 1.1
v 0.269602 -0.102387 1.1
v 0.260302 -0.115712 1.1
v 0.27515 -0.087803 1.1
v 0.246321 -0.127755 1.1
v 0.229423 -0.136458 1.1
v 0.269392 -0.038456 1.1
v 0.261567 -0.028549 1.1
v 0.249699 -0.019258 1.1
v 0.274836 -0.050463 1.1
v 0.277264 -0.063459 1.1
v 0.277439 -0.068481 1.1
v 0.213675 0.11135 1.1
v 0.217709 0.110968 1.1
v 0.233803 0.105913 1.1
v 0.24635 0.09845 1.1
v 0.256395 0.088769 1.1
v 0.262889 0.078646 1.1
v 0.26696 0.066853 1.1
v 0.268293 0.053661 1.1
v 0.26671 0.037794 1.1
v 0.262417 0.024869 1.1
v 0.255687 0.014128 1.1
v 0.217226 -0.008553 1.1
v 0.217226 -0.009172 1.1
v 0.222752 -0.006912 1.1
v 0.235679 -0.012964 1.1
v 0.240913 0.001359 1.1
v 0.251582 0.00961 1.1
v 0.106707 0.528534 1.1
v 0.197551 0.112874 1.1
v 0.180093 0.111423 1.1
v 0.106707 0.11135 1.1
v 0.106707 -0.141699 1.1
v 0.140244 0.06638 1.1
v 0.140244 0.093819 1.1
v 0.159552 0.105325 1.1
v 0.179847 0.11135 1.1
v 0.158875 -0.140528 1.1
v 0.13737 -0.133606 1.1
v 0.155488 0.003118 1.1
v 0.131098 -0.096729 1.1
v 0.155488 -0.024321 1.1
v 0.151619 -0.10859 1.1
v 0.17621 -0.024321 1.1
v 0.17291 -0.114599 1.1
v 0.188453 -0.115784 1.1
v 0.199856 -0.02604 1.1
v 0.218072 -0.03105 1.1
v 0.131098 -0.130266 1.1
v 0.154121 0.076002 1.1
v 0.175162 0.003118 1.1
v 0.171726 0.083195 1.1
v 0.195654 0.004683 1.1
v 0.234729 0.044798 1.1
v 0.234756 0.045896 1.1
v 0.204881 -0.114326 1.1
v 0.243902 -0.070434 1.1
v 0.242752 -0.059146 1.1
v 0.239841 -0.050603 1.1
v 0.217604 -0.110423 1.1
v 0.226716 -0.105194 1.1
v 0.242924 -0.080374 1.1
v 0.234027 -0.098547 1.1
v 0.239764 -0.089953 1.1
v 0.209711 0.00841 1.1
v 0.219715 0.013744 1.1
v 0.22592 0.019304 1.1
v 0.230315 0.025692 1.1
v 0.233254 0.03346 1.1
v 0.218607 0.078963 1.1
v 0.20979 0.082776 1.1
v 0.233862 0.056185 1.1
v 0.195305 0.085261 1.1
v 0.189263 0.085435 1.1
v 0.235007 -0.043073 1.1
v 0.228358 -0.036817 1.1
v 0.223109 0.0758 1.1
v 0.231483 0.064244 1.1
v 0.227999 0.070519 1.1
v -0.303818 0.101548 1.1
v -0.228659 0.11135 1.1
v -0.327632 0.109788 1.1
v -0.342419 0.11135 1.1
v -0.251874 -0.073872 1.1
v -0.26519 -0.097717 1.1
v -0.228659 -0.141699 1.1
v -0.283938 -0.11777 1.1
v -0.281814 0.086996 1.1
v -0.263182 0.066292 1.1
v -0.249998 0.041455 1.1
v -0.304291 -0.131045 1.1
v -0.32824 -0.139645 1.1
v -0.346987 -0.141699 1.1
v -0.242755 0.013683 1.1
v -0.240854 -0.012221 1.1
v -0.243352 -0.043641 1.1
v -0.372406 0.11135 1.1
v -0.35685 0.112874 1.1
v -0.228659 0.528534 1.1
v -0.493902 0.11135 1.1
v -0.435196 0.087412 1.1
v -0.41242 0.101757 1.1
v -0.493902 0.528534 1.1
v -0.387331 0.109887 1.1
v -0.476116 0.013339 1.1
v -0.467567 0.04337 1.1
v -0.454062 0.067341 1.1
v -0.390191 -0.140264 1.1
v -0.41384 -0.132448 1.1
v -0.493902 -0.141699 1.1
v -0.434478 -0.119656 1.1
v -0.452651 -0.101268 1.1
v -0.466676 -0.078255 1.1
v -0.475425 -0.051357 1.1
v -0.478659 -0.018128 1.1
v -0.375988 -0.141699 1.1
v -0.493902 -0.181543 1.1
v -0.360899 -0.143223 1.1
v -0.228659 -0.181543 1.1
v -0.598726 -0.23326 1.1
v -0.578015 -0.249152 1.1
v -0.562123 -0.269863 1.1
v -0.552133 -0.293981 1.1
v -0.548726 -0.319863 1.1
v -0.719436 -0.249152 1.1
v -0.705156 -0.238194 1.1
v -0.705156 -0.181543 1.1
v -0.698726 -0.23326 1.1
v -0.552133 -0.345745 1.1
v -0.493902 -0.474198 1.1
v -0.562123 -0.369863 1.1
v -0.578015 -0.390574 1.1
v -0.598726 -0.406465 1.1
v -0.622844 -0.416455 1.1
v -0.705156 -0.474198 1.1
v -0.648726 -0.419863 1.1
v -0.674608 -0.416455 1.1
v -0.674608 -0.22327 1.1
v -0.648726 -0.219863 1.1
v -0.622844 -0.22327 1.1
v -0.698726 -0.406465 1.1
v -0.705156 -0.401532 1.1
v -0.878534 -0.474198 1.1
v -0.719436 -0.390574 1.1
v -0.745318 -0.293981 1.1
v -0.735328 -0.269863 1.1
v -0.878534 -0.181543 1.1
v -0.735328 -0.369863 1.1
v -0.745318 -0.345745 1.1
v -0.748726 -0.319863 1.1
v -0.509368 -0.070559 1.1
v -0.509146 -0.075721 1.1
v -0.511114 -0.093287 1.1
v -0.515751 -0.105953 1.1
v -0.523826 -0.117676 1.1
v -0.534282 -0.126804 1.1
v -0.54841 -0.134535 1.1
v -0.545364 -0.018047 1.1
v -0.527353 -0.032559 1.1
v -0.518293 0.069429 1.1
v -0.517822 -0.044796 1.1
v -0.511914 -0.057618 1.1
v -0.574933 -0.001646 1.1
v -0.537194 0.079243 1.1
v -0.598171 0.010668 1.1
v -0.558565 0.084351 1.1
v -0.575838 0.085435 1.1
v -0.62432 0.032655 1.1
v -0.626951 0.039548 1.1
v -0.628049 0.049088 1.1
v -0.620092 0.026454 1.1
v -0.612426 0.019731 1.1
v -0.62141 0.068766 1.1
v -0.625054 0.063095 1.1
v -0.627265 0.056663 1.1
v -0.59334 0.083849 1.1
v -0.606612 0.079604 1.1
v -0.615713 0.074241 1.1
v -0.573171 0.112874 1.1
v -0.545416 0.111688 1.1
v -0.543801 0.11135 1.1
v -0.518293 0.106014 1.1
v -0.705156 0.528534 1.1
v -0.653573 -0.134096 1.1
v -0.661585 -0.130266 1.1
v -0.705156 -0.141699 1.1
v -0.661585 -0.093681 1.1
v -0.572811 -0.141338 1.1
v -0.577757 -0.141699 1.1
v -0.598657 -0.143223 1.1
v -0.61345 -0.141699 1.1
v -0.630832 -0.139908 1.1
v -0.661585 0.045801 1.1
v -0.659345 0.063077 1.1
v -0.654459 0.075041 1.1
v -0.646602 0.085896 1.1
v -0.629287 -0.008696 1.1
v -0.644454 0.003405 1.1
v -0.653043 0.014308 1.1
v -0.65891 0.02734 1.1
v -0.661437 0.041393 1.1
v -0.635866 0.095211 1.1
v -0.621808 0.103288 1.1
v -0.600467 -0.025131 1.1
v -0.64331 -0.104911 1.1
v -0.566489 -0.043163 1.1
v -0.613717 -0.114008 1.1
v -0.563008 -0.045384 1.1
v -0.594941 -0.115784 1.1
v -0.576788 -0.114386 1.1
v -0.564101 -0.110955 1.1
v -0.555134 -0.106005 1.1
v -0.549928 -0.1011 1.1
v -0.546618 -0.096143 1.1
v -0.54374 -0.088346 1.1
v -0.542683 -0.078484 1.1
v -0.54377 -0.069613 1.1
v -0.546602 -0.0625 1.1
v -0.552718 -0.054115 1.1
v -0.025915 0.11135 1.1
v -0.025915 0.528534 1.1
v -0.039634 0.082386 1.1
v -0.025915 -0.141699 1.1
v -0.012195 -0.030418 1.1
v 0.082317 -0.030418 1.1
v 0.082317 -0.054809 1.1
v -0.012195 -0.054809 1.1
v -0.039634 0.109825 1.1
v -0.146341 -0.140175 1.1
v -0.112805 -0.140175 1.1
v -0.112805 0.082386 1.1
v -0.146341 0.082386 1.1
v -0.216463 0.082386 1.1
v -0.216463 0.109825 1.1
v -0.025915 -0.181543 1.1
v -0.878534 0.528534 1.1
v -0.878534 0.11135 1.1
v -0.878534 -0.141699 1.1
v -0.228659 -0.474198 1.1
v -0.025915 -0.474198 1.1
v 0.106707 -0.474198 1.1
v 0.297256 -0.474198 1.1
v 0.493902 -0.528534 1.1
v 0.297256 -0.528534 1.1
v 0.106707 -0.528534 1.1
v -0.025915 -0.528534 1.1
v -0.228659 -0.528534 1.1
v -0.493902 -0.528534 1.1
v -0.705156 -0.528534 1.1
v -0.878534 -0.528534 1.1
v 1.0 -0.6 0.525
v 1.0 0.6 0.525
v 1.0 -0.6 0.675
v 1.0 0.6 0.675
v -0.128841 0.65 0.525
v -0.95 0.65 0.525
v -0.128841 0.65 0.675
v -0.95 0.65 0.675
v -1.0 0.6 0.525
v -1.0 -0.6 0.525
v -1.0 0.6 0.675
v -1.0 -0.6 0.675
v 0.8 -0.65 0.525
v 0.95 -0.65 0.525
v 0.8 -0.65 0.675
v 0.95 -0.65 0.675
v 0.878534 -0.577671 0.140751
v 0.950856 -0.649993 0.524961
v -0.878534 -0.577671 0.140751
v -0.950856 -0.649993 0.524961
v 0.999993 -0.600856 0.524961
v 0.927671 -0.528534 0.140751
v 0.927671 0.528534 0.140751
v 0.999993 0.600856 0.524961
v -0.999993 0.600856 0.524961
v -0.927671 0.528534 0.140751
v -0.927671 -0.528534 0.140751
v -0.999993 -0.600856 0.524961
v 0.950856 0.649993 0.524961
v 0.878534 0.577671 0.140751
v -0.950856 0.649993 0.524961
v -0.878534 0.577671 0.140751
v -0.950856 0.649993 0.675039
v -0.878534 0.577671 1.059249
v 0.950856 0.649993 0.675039
v 0.878534 0.577671 1.059249
v -0.999993 -0.600856 0.675039
v -0.927671 -0.528534 1.059249
v -0.927671 0.528534 1.059249
v -0.999993 0.600856 0.675039
v 0.999993 0.600856 0.675039
v 0.927671 0.528534 1.059249
v 0.927671 -0.528534 1.059249
v 0.999993 -0.600856 0.675039
v -0.878534 -0.577671 1.059249
v -0.950856 -0.649993 0.675039
v 0.950856 -0.649993 0.675039
v 0.878534 -0.577671 1.059249
v 0.878534 -0.53997 0.101334
v -0.878534 -0.53997 0.101334
v -0.878534 -0.540038 0.101342
v 0.878534 -0.540038 0.101342
v -0.878534 -0.550796 0.105247
v 0.878534 -0.550796 0.105247
v -0.878534 -0.550926 0.105294
v 0.878534 -0.550926 0.105294
v -0.878534 -0.560439 0.111533
v 0.878534 -0.560439 0.111533
v -0.878534 -0.560611 0.111646
v 0.878534 -0.560611 0.111646
v -0.878534 -0.568386 0.119856
v 0.878534 -0.568386 0.119856
v -0.878534 -0.568576 0.120056
v 0.878534 -0.568576 0.120056
v -0.878534 -0.574219 0.129776
v 0.878534 -0.574219 0.129776
v -0.878534 -0.574391 0.130073
v 0.878534 -0.574391 0.130073
v 0.881511 -0.539646 0.101342
v 0.900796 -0.528534 0.105247
v 0.900926 -0.528534 0.105294
v 0.900163 -0.534329 0.105294
v 0.910439 -0.528534 0.111533
v 0.910611 -0.528534 0.111646
v 0.909518 -0.536836 0.111646
v 0.917211 -0.538897 0.120056
v 0.922829 -0.540402 0.130073
v 0.918247 -0.551462 0.130073
v 0.890988 -0.575642 0.138788
v 0.902629 -0.570541 0.137557
v 0.891136 -0.575577 0.138773
v 0.890402 -0.572829 0.130073
v 0.925642 -0.540988 0.138788
v 0.925577 -0.541136 0.138773
v 0.920541 -0.552629 0.137557
v 0.920458 -0.552736 0.137553
v 0.912699 -0.562699 0.137138
v 0.924391 -0.528534 0.130073
v 0.924218 -0.528534 0.129776
v 0.918576 -0.528534 0.120056
v 0.918387 -0.528534 0.119856
v 0.888897 -0.567211 0.120056
v 0.913211 -0.548555 0.120056
v 0.91096 -0.56096 0.130073
v 0.886836 -0.559518 0.111646
v 0.906314 -0.544573 0.111646
v 0.906848 -0.556848 0.120056
v 0.884329 -0.550163 0.105294
v 0.901216 -0.551216 0.111646
v 0.897926 -0.53973 0.105294
v 0.889646 -0.531511 0.101342
v 0.902736 -0.570458 0.137553
v 0.901462 -0.568247 0.130073
v 0.898555 -0.563211 0.120056
v 0.894573 -0.556314 0.111646
v 0.88973 -0.547926 0.105294
v 0.884286 -0.538497 0.101342
v 0.88997 -0.528534 0.101334
v 0.890038 -0.528534 0.101342
v 0.894367 -0.544367 0.105294
v 0.888497 -0.534286 0.101342
v 0.886669 -0.536669 0.101342
v -0.88997 -0.528534 0.101334
v -0.889646 -0.531511 0.101342
v -0.884329 -0.550163 0.105294
v -0.886836 -0.559518 0.111646
v -0.888897 -0.567211 0.120056
v -0.890402 -0.572829 0.130073
v -0.901462 -0.568247 0.130073
v -0.925642 -0.540988 0.138788
v -0.924391 -0.528534 0.130073
v -0.920541 -0.552629 0.137557
v -0.925577 -0.541136 0.138773
v -0.922829 -0.540402 0.130073
v -0.890988 -0.575642 0.138788
v -0.891136 -0.575577 0.138773
v -0.902629 -0.570541 0.137557
v -0.902736 -0.570458 0.137553
v -0.912699 -0.562699 0.137138
v -0.924218 -0.528534 0.129776
v -0.917211 -0.538897 0.120056
v -0.898555 -0.563211 0.120056
v -0.91096 -0.56096 0.130073
v -0.918576 -0.528534 0.120056
v -0.918387 -0.528534 0.119856
v -0.909518 -0.536836 0.111646
v -0.894573 -0.556314 0.111646
v -0.906848 -0.556848 0.120056
v -0.910611 -0.528534 0.111646
v -0.910439 -0.528534 0.111533
v -0.900163 -0.534329 0.105294
v -0.901216 -0.551216 0.111646
v -0.88973 -0.547926 0.105294
v -0.881511 -0.539646 0.101342
v -0.920458 -0.552736 0.137553
v -0.918247 -0.551462 0.130073
v -0.913211 -0.548555 0.120056
v -0.906314 -0.544573 0.111646
v -0.897926 -0.53973 0.105294
v -0.888497 -0.534286 0.101342
v -0.894367 -0.544367 0.105294
v -0.884286 -0.538497 0.101342
v -0.886669 -0.536669 0.101342
v -0.900926 -0.528534 0.105294
v -0.900796 -0.528534 0.105247
v -0.890038 -0.528534 0.101342
v 0.88997 0.528534 0.101334
v 0.890038 0.528534 0.101342
v 0.900796 0.528534 0.105247
v 0.900926 0.528534 0.105294
v 0.910439 0.528534 0.111533
v 0.910611 0.528534 0.111646
v 0.918387 0.528534 0.119856
v 0.918576 0.528534 0.120056
v 0.924218 0.528534 0.129776
v 0.924391 0.528534 0.130073
v 0.975247 -0.643158 0.523337
v 0.974986 -0.643268 0.523351
v 0.963491 -0.648145 0.523963
v 0.962931 -0.648227 0.524007
v 0.985355 -0.635355 0.523124
v 0.993158 -0.625247 0.523337
v 0.993268 -0.624986 0.523351
v 0.998146 -0.613491 0.523963
v 0.998227 -0.612931 0.524007
v -0.993158 -0.625247 0.523337
v -0.993268 -0.624986 0.523351
v -0.998146 -0.613491 0.523963
v -0.998227 -0.612931 0.524007
v -0.985355 -0.635355 0.523124
v -0.975247 -0.643158 0.523337
v -0.974986 -0.643268 0.523351
v -0.963491 -0.648145 0.523963
v -0.962931 -0.648227 0.524007
v -0.924391 0.528534 0.130073
v -0.924218 0.528534 0.129776
v -0.918576 0.528534 0.120056
v -0.918387 0.528534 0.119856
v -0.910611 0.528534 0.111646
v -0.910439 0.528534 0.111533
v -0.900926 0.528534 0.105294
v -0.900796 0.528534 0.105247
v -0.890038 0.528534 0.101342
v -0.88997 0.528534 0.101334
v -0.878534 0.53997 0.101334
v -0.878534 0.574391 0.130073
v 0.878534 0.574391 0.130073
v -0.878534 0.574219 0.129776
v 0.878534 0.574219 0.129776
v -0.878534 0.568576 0.120056
v 0.878534 0.568576 0.120056
v -0.878534 0.568386 0.119856
v 0.878534 0.568386 0.119856
v -0.878534 0.560611 0.111646
v 0.878534 0.560611 0.111646
v -0.878534 0.560439 0.111533
v 0.878534 0.560439 0.111533
v -0.878534 0.550926 0.105294
v 0.878534 0.550926 0.105294
v -0.878534 0.550796 0.105247
v 0.878534 0.550796 0.105247
v -0.878534 0.540038 0.101342
v 0.878534 0.540038 0.101342
v 0.878534 0.53997 0.101334
v 0.889646 0.531511 0.101342
v 0.884329 0.550163 0.105294
v 0.886836 0.559518 0.111646
v 0.888897 0.567211 0.120056
v 0.890402 0.572829 0.130073
v 0.901462 0.568247 0.130073
v 0.925642 0.540988 0.138788
v 0.920541 0.552629 0.137557
v 0.925577 0.541136 0.138773
v 0.922829 0.540402 0.130073
v 0.890988 0.575642 0.138788
v 0.891136 0.575577 0.138773
v 0.902629 0.570541 0.137557
v 0.902736 0.570458 0.137553
v 0.912699 0.562699 0.137138
v 0.917211 0.538897 0.120056
v 0.898555 0.563211 0.120056
v 0.91096 0.56096 0.130073
v 0.909518 0.536836 0.111646
v 0.894573 0.556314 0.111646
v 0.906848 0.556848 0.120056
v 0.900163 0.534329 0.105294
v 0.901216 0.551216 0.111646
v 0.88973 0.547926 0.105294
v 0.881511 0.539646 0.101342
v 0.920458 0.552736 0.137553
v 0.918247 0.551462 0.130073
v 0.913211 0.548555 0.120056
v 0.906314 0.544573 0.111646
v 0.897926 0.53973 0.105294
v 0.888497 0.534286 0.101342
v 0.894367 0.544367 0.105294
v 0.884286 0.538497 0.101342
v 0.886669 0.536669 0.101342
v 0.998227 -0.612931 0.675993
v 0.998146 -0.613491 0.676037
v 0.993268 -0.624986 0.676649
v 0.993158 -0.625247 0.676663
v 0.985355 -0.635355 0.676876
v 0.975247 -0.643158 0.676663
v 0.974986 -0.643268 0.676649
v 0.963491 -0.648145 0.676037
v 0.962931 -0.648227 0.675993
v -0.962931 -0.648227 0.675993
v -0.963491 -0.648145 0.676037
v -0.974986 -0.643268 0.676649
v -0.975247 -0.643158 0.676663
v -0.985355 -0.635355 0.676876
v -0.993158 -0.625247 0.676663
v -0.993268 -0.624986 0.676649
v -0.998146 -0.613491 0.676037
v -0.998227 -0.612931 0.675993
v -0.881511 0.539646 0.101342
v -0.900163 0.534329 0.105294
v -0.909518 0.536836 0.111646
v -0.917211 0.538897 0.120056
v -0.922829 0.540402 0.130073
v -0.918247 0.551462 0.130073
v -0.890988 0.575642 0.138788
v -0.902629 0.570541 0.137557
v -0.891136 0.575577 0.138773
v -0.890402 0.572829 0.130073
v -0.925642 0.540988 0.138788
v -0.925577 0.541136 0.138773
v -0.920541 0.552629 0.137557
v -0.920458 0.552736 0.137553
v -0.912699 0.562699 0.137138
v -0.888897 0.567211 0.120056
v -0.913211 0.548555 0.120056
v -0.91096 0.56096 0.130073
v -0.886836 0.559518 0.111646
v -0.906314 0.544573 0.111646
v -0.906848 0.556848 0.120056
v -0.884329 0.550163 0.105294
v -0.901216 0.551216 0.111646
v -0.897926 0.53973 0.105294
v -0.889646 0.531511 0.101342
v -0.902736 0.570458 0.137553
v -0.901462 0.568247 0.130073
v -0.898555 0.563211 0.120056
v -0.894573 0.556314 0.111646
v -0.88973 0.547926 0.105294
v -0.884286 0.538497 0.101342
v -0.894367 0.544367 0.105294
v -0.888497 0.534286 0.101342
v -0.886669 0.536669 0.101342
v 0.993158 0.625247 0.523337
v 0.993268 0.624986 0.523351
v 0.998146 0.613491 0.523963
v 0.998227 0.612931 0.524007
v 0.985355 0.635355 0.523124
v 0.975247 0.643158 0.523337
v 0.974986 0.643268 0.523351
v 0.963491 0.648145 0.523963
v 0.962931 0.648227 0.524007
v 0.925642 -0.540988 1.061212
v 0.925577 -0.541136 1.061227
v 0.920541 -0.552629 1.062443
v 0.920458 -0.552736 1.062447
v 0.912699 -0.562699 1.062862
v 0.902736 -0.570458 1.062447
v 0.902629 -0.570541 1.062443
v 0.891136 -0.575577 1.061227
v 0.890988 -0.575642 1.061212
v -0.878534 -0.574391 1.069927
v 0.878534 -0.574391 1.069927
v -0.878534 -0.574219 1.070224
v 0.878534 -0.574219 1.070224
v -0.878534 -0.568576 1.079944
v 0.878534 -0.568576 1.079944
v -0.878534 -0.568386 1.080144
v 0.878534 -0.568386 1.080144
v -0.878534 -0.560611 1.088354
v 0.878534 -0.560611 1.088354
v -0.878534 -0.560439 1.088467
v 0.878534 -0.560439 1.088467
v -0.878534 -0.550926 1.094706
v 0.878534 -0.550926 1.094706
v -0.878534 -0.550796 1.094753
v 0.878534 -0.550796 1.094753
v -0.878534 -0.540038 1.098658
v 0.878534 -0.540038 1.098658
v -0.878534 -0.53997 1.098666
v 0.878534 -0.53997 1.098666
v -0.889359 -0.575907 1.060955
v -0.890988 -0.575642 1.061212
v -0.899448 -0.571935 1.062106
v -0.902629 -0.570541 1.062443
v -0.908434 -0.56602 1.062685
v -0.912699 -0.562699 1.062862
v -0.91602 -0.558434 1.062685
v -0.920541 -0.552629 1.062443
v -0.921935 -0.549448 1.062106
v -0.925642 -0.540988 1.061212
v -0.925907 -0.539359 1.060955
v -0.975247 0.643158 0.523337
v -0.974986 0.643268 0.523351
v -0.963491 0.648145 0.523963
v -0.962931 0.648227 0.524007
v -0.985355 0.635355 0.523124
v -0.993158 0.625247 0.523337
v -0.993268 0.624986 0.523351
v -0.998146 0.613491 0.523963
v -0.998227 0.612931 0.524007
v 0.962931 0.648227 0.675993
v 0.963491 0.648145 0.676037
v 0.974986 0.643268 0.676649
v 0.975247 0.643158 0.676663
v 0.985355 0.635355 0.676876
v 0.993158 0.625247 0.676663
v 0.993268 0.624986 0.676649
v 0.998146 0.613491 0.676037
v 0.998227 0.612931 0.675993
v 0.918387 -0.528534 1.080144
v 0.910611 -0.528534 1.088354
v 0.909518 -0.536836 1.088354
v 0.900163 -0.534329 1.094706
v 0.889646 -0.531511 1.098658
v 0.888497 -0.534286 1.098658
v 0.884286 -0.538497 1.098658
v 0.886669 -0.536669 1.098658
v 0.881511 -0.539646 1.098658
v 0.88997 -0.528534 1.098666
v 0.922829 -0.540402 1.069927
v 0.918247 -0.551462 1.069927
v 0.91096 -0.56096 1.069927
v 0.901462 -0.568247 1.069927
v 0.890402 -0.572829 1.069927
v 0.910439 -0.528534 1.088467
v 0.900926 -0.528534 1.094706
v 0.900796 -0.528534 1.094753
v 0.890038 -0.528534 1.098658
v 0.897926 -0.53973 1.094706
v 0.894367 -0.544367 1.094706
v 0.88973 -0.547926 1.094706
v 0.884329 -0.550163 1.094706
v 0.906314 -0.544573 1.088354
v 0.901216 -0.551216 1.088354
v 0.894573 -0.556314 1.088354
v 0.886836 -0.559518 1.088354
v 0.924218 -0.528534 1.070224
v 0.918576 -0.528534 1.079944
v 0.917211 -0.538897 1.079944
v 0.913211 -0.548555 1.079944
v 0.906848 -0.556848 1.079944
v 0.898555 -0.563211 1.079944
v 0.888897 -0.567211 1.079944
v 0.924391 -0.528534 1.069927
v -0.887444 -0.567572 1.079944
v -0.885672 -0.559807 1.088354
v -0.883516 -0.550364 1.094706
v -0.881094 -0.53975 1.098658
v -0.883525 -0.538899 1.098658
v -0.888899 -0.533525 1.098658
v -0.887528 -0.535707 1.098658
v -0.88975 -0.531094 1.098658
v -0.888738 -0.573241 1.069927
v -0.898431 -0.56985 1.069927
v -0.907125 -0.564387 1.069927
v -0.914387 -0.557125 1.069927
v -0.91985 -0.548431 1.069927
v -0.923241 -0.538738 1.069927
v -0.924391 -0.528534 1.069927
v -0.88997 -0.528534 1.098666
v -0.892495 -0.54604 1.094706
v -0.89604 -0.542495 1.094706
v -0.898708 -0.538249 1.094706
v -0.900364 -0.533516 1.094706
v -0.888249 -0.548708 1.094706
v -0.885707 -0.537528 1.098658
v -0.890038 -0.528534 1.098658
v -0.900796 -0.528534 1.094753
v -0.900926 -0.528534 1.094706
v -0.910439 -0.528534 1.088467
v -0.892452 -0.557435 1.088354
v -0.898534 -0.553613 1.088354
v -0.903613 -0.548534 1.088354
v -0.907435 -0.542452 1.088354
v -0.909807 -0.535672 1.088354
v -0.895907 -0.56461 1.079944
v -0.903499 -0.55984 1.079944
v -0.90984 -0.553499 1.079944
v -0.91461 -0.545907 1.079944
v -0.917572 -0.537444 1.079944
v -0.910611 -0.528534 1.088354
v -0.918387 -0.528534 1.080144
v -0.918576 -0.528534 1.079944
v -0.924218 -0.528534 1.070224
v -0.998227 0.612931 0.675993
v -0.998146 0.613491 0.676037
v -0.993268 0.624986 0.676649
v -0.993158 0.625247 0.676663
v -0.985355 0.635355 0.676876
v -0.975247 0.643158 0.676663
v -0.974986 0.643268 0.676649
v -0.963491 0.648145 0.676037
v -0.962931 0.648227 0.675993
v 0.890988 0.575642 1.061212
v 0.891136 0.575577 1.061227
v 0.902629 0.570541 1.062443
v 0.902736 0.570458 1.062447
v 0.912699 0.562699 1.062862
v 0.920458 0.552736 1.062447
v 0.920541 0.552629 1.062443
v 0.925577 0.541136 1.061227
v 0.925642 0.540988 1.061212
v 0.924391 0.528534 1.069927
v 0.924218 0.528534 1.070224
v 0.918576 0.528534 1.079944
v 0.918387 0.528534 1.080144
v 0.910611 0.528534 1.088354
v 0.910439 0.528534 1.088467
v 0.900926 0.528534 1.094706
v 0.900796 0.528534 1.094753
v 0.890038 0.528534 1.098658
v 0.88997 0.528534 1.098666
v -0.924391 0.528534 1.069927
v -0.924218 0.528534 1.070224
v -0.918576 0.528534 1.079944
v -0.918387 0.528534 1.080144
v -0.910611 0.528534 1.088354
v -0.910439 0.528534 1.088467
v -0.900926 0.528534 1.094706
v -0.900796 0.528534 1.094753
v -0.890038 0.528534 1.098658
v -0.88997 0.528534 1.098666
v -0.925907 0.539359 1.060955
v -0.925642 0.540988 1.061212
v -0.921935 0.549448 1.062106
v -0.920541 0.552629 1.062443
v -0.91602 0.558434 1.062685
v -0.912699 0.562699 1.062862
v -0.908434 0.56602 1.062685
v -0.902629 0.570541 1.062443
v -0.899448 0.571935 1.062106
v -0.890988 0.575642 1.061212
v -0.889359 0.575907 1.060955
v 0.878534 0.568386 1.080144
v 0.878534 0.560611 1.088354
v 0.886836 0.559518 1.088354
v 0.884329 0.550163 1.094706
v 0.881511 0.539646 1.098658
v 0.884286 0.538497 1.098658
v 0.888497 0.534286 1.098658
v 0.886669 0.536669 1.098658
v 0.889646 0.531511 1.098658
v 0.878534 0.53997 1.098666
v 0.890402 0.572829 1.069927
v 0.901462 0.568247 1.069927
v 0.91096 0.56096 1.069927
v 0.918247 0.551462 1.069927
v 0.922829 0.540402 1.069927
v 0.878534 0.560439 1.088467
v 0.878534 0.550926 1.094706
v 0.878534 0.550796 1.094753
v 0.878534 0.540038 1.098658
v 0.88973 0.547926 1.094706
v 0.894367 0.544367 1.094706
v 0.897926 0.53973 1.094706
v 0.900163 0.534329 1.094706
v 0.894573 0.556314 1.088354
v 0.901216 0.551216 1.088354
v 0.906314 0.544573 1.088354
v 0.909518 0.536836 1.088354
v 0.878534 0.574219 1.070224
v 0.878534 0.568576 1.079944
v 0.888897 0.567211 1.079944
v 0.898555 0.563211 1.079944
v 0.906848 0.556848 1.079944
v 0.913211 0.548555 1.079944
v 0.917211 0.538897 1.079944
v 0.878534 0.574391 1.069927
v -0.917572 0.537444 1.079944
v -0.909807 0.535672 1.088354
v -0.900364 0.533516 1.094706
v -0.88975 0.531094 1.098658
v -0.888899 0.533525 1.098658
v -0.883525 0.538899 1.098658
v -0.885707 0.537528 1.098658
v -0.881094 0.53975 1.098658
v -0.923241 0.538738 1.069927
v -0.91985 0.548431 1.069927
v -0.914387 0.557125 1.069927
v -0.907125 0.564387 1.069927
v -0.898431 0.56985 1.069927
v -0.888738 0.573241 1.069927
v -0.878534 0.574391 1.069927
v -0.878534 0.53997 1.098666
v -0.89604 0.542495 1.094706
v -0.892495 0.54604 1.094706
v -0.888249 0.548708 1.094706
v -0.883516 0.550364 1.094706
v -0.898708 0.538249 1.094706
v -0.887528 0.535707 1.098658
v -0.878534 0.540038 1.098658
v -0.878534 0.550796 1.094753
v -0.878534 0.550926 1.094706
v -0.878534 0.560439 1.088467
v -0.907435 0.542452 1.088354
v -0.903613 0.548534 1.088354
v -0.898534 0.553613 1.088354
v -0.892452 0.557435 1.088354
v -0.885672 0.559807 1.088354
v -0.91461 0.545907 1.079944
v -0.90984 0.553499 1.079944
v -0.903499 0.55984 1.079944
v -0.895907 0.56461 1.079944
v -0.887444 0.567572 1.079944
v -0.878534 0.560611 1.088354
v -0.878534 0.568386 1.080144
v -0.878534 0.568576 1.079944
v -0.878534 0.574219 1.070224
v -0.698726 -0.23326 1.05
v -0.719436 -0.249152 1.05
newmtl 2
Ka 0.6470588235294118 0.6470588235294118 0.6470588235294118
Kd 0.45098039215686275 0.45098039215686275 0.45098039215686275
Ks 0.03137254901960784 0.03137254901960784 0.03137254901960784
d 0.0
endmtl
v -0.735328 -0.269863 1.05
v -0.745318 -0.293981 1.05
v -0.748726 -0.319863 1.05
v -0.745318 -0.345745 1.05
v -0.735328 -0.369863 1.05
v -0.719436 -0.390574 1.05
v -0.698726 -0.406465 1.05
v -0.674608 -0.416455 1.05
v -0.648726 -0.419863 1.05
v -0.622844 -0.416455 1.05
v -0.598726 -0.406465 1.05
v -0.578015 -0.390574 1.05
v -0.562123 -0.369863 1.05
v -0.552133 -0.345745 1.05
v -0.548726 -0.319863 1.05
v -0.552133 -0.293981 1.05
v -0.562123 -0.269863 1.05
v -0.578015 -0.249152 1.05
v -0.598726 -0.23326 1.05
v -0.622844 -0.22327 1.05
v -0.648726 -0.219863 1.05
v -0.674608 -0.22327 1.05
v -0.648726 -0.319863 1.05
v -0.661585 -0.130266 1.09
v -0.661585 -0.093681 1.09
v -0.594941 -0.115784 1.09
v -0.613717 -0.114008 1.09
v -0.64331 -0.104911 1.09
v -0.542683 -0.078484 1.09
v -0.54374 -0.088346 1.09
v -0.546618 -0.096143 1.09
v -0.549928 -0.1011 1.09
v -0.555134 -0.106005 1.09
v -0.564101 -0.110955 1.09
v -0.576788 -0.114386 1.09
v -0.600467 -0.025131 1.09
v -0.566489 -0.043163 1.09
v -0.563008 -0.045384 1.09
v -0.552718 -0.054115 1.09
v -0.546602 -0.0625 1.09
v -0.54377 -0.069613 1.09
v -0.661585 0.045801 1.09
v -0.661437 0.041393 1.09
v -0.65891 0.02734 1.09
v -0.653043 0.014308 1.09
v -0.644454 0.003405 1.09
v -0.629287 -0.008696 1.09
v -0.573171 0.112874 1.09
v -0.600807 0.110179 1.09
v -0.621808 0.103288 1.09
v -0.635866 0.095211 1.09
v -0.646602 0.085896 1.09
v -0.654459 0.075041 1.09
v -0.659345 0.063077 1.09
v -0.545416 0.111688 1.09
v -0.518293 0.106014 1.09
v -0.518293 0.069429 1.09
v -0.575838 0.085435 1.09
v -0.558565 0.084351 1.09
v -0.537194 0.079243 1.09
v -0.628049 0.049088 1.09
v -0.627265 0.056663 1.09
v -0.625054 0.063095 1.09
v -0.62141 0.068766 1.09
v -0.615713 0.074241 1.09
v -0.606612 0.079604 1.09
v -0.59334 0.083849 1.09
v -0.574933 -0.001646 1.09
v -0.598171 0.010668 1.09
v -0.612426 0.019731 1.09
v -0.620092 0.026454 1.09
v -0.62432 0.032655 1.09
v -0.626951 0.039548 1.09
v -0.509146 -0.075721 1.09
v -0.509368 -0.070559 1.09
v -0.511914 -0.057618 1.09
v -0.517822 -0.044796 1.09
v -0.527353 -0.032559 1.09
v -0.545364 -0.018047 1.09
v -0.598657 -0.143223 1.09
v -0.572811 -0.141338 1.09
v -0.54841 -0.134535 1.09
v -0.534282 -0.126804 1.09
v -0.523826 -0.117676 1.09
v -0.515751 -0.105953 1.09
v -0.511114 -0.093287 1.09
v -0.653573 -0.134096 1.09
v -0.630832 -0.139908 1.09
v -0.360899 -0.143223 1.09
v -0.390191 -0.140264 1.09
v -0.41384 -0.132448 1.09
v -0.434478 -0.119656 1.09
v -0.452651 -0.101268 1.09
v -0.466676 -0.078255 1.09
v -0.475425 -0.051357 1.09
v -0.478659 -0.018128 1.09
v -0.35685 0.112874 1.09
v -0.387331 0.109887 1.09
v -0.41242 0.101757 1.09
v -0.435196 0.087412 1.09
v -0.454062 0.067341 1.09
v -0.467567 0.04337 1.09
v -0.476116 0.013339 1.09
v -0.240854 -0.012221 1.09
v -0.242755 0.013683 1.09
v -0.249998 0.041455 1.09
v -0.263182 0.066292 1.09
v -0.281814 0.086996 1.09
v -0.303818 0.101548 1.09
v -0.327632 0.109788 1.09
v -0.32824 -0.139645 1.09
v -0.304291 -0.131045 1.09
v -0.283938 -0.11777 1.09
v -0.26519 -0.097717 1.09
v -0.251874 -0.073872 1.09
v -0.243352 -0.043641 1.09
v -0.445122 -0.015413 1.09
v -0.442577 -0.043463 1.09
v -0.435378 -0.066711 1.09
v -0.424633 -0.084817 1.09
v -0.411099 -0.098856 1.09
v -0.396389 -0.108196 1.09
v -0.379116 -0.113987 1.09
v -0.360804 -0.115784 1.09
v -0.338343 -0.113435 1.09
v -0.321011 -0.107518 1.09
v -0.306453 -0.098227 1.09
v -0.294897 -0.086407 1.09
v -0.28506 -0.070536 1.09
v -0.277276 -0.046764 1.09
v -0.27439 -0.015889 1.09
v -0.276604 0.012168 1.09
v -0.283145 0.035988 1.09
v -0.293672 0.05496 1.09
v -0.305914 0.067967 1.09
v -0.319825 0.077102 1.09
v -0.336337 0.08297 1.09
v -0.358708 0.085435 1.09
v -0.381058 0.082786 1.09
v -0.397846 0.07641 1.09
v -0.412835 0.066092 1.09
v -0.427245 0.049726 1.09
v -0.437449 0.030168 1.09
v -0.444125 0.00245 1.09
v -0.445122 -0.015413 1.1
v -0.444125 0.00245 1.1
v -0.437449 0.030168 1.1
v -0.427245 0.049726 1.1
v -0.412835 0.066092 1.1
v -0.397846 0.07641 1.1
v -0.381058 0.082786 1.1
v -0.358708 0.085435 1.1
v -0.336337 0.08297 1.1
v -0.319825 0.077102 1.1
v -0.305914 0.067967 1.1
v -0.293672 0.05496 1.1
v -0.283145 0.035988 1.1
v -0.276604 0.012168 1.1
v -0.27439 -0.015889 1.1
v -0.277276 -0.046764 1.1
v -0.28506 -0.070536 1.1
v -0.294897 -0.086407 1.1
v -0.306453 -0.098227 1.1
v -0.321011 -0.107518 1.1
v -0.338343 -0.113435 1.1
v -0.360804 -0.115784 1.1
v -0.379116 -0.113987 1.1
v -0.396389 -0.108196 1.1
v -0.411099 -0.098856 1.1
v -0.424633 -0.084817 1.1
v -0.435378 -0.066711 1.1
v -0.442577 -0.043463 1.1
v -0.039634 0.109825 1.09
v -0.039634 0.082386 1.09
v -0.112805 0.082386 1.09
v -0.112805 -0.140175 1.09
v -0.146341 -0.140175 1.09
v -0.146341 0.082386 1.09
v -0.216463 0.082386 1.09
v -0.216463 0.109825 1.09
v 0.082317 -0.030418 1.09
v 0.082317 -0.054809 1.09
v -0.012195 -0.054809 1.09
v -0.012195 -0.030418 1.09
v 0.131098 -0.130266 1.09
v 0.131098 -0.096729 1.09
v 0.188453 -0.115784 1.09
v 0.17291 -0.114599 1.09
v 0.151619 -0.10859 1.09
v 0.243902 -0.070434 1.09
v 0.242924 -0.080374 1.09
v 0.239764 -0.089953 1.09
v 0.234027 -0.098547 1.09
v 0.226716 -0.105194 1.09
v 0.217604 -0.110423 1.09
v 0.204881 -0.114326 1.09
v 0.17621 -0.024321 1.09
v 0.199856 -0.02604 1.09
v 0.218072 -0.03105 1.09
v 0.228358 -0.036817 1.09
v 0.235007 -0.043073 1.09
v 0.239841 -0.050603 1.09
v 0.242752 -0.059146 1.09
v 0.155488 -0.024321 1.09
v 0.155488 0.003118 1.09
v 0.175162 0.003118 1.09
v 0.234756 0.045896 1.09
v 0.234729 0.044798 1.09
v 0.233254 0.03346 1.09
v 0.230315 0.025692 1.09
v 0.22592 0.019304 1.09
v 0.219715 0.013744 1.09
v 0.209711 0.00841 1.09
v 0.195654 0.004683 1.09
v 0.189263 0.085435 1.09
v 0.195305 0.085261 1.09
v 0.20979 0.082776 1.09
v 0.218607 0.078963 1.09
v 0.223109 0.0758 1.09
v 0.227999 0.070519 1.09
v 0.231483 0.064244 1.09
v 0.233862 0.056185 1.09
v 0.140244 0.06638 1.09
v 0.154121 0.076002 1.09
v 0.171726 0.083195 1.09
v 0.140244 0.093819 1.09
v 0.159552 0.105325 1.09
v 0.197551 0.112874 1.09
v 0.180093 0.111423 1.09
v 0.217709 0.110968 1.09
v 0.233803 0.105913 1.09
v 0.24635 0.09845 1.09
v 0.256395 0.088769 1.09
v 0.262889 0.078646 1.09
v 0.26696 0.066853 1.09
v 0.268293 0.053661 1.09
v 0.217226 -0.008553 1.09
v 0.222752 -0.006912 1.09
v 0.240913 0.001359 1.09
v 0.251582 0.00961 1.09
v 0.255687 0.014128 1.09
v 0.262417 0.024869 1.09
v 0.26671 0.037794 1.09
v 0.217226 -0.009172 1.09
v 0.277439 -0.068481 1.09
v 0.277264 -0.063459 1.09
v 0.274836 -0.050463 1.09
v 0.269392 -0.038456 1.09
v 0.261567 -0.028549 1.09
v 0.249699 -0.019258 1.09
v 0.235679 -0.012964 1.09
v 0.188453 -0.143223 1.09
v 0.20543 -0.142227 1.09
v 0.229423 -0.136458 1.09
v 0.246321 -0.127755 1.09
v 0.260302 -0.115712 1.09
v 0.269602 -0.102387 1.09
v 0.27515 -0.087803 1.09
v 0.158875 -0.140528 1.09
v 0.13737 -0.133606 1.09
v 0.435976 0.043467 1.09
v 0.435081 0.032405 1.09
v 0.431915 0.020743 1.09
v 0.425341 0.008357 1.09
v 0.412769 -0.005818 1.09
v 0.384956 -0.027846 1.09
v 0.387862 0.085435 1.09
v 0.402301 0.084065 1.09
v 0.414058 0.08013 1.09
v 0.421787 0.075256 1.09
v 0.427576 0.069592 1.09
v 0.431998 0.062593 1.09
v 0.434854 0.0543 1.09
v 0.326219 0.055043 1.09
v 0.334693 0.063176 1.09
v 0.351991 0.07536 1.09
v 0.369112 0.082666 1.09
v 0.326219 0.085626 1.09
v 0.390911 0.112874 1.09
v 0.379933 0.112376 1.09
v 0.360204 0.108207 1.09
v 0.343288 0.099943 1.09
v 0.412145 0.110875 1.09
v 0.428979 0.105501 1.09
v 0.444122 0.096106 1.09
v 0.454221 0.085719 1.09
v 0.461014 0.074119 1.09
v 0.465124 0.060805 1.09
v 0.466463 0.045896 1.09
v 0.410585 -0.04309 1.09
v 0.423171 -0.033857 1.09
v 0.446959 -0.011265 1.09
v 0.457009 0.003815 1.09
v 0.464004 0.022919 1.09
v 0.349848 -0.112736 1.09
v 0.350986 -0.100968 1.09
v 0.354007 -0.092034 1.09
v 0.359517 -0.083551 1.09
v 0.371564 -0.071653 1.09
v 0.472561 -0.112736 1.09
v 0.472561 -0.140175 1.09
v 0.317073 -0.140175 1.09
v 0.317073 -0.127789 1.09
v 0.382241 -0.029755 1.09
v 0.356031 -0.049575 1.09
v 0.335554 -0.069968 1.09
v 0.32542 -0.085748 1.09
v 0.319223 -0.104207 1.09
v 0.515244 -0.130266 1.09
v 0.515244 -0.096729 1.09
v 0.572599 -0.115784 1.09
v 0.557056 -0.114599 1.09
v 0.535765 -0.10859 1.09
v 0.628049 -0.070434 1.09
v 0.62707 -0.080374 1.09
v 0.623911 -0.089953 1.09
v 0.618173 -0.098547 1.09
v 0.610863 -0.105194 1.09
v 0.601751 -0.110423 1.09
v 0.589027 -0.114326 1.09
v 0.560356 -0.024321 1.09
v 0.584002 -0.02604 1.09
v 0.602218 -0.03105 1.09
v 0.612504 -0.036817 1.09
v 0.619154 -0.043073 1.09
v 0.623987 -0.050603 1.09
v 0.626899 -0.059146 1.09
v 0.539634 -0.024321 1.09
v 0.539634 0.003118 1.09
v 0.559308 0.003118 1.09
v 0.618902 0.045896 1.09
v 0.618876 0.044798 1.09
v 0.6174 0.03346 1.09
v 0.614462 0.025692 1.09
v 0.610066 0.019304 1.09
v 0.603862 0.013744 1.09
v 0.593857 0.00841 1.09
v 0.5798 0.004683 1.09
v 0.573409 0.085435 1.09
v 0.579452 0.085261 1.09
v 0.593936 0.082776 1.09
v 0.602753 0.078963 1.09
v 0.607256 0.0758 1.09
v 0.612145 0.070519 1.09
v 0.61563 0.064244 1.09
v 0.618008 0.056185 1.09
v 0.52439 0.06638 1.09
v 0.538267 0.076002 1.09
v 0.555873 0.083195 1.09
v 0.52439 0.093819 1.09
v 0.543698 0.105325 1.09
v 0.581698 0.112874 1.09
v 0.564239 0.111423 1.09
v 0.601855 0.110968 1.09
v 0.61795 0.105913 1.09
v 0.630496 0.09845 1.09
v 0.640541 0.088769 1.09
v 0.647035 0.078646 1.09
v 0.651107 0.066853 1.09
v 0.652439 0.053661 1.09
v 0.601372 -0.008553 1.09
v 0.606898 -0.006912 1.09
v 0.625059 0.001359 1.09
v 0.635729 0.00961 1.09
v 0.639834 0.014128 1.09
v 0.646563 0.024869 1.09
v 0.650856 0.037794 1.09
v 0.601372 -0.009172 1.09
v 0.661585 -0.068481 1.09
v 0.66141 -0.063459 1.09
v 0.658982 -0.050463 1.09
v 0.653538 -0.038456 1.09
v 0.645713 -0.028549 1.09
v 0.633845 -0.019258 1.09
v 0.619825 -0.012964 1.09
v 0.572599 -0.143223 1.09
v 0.589577 -0.142227 1.09
v 0.613569 -0.136458 1.09
v 0.630467 -0.127755 1.09
v 0.644449 -0.115712 1.09
v 0.653748 -0.102387 1.09
v 0.659296 -0.087803 1.09
v 0.543022 -0.140528 1.09
v 0.521516 -0.133606 1.09
v -0.339024 0.089943 0.11
v -0.417073 -0.110057 0.11
v -0.387805 -0.110057 0.11
v -0.367569 -0.053959 0.11
v -0.284947 -0.053959 0.11
v -0.265854 -0.110057 0.11
v -0.236585 -0.110057 0.11
v -0.312195 0.089943 0.11
v -0.291692 -0.032008 0.11
v -0.358575 -0.032008 0.11
v -0.321532 0.051528 0.11
v -0.323457 0.058465 0.11
v -0.324733 0.065553 0.11
v -0.325381 0.065553 0.11
v -0.326686 0.058486 0.11
v -0.328468 0.051528 0.11
v -0.291692 -0.032008 0.1
v -0.358575 -0.032008 0.1
v -0.321532 0.051528 0.1
v -0.323457 0.058465 0.1
v -0.324733 0.065553 0.1
v -0.325381 0.065553 0.1
v -0.326686 0.058486 0.1
v -0.328468 0.051528 0.1
v -0.115358 -0.110057 0.11
v -0.060976 -0.110057 0.11
v -0.060976 0.089943 0.11
v -0.117416 0.089943 0.11
v -0.221951 -0.007542 0.11
v -0.220613 0.01057 0.11
v -0.215387 0.030315 0.11
v -0.206242 0.047596 0.11
v -0.192321 0.063304 0.11
v -0.191267 0.064234 0.11
v -0.16939 0.078796 0.11
v -0.146058 0.086912 0.11
v -0.140154 -0.107888 0.11
v -0.163197 -0.101008 0.11
v -0.184067 -0.088866 0.11
v -0.200521 -0.073098 0.11
v -0.211982 -0.055205 0.11
v -0.219145 -0.034308 0.11
v -0.181783 0.039977 0.11
v -0.172063 0.050285 0.11
v -0.157446 0.059716 0.11
v -0.140931 0.065485 0.11
v -0.117302 0.067992 0.11
v -0.087805 0.067992 0.11
v -0.087805 -0.088106 0.11
v -0.116197 -0.088106 0.11
v -0.137297 -0.086142 0.11
v -0.154139 -0.080883 0.11
v -0.167776 -0.072782 0.11
v -0.178991 -0.0617 0.11
v -0.187425 -0.047909 0.11
v -0.193289 -0.029105 0.11
v -0.195122 -0.008113 0.11
v -0.193423 0.011792 0.11
v -0.188737 0.027652 0.11
v -0.117302 0.067992 0.1
v -0.087805 0.067992 0.1
v -0.140931 0.065485 0.1
v -0.157446 0.059716 0.1
v -0.172063 0.050285 0.1
v -0.181783 0.039977 0.1
v -0.188737 0.027652 0.1
v -0.193423 0.011792 0.1
v -0.195122 -0.008113 0.1
v -0.193289 -0.029105 0.1
v -0.187425 -0.047909 0.1
v -0.178991 -0.0617 0.1
v -0.167776 -0.072782 0.1
v -0.154139 -0.080883 0.1
v -0.137297 -0.086142 0.1
v -0.116197 -0.088106 0.1
v -0.087805 -0.088106 0.1
v -0.021951 -0.088106 0.11
v -0.021951 -0.110057 0.11
v 0.085366 -0.110057 0.11
v 0.085366 0.089943 0.11
v -0.017073 0.089943 0.11
v -0.017073 0.067992 0.11
v 0.058537 0.067992 0.11
v 0.058537 0.002138 0.11
v -0.012195 0.002138 0.11
v -0.012195 -0.019813 0.11
v 0.058537 -0.019813 0.11
v 0.058537 -0.088106 0.11
v 0.12439 -0.07774 0.11
v 0.12439 -0.099691 0.11
v 0.145709 -0.108445 0.11
v 0.179421 -0.112496 0.11
v 0.173952 -0.112402 0.11
v 0.273171 -0.01383 0.11
v 0.271245 -0.036944 0.11
v 0.265235 -0.058118 0.11
v 0.254591 -0.077141 0.11
v 0.23958 -0.092962 0.11
v 0.223495 -0.103248 0.11
v 0.204068 -0.10994 0.11
v 0.171456 0.092382 0.11
v 0.191607 0.090731 0.11
v 0.213902 0.084238 0.11
v 0.232895 0.073287 0.11
v 0.250933 0.055915 0.11
v 0.262644 0.037205 0.11
v 0.270361 0.01429 0.11
v 0.12439 0.084455 0.11
v 0.147514 0.09073 0.11
v 0.12439 0.057626 0.11
v 0.171227 0.070431 0.11
v 0.146918 0.067273 0.11
v 0.246341 -0.012191 0.11
v 0.245387 0.00337 0.11
v 0.240056 0.02478 0.11
v 0.231811 0.040223 0.11
v 0.219733 0.053556 0.11
v 0.205891 0.062817 0.11
v 0.190921 0.068219 0.11
v 0.175724 -0.090545 0.11
v 0.194385 -0.088451 0.11
v 0.208958 -0.083084 0.11
v 0.221232 -0.074809 0.11
v 0.230609 -0.064915 0.11
v 0.238882 -0.051048 0.11
v 0.244316 -0.033842 0.11
v 0.127975 -0.079725 0.11
v 0.149176 -0.087598 0.11
v 0.290244 -0.088106 0.11
v 0.290244 -0.110057 0.11
v 0.392683 -0.110057 0.11
v 0.392683 0.089943 0.11
v 0.365854 0.089943 0.11
v 0.365854 -0.088106 0.11
v -0.5 -1.05 -0.075
v -0.5 -1.05 0.075
v -0.8 -1.05 -0.075
newmtl 3
Ka 0.8509803921568627 0.8509803921568627 0.8509803921568627
Kd 0.8509803921568627 0.8509803921568627 0.8509803921568627
Ks 0.4235294117647059 0.4235294117647059 0.4235294117647059
d 0.0
endmtl
v -0.8 -1.05 0.075
v -0.8 -0.698004 0.675
v -0.8 -0.698004 0.525
v -0.5 -0.698004 0.525
v -0.5 -0.698004 0.675
v -0.8 -0.722199 0.506291
v -0.8 -0.867373 0.544035
v -0.8 -0.72025 0.511406
v -0.8 -0.853729 0.579843
v -0.8 -0.717234 0.515975
v -0.8 -0.832618 0.611822
v -0.8 -0.713297 0.519777
v -0.8 -0.805053 0.63844
v -0.8 -0.708625 0.522631
v -0.8 -0.772355 0.65842
v -0.8 -0.703445 0.524401
v -0.8 -0.736093 0.670805
v -0.5 -0.703445 0.524401
v -0.5 -0.708625 0.522631
v -0.5 -0.713297 0.519777
v -0.5 -0.717234 0.515975
v -0.5 -0.72025 0.511406
v -0.5 -0.722199 0.506291
v -0.5 -0.736093 0.670805
v -0.5 -0.772355 0.65842
v -0.5 -0.805053 0.63844
v -0.5 -0.832618 0.611822
v -0.5 -0.853729 0.579843
v -0.5 -0.867373 0.544035
v -0.8 -0.984455 0.093709
v -0.8 -0.839282 0.055965
v -0.5 -0.839282 0.055965
v -0.5 -0.984455 0.093709
v -0.8 -0.986404 0.088594
v -0.8 -0.852926 0.020158
v -0.8 -0.98942 0.084025
v -0.8 -0.874037 -0.011822
v -0.8 -0.993358 0.080223
v -0.8 -0.901602 -0.03844
v -0.8 -0.998029 0.077369
v -0.8 -0.9343 -0.05842
v -0.8 -1.003209 0.075599
v -0.8 -0.970562 -0.070805
v -0.8 -1.008651 0.075
v -0.8 -1.008651 -0.075
v -0.5 -1.008651 -0.075
v -0.5 -0.970562 -0.070805
v -0.5 -0.9343 -0.05842
v -0.5 -0.901602 -0.03844
v -0.5 -0.874037 -0.011822
v -0.5 -0.852926 0.020158
v -0.5 -1.008651 0.075
v -0.5 -1.003209 0.075599
v -0.5 -0.998029 0.077369
v -0.5 -0.993358 0.080223
v -0.5 -0.98942 0.084025
v -0.5 -0.986404 0.088594
v 0.8 -1.05 -0.075
v 0.8 -1.05 0.075
v 0.5 -1.05 -0.075
v 0.5 -1.05 0.075
v 0.5 -0.698004 0.675
v 0.5 -0.698004 0.525
v 0.8 -0.698004 0.525
v 0.8 -0.698004 0.675
v 0.5 -0.722199 0.506291
v 0.5 -0.867373 0.544035
v 0.5 -0.72025 0.511406
v 0.5 -0.853729 0.579843
v 0.5 -0.717234 0.515975
v 0.5 -0.832618 0.611822
v 0.5 -0.713297 0.519777
v 0.5 -0.805053 0.63844
v 0.5 -0.708625 0.522631
v 0.5 -0.772355 0.65842
v 0.5 -0.703445 0.524401
v 0.5 -0.736093 0.670805
v 0.8 -0.703445 0.524401
v 0.8 -0.708625 0.522631
v 0.8 -0.713297 0.519777
v 0.8 -0.717234 0.515975
v 0.8 -0.72025 0.511406
v 0.8 -0.722199 0.506291
v 0.8 -0.736093 0.670805
v 0.8 -0.772355 0.65842
v 0.8 -0.805053 0.63844
v 0.8 -0.832618 0.611822
v 0.8 -0.853729 0.579843
v 0.8 -0.867373 0.544035
v 0.5 -0.984455 0.093709
v 0.5 -0.839282 0.055965
v 0.8 -0.839282 0.055965
v 0.8 -0.984455 0.093709
v 0.5 -0.986404 0.088594
v 0.5 -0.852926 0.020158
v 0.5 -0.98942 0.084025
v 0.5 -0.874037 -0.011822
v 0.5 -0.993358 0.080223
v 0.5 -0.901602 -0.03844
v 0.5 -0.998029 0.077369
v 0.5 -0.9343 -0.05842
v 0.5 -1.003209 0.075599
v 0.5 -0.970562 -0.070805
v 0.5 -1.008651 0.075
v 0.5 -1.008651 -0.075
v 0.8 -1.008651 -0.075
v 0.8 -0.970562 -0.070805
v 0.8 -0.9343 -0.05842
v 0.8 -0.901602 -0.03844
v 0.8 -0.874037 -0.011822
v 0.8 -0.852926 0.020158
v 0.8 -1.008651 0.075
v 0.8 -1.003209 0.075599
v 0.8 -0.998029 0.077369
v 0.8 -0.993358 0.080223
v 0.8 -0.98942 0.084025
v 0.8 -0.986404 0.088594
v -0.128841 1.05 -0.075
v -0.128841 1.05 0.075
v 0.171159 1.05 -0.075
v 0.171159 1.05 0.075
v 0.171159 0.698004 0.675
v 0.171159 0.698004 0.525
v -0.128841 0.698004 0.525
v -0.128841 0.698004 0.675
v 0.171159 0.722199 0.506291
v 0.171159 0.867373 0.544035
v 0.171159 0.72025 0.511406
v 0.171159 0.853729 0.579843
v 0.171159 0.717234 0.515975
v 0.171159 0.832618 0.611822
v 0.171159 0.713297 0.519777
v 0.171159 0.805053 0.63844
v 0.171159 0.708625 0.522631
v 0.171159 0.772355 0.65842
v 0.171159 0.703445 0.524401
v 0.171159 0.736093 0.670805
v -0.128841 0.703445 0.524401
v -0.128841 0.708625 0.522631
v -0.128841 0.713297 0.519777
v -0.128841 0.717234 0.515975
v -0.128841 0.72025 0.511406
v -0.128841 0.722199 0.506291
v -0.128841 0.736093 0.670805
v -0.128841 0.772355 0.65842
v -0.128841 0.805053 0.63844
v -0.128841 0.832618 0.611822
v -0.128841 0.853729 0.579843
v -0.128841 0.867373 0.544035
v 0.171159 0.984455 0.093709
v 0.171159 0.839282 0.055965
v -0.128841 0.839282 0.055965
v -0.128841 0.984455 0.093709
v 0.171159 0.986404 0.088594
v 0.171159 0.852926 0.020158
v 0.171159 0.98942 0.084025
v 0.171159 0.874037 -0.011822
v 0.171159 0.993358 0.080223
v 0.171159 0.901602 -0.03844
v 0.171159 0.998029 0.077369
v 0.171159 0.9343 -0.05842
v 0.171159 1.003209 0.075599
v 0.171159 0.970562 -0.070805
v 0.171159 1.008651 0.075
v 0.171159 1.008651 -0.075
v -0.128841 1.008651 -0.075
v -0.128841 0.970562 -0.070805
v -0.128841 0.9343 -0.05842
v -0.128841 0.901602 -0.03844
v -0.128841 0.874037 -0.011822
v -0.128841 0.852926 0.020158
v -0.128841 1.008651 0.075
v -0.128841 1.003209 0.075599
v -0.128841 0.998029 0.077369
v -0.128841 0.993358 0.080223
v -0.128841 0.98942 0.084025
v -0.128841 0.986404 0.088594
usemtl 1
f 1// 2// 3//
f 3// 2// 4//
f 5// 6// 7//
f 7// 6// 8//
f 9// 10// 11//
f 11// 10// 12//
f 13// 14// 15//
f 15// 14// 16//
f 15// 16// 17//
f 18// 17// 19//
f 19// 17// 20//
f 21// 22// 23//
f 23// 22// 24//
f 25// 26// 27//
f 27// 26// 14//
f 28// 29// 30//
f 30// 29// 31//
f 30// 31// 32//
f 20// 33// 13//
f 13// 33// 23//
f 13// 23// 14//
f 14// 23// 24//
f 14// 24// 27//
f 34// 35// 36//
f 37// 38// 39//
f 39// 38// 40//
f 39// 40// 41//
f 42// 43// 39//
f 39// 43// 44//
f 45// 46// 47//
f 47// 46// 48//
f 44// 49// 39//
f 39// 49// 48//
f 39// 48// 50//
f 50// 48// 46//
f 41// 51// 39//
f 39// 51// 52//
f 39// 52// 42//
f 32// 53// 30//
f 30// 53// 54//
f 30// 54// 55//
f 55// 54// 56//
f 55// 56// 57//
f 56// 58// 57//
f 57// 58// 59//
f 57// 59// 36//
f 36// 59// 60//
f 36// 60// 34//
f 61// 62// 13//
f 13// 62// 63//
f 13// 63// 64//
f 64// 65// 13//
f 13// 65// 66//
f 13// 66// 20//
f 20// 66// 67//
f 20// 67// 19//
f 19// 67// 68//
f 19// 68// 39//
f 39// 68// 69//
f 39// 69// 37//
f 70// 71// 72//
f 72// 71// 73//
f 72// 73// 29//
f 35// 61// 36//
f 36// 61// 13//
f 36// 13// 74//
f 74// 13// 75//
f 74// 75// 28//
f 28// 75// 76//
f 28// 76// 29//
f 29// 76// 77//
f 29// 77// 72//
f 78// 79// 72//
f 72// 79// 15//
f 72// 15// 70//
f 70// 15// 17//
f 70// 17// 80//
f 80// 17// 18//
f 81// 82// 83//
f 84// 15// 85//
f 85// 15// 79//
f 85// 79// 86//
f 86// 79// 87//
f 86// 87// 88//
f 88// 87// 13//
f 83// 89// 81//
f 81// 89// 90//
f 81// 90// 91//
f 92// 93// 15//
f 15// 93// 94//
f 15// 94// 13//
f 13// 94// 95//
f 96// 97// 88//
f 88// 97// 98//
f 95// 99// 13//
f 13// 99// 100//
f 13// 100// 88//
f 88// 100// 101//
f 88// 101// 96//
f 91// 92// 81//
f 81// 92// 15//
f 81// 15// 102//
f 102// 15// 84//
f 102// 84// 103//
f 103// 84// 104//
f 98// 105// 88//
f 88// 105// 106//
f 88// 106// 81//
f 81// 106// 107//
f 81// 107// 82//
f 108// 109// 110//
f 111// 112// 113//
f 114// 115// 116//
f 116// 115// 117//
f 116// 117// 118//
f 118// 117// 119//
f 118// 119// 120//
f 121// 122// 114//
f 114// 122// 123//
f 114// 123// 124//
f 124// 125// 114//
f 114// 125// 126//
f 114// 126// 115//
f 127// 128// 129//
f 127// 129// 114//
f 114// 129// 130//
f 114// 130// 121//
f 131// 132// 127//
f 133// 134// 135//
f 135// 134// 136//
f 135// 136// 137//
f 137// 136// 138//
f 137// 138// 139//
f 139// 138// 140//
f 132// 141// 127//
f 127// 141// 142//
f 127// 142// 143//
f 143// 144// 127//
f 127// 144// 145//
f 127// 145// 146//
f 128// 127// 147//
f 147// 127// 146//
f 147// 146// 138//
f 138// 146// 148//
f 138// 148// 140//
f 149// 150// 151//
f 131// 127// 151//
f 151// 127// 152//
f 151// 152// 149//
f 153// 154// 155//
f 155// 154// 156//
f 153// 157// 154//
f 154// 157// 158//
f 154// 158// 149//
f 149// 158// 159//
f 149// 159// 150//
f 156// 160// 161//
f 162// 163// 164//
f 164// 163// 165//
f 164// 165// 166//
f 165// 167// 166//
f 166// 167// 168//
f 166// 168// 169//
f 169// 168// 170//
f 161// 171// 156//
f 156// 171// 163//
f 156// 163// 155//
f 155// 163// 162//
f 155// 162// 172//
f 172// 162// 173//
f 172// 173// 174//
f 174// 173// 175//
f 174// 176// 177//
f 178// 179// 168//
f 168// 179// 180//
f 168// 180// 181//
f 178// 182// 179//
f 179// 182// 183//
f 179// 183// 184//
f 184// 183// 185//
f 184// 185// 186//
f 175// 187// 174//
f 174// 187// 188//
f 174// 188// 189//
f 189// 190// 174//
f 174// 190// 191//
f 174// 191// 176//
f 192// 193// 194//
f 194// 193// 195//
f 194// 195// 177//
f 177// 195// 196//
f 177// 196// 174//
f 181// 197// 168//
f 168// 197// 198//
f 168// 198// 170//
f 192// 194// 199//
f 199// 194// 200//
f 199// 200// 201//
f 202// 203// 204//
f 205// 206// 154//
f 154// 206// 207//
f 208// 209// 210//
f 210// 209// 211//
f 210// 211// 212//
f 213// 214// 215//
f 215// 214// 216//
f 215// 216// 204//
f 204// 216// 217//
f 204// 217// 202//
f 214// 218// 216//
f 216// 218// 219//
f 216// 219// 220//
f 207// 221// 154//
f 154// 221// 222//
f 154// 222// 223//
f 223// 208// 154//
f 154// 208// 210//
f 154// 210// 156//
f 156// 210// 224//
f 156// 224// 215//
f 215// 224// 225//
f 215// 225// 213//
f 212// 226// 210//
f 210// 226// 227//
f 210// 227// 228//
f 228// 229// 210//
f 210// 229// 230//
f 210// 230// 231//
f 232// 233// 234//
f 220// 235// 216//
f 216// 235// 236//
f 216// 236// 234//
f 234// 236// 237//
f 234// 237// 232//
f 233// 238// 234//
f 234// 238// 239//
f 234// 239// 240//
f 240// 239// 241//
f 240// 241// 242//
f 243// 244// 240//
f 240// 244// 245//
f 240// 245// 246//
f 242// 247// 240//
f 240// 247// 248//
f 240// 248// 243//
f 249// 250// 251//
f 251// 250// 149//
f 250// 252// 149//
f 149// 252// 253//
f 149// 253// 154//
f 154// 253// 254//
f 154// 254// 205//
f 255// 256// 257//
f 257// 256// 258//
f 258// 256// 259//
f 258// 259// 260//
f 261// 262// 215//
f 261// 215// 263//
f 262// 264// 215//
f 215// 264// 265//
f 215// 265// 255//
f 266// 204// 267//
f 267// 204// 268//
f 266// 269// 204//
f 204// 269// 270//
f 204// 270// 215//
f 215// 270// 271//
f 215// 271// 263//
f 204// 272// 273//
f 273// 274// 204//
f 204// 274// 275//
f 204// 275// 276//
f 276// 277// 204//
f 204// 277// 278//
f 204// 278// 279//
f 279// 280// 204//
f 204// 280// 281//
f 204// 281// 268//
f 268// 281// 282//
f 283// 284// 285//
f 285// 284// 286//
f 285// 286// 287//
f 287// 286// 268//
f 287// 268// 288//
f 288// 268// 282//
f 203// 249// 204//
f 204// 249// 251//
f 204// 251// 272//
f 272// 251// 289//
f 272// 289// 290//
f 290// 289// 291//
f 292// 293// 294//
f 294// 295// 292//
f 292// 295// 296//
f 292// 296// 297//
f 293// 298// 299//
f 300// 301// 302//
f 302// 301// 303//
f 302// 303// 304//
f 303// 305// 304//
f 304// 305// 306//
f 304// 306// 307//
f 307// 306// 308//
f 299// 309// 293//
f 293// 309// 301//
f 293// 301// 294//
f 294// 301// 300//
f 294// 300// 310//
f 310// 300// 311//
f 310// 311// 312//
f 312// 311// 313//
f 312// 314// 315//
f 316// 317// 306//
f 306// 317// 318//
f 306// 318// 319//
f 316// 320// 317//
f 317// 320// 321//
f 317// 321// 322//
f 322// 321// 323//
f 322// 323// 324//
f 313// 325// 312//
f 312// 325// 326//
f 312// 326// 327//
f 327// 328// 312//
f 312// 328// 329//
f 312// 329// 314//
f 330// 331// 332//
f 332// 331// 333//
f 332// 333// 315//
f 315// 333// 334//
f 315// 334// 312//
f 319// 335// 306//
f 306// 335// 336//
f 306// 336// 308//
f 330// 332// 337//
f 337// 332// 338//
f 337// 338// 339//
f 340// 341// 342//
f 342// 341// 343//
f 344// 345// 346//
f 346// 345// 347//
f 340// 348// 341//
f 341// 348// 349//
f 341// 349// 350//
f 347// 351// 346//
f 346// 351// 352//
f 346// 352// 353//
f 350// 354// 341//
f 341// 354// 355//
f 341// 355// 346//
f 346// 355// 356//
f 346// 356// 344//
f 357// 358// 359//
f 360// 361// 362//
f 359// 363// 357//
f 357// 363// 360//
f 357// 360// 364//
f 364// 360// 362//
f 365// 366// 360//
f 360// 366// 367//
f 360// 367// 361//
f 368// 369// 370//
f 370// 369// 371//
f 370// 371// 372//
f 372// 373// 370//
f 370// 373// 374//
f 370// 374// 375//
f 368// 370// 376//
f 376// 370// 377//
f 376// 377// 378//
f 378// 377// 379//
f 378// 379// 353//
f 380// 381// 377//
f 381// 382// 377//
f 377// 382// 383//
f 377// 383// 384//
f 385// 386// 387//
f 387// 386// 388//
f 384// 389// 390//
f 390// 389// 391//
f 390// 391// 392//
f 392// 393// 390//
f 390// 393// 394//
f 390// 394// 395//
f 395// 394// 396//
f 395// 396// 397//
f 388// 398// 387//
f 387// 398// 399//
f 387// 399// 377//
f 377// 399// 400//
f 377// 400// 380//
f 397// 401// 395//
f 395// 401// 402//
f 395// 402// 403//
f 403// 402// 404//
f 405// 406// 407//
f 404// 408// 403//
f 403// 408// 409//
f 403// 409// 407//
f 407// 409// 410//
f 407// 410// 405//
f 411// 412// 370//
f 370// 412// 413//
f 370// 413// 414//
f 414// 415// 370//
f 370// 415// 416//
f 370// 416// 417//
f 418// 419// 420//
f 420// 419// 421//
f 420// 421// 422//
f 422// 411// 420//
f 420// 411// 370//
f 420// 370// 360//
f 360// 370// 375//
f 360// 375// 365//
f 418// 420// 423//
f 423// 420// 424//
f 423// 424// 425//
f 425// 424// 426//
f 425// 426// 427//
f 428// 427// 429//
f 429// 427// 430//
f 428// 431// 427//
f 427// 431// 432//
f 427// 432// 425//
f 433// 434// 435//
f 427// 436// 430//
f 430// 436// 437//
f 430// 437// 435//
f 435// 437// 438//
f 435// 438// 433//
f 439// 440// 363//
f 363// 440// 441//
f 363// 441// 360//
f 360// 441// 442//
f 360// 442// 420//
f 439// 363// 112//
f 112// 363// 443//
f 112// 443// 113//
f 444// 445// 446//
f 446// 445// 447//
f 446// 447// 113//
f 417// 448// 370//
f 370// 448// 449//
f 370// 449// 377//
f 377// 449// 450//
f 377// 450// 387//
f 387// 450// 451//
f 387// 451// 446//
f 446// 451// 452//
f 446// 452// 444//
f 453// 454// 113//
f 113// 454// 455//
f 113// 455// 456//
f 457// 458// 447//
f 458// 459// 447//
f 447// 459// 460//
f 447// 460// 113//
f 113// 460// 461//
f 113// 461// 453//
f 456// 462// 113//
f 113// 462// 463//
f 113// 463// 111//
f 457// 447// 464//
f 464// 447// 465//
f 464// 465// 466//
f 466// 465// 467//
f 466// 467// 468//
f 468// 467// 469//
f 468// 469// 470//
f 470// 471// 468//
f 468// 471// 472//
f 468// 472// 473//
f 473// 474// 468//
f 468// 474// 475//
f 468// 475// 476//
f 477// 478// 476//
f 476// 478// 479//
f 476// 479// 468//
f 359// 480// 481//
f 481// 480// 292//
f 481// 292// 289//
f 289// 292// 297//
f 289// 297// 291//
f 482// 483// 480//
f 480// 483// 484//
f 480// 484// 292//
f 292// 484// 485//
f 292// 485// 293//
f 293// 485// 486//
f 293// 486// 483//
f 483// 486// 487//
f 483// 487// 484//
f 358// 343// 359//
f 359// 343// 341//
f 359// 341// 480//
f 480// 341// 488//
f 480// 488// 482//
f 489// 346// 490//
f 490// 346// 483//
f 490// 483// 491//
f 491// 483// 482//
f 489// 492// 346//
f 346// 492// 493//
f 346// 493// 341//
f 341// 493// 494//
f 341// 494// 488//
f 255// 257// 215//
f 215// 257// 118//
f 215// 118// 156//
f 156// 118// 120//
f 156// 120// 160//
f 353// 379// 346//
f 346// 379// 495//
f 346// 495// 483//
f 483// 495// 258//
f 483// 258// 293//
f 293// 258// 260//
f 293// 260// 298//
f 443// 496// 113//
f 113// 496// 497//
f 113// 497// 446//
f 446// 497// 498//
f 446// 498// 387//
f 387// 498// 407//
f 387// 407// 385//
f 385// 407// 406//
f 384// 390// 377//
f 377// 390// 499//
f 377// 499// 379//
f 379// 499// 500//
f 379// 500// 495//
f 495// 500// 501//
f 495// 501// 258//
f 258// 501// 502//
f 258// 502// 257//
f 257// 502// 110//
f 257// 110// 118//
f 118// 110// 109//
f 118// 109// 116//
f 108// 110// 503//
f 503// 110// 502//
f 503// 502// 504//
f 504// 502// 501//
f 504// 501// 505//
f 505// 501// 500//
f 505// 500// 506//
f 506// 500// 499//
f 506// 499// 507//
f 507// 499// 390//
f 507// 390// 508//
f 508// 390// 395//
f 508// 395// 509//
f 509// 395// 403//
f 509// 403// 510//
f 511// 512// 513//
f 513// 512// 514//
f 515// 516// 517//
f 517// 516// 518//
f 519// 520// 521//
f 521// 520// 522//
f 523// 524// 525//
f 525// 524// 526//
f 527// 528// 524//
f 524// 523// 527//
f 527// 523// 6//
f 527// 6// 529//
f 529// 6// 5//
f 5// 11// 529//
f 529// 11// 12//
f 529// 12// 530//
f 511// 531// 532//
f 511// 532// 512//
f 512// 532// 533//
f 512// 533// 534//
f 519// 535// 536//
f 519// 536// 520//
f 520// 536// 537//
f 520// 537// 538//
f 4// 539// 540//
f 541// 516// 542//
f 542// 516// 515//
f 542// 515// 540//
f 540// 515// 3//
f 540// 3// 4//
f 518// 543// 544//
f 545// 2// 546//
f 546// 2// 1//
f 546// 1// 544//
f 544// 1// 517//
f 544// 517// 518//
f 547// 548// 522//
f 522// 548// 549//
f 522// 549// 521//
f 521// 549// 550//
f 514// 551// 552//
f 514// 552// 513//
f 513// 552// 553//
f 513// 553// 554//
f 555// 556// 10//
f 557// 558// 526//
f 526// 558// 525//
f 10// 9// 555//
f 555// 9// 7//
f 555// 7// 558//
f 558// 7// 8//
f 558// 8// 525//
f 72// 77// 559//
f 78// 72// 560//
f 560// 72// 559//
f 560// 559// 561//
f 561// 559// 562//
f 561// 562// 563//
f 563// 562// 564//
f 563// 564// 565//
f 565// 564// 566//
f 565// 566// 567//
f 567// 566// 568//
f 567// 568// 569//
f 569// 568// 570//
f 569// 570// 571//
f 571// 570// 572//
f 571// 572// 573//
f 573// 572// 574//
f 573// 574// 575//
f 575// 574// 576//
f 575// 576// 577//
f 577// 576// 578//
f 577// 578// 529//
f 529// 578// 527//
f 559// 77// 579//
f 580// 581// 582//
f 583// 584// 585//
f 586// 587// 588//
f 589// 527// 578//
f 590// 591// 592//
f 592// 591// 589//
f 593// 594// 587//
f 587// 594// 595//
f 587// 595// 588//
f 588// 595// 596//
f 588// 596// 597//
f 532// 593// 598//
f 598// 593// 587//
f 598// 587// 599//
f 599// 587// 586//
f 599// 586// 600//
f 600// 586// 601//
f 589// 578// 592//
f 592// 578// 576//
f 592// 576// 602//
f 584// 601// 585//
f 585// 601// 586//
f 585// 586// 603//
f 603// 586// 588//
f 603// 588// 604//
f 604// 588// 597//
f 576// 574// 602//
f 602// 574// 572//
f 602// 572// 605//
f 581// 583// 582//
f 582// 583// 585//
f 582// 585// 606//
f 606// 585// 603//
f 606// 603// 607//
f 607// 603// 604//
f 572// 570// 605//
f 605// 570// 568//
f 605// 568// 608//
f 607// 609// 606//
f 606// 609// 610//
f 606// 610// 582//
f 582// 610// 611//
f 582// 611// 580//
f 612// 590// 613//
f 613// 590// 592//
f 613// 592// 614//
f 614// 592// 602//
f 614// 602// 615//
f 615// 602// 605//
f 615// 605// 616//
f 616// 605// 608//
f 616// 608// 617//
f 617// 608// 579//
f 617// 579// 77//
f 77// 618// 611//
f 611// 618// 619//
f 611// 619// 580//
f 609// 620// 610//
f 610// 620// 621//
f 610// 621// 611//
f 611// 621// 77//
f 620// 622// 621//
f 621// 622// 77//
f 568// 566// 608//
f 608// 566// 564//
f 608// 564// 579//
f 579// 564// 562//
f 579// 562// 559//
f 597// 612// 604//
f 604// 612// 613//
f 604// 613// 607//
f 607// 613// 614//
f 607// 614// 609//
f 609// 614// 615//
f 609// 615// 620//
f 620// 615// 616//
f 620// 616// 622//
f 622// 616// 617//
f 622// 617// 77//
f 623// 78// 624//
f 563// 565// 625//
f 567// 569// 626//
f 627// 628// 629//
f 630// 537// 631//
f 632// 633// 634//
f 634// 633// 630//
f 635// 636// 628//
f 628// 636// 637//
f 628// 637// 629//
f 629// 637// 638//
f 629// 638// 639//
f 529// 635// 577//
f 577// 635// 628//
f 577// 628// 575//
f 575// 628// 627//
f 575// 627// 573//
f 573// 627// 571//
f 630// 631// 634//
f 634// 631// 640//
f 634// 640// 641//
f 569// 571// 626//
f 626// 571// 627//
f 626// 627// 642//
f 642// 627// 629//
f 642// 629// 643//
f 643// 629// 639//
f 640// 644// 641//
f 641// 644// 645//
f 641// 645// 646//
f 565// 567// 625//
f 625// 567// 626//
f 625// 626// 647//
f 647// 626// 642//
f 647// 642// 648//
f 648// 642// 643//
f 645// 649// 646//
f 646// 649// 650//
f 646// 650// 651//
f 648// 652// 647//
f 647// 652// 653//
f 647// 653// 625//
f 625// 653// 654//
f 625// 654// 563//
f 655// 632// 656//
f 656// 632// 634//
f 656// 634// 657//
f 657// 634// 641//
f 657// 641// 658//
f 658// 641// 646//
f 658// 646// 659//
f 659// 646// 651//
f 659// 651// 660//
f 660// 651// 624//
f 660// 624// 78//
f 78// 560// 654//
f 654// 560// 561//
f 654// 561// 563//
f 652// 661// 653//
f 653// 661// 662//
f 653// 662// 654//
f 654// 662// 78//
f 661// 663// 662//
f 662// 663// 78//
f 650// 664// 651//
f 651// 664// 665//
f 651// 665// 624//
f 624// 665// 666//
f 624// 666// 623//
f 639// 655// 643//
f 643// 655// 656//
f 643// 656// 648//
f 648// 656// 657//
f 648// 657// 652//
f 652// 657// 658//
f 652// 658// 661//
f 661// 658// 659//
f 661// 659// 663//
f 663// 659// 660//
f 663// 660// 78//
f 76// 75// 667//
f 77// 76// 618//
f 618// 76// 667//
f 618// 667// 619//
f 619// 667// 668//
f 619// 668// 580//
f 580// 668// 669//
f 580// 669// 581//
f 581// 669// 670//
f 581// 670// 583//
f 583// 670// 671//
f 583// 671// 584//
f 584// 671// 672//
f 584// 672// 601//
f 601// 672// 673//
f 601// 673// 600//
f 600// 673// 674//
f 600// 674// 599//
f 599// 674// 675//
f 599// 675// 598//
f 598// 675// 676//
f 598// 676// 532//
f 532// 676// 533//
f 677// 678// 589//
f 589// 678// 679//
f 589// 679// 527//
f 527// 679// 680//
f 527// 680// 528//
f 589// 591// 677//
f 677// 591// 590//
f 677// 590// 681//
f 681// 590// 612//
f 612// 597// 681//
f 681// 597// 596//
f 681// 596// 682//
f 682// 596// 595//
f 682// 595// 683//
f 683// 595// 594//
f 683// 594// 684//
f 684// 594// 593//
f 684// 593// 685//
f 685// 593// 532//
f 685// 532// 531//
f 686// 687// 630//
f 630// 687// 688//
f 630// 688// 537//
f 537// 688// 689//
f 537// 689// 538//
f 630// 633// 686//
f 686// 633// 632//
f 686// 632// 690//
f 690// 632// 655//
f 655// 639// 690//
f 690// 639// 638//
f 690// 638// 691//
f 691// 638// 637//
f 691// 637// 692//
f 692// 637// 636//
f 692// 636// 693//
f 693// 636// 635//
f 693// 635// 694//
f 694// 635// 529//
f 694// 529// 530//
f 79// 78// 623//
f 537// 536// 631//
f 631// 536// 695//
f 631// 695// 640//
f 640// 695// 696//
f 640// 696// 644//
f 644// 696// 697//
f 644// 697// 645//
f 645// 697// 698//
f 645// 698// 649//
f 649// 698// 699//
f 649// 699// 650//
f 650// 699// 700//
f 650// 700// 664//
f 664// 700// 701//
f 664// 701// 665//
f 665// 701// 702//
f 665// 702// 666//
f 666// 702// 703//
f 666// 703// 623//
f 623// 703// 704//
f 623// 704// 79//
f 79// 704// 87//
f 13// 87// 705//
f 542// 540// 706//
f 706// 540// 707//
f 706// 707// 708//
f 708// 707// 709//
f 708// 709// 710//
f 710// 709// 711//
f 710// 711// 712//
f 712// 711// 713//
f 712// 713// 714//
f 714// 713// 715//
f 714// 715// 716//
f 716// 715// 717//
f 716// 717// 718//
f 718// 717// 719//
f 718// 719// 720//
f 720// 719// 721//
f 720// 721// 722//
f 722// 721// 723//
f 722// 723// 705//
f 705// 723// 724//
f 705// 724// 13//
f 13// 724// 75//
f 667// 75// 725//
f 721// 719// 726//
f 717// 715// 727//
f 728// 729// 730//
f 731// 533// 676//
f 732// 733// 734//
f 734// 733// 731//
f 735// 736// 729//
f 729// 736// 737//
f 729// 737// 730//
f 730// 737// 738//
f 730// 738// 739//
f 540// 735// 707//
f 707// 735// 729//
f 707// 729// 709//
f 709// 729// 728//
f 709// 728// 711//
f 711// 728// 713//
f 731// 676// 734//
f 734// 676// 675//
f 734// 675// 740//
f 715// 713// 727//
f 727// 713// 728//
f 727// 728// 741//
f 741// 728// 730//
f 741// 730// 742//
f 742// 730// 739//
f 675// 674// 740//
f 740// 674// 673//
f 740// 673// 743//
f 719// 717// 726//
f 726// 717// 727//
f 726// 727// 744//
f 744// 727// 741//
f 744// 741// 745//
f 745// 741// 742//
f 673// 672// 743//
f 743// 672// 671//
f 743// 671// 746//
f 745// 747// 744//
f 744// 747// 748//
f 744// 748// 726//
f 726// 748// 749//
f 726// 749// 721//
f 750// 732// 751//
f 751// 732// 734//
f 751// 734// 752//
f 752// 734// 740//
f 752// 740// 753//
f 753// 740// 743//
f 753// 743// 754//
f 754// 743// 746//
f 754// 746// 755//
f 755// 746// 725//
f 755// 725// 75//
f 75// 724// 749//
f 749// 724// 723//
f 749// 723// 721//
f 747// 756// 748//
f 748// 756// 757//
f 748// 757// 749//
f 749// 757// 75//
f 756// 758// 757//
f 757// 758// 75//
f 671// 670// 746//
f 746// 670// 669//
f 746// 669// 725//
f 725// 669// 668//
f 725// 668// 667//
f 739// 750// 742//
f 742// 750// 751//
f 742// 751// 745//
f 745// 751// 752//
f 745// 752// 747//
f 747// 752// 753//
f 747// 753// 756//
f 756// 753// 754//
f 756// 754// 758//
f 758// 754// 755//
f 758// 755// 75//
f 511// 513// 531//
f 531// 513// 554//
f 531// 554// 685//
f 685// 554// 759//
f 685// 759// 684//
f 684// 759// 760//
f 684// 760// 683//
f 683// 760// 761//
f 683// 761// 682//
f 682// 761// 762//
f 682// 762// 681//
f 681// 762// 763//
f 681// 763// 677//
f 677// 763// 764//
f 677// 764// 678//
f 764// 765// 678//
f 678// 765// 766//
f 678// 766// 679//
f 679// 766// 767//
f 526// 524// 557//
f 557// 524// 528//
f 557// 528// 767//
f 767// 528// 680//
f 767// 680// 679//
f 768// 694// 530//
f 12// 10// 530//
f 530// 10// 556//
f 530// 556// 768//
f 694// 768// 693//
f 693// 768// 769//
f 693// 769// 692//
f 692// 769// 770//
f 692// 770// 691//
f 691// 770// 771//
f 691// 771// 690//
f 690// 771// 772//
f 690// 772// 686//
f 686// 772// 773//
f 686// 773// 687//
f 547// 522// 520//
f 773// 774// 687//
f 687// 774// 775//
f 687// 775// 688//
f 688// 775// 776//
f 688// 776// 689//
f 689// 776// 547//
f 689// 547// 538//
f 538// 547// 520//
f 705// 87// 777//
f 702// 701// 778//
f 700// 699// 779//
f 780// 781// 782//
f 783// 542// 706//
f 784// 785// 786//
f 786// 785// 783//
f 787// 788// 781//
f 781// 788// 789//
f 781// 789// 782//
f 782// 789// 790//
f 782// 790// 791//
f 536// 787// 695//
f 695// 787// 781//
f 695// 781// 696//
f 696// 781// 780//
f 696// 780// 697//
f 697// 780// 698//
f 783// 706// 786//
f 786// 706// 708//
f 786// 708// 792//
f 699// 698// 779//
f 779// 698// 780//
f 779// 780// 793//
f 793// 780// 782//
f 793// 782// 794//
f 794// 782// 791//
f 708// 710// 792//
f 792// 710// 712//
f 792// 712// 795//
f 701// 700// 778//
f 778// 700// 779//
f 778// 779// 796//
f 796// 779// 793//
f 796// 793// 797//
f 797// 793// 794//
f 712// 714// 795//
f 795// 714// 716//
f 795// 716// 798//
f 797// 799// 796//
f 796// 799// 800//
f 796// 800// 778//
f 778// 800// 801//
f 778// 801// 702//
f 802// 784// 803//
f 803// 784// 786//
f 803// 786// 804//
f 804// 786// 792//
f 804// 792// 805//
f 805// 792// 795//
f 805// 795// 806//
f 806// 795// 798//
f 806// 798// 807//
f 807// 798// 777//
f 807// 777// 87//
f 87// 704// 801//
f 801// 704// 703//
f 801// 703// 702//
f 799// 808// 800//
f 800// 808// 809//
f 800// 809// 801//
f 801// 809// 87//
f 808// 810// 809//
f 809// 810// 87//
f 716// 718// 798//
f 798// 718// 720//
f 798// 720// 777//
f 777// 720// 722//
f 777// 722// 705//
f 791// 802// 794//
f 794// 802// 803//
f 794// 803// 797//
f 797// 803// 804//
f 797// 804// 799//
f 799// 804// 805//
f 799// 805// 808//
f 808// 805// 806//
f 808// 806// 810//
f 810// 806// 807//
f 810// 807// 87//
f 811// 812// 731//
f 731// 812// 813//
f 731// 813// 533//
f 533// 813// 814//
f 533// 814// 534//
f 731// 733// 811//
f 811// 733// 732//
f 811// 732// 815//
f 815// 732// 750//
f 750// 739// 815//
f 815// 739// 738//
f 815// 738// 816//
f 816// 738// 737//
f 816// 737// 817//
f 817// 737// 736//
f 817// 736// 818//
f 818// 736// 735//
f 818// 735// 819//
f 819// 735// 540//
f 819// 540// 539//
f 762// 761// 820//
f 820// 761// 760//
f 820// 760// 553//
f 553// 760// 759//
f 553// 759// 554//
f 820// 821// 762//
f 762// 821// 822//
f 762// 822// 763//
f 763// 822// 823//
f 823// 824// 763//
f 763// 824// 825//
f 763// 825// 764//
f 764// 825// 826//
f 764// 826// 765//
f 765// 826// 827//
f 765// 827// 766//
f 766// 827// 828//
f 766// 828// 767//
f 767// 828// 558//
f 767// 558// 557//
f 555// 558// 829//
f 829// 558// 830//
f 829// 830// 831//
f 831// 830// 832//
f 831// 832// 833//
f 833// 832// 834//
f 833// 834// 835//
f 835// 834// 836//
f 835// 836// 837//
f 837// 836// 838//
f 837// 838// 839//
f 839// 838// 840//
f 839// 840// 841//
f 841// 840// 842//
f 841// 842// 843//
f 843// 842// 844//
f 843// 844// 845//
f 845// 844// 846//
f 845// 846// 847//
f 847// 846// 848//
f 848// 108// 503//
f 503// 504// 848//
f 848// 504// 505//
f 848// 505// 847//
f 847// 505// 506//
f 847// 506// 507//
f 507// 508// 847//
f 847// 508// 509//
f 847// 509// 510//
f 556// 555// 768//
f 768// 555// 849//
f 768// 849// 769//
f 769// 849// 850//
f 769// 850// 770//
f 770// 850// 851//
f 770// 851// 771//
f 851// 852// 771//
f 771// 852// 853//
f 771// 853// 772//
f 853// 854// 772//
f 772// 854// 855//
f 772// 855// 773//
f 773// 855// 856//
f 773// 856// 774//
f 774// 856// 857//
f 774// 857// 775//
f 775// 857// 858//
f 775// 858// 776//
f 776// 858// 547//
f 547// 858// 859//
f 547// 859// 548//
f 860// 861// 783//
f 783// 861// 862//
f 783// 862// 542//
f 542// 862// 863//
f 542// 863// 541//
f 783// 785// 860//
f 860// 785// 784//
f 860// 784// 864//
f 864// 784// 802//
f 802// 791// 864//
f 864// 791// 790//
f 864// 790// 865//
f 865// 790// 789//
f 865// 789// 866//
f 866// 789// 788//
f 866// 788// 867//
f 867// 788// 787//
f 867// 787// 868//
f 868// 787// 536//
f 868// 536// 535//
f 869// 819// 539//
f 4// 2// 539//
f 539// 2// 545//
f 539// 545// 869//
f 819// 869// 818//
f 818// 869// 870//
f 818// 870// 817//
f 817// 870// 871//
f 817// 871// 816//
f 816// 871// 872//
f 816// 872// 815//
f 815// 872// 873//
f 815// 873// 811//
f 811// 873// 874//
f 811// 874// 812//
f 874// 875// 812//
f 812// 875// 876//
f 812// 876// 813//
f 813// 876// 877//
f 514// 512// 551//
f 551// 512// 534//
f 551// 534// 877//
f 877// 534// 814//
f 877// 814// 813//
f 878// 879// 880//
f 881// 882// 883//
f 108// 884// 885//
f 886// 884// 108//
f 883// 882// 108//
f 887// 108// 882//
f 888// 821// 820//
f 821// 888// 822//
f 822// 888// 889//
f 822// 889// 823//
f 823// 889// 890//
f 823// 890// 824//
f 824// 890// 891//
f 824// 891// 825//
f 825// 891// 826//
f 826// 891// 892//
f 826// 892// 827//
f 827// 892// 828//
f 828// 892// 830//
f 828// 830// 558//
f 848// 886// 108//
f 893// 894// 881//
f 881// 894// 895//
f 881// 895// 882//
f 882// 895// 896//
f 882// 896// 887//
f 897// 885// 898//
f 898// 885// 884//
f 898// 884// 899//
f 899// 884// 886//
f 899// 886// 900//
f 848// 846// 886//
f 886// 846// 844//
f 886// 844// 900//
f 900// 844// 842//
f 900// 842// 840//
f 880// 897// 901//
f 901// 897// 898//
f 901// 898// 902//
f 902// 898// 899//
f 902// 899// 903//
f 903// 899// 900//
f 903// 900// 904//
f 904// 900// 840//
f 905// 906// 907//
f 907// 906// 878//
f 878// 880// 907//
f 907// 880// 901//
f 907// 901// 908//
f 908// 901// 902//
f 908// 902// 909//
f 909// 902// 903//
f 909// 903// 910//
f 910// 903// 904//
f 910// 904// 911//
f 879// 893// 880//
f 880// 893// 881//
f 880// 881// 897//
f 897// 881// 883//
f 897// 883// 885//
f 885// 883// 108//
f 905// 888// 912//
f 912// 888// 820//
f 912// 820// 553//
f 840// 838// 904//
f 904// 838// 836//
f 904// 836// 911//
f 911// 836// 834//
f 911// 834// 832//
f 905// 907// 888//
f 888// 907// 908//
f 888// 908// 889//
f 889// 908// 909//
f 889// 909// 890//
f 890// 909// 910//
f 890// 910// 891//
f 891// 910// 911//
f 891// 911// 892//
f 892// 911// 832//
f 892// 832// 830//
f 831// 833// 913//
f 835// 837// 914//
f 915// 916// 917//
f 510// 918// 919//
f 920// 918// 510//
f 917// 916// 510//
f 847// 510// 916//
f 849// 921// 850//
f 850// 921// 922//
f 854// 853// 923//
f 923// 853// 852//
f 923// 852// 922//
f 922// 852// 851//
f 922// 851// 850//
f 854// 923// 855//
f 855// 923// 924//
f 855// 924// 856//
f 856// 924// 925//
f 856// 925// 857//
f 857// 925// 858//
f 858// 925// 926//
f 858// 926// 859//
f 859// 926// 927//
f 859// 927// 548//
f 928// 920// 510//
f 839// 841// 915//
f 915// 841// 843//
f 915// 843// 916//
f 916// 843// 845//
f 916// 845// 847//
f 929// 919// 930//
f 930// 919// 918//
f 930// 918// 931//
f 931// 918// 920//
f 931// 920// 932//
f 837// 839// 914//
f 914// 839// 915//
f 914// 915// 933//
f 933// 915// 917//
f 933// 917// 934//
f 934// 917// 510//
f 928// 935// 920//
f 920// 935// 936//
f 920// 936// 932//
f 932// 936// 937//
f 932// 937// 938//
f 939// 929// 940//
f 940// 929// 930//
f 940// 930// 941//
f 941// 930// 931//
f 941// 931// 942//
f 942// 931// 932//
f 942// 932// 943//
f 943// 932// 938//
f 913// 939// 944//
f 944// 939// 940//
f 944// 940// 945//
f 945// 940// 941//
f 945// 941// 946//
f 946// 941// 942//
f 946// 942// 947//
f 947// 942// 943//
f 947// 943// 948//
f 833// 835// 913//
f 913// 835// 914//
f 913// 914// 939//
f 939// 914// 933//
f 939// 933// 929//
f 929// 933// 934//
f 929// 934// 919//
f 919// 934// 510//
f 849// 555// 921//
f 921// 555// 829//
f 921// 829// 831//
f 938// 949// 943//
f 943// 949// 950//
f 943// 950// 948//
f 948// 950// 951//
f 948// 951// 952//
f 831// 913// 921//
f 921// 913// 944//
f 921// 944// 922//
f 922// 944// 945//
f 922// 945// 923//
f 923// 945// 946//
f 923// 946// 924//
f 924// 946// 947//
f 924// 947// 925//
f 925// 947// 948//
f 925// 948// 926//
f 926// 948// 952//
f 926// 952// 927//
f 953// 868// 535//
f 519// 521// 535//
f 535// 521// 550//
f 535// 550// 953//
f 868// 953// 867//
f 867// 953// 954//
f 867// 954// 866//
f 866// 954// 955//
f 866// 955// 865//
f 865// 955// 956//
f 865// 956// 864//
f 864// 956// 957//
f 864// 957// 860//
f 860// 957// 958//
f 860// 958// 861//
f 958// 959// 861//
f 861// 959// 960//
f 861// 960// 862//
f 862// 960// 961//
f 518// 516// 543//
f 543// 516// 541//
f 543// 541// 961//
f 961// 541// 863//
f 961// 863// 862//
f 872// 871// 962//
f 962// 871// 870//
f 962// 870// 546//
f 546// 870// 869//
f 546// 869// 545//
f 962// 963// 872//
f 872// 963// 964//
f 872// 964// 873//
f 873// 964// 965//
f 965// 966// 873//
f 873// 966// 967//
f 873// 967// 874//
f 874// 967// 968//
f 874// 968// 875//
f 875// 968// 969//
f 875// 969// 876//
f 876// 969// 970//
f 876// 970// 877//
f 877// 970// 552//
f 877// 552// 551//
f 109// 108// 887//
f 553// 552// 912//
f 912// 552// 971//
f 912// 971// 905//
f 905// 971// 972//
f 905// 972// 906//
f 906// 972// 973//
f 906// 973// 878//
f 878// 973// 974//
f 878// 974// 879//
f 879// 974// 975//
f 879// 975// 893//
f 893// 975// 976//
f 893// 976// 894//
f 894// 976// 977//
f 894// 977// 895//
f 895// 977// 978//
f 895// 978// 896//
f 896// 978// 979//
f 896// 979// 887//
f 887// 979// 980//
f 109// 887// 116//
f 980// 152// 127//
f 980// 127// 887//
f 887// 127// 114//
f 887// 114// 116//
f 549// 548// 981//
f 981// 548// 927//
f 981// 927// 982//
f 982// 927// 952//
f 982// 952// 983//
f 983// 952// 951//
f 983// 951// 984//
f 984// 951// 950//
f 984// 950// 985//
f 985// 950// 949//
f 985// 949// 986//
f 986// 949// 938//
f 986// 938// 987//
f 987// 938// 937//
f 987// 937// 988//
f 988// 937// 936//
f 988// 936// 989//
f 989// 936// 935//
f 989// 935// 990//
f 990// 935// 928//
f 928// 510// 403//
f 403// 407// 928//
f 928// 407// 498//
f 928// 498// 990//
f 990// 498// 497//
f 990// 497// 496//
f 550// 549// 953//
f 953// 549// 991//
f 953// 991// 954//
f 954// 991// 992//
f 954// 992// 955//
f 955// 992// 993//
f 955// 993// 956//
f 993// 994// 956//
f 956// 994// 995//
f 956// 995// 957//
f 995// 996// 957//
f 957// 996// 997//
f 957// 997// 958//
f 958// 997// 998//
f 958// 998// 959//
f 959// 998// 999//
f 959// 999// 960//
f 960// 999// 1000//
f 960// 1000// 961//
f 961// 1000// 543//
f 543// 1000// 1001//
f 543// 1001// 544//
f 1002// 1003// 1004//
f 1005// 1006// 1007//
f 152// 1008// 1009//
f 1010// 1008// 152//
f 1007// 1006// 152//
f 1011// 152// 1006//
f 1012// 963// 962//
f 963// 1012// 964//
f 964// 1012// 1013//
f 964// 1013// 965//
f 965// 1013// 1014//
f 965// 1014// 966//
f 966// 1014// 1015//
f 966// 1015// 967//
f 967// 1015// 968//
f 968// 1015// 1016//
f 968// 1016// 969//
f 969// 1016// 970//
f 970// 1016// 971//
f 970// 971// 552//
f 980// 1010// 152//
f 1017// 1018// 1005//
f 1005// 1018// 1019//
f 1005// 1019// 1006//
f 1006// 1019// 1020//
f 1006// 1020// 1011//
f 1021// 1009// 1022//
f 1022// 1009// 1008//
f 1022// 1008// 1023//
f 1023// 1008// 1010//
f 1023// 1010// 1024//
f 980// 979// 1010//
f 1010// 979// 978//
f 1010// 978// 1024//
f 1024// 978// 977//
f 1024// 977// 976//
f 1004// 1021// 1025//
f 1025// 1021// 1022//
f 1025// 1022// 1026//
f 1026// 1022// 1023//
f 1026// 1023// 1027//
f 1027// 1023// 1024//
f 1027// 1024// 1028//
f 1028// 1024// 976//
f 1029// 1030// 1031//
f 1031// 1030// 1002//
f 1002// 1004// 1031//
f 1031// 1004// 1025//
f 1031// 1025// 1032//
f 1032// 1025// 1026//
f 1032// 1026// 1033//
f 1033// 1026// 1027//
f 1033// 1027// 1034//
f 1034// 1027// 1028//
f 1034// 1028// 1035//
f 1003// 1017// 1004//
f 1004// 1017// 1005//
f 1004// 1005// 1021//
f 1021// 1005// 1007//
f 1021// 1007// 1009//
f 1009// 1007// 152//
f 1029// 1012// 1036//
f 1036// 1012// 962//
f 1036// 962// 546//
f 976// 975// 1028//
f 1028// 975// 974//
f 1028// 974// 1035//
f 1035// 974// 973//
f 1035// 973// 972//
f 1029// 1031// 1012//
f 1012// 1031// 1032//
f 1012// 1032// 1013//
f 1013// 1032// 1033//
f 1013// 1033// 1014//
f 1014// 1033// 1034//
f 1014// 1034// 1015//
f 1015// 1034// 1035//
f 1015// 1035// 1016//
f 1016// 1035// 972//
f 1016// 972// 971//
f 982// 983// 1037//
f 984// 985// 1038//
f 1039// 1040// 1041//
f 496// 1042// 1043//
f 1044// 1042// 496//
f 1041// 1040// 496//
f 990// 496// 1040//
f 991// 1045// 992//
f 992// 1045// 1046//
f 996// 995// 1047//
f 1047// 995// 994//
f 1047// 994// 1046//
f 1046// 994// 993//
f 1046// 993// 992//
f 996// 1047// 997//
f 997// 1047// 1048//
f 997// 1048// 998//
f 998// 1048// 1049//
f 998// 1049// 999//
f 999// 1049// 1000//
f 1000// 1049// 1050//
f 1000// 1050// 1001//
f 1001// 1050// 1051//
f 1001// 1051// 544//
f 1052// 1044// 496//
f 986// 987// 1039//
f 1039// 987// 988//
f 1039// 988// 1040//
f 1040// 988// 989//
f 1040// 989// 990//
f 1053// 1043// 1054//
f 1054// 1043// 1042//
f 1054// 1042// 1055//
f 1055// 1042// 1044//
f 1055// 1044// 1056//
f 985// 986// 1038//
f 1038// 986// 1039//
f 1038// 1039// 1057//
f 1057// 1039// 1041//
f 1057// 1041// 1058//
f 1058// 1041// 496//
f 1052// 1059// 1044//
f 1044// 1059// 1060//
f 1044// 1060// 1056//
f 1056// 1060// 1061//
f 1056// 1061// 1062//
f 1063// 1053// 1064//
f 1064// 1053// 1054//
f 1064// 1054// 1065//
f 1065// 1054// 1055//
f 1065// 1055// 1066//
f 1066// 1055// 1056//
f 1066// 1056// 1067//
f 1067// 1056// 1062//
f 1037// 1063// 1068//
f 1068// 1063// 1064//
f 1068// 1064// 1069//
f 1069// 1064// 1065//
f 1069// 1065// 1070//
f 1070// 1065// 1066//
f 1070// 1066// 1071//
f 1071// 1066// 1067//
f 1071// 1067// 1072//
f 983// 984// 1037//
f 1037// 984// 1038//
f 1037// 1038// 1063//
f 1063// 1038// 1057//
f 1063// 1057// 1053//
f 1053// 1057// 1058//
f 1053// 1058// 1043//
f 1043// 1058// 496//
f 991// 549// 1045//
f 1045// 549// 981//
f 1045// 981// 982//
f 1062// 1073// 1067//
f 1067// 1073// 1074//
f 1067// 1074// 1072//
f 1072// 1074// 1075//
f 1072// 1075// 1076//
f 982// 1037// 1045//
f 1045// 1037// 1068//
f 1045// 1068// 1046//
f 1046// 1068// 1069//
f 1046// 1069// 1047//
f 1047// 1069// 1070//
f 1047// 1070// 1048//
f 1048// 1070// 1071//
f 1048// 1071// 1049//
f 1049// 1071// 1072//
f 1049// 1072// 1050//
f 1050// 1072// 1076//
f 1050// 1076// 1051//
f 546// 544// 1036//
f 1036// 544// 1051//
f 1036// 1051// 1029//
f 1029// 1051// 1076//
f 1029// 1076// 1030//
f 1030// 1076// 1075//
f 1030// 1075// 1002//
f 1002// 1075// 1074//
f 1002// 1074// 1003//
f 1003// 1074// 1073//
f 1003// 1073// 1017//
f 1017// 1073// 1062//
f 1017// 1062// 1018//
f 1018// 1062// 1061//
f 1018// 1061// 1019//
f 1019// 1061// 1060//
f 1019// 1060// 1020//
f 1020// 1060// 1059//
f 1020// 1059// 1011//
f 1011// 1059// 1052//
f 496// 443// 1052//
f 1052// 443// 363//
f 363// 359// 1052//
f 1052// 359// 481//
f 1052// 481// 1011//
f 1011// 481// 289//
f 289// 251// 1011//
f 1011// 251// 149//
f 1011// 149// 152//
usemtl 2
f 1077// 386// 1078//
f 1078// 386// 385//
f 1078// 385// 1079//
f 1079// 385// 406//
f 1079// 406// 1080//
f 1080// 406// 405//
f 1080// 405// 1081//
f 1081// 405// 410//
f 1081// 410// 1082//
f 1082// 410// 409//
f 1082// 409// 1083//
f 1083// 409// 408//
f 1083// 408// 1084//
f 408// 404// 1084//
f 1084// 404// 402//
f 1084// 402// 1085//
f 1085// 402// 401//
f 1085// 401// 1086//
f 1086// 401// 397//
f 1086// 397// 1087//
f 1087// 397// 396//
f 1087// 396// 1088//
f 1088// 396// 394//
f 1088// 394// 1089//
f 1089// 394// 393//
f 1089// 393// 1090//
f 1090// 393// 392//
f 1090// 392// 1091//
f 1091// 392// 391//
f 1091// 391// 1092//
f 1092// 391// 389//
f 1092// 389// 1093//
f 1093// 389// 384//
f 1093// 384// 1094//
f 1094// 384// 383//
f 1094// 383// 1095//
f 1095// 383// 382//
f 1095// 382// 1096//
f 1096// 382// 381//
f 1096// 381// 1097//
f 1097// 381// 380//
f 1097// 380// 1098//
f 1098// 380// 400//
f 1098// 400// 1099//
f 1099// 400// 399//
f 1099// 399// 1100//
f 1100// 399// 398//
f 1100// 398// 1077//
f 1077// 398// 388//
f 1077// 388// 386//
f 1091// 1092// 1101//
f 1101// 1092// 1093//
f 1101// 1093// 1094//
f 1088// 1089// 1101//
f 1101// 1089// 1090//
f 1101// 1090// 1091//
f 1085// 1086// 1101//
f 1101// 1086// 1087//
f 1101// 1087// 1088//
f 1082// 1083// 1101//
f 1101// 1083// 1084//
f 1101// 1084// 1085//
f 1079// 1080// 1101//
f 1101// 1080// 1081//
f 1101// 1081// 1082//
f 1100// 1077// 1101//
f 1101// 1077// 1078//
f 1101// 1078// 1079//
f 1097// 1098// 1101//
f 1101// 1098// 1099//
f 1101// 1099// 1100//
f 1094// 1095// 1101//
f 1101// 1095// 1096//
f 1101// 1096// 1097//
f 1102// 1103// 445//
f 445// 1103// 447//
f 1104// 469// 467//
f 1104// 467// 1105//
f 1105// 467// 465//
f 1105// 465// 1106//
f 1106// 465// 447//
f 1106// 447// 1103//
f 1107// 476// 475//
f 1107// 475// 1108//
f 1108// 475// 474//
f 1108// 474// 1109//
f 1109// 474// 473//
f 1109// 473// 1110//
f 1110// 473// 472//
f 1110// 472// 1111//
f 1111// 472// 471//
f 1111// 471// 1112//
f 1112// 471// 470//
f 1112// 470// 1113//
f 1113// 470// 469//
f 1113// 469// 1104//
f 1114// 464// 466//
f 1114// 466// 1115//
f 1115// 466// 468//
f 1115// 468// 1116//
f 1116// 468// 479//
f 1116// 479// 1117//
f 1117// 479// 478//
f 1117// 478// 1118//
f 1118// 478// 477//
f 1118// 477// 1119//
f 1119// 477// 476//
f 1119// 476// 1107//
f 1120// 453// 461//
f 1120// 461// 1121//
f 1121// 461// 460//
f 1121// 460// 1122//
f 1122// 460// 459//
f 1122// 459// 1123//
f 1123// 459// 458//
f 1123// 458// 1124//
f 1124// 458// 457//
f 1124// 457// 1125//
f 1125// 457// 464//
f 1125// 464// 1114//
f 1126// 439// 1127//
f 1127// 439// 112//
f 112// 111// 1127//
f 1127// 111// 463//
f 1127// 463// 1128//
f 1128// 463// 462//
f 1128// 462// 1129//
f 1129// 462// 456//
f 1129// 456// 1130//
f 1130// 456// 455//
f 1130// 455// 1131//
f 1131// 455// 454//
f 1131// 454// 1132//
f 1132// 454// 453//
f 1132// 453// 1120//
f 439// 1126// 1133//
f 1134// 442// 441//
f 1134// 441// 1133//
f 1133// 441// 440//
f 1133// 440// 439//
f 1134// 1135// 442//
f 442// 1135// 420//
f 1136// 427// 426//
f 1136// 426// 1137//
f 1137// 426// 424//
f 1137// 424// 1138//
f 1138// 424// 420//
f 1138// 420// 1135//
f 1139// 430// 435//
f 1139// 435// 1140//
f 1140// 435// 434//
f 1140// 434// 1141//
f 1141// 434// 433//
f 1141// 433// 1142//
f 1142// 433// 438//
f 1142// 438// 1143//
f 1143// 438// 437//
f 1143// 437// 1144//
f 1144// 437// 436//
f 1144// 436// 1145//
f 1145// 436// 427//
f 1145// 427// 1136//
f 1146// 423// 425//
f 1146// 425// 1147//
f 1147// 425// 432//
f 1147// 432// 1148//
f 1148// 432// 431//
f 1148// 431// 1149//
f 1149// 431// 428//
f 1149// 428// 1150//
f 1150// 428// 429//
f 1150// 429// 1151//
f 1151// 429// 430//
f 1151// 430// 1139//
f 1152// 412// 411//
f 1152// 411// 1153//
f 1153// 411// 422//
f 1153// 422// 1154//
f 1154// 422// 421//
f 1154// 421// 1155//
f 1155// 421// 419//
f 1155// 419// 1156//
f 1156// 419// 418//
f 1156// 418// 1157//
f 1157// 418// 423//
f 1157// 423// 1146//
f 450// 449// 1158//
f 1158// 449// 1159//
f 449// 448// 1159//
f 1159// 448// 417//
f 1159// 417// 1160//
f 1160// 417// 416//
f 1160// 416// 1161//
f 1161// 416// 415//
f 1161// 415// 1162//
f 1162// 415// 414//
f 1162// 414// 1163//
f 1163// 414// 413//
f 1163// 413// 1164//
f 1164// 413// 412//
f 1164// 412// 1152//
f 1102// 445// 444//
f 1102// 444// 1165//
f 1165// 444// 452//
f 1165// 452// 1166//
f 1166// 452// 1158//
f 1158// 452// 451//
f 1158// 451// 450//
f 1138// 1135// 1134//
f 1103// 1102// 1106//
f 1106// 1102// 1165//
f 1106// 1165// 1105//
f 1105// 1165// 1166//
f 1105// 1166// 1104//
f 1104// 1166// 1158//
f 1104// 1158// 1113//
f 1113// 1158// 1159//
f 1113// 1159// 1112//
f 1112// 1159// 1160//
f 1112// 1160// 1111//
f 1111// 1160// 1161//
f 1111// 1161// 1110//
f 1110// 1161// 1162//
f 1110// 1162// 1109//
f 1109// 1162// 1163//
f 1109// 1163// 1108//
f 1108// 1163// 1164//
f 1108// 1164// 1107//
f 1164// 1152// 1107//
f 1107// 1152// 1153//
f 1107// 1153// 1119//
f 1119// 1153// 1154//
f 1119// 1154// 1118//
f 1118// 1154// 1155//
f 1118// 1155// 1117//
f 1117// 1155// 1156//
f 1117// 1156// 1116//
f 1116// 1156// 1157//
f 1116// 1157// 1115//
f 1115// 1157// 1146//
f 1115// 1146// 1114//
f 1114// 1146// 1147//
f 1114// 1147// 1125//
f 1125// 1147// 1148//
f 1125// 1148// 1124//
f 1124// 1148// 1149//
f 1124// 1149// 1123//
f 1123// 1149// 1150//
f 1123// 1150// 1122//
f 1122// 1150// 1151//
f 1122// 1151// 1121//
f 1121// 1151// 1139//
f 1138// 1134// 1137//
f 1137// 1134// 1133//
f 1137// 1133// 1136//
f 1136// 1133// 1126//
f 1136// 1126// 1145//
f 1145// 1126// 1127//
f 1145// 1127// 1144//
f 1144// 1127// 1128//
f 1144// 1128// 1143//
f 1143// 1128// 1129//
f 1143// 1129// 1142//
f 1142// 1129// 1130//
f 1142// 1130// 1141//
f 1141// 1130// 1131//
f 1141// 1131// 1140//
f 1140// 1131// 1132//
f 1140// 1132// 1139//
f 1139// 1132// 1120//
f 1139// 1120// 1121//
f 378// 1167// 376//
f 376// 1167// 1168//
f 376// 1168// 368//
f 368// 1168// 1169//
f 368// 1169// 369//
f 369// 1169// 1170//
f 369// 1170// 371//
f 371// 1170// 1171//
f 371// 1171// 372//
f 372// 1171// 1172//
f 372// 1172// 373//
f 373// 1172// 1173//
f 373// 1173// 374//
f 374// 1173// 1174//
f 374// 1174// 375//
f 1175// 358// 1176//
f 1176// 358// 357//
f 357// 364// 1176//
f 1176// 364// 362//
f 1176// 362// 1177//
f 1177// 362// 361//
f 1177// 361// 1178//
f 1178// 361// 367//
f 1178// 367// 1179//
f 1179// 367// 366//
f 1179// 366// 1180//
f 1180// 366// 365//
f 1180// 365// 1181//
f 1181// 365// 375//
f 1181// 375// 1174//
f 1182// 355// 354//
f 1182// 354// 1183//
f 1183// 354// 350//
f 1183// 350// 1184//
f 1184// 350// 349//
f 1184// 349// 1185//
f 1185// 349// 348//
f 1185// 348// 1186//
f 1186// 348// 340//
f 1186// 340// 1187//
f 1187// 340// 342//
f 1187// 342// 1188//
f 1188// 342// 1175//
f 1175// 342// 343//
f 1175// 343// 358//
f 1167// 378// 353//
f 1167// 353// 1189//
f 353// 352// 1189//
f 1189// 352// 351//
f 1189// 351// 1190//
f 1190// 351// 347//
f 1190// 347// 1191//
f 1191// 347// 345//
f 1191// 345// 1192//
f 1192// 345// 344//
f 1192// 344// 1193//
f 1193// 344// 356//
f 1193// 356// 1194//
f 1194// 356// 355//
f 1194// 355// 1182//
f 1195// 1174// 1196//
f 1196// 1174// 1173//
f 1196// 1173// 1197//
f 1197// 1173// 1172//
f 1197// 1172// 1198//
f 1198// 1172// 1171//
f 1198// 1171// 1199//
f 1199// 1171// 1170//
f 1199// 1170// 1200//
f 1200// 1170// 1169//
f 1200// 1169// 1201//
f 1201// 1169// 1168//
f 1201// 1168// 1202//
f 1202// 1168// 1167//
f 1202// 1167// 1203//
f 1203// 1167// 1189//
f 1203// 1189// 1204//
f 1204// 1189// 1190//
f 1204// 1190// 1205//
f 1205// 1190// 1191//
f 1205// 1191// 1206//
f 1206// 1191// 1192//
f 1206// 1192// 1207//
f 1207// 1192// 1193//
f 1207// 1193// 1208//
f 1208// 1193// 1194//
f 1208// 1194// 1209//
f 1209// 1194// 1182//
f 1209// 1182// 1210//
f 1210// 1182// 1183//
f 1210// 1183// 1211//
f 1211// 1183// 1184//
f 1211// 1184// 1212//
f 1212// 1184// 1185//
f 1212// 1185// 1213//
f 1213// 1185// 1186//
f 1213// 1186// 1214//
f 1214// 1186// 1187//
f 1214// 1187// 1215//
f 1215// 1187// 1188//
f 1215// 1188// 1216//
f 1216// 1188// 1175//
f 1216// 1175// 1217//
f 1217// 1175// 1176//
f 1217// 1176// 1218//
f 1218// 1176// 1177//
f 1218// 1177// 1219//
f 1219// 1177// 1178//
f 1219// 1178// 1220//
f 1220// 1178// 1179//
f 1220// 1179// 1221//
f 1221// 1179// 1180//
f 1221// 1180// 1222//
f 1222// 1180// 1181//
f 1222// 1181// 1195//
f 1195// 1181// 1174//
f 1195// 1223// 1224//
f 1195// 1224// 1222//
f 1222// 1224// 1225//
f 1222// 1225// 1221//
f 1221// 1225// 1226//
f 1221// 1226// 1220//
f 1220// 1226// 1227//
f 1220// 1227// 1219//
f 1219// 1227// 1228//
f 1219// 1228// 1218//
f 1218// 1228// 1229//
f 1218// 1229// 1217//
f 1217// 1229// 1230//
f 1217// 1230// 1216//
f 1216// 1230// 1231//
f 1216// 1231// 1215//
f 1215// 1231// 1232//
f 1215// 1232// 1214//
f 1214// 1232// 1233//
f 1214// 1233// 1213//
f 1213// 1233// 1234//
f 1213// 1234// 1212//
f 1212// 1234// 1235//
f 1212// 1235// 1211//
f 1211// 1235// 1236//
f 1211// 1236// 1210//
f 1210// 1236// 1237//
f 1210// 1237// 1209//
f 1209// 1237// 1238//
f 1209// 1238// 1208//
f 1208// 1238// 1239//
f 1208// 1239// 1207//
f 1207// 1239// 1240//
f 1207// 1240// 1206//
f 1206// 1240// 1241//
f 1206// 1241// 1205//
f 1205// 1241// 1242//
f 1205// 1242// 1204//
f 1204// 1242// 1243//
f 1204// 1243// 1203//
f 1203// 1243// 1244//
f 1203// 1244// 1202//
f 1202// 1244// 1245//
f 1202// 1245// 1201//
f 1201// 1245// 1246//
f 1201// 1246// 1200//
f 1200// 1246// 1247//
f 1200// 1247// 1199//
f 1199// 1247// 1248//
f 1199// 1248// 1198//
f 1198// 1248// 1249//
f 1198// 1249// 1197//
f 1197// 1249// 1250//
f 1197// 1250// 1196//
f 1196// 1250// 1223//
f 1196// 1223// 1195//
usemtl 1
f 1232// 1231// 1224//
f 1242// 1241// 1223//
f 1223// 1241// 1240//
f 1223// 1240// 1239//
f 1231// 1230// 1224//
f 1224// 1230// 1229//
f 1224// 1229// 1228//
f 1249// 1248// 1245//
f 1245// 1248// 1247//
f 1245// 1247// 1246//
f 1249// 1245// 1250//
f 1250// 1245// 1244//
f 1250// 1244// 1223//
f 1223// 1244// 1243//
f 1223// 1243// 1242//
f 1239// 1238// 1223//
f 1223// 1238// 1237//
f 1223// 1237// 1224//
f 1224// 1237// 1236//
f 1224// 1236// 1235//
f 1228// 1227// 1224//
f 1224// 1227// 1226//
f 1224// 1226// 1225//
f 1235// 1234// 1224//
f 1224// 1234// 1233//
f 1224// 1233// 1232//
usemtl 2
f 1251// 1252// 488//
f 488// 1252// 482//
f 1252// 1253// 482//
f 482// 1253// 491//
f 1253// 1254// 491//
f 491// 1254// 490//
f 1254// 1255// 490//
f 490// 1255// 489//
f 1255// 1256// 489//
f 489// 1256// 492//
f 1256// 1257// 492//
f 492// 1257// 493//
f 1257// 1258// 493//
f 493// 1258// 494//
f 1258// 1251// 494//
f 494// 1251// 488//
f 1251// 1258// 1256//
f 1256// 1258// 1257//
f 1252// 1251// 1253//
f 1253// 1251// 1256//
f 1253// 1256// 1254//
f 1254// 1256// 1255//
f 1259// 1260// 485//
f 485// 1260// 486//
f 1260// 1261// 486//
f 486// 1261// 487//
f 1261// 1262// 487//
f 487// 1262// 484//
f 1262// 1259// 484//
f 484// 1259// 485//
f 1262// 1261// 1259//
f 1259// 1261// 1260//
f 1263// 1264// 309//
f 309// 1264// 301//
f 1265// 306// 305//
f 1265// 305// 1266//
f 1266// 305// 303//
f 1266// 303// 1267//
f 1267// 303// 301//
f 1267// 301// 1264//
f 1268// 317// 322//
f 1268// 322// 1269//
f 1269// 322// 324//
f 1269// 324// 1270//
f 1270// 324// 323//
f 1270// 323// 1271//
f 1271// 323// 321//
f 1271// 321// 1272//
f 1272// 321// 320//
f 1272// 320// 1273//
f 1273// 320// 316//
f 1273// 316// 1274//
f 1274// 316// 306//
f 1274// 306// 1265//
f 1275// 304// 307//
f 1275// 307// 1276//
f 1276// 307// 308//
f 1276// 308// 1277//
f 1277// 308// 336//
f 1277// 336// 1278//
f 1278// 336// 335//
f 1278// 335// 1279//
f 1279// 335// 319//
f 1279// 319// 1280//
f 1280// 319// 318//
f 1280// 318// 1281//
f 1281// 318// 317//
f 1281// 317// 1268//
f 1275// 1282// 304//
f 304// 1282// 302//
f 1282// 1283// 302//
f 302// 1283// 300//
f 1283// 1284// 300//
f 300// 1284// 311//
f 1285// 315// 314//
f 1285// 314// 1286//
f 1286// 314// 329//
f 1286// 329// 1287//
f 1287// 329// 328//
f 1287// 328// 1288//
f 1288// 328// 327//
f 1288// 327// 1289//
f 1289// 327// 326//
f 1289// 326// 1290//
f 1290// 326// 325//
f 1290// 325// 1291//
f 1291// 325// 313//
f 1291// 313// 1292//
f 1292// 313// 311//
f 1292// 311// 1284//
f 1293// 334// 333//
f 1293// 333// 1294//
f 1294// 333// 331//
f 1294// 331// 1295//
f 1295// 331// 330//
f 1295// 330// 1296//
f 1296// 330// 337//
f 1296// 337// 1297//
f 1297// 337// 339//
f 1297// 339// 1298//
f 1298// 339// 338//
f 1298// 338// 1299//
f 1299// 338// 332//
f 1299// 332// 1300//
f 1300// 332// 315//
f 1300// 315// 1285//
f 1301// 294// 310//
f 1301// 310// 1302//
f 1302// 310// 312//
f 1302// 312// 1303//
f 1303// 312// 334//
f 1303// 334// 1293//
f 1301// 1304// 294//
f 294// 1304// 295//
f 295// 1304// 1305//
f 1306// 290// 291//
f 1306// 291// 1307//
f 1307// 291// 297//
f 1307// 297// 1305//
f 1305// 297// 296//
f 1305// 296// 295//
f 290// 1306// 272//
f 272// 1306// 1308//
f 272// 1308// 273//
f 273// 1308// 1309//
f 273// 1309// 274//
f 274// 1309// 1310//
f 274// 1310// 275//
f 275// 1310// 1311//
f 275// 1311// 276//
f 276// 1311// 1312//
f 276// 1312// 277//
f 277// 1312// 1313//
f 277// 1313// 278//
f 278// 1313// 1314//
f 278// 1314// 279//
f 1315// 283// 285//
f 1315// 285// 1316//
f 1316// 285// 287//
f 1316// 287// 1317//
f 1317// 287// 288//
f 1317// 288// 1318//
f 1318// 288// 282//
f 1318// 282// 1319//
f 1319// 282// 281//
f 1319// 281// 1320//
f 1320// 281// 280//
f 1320// 280// 1321//
f 1321// 280// 279//
f 1321// 279// 1314//
f 1315// 1322// 283//
f 283// 1322// 284//
f 1323// 271// 270//
f 1323// 270// 1324//
f 1324// 270// 269//
f 1324// 269// 1325//
f 1325// 269// 266//
f 1325// 266// 1326//
f 1326// 266// 267//
f 1326// 267// 1327//
f 1327// 267// 268//
f 1327// 268// 1328//
f 1328// 268// 286//
f 1328// 286// 1329//
f 1329// 286// 284//
f 1329// 284// 1322//
f 1330// 259// 256//
f 1330// 256// 1331//
f 1331// 256// 255//
f 1331// 255// 1332//
f 255// 265// 1332//
f 1332// 265// 264//
f 1332// 264// 1333//
f 1333// 264// 262//
f 1333// 262// 1334//
f 1334// 262// 261//
f 1334// 261// 1335//
f 1335// 261// 263//
f 1335// 263// 1336//
f 1336// 263// 271//
f 1336// 271// 1323//
f 259// 1330// 260//
f 260// 1330// 1337//
f 260// 1337// 298//
f 298// 1337// 1338//
f 298// 1338// 299//
f 299// 1338// 1263//
f 299// 1263// 309//
f 1283// 1282// 1284//
f 1284// 1282// 1275//
f 1284// 1275// 1292//
f 1292// 1275// 1276//
f 1264// 1263// 1267//
f 1267// 1263// 1338//
f 1267// 1338// 1266//
f 1266// 1338// 1337//
f 1266// 1337// 1265//
f 1265// 1337// 1330//
f 1265// 1330// 1274//
f 1274// 1330// 1331//
f 1274// 1331// 1273//
f 1273// 1331// 1332//
f 1273// 1332// 1272//
f 1272// 1332// 1333//
f 1272// 1333// 1271//
f 1271// 1333// 1334//
f 1271// 1334// 1270//
f 1270// 1334// 1335//
f 1270// 1335// 1269//
f 1269// 1335// 1336//
f 1269// 1336// 1268//
f 1336// 1323// 1268//
f 1268// 1323// 1324//
f 1268// 1324// 1281//
f 1281// 1324// 1325//
f 1281// 1325// 1280//
f 1280// 1325// 1326//
f 1280// 1326// 1279//
f 1279// 1326// 1327//
f 1279// 1327// 1278//
f 1278// 1327// 1328//
f 1278// 1328// 1277//
f 1277// 1328// 1329//
f 1277// 1329// 1276//
f 1276// 1329// 1322//
f 1276// 1322// 1292//
f 1292// 1322// 1315//
f 1292// 1315// 1291//
f 1291// 1315// 1316//
f 1291// 1316// 1290//
f 1290// 1316// 1317//
f 1290// 1317// 1289//
f 1289// 1317// 1318//
f 1289// 1318// 1288//
f 1288// 1318// 1319//
f 1288// 1319// 1287//
f 1287// 1319// 1320//
f 1287// 1320// 1286//
f 1286// 1320// 1321//
f 1286// 1321// 1285//
f 1285// 1321// 1314//
f 1285// 1314// 1300//
f 1300// 1314// 1313//
f 1300// 1313// 1299//
f 1299// 1313// 1312//
f 1299// 1312// 1298//
f 1298// 1312// 1311//
f 1298// 1311// 1297//
f 1297// 1311// 1310//
f 1297// 1310// 1296//
f 1296// 1310// 1309//
f 1296// 1309// 1295//
f 1295// 1309// 1308//
f 1295// 1308// 1294//
f 1294// 1308// 1306//
f 1294// 1306// 1293//
f 1293// 1306// 1307//
f 1293// 1307// 1303//
f 1303// 1307// 1305//
f 1303// 1305// 1302//
f 1302// 1305// 1304//
f 1302// 1304// 1301//
f 1339// 239// 238//
f 1339// 238// 1340//
f 1340// 238// 233//
f 1340// 233// 1341//
f 1341// 233// 232//
f 1341// 232// 1342//
f 1342// 232// 237//
f 1342// 237// 1343//
f 1343// 237// 236//
f 1343// 236// 1344//
f 1345// 245// 244//
f 1345// 244// 1346//
f 1346// 244// 243//
f 1346// 243// 1347//
f 1347// 243// 248//
f 1347// 248// 1348//
f 1348// 248// 247//
f 1348// 247// 1349//
f 1349// 247// 242//
f 1349// 242// 1350//
f 1350// 242// 241//
f 1350// 241// 1351//
f 1351// 241// 239//
f 1351// 239// 1339//
f 1352// 216// 234//
f 1352// 234// 1353//
f 1353// 234// 240//
f 1353// 240// 1354//
f 1354// 240// 246//
f 1354// 246// 1355//
f 1355// 246// 245//
f 1355// 245// 1345//
f 1352// 1356// 216//
f 216// 1356// 217//
f 1357// 252// 250//
f 1357// 250// 1358//
f 1358// 250// 249//
f 1358// 249// 1359//
f 249// 203// 1359//
f 1359// 203// 202//
f 1359// 202// 1360//
f 1360// 202// 217//
f 1360// 217// 1356//
f 252// 1357// 253//
f 253// 1357// 1361//
f 253// 1361// 254//
f 254// 1361// 1362//
f 254// 1362// 205//
f 205// 1362// 1363//
f 205// 1363// 206//
f 206// 1363// 1364//
f 206// 1364// 207//
f 207// 1364// 1365//
f 207// 1365// 221//
f 221// 1365// 1366//
f 221// 1366// 222//
f 222// 1366// 1367//
f 222// 1367// 223//
f 1368// 226// 212//
f 1368// 212// 1369//
f 1369// 212// 211//
f 1369// 211// 1370//
f 1370// 211// 209//
f 1370// 209// 1371//
f 1371// 209// 208//
f 1371// 208// 1372//
f 1372// 208// 223//
f 1372// 223// 1367//
f 1373// 231// 230//
f 1373// 230// 1374//
f 1374// 230// 229//
f 1374// 229// 1375//
f 1375// 229// 228//
f 1375// 228// 1376//
f 1376// 228// 227//
f 1376// 227// 1377//
f 1377// 227// 226//
f 1377// 226// 1368//
f 1373// 1378// 231//
f 231// 1378// 210//
f 1378// 1379// 210//
f 210// 1379// 224//
f 1379// 1380// 224//
f 224// 1380// 225//
f 1380// 1381// 225//
f 225// 1381// 213//
f 1344// 236// 235//
f 1344// 235// 1382//
f 1382// 235// 220//
f 1382// 220// 1383//
f 1383// 220// 219//
f 1383// 219// 1384//
f 1384// 219// 218//
f 1384// 218// 1385//
f 1385// 218// 214//
f 1385// 214// 1386//
f 1386// 214// 213//
f 1386// 213// 1381//
f 1379// 1378// 1380//
f 1380// 1378// 1373//
f 1380// 1373// 1381//
f 1345// 1358// 1355//
f 1355// 1358// 1359//
f 1355// 1359// 1354//
f 1354// 1359// 1360//
f 1354// 1360// 1353//
f 1353// 1360// 1356//
f 1353// 1356// 1352//
f 1381// 1373// 1386//
f 1386// 1373// 1374//
f 1386// 1374// 1385//
f 1385// 1374// 1375//
f 1385// 1375// 1384//
f 1384// 1375// 1376//
f 1384// 1376// 1383//
f 1383// 1376// 1377//
f 1383// 1377// 1382//
f 1382// 1377// 1368//
f 1382// 1368// 1344//
f 1344// 1368// 1343//
f 1343// 1368// 1369//
f 1343// 1369// 1342//
f 1342// 1369// 1370//
f 1342// 1370// 1341//
f 1341// 1370// 1371//
f 1341// 1371// 1340//
f 1340// 1371// 1372//
f 1340// 1372// 1339//
f 1339// 1372// 1367//
f 1339// 1367// 1351//
f 1351// 1367// 1366//
f 1351// 1366// 1350//
f 1350// 1366// 1365//
f 1350// 1365// 1349//
f 1349// 1365// 1364//
f 1349// 1364// 1348//
f 1348// 1364// 1363//
f 1348// 1363// 1347//
f 1347// 1363// 1362//
f 1347// 1362// 1346//
f 1346// 1362// 1361//
f 1346// 1361// 1345//
f 1345// 1361// 1357//
f 1345// 1357// 1358//
f 1387// 1388// 171//
f 171// 1388// 163//
f 1389// 168// 167//
f 1389// 167// 1390//
f 1390// 167// 165//
f 1390// 165// 1391//
f 1391// 165// 163//
f 1391// 163// 1388//
f 1392// 179// 184//
f 1392// 184// 1393//
f 1393// 184// 186//
f 1393// 186// 1394//
f 1394// 186// 185//
f 1394// 185// 1395//
f 1395// 185// 183//
f 1395// 183// 1396//
f 1396// 183// 182//
f 1396// 182// 1397//
f 1397// 182// 178//
f 1397// 178// 1398//
f 1398// 178// 168//
f 1398// 168// 1389//
f 1399// 166// 169//
f 1399// 169// 1400//
f 1400// 169// 170//
f 1400// 170// 1401//
f 1401// 170// 198//
f 1401// 198// 1402//
f 1402// 198// 197//
f 1402// 197// 1403//
f 1403// 197// 181//
f 1403// 181// 1404//
f 1404// 181// 180//
f 1404// 180// 1405//
f 1405// 180// 179//
f 1405// 179// 1392//
f 1399// 1406// 166//
f 166// 1406// 164//
f 1406// 1407// 164//
f 164// 1407// 162//
f 1407// 1408// 162//
f 162// 1408// 173//
f 1409// 177// 176//
f 1409// 176// 1410//
f 1410// 176// 191//
f 1410// 191// 1411//
f 1411// 191// 190//
f 1411// 190// 1412//
f 1412// 190// 189//
f 1412// 189// 1413//
f 1413// 189// 188//
f 1413// 188// 1414//
f 1414// 188// 187//
f 1414// 187// 1415//
f 1415// 187// 175//
f 1415// 175// 1416//
f 1416// 175// 173//
f 1416// 173// 1408//
f 1417// 196// 195//
f 1417// 195// 1418//
f 1418// 195// 193//
f 1418// 193// 1419//
f 1419// 193// 192//
f 1419// 192// 1420//
f 1420// 192// 199//
f 1420// 199// 1421//
f 1421// 199// 201//
f 1421// 201// 1422//
f 1422// 201// 200//
f 1422// 200// 1423//
f 1423// 200// 194//
f 1423// 194// 1424//
f 1424// 194// 177//
f 1424// 177// 1409//
f 1425// 155// 172//
f 1425// 172// 1426//
f 1426// 172// 174//
f 1426// 174// 1427//
f 1427// 174// 196//
f 1427// 196// 1417//
f 1425// 1428// 155//
f 155// 1428// 153//
f 153// 1428// 1429//
f 1430// 150// 159//
f 1430// 159// 1431//
f 1431// 159// 158//
f 1431// 158// 1429//
f 1429// 158// 157//
f 1429// 157// 153//
f 150// 1430// 151//
f 151// 1430// 1432//
f 151// 1432// 131//
f 131// 1432// 1433//
f 131// 1433// 132//
f 132// 1433// 1434//
f 132// 1434// 141//
f 141// 1434// 1435//
f 141// 1435// 142//
f 142// 1435// 1436//
f 142// 1436// 143//
f 143// 1436// 1437//
f 143// 1437// 144//
f 144// 1437// 1438//
f 144// 1438// 145//
f 1439// 133// 135//
f 1439// 135// 1440//
f 1440// 135// 137//
f 1440// 137// 1441//
f 1441// 137// 139//
f 1441// 139// 1442//
f 1442// 139// 140//
f 1442// 140// 1443//
f 1443// 140// 148//
f 1443// 148// 1444//
f 1444// 148// 146//
f 1444// 146// 1445//
f 1445// 146// 145//
f 1445// 145// 1438//
f 1439// 1446// 133//
f 133// 1446// 134//
f 1447// 121// 130//
f 1447// 130// 1448//
f 1448// 130// 129//
f 1448// 129// 1449//
f 1449// 129// 128//
f 1449// 128// 1450//
f 1450// 128// 147//
f 1450// 147// 1451//
f 1451// 147// 138//
f 1451// 138// 1452//
f 1452// 138// 136//
f 1452// 136// 1453//
f 1453// 136// 134//
f 1453// 134// 1446//
f 1454// 119// 117//
f 1454// 117// 1455//
f 1455// 117// 115//
f 1455// 115// 1456//
f 115// 126// 1456//
f 1456// 126// 125//
f 1456// 125// 1457//
f 1457// 125// 124//
f 1457// 124// 1458//
f 1458// 124// 123//
f 1458// 123// 1459//
f 1459// 123// 122//
f 1459// 122// 1460//
f 1460// 122// 121//
f 1460// 121// 1447//
f 119// 1454// 120//
f 120// 1454// 1461//
f 120// 1461// 160//
f 160// 1461// 1462//
f 160// 1462// 161//
f 161// 1462// 1387//
f 161// 1387// 171//
f 1407// 1406// 1408//
f 1408// 1406// 1399//
f 1408// 1399// 1416//
f 1416// 1399// 1400//
f 1388// 1387// 1391//
f 1391// 1387// 1462//
f 1391// 1462// 1390//
f 1390// 1462// 1461//
f 1390// 1461// 1389//
f 1389// 1461// 1454//
f 1389// 1454// 1398//
f 1398// 1454// 1455//
f 1398// 1455// 1397//
f 1397// 1455// 1456//
f 1397// 1456// 1396//
f 1396// 1456// 1457//
f 1396// 1457// 1395//
f 1395// 1457// 1458//
f 1395// 1458// 1394//
f 1394// 1458// 1459//
f 1394// 1459// 1393//
f 1393// 1459// 1460//
f 1393// 1460// 1392//
f 1460// 1447// 1392//
f 1392// 1447// 1448//
f 1392// 1448// 1405//
f 1405// 1448// 1449//
f 1405// 1449// 1404//
f 1404// 1449// 1450//
f 1404// 1450// 1403//
f 1403// 1450// 1451//
f 1403// 1451// 1402//
f 1402// 1451// 1452//
f 1402// 1452// 1401//
f 1401// 1452// 1453//
f 1401// 1453// 1400//
f 1400// 1453// 1446//
f 1400// 1446// 1416//
f 1416// 1446// 1439//
f 1416// 1439// 1415//
f 1415// 1439// 1440//
f 1415// 1440// 1414//
f 1414// 1440// 1441//
f 1414// 1441// 1413//
f 1413// 1441// 1442//
f 1413// 1442// 1412//
f 1412// 1442// 1443//
f 1412// 1443// 1411//
f 1411// 1443// 1444//
f 1411// 1444// 1410//
f 1410// 1444// 1445//
f 1410// 1445// 1409//
f 1409// 1445// 1438//
f 1409// 1438// 1424//
f 1424// 1438// 1437//
f 1424// 1437// 1423//
f 1423// 1437// 1436//
f 1423// 1436// 1422//
f 1422// 1436// 1435//
f 1422// 1435// 1421//
f 1421// 1435// 1434//
f 1421// 1434// 1420//
f 1420// 1434// 1433//
f 1420// 1433// 1419//
f 1419// 1433// 1432//
f 1419// 1432// 1418//
f 1418// 1432// 1430//
f 1418// 1430// 1417//
f 1417// 1430// 1431//
f 1417// 1431// 1427//
f 1427// 1431// 1429//
f 1427// 1429// 1426//
f 1426// 1429// 1428//
f 1426// 1428// 1425//
f 1463// 1464// 86//
f 86// 1464// 85//
f 1464// 1465// 85//
f 85// 1465// 84//
f 1465// 1466// 84//
f 84// 1466// 104//
f 1466// 1467// 104//
f 104// 1467// 103//
f 1467// 1468// 103//
f 103// 1468// 102//
f 1468// 1469// 102//
f 102// 1469// 81//
f 1469// 1470// 81//
f 81// 1470// 88//
f 1470// 1463// 88//
f 88// 1463// 86//
f 1471// 1467// 1472//
f 1472// 1467// 1466//
f 1473// 1470// 1471//
f 1471// 1470// 1469//
f 1471// 1469// 1467//
f 1467// 1469// 1468//
f 1473// 1474// 1470//
f 1470// 1474// 1475//
f 1470// 1475// 1463//
f 1463// 1475// 1476//
f 1463// 1476// 1477//
f 1477// 1478// 1463//
f 1463// 1478// 1472//
f 1463// 1472// 1464//
f 1464// 1472// 1466//
f 1464// 1466// 1465//
f 1471// 1472// 1479//
f 1479// 1472// 1480//
f 1473// 1471// 1481//
f 1481// 1471// 1479//
f 1473// 1481// 1482//
f 1473// 1482// 1474//
f 1474// 1482// 1483//
f 1474// 1483// 1475//
f 1476// 1475// 1484//
f 1484// 1475// 1483//
f 1476// 1484// 1485//
f 1476// 1485// 1477//
f 1477// 1485// 1486//
f 1477// 1486// 1478//
f 1472// 1478// 1480//
f 1480// 1478// 1486//
f 1487// 1488// 92//
f 92// 1488// 93//
f 1488// 1489// 93//
f 93// 1489// 94//
f 1489// 1490// 94//
f 94// 1490// 95//
f 1491// 106// 105//
f 1491// 105// 1492//
f 1492// 105// 98//
f 1492// 98// 1493//
f 1493// 98// 97//
f 1493// 97// 1494//
f 1494// 97// 96//
f 1494// 96// 1495//
f 1495// 96// 101//
f 1495// 101// 1496//
f 1496// 101// 100//
f 1496// 100// 1497//
f 1497// 100// 99//
f 1497// 99// 1498//
f 1498// 99// 95//
f 1498// 95// 1490//
f 1487// 92// 91//
f 1487// 91// 1499//
f 1499// 91// 90//
f 1499// 90// 1500//
f 1500// 90// 89//
f 1500// 89// 1501//
f 1501// 89// 83//
f 1501// 83// 1502//
f 1502// 83// 82//
f 1502// 82// 1503//
f 1503// 82// 107//
f 1503// 107// 1504//
f 1504// 107// 106//
f 1504// 106// 1491//
f 1493// 1494// 1505//
f 1505// 1494// 1495//
f 1505// 1495// 1506//
f 1506// 1495// 1496//
f 1506// 1496// 1507//
f 1507// 1496// 1497//
f 1507// 1497// 1508//
f 1508// 1497// 1498//
f 1508// 1498// 1509//
f 1509// 1498// 1490//
f 1509// 1490// 1510//
f 1510// 1490// 1489//
f 1510// 1489// 1511//
f 1511// 1489// 1488//
f 1511// 1488// 1512//
f 1512// 1488// 1487//
f 1512// 1487// 1513//
f 1513// 1487// 1499//
f 1513// 1499// 1514//
f 1514// 1499// 1500//
f 1514// 1500// 1515//
f 1515// 1500// 1501//
f 1515// 1501// 1516//
f 1516// 1501// 1502//
f 1516// 1502// 1517//
f 1517// 1502// 1503//
f 1517// 1503// 1518//
f 1518// 1503// 1504//
f 1518// 1504// 1519//
f 1519// 1504// 1491//
f 1519// 1491// 1520//
f 1520// 1491// 1492//
f 1520// 1492// 1521//
f 1521// 1492// 1493//
f 1521// 1493// 1505//
f 1509// 1510// 1522//
f 1522// 1510// 1523//
f 1509// 1522// 1524//
f 1509// 1524// 1508//
f 1508// 1524// 1525//
f 1508// 1525// 1507//
f 1507// 1525// 1526//
f 1507// 1526// 1506//
f 1506// 1526// 1527//
f 1506// 1527// 1505//
f 1505// 1527// 1528//
f 1505// 1528// 1521//
f 1521// 1528// 1529//
f 1521// 1529// 1520//
f 1520// 1529// 1530//
f 1520// 1530// 1519//
f 1519// 1530// 1531//
f 1519// 1531// 1518//
f 1518// 1531// 1532//
f 1518// 1532// 1517//
f 1517// 1532// 1533//
f 1517// 1533// 1516//
f 1516// 1533// 1534//
f 1516// 1534// 1515//
f 1515// 1534// 1535//
f 1515// 1535// 1514//
f 1514// 1535// 1536//
f 1514// 1536// 1513//
f 1513// 1536// 1537//
f 1513// 1537// 1512//
f 1511// 1512// 1538//
f 1538// 1512// 1537//
f 1510// 1511// 1523//
f 1523// 1511// 1538//
f 1539// 1540// 14//
f 14// 1540// 16//
f 1540// 1541// 16//
f 16// 1541// 17//
f 1541// 1542// 17//
f 17// 1542// 20//
f 1542// 1543// 20//
f 20// 1543// 33//
f 1543// 1544// 33//
f 33// 1544// 23//
f 1544// 1545// 23//
f 23// 1545// 21//
f 1545// 1546// 21//
f 21// 1546// 22//
f 1546// 1547// 22//
f 22// 1547// 24//
f 1547// 1548// 24//
f 24// 1548// 27//
f 1548// 1549// 27//
f 27// 1549// 25//
f 1549// 1550// 25//
f 25// 1550// 26//
f 1550// 1539// 26//
f 26// 1539// 14//
f 1541// 1540// 1539//
f 1539// 1550// 1541//
f 1541// 1550// 1549//
f 1541// 1549// 1542//
f 1544// 1543// 1545//
f 1545// 1543// 1542//
f 1545// 1542// 1546//
f 1546// 1542// 1549//
f 1546// 1549// 1547//
f 1547// 1549// 1548//
f 1551// 1552// 19//
f 19// 1552// 18//
f 18// 1552// 1553//
f 1554// 73// 71//
f 1554// 71// 1555//
f 1555// 71// 70//
f 1555// 70// 1553//
f 1553// 70// 80//
f 1553// 80// 18//
f 1556// 59// 58//
f 1556// 58// 1557//
f 1557// 58// 56//
f 1557// 56// 1558//
f 1558// 56// 54//
f 1558// 54// 1559//
f 1559// 54// 53//
f 1559// 53// 1560//
f 1560// 53// 32//
f 1560// 32// 1561//
f 1561// 32// 31//
f 1561// 31// 1562//
f 1562// 31// 1554//
f 1554// 31// 29//
f 1554// 29// 73//
f 1563// 64// 63//
f 1563// 63// 1564//
f 1564// 63// 62//
f 1564// 62// 1565//
f 1565// 62// 61//
f 1565// 61// 1566//
f 1566// 61// 35//
f 1566// 35// 1567//
f 1567// 35// 34//
f 1567// 34// 1568//
f 1568// 34// 60//
f 1568// 60// 1569//
f 1569// 60// 59//
f 1569// 59// 1556//
f 1570// 66// 65//
f 1570// 65// 1571//
f 1571// 65// 64//
f 1571// 64// 1563//
f 1570// 1572// 66//
f 66// 1572// 67//
f 1573// 69// 68//
f 1573// 68// 1574//
f 1574// 68// 67//
f 1574// 67// 1572//
f 1575// 42// 52//
f 1575// 52// 1576//
f 1576// 52// 51//
f 1576// 51// 1577//
f 1577// 51// 41//
f 1577// 41// 1578//
f 1578// 41// 40//
f 1578// 40// 1579//
f 1579// 40// 38//
f 1579// 38// 1580//
f 1580// 38// 37//
f 1580// 37// 1581//
f 1581// 37// 69//
f 1581// 69// 1573//
f 1582// 46// 45//
f 1582// 45// 1583//
f 1583// 45// 47//
f 1583// 47// 1584//
f 1584// 47// 48//
f 1584// 48// 1585//
f 1585// 48// 49//
f 1585// 49// 1586//
f 1586// 49// 44//
f 1586// 44// 1587//
f 1587// 44// 43//
f 1587// 43// 1588//
f 1588// 43// 42//
f 1588// 42// 1575//
f 1551// 19// 39//
f 1551// 39// 1589//
f 1589// 39// 50//
f 1589// 50// 1590//
f 1590// 50// 46//
f 1590// 46// 1582//
f 1583// 1554// 1582//
f 1582// 1554// 1555//
f 1582// 1555// 1590//
f 1590// 1555// 1553//
f 1590// 1553// 1589//
f 1589// 1553// 1552//
f 1589// 1552// 1551//
f 1572// 1570// 1574//
f 1574// 1570// 1571//
f 1574// 1571// 1573//
f 1573// 1571// 1563//
f 1573// 1563// 1581//
f 1581// 1563// 1564//
f 1581// 1564// 1580//
f 1580// 1564// 1565//
f 1580// 1565// 1579//
f 1579// 1565// 1566//
f 1579// 1566// 1578//
f 1578// 1566// 1567//
f 1578// 1567// 1577//
f 1577// 1567// 1568//
f 1577// 1568// 1576//
f 1576// 1568// 1569//
f 1576// 1569// 1575//
f 1575// 1569// 1556//
f 1575// 1556// 1588//
f 1588// 1556// 1557//
f 1588// 1557// 1587//
f 1587// 1557// 1558//
f 1587// 1558// 1586//
f 1586// 1558// 1559//
f 1586// 1559// 1585//
f 1585// 1559// 1560//
f 1585// 1560// 1584//
f 1584// 1560// 1561//
f 1584// 1561// 1583//
f 1583// 1561// 1562//
f 1583// 1562// 1554//
f 1591// 1592// 55//
f 55// 1592// 30//
f 1592// 1593// 30//
f 30// 1593// 28//
f 1593// 1594// 28//
f 28// 1594// 74//
f 1594// 1595// 74//
f 74// 1595// 36//
f 1595// 1596// 36//
f 36// 1596// 57//
f 1596// 1591// 57//
f 57// 1591// 55//
f 1595// 1594// 1596//
f 1596// 1594// 1593//
f 1596// 1593// 1591//
f 1591// 1593// 1592//
usemtl 1
f 1479// 1480// 1481//
f 1481// 1480// 1486//
f 1481// 1486// 1482//
f 1482// 1486// 1485//
f 1482// 1485// 1483//
f 1483// 1485// 1484//
f 1523// 1538// 1522//
f 1522// 1538// 1537//
f 1522// 1537// 1536//
f 1530// 1529// 1522//
f 1522// 1529// 1528//
f 1522// 1528// 1524//
f 1536// 1535// 1522//
f 1522// 1535// 1534//
f 1522// 1534// 1533//
f 1533// 1532// 1522//
f 1522// 1532// 1531//
f 1522// 1531// 1530//
f 1527// 1526// 1528//
f 1528// 1526// 1525//
f 1528// 1525// 1524//
usemtl 3
f 1597// 1598// 1599//
f 1599// 1598// 1600//
f 1601// 9// 1602//
f 1602// 9// 11//
f 1602// 11// 1603//
f 1603// 11// 5//
f 1603// 5// 1604//
f 1604// 5// 7//
f 7// 9// 1604//
f 1604// 9// 1601//
f 1605// 1606// 1607//
f 1607// 1606// 1608//
f 1607// 1608// 1609//
f 1609// 1608// 1610//
f 1609// 1610// 1611//
f 1611// 1610// 1612//
f 1611// 1612// 1613//
f 1613// 1612// 1614//
f 1613// 1614// 1615//
f 1615// 1614// 1616//
f 1615// 1616// 1602//
f 1602// 1616// 1601//
f 1602// 1603// 1615//
f 1615// 1603// 1617//
f 1615// 1617// 1613//
f 1613// 1617// 1618//
f 1613// 1618// 1611//
f 1611// 1618// 1619//
f 1611// 1619// 1609//
f 1609// 1619// 1620//
f 1609// 1620// 1607//
f 1607// 1620// 1621//
f 1607// 1621// 1605//
f 1605// 1621// 1622//
f 1603// 1604// 1617//
f 1617// 1604// 1623//
f 1617// 1623// 1618//
f 1618// 1623// 1624//
f 1618// 1624// 1619//
f 1619// 1624// 1625//
f 1619// 1625// 1620//
f 1620// 1625// 1626//
f 1620// 1626// 1621//
f 1621// 1626// 1627//
f 1621// 1627// 1622//
f 1622// 1627// 1628//
f 1606// 1628// 1627//
f 1606// 1627// 1608//
f 1608// 1627// 1626//
f 1608// 1626// 1610//
f 1610// 1626// 1625//
f 1610// 1625// 1612//
f 1612// 1625// 1624//
f 1612// 1624// 1614//
f 1614// 1624// 1623//
f 1614// 1623// 1616//
f 1616// 1623// 1604//
f 1616// 1604// 1601//
f 1629// 1606// 1630//
f 1630// 1606// 1605//
f 1630// 1605// 1631//
f 1631// 1605// 1622//
f 1631// 1622// 1632//
f 1632// 1622// 1628//
f 1628// 1606// 1632//
f 1632// 1606// 1629//
f 1629// 1630// 1633//
f 1633// 1630// 1634//
f 1633// 1634// 1635//
f 1635// 1634// 1636//
f 1635// 1636// 1637//
f 1637// 1636// 1638//
f 1637// 1638// 1639//
f 1639// 1638// 1640//
f 1639// 1640// 1641//
f 1641// 1640// 1642//
f 1641// 1642// 1643//
f 1643// 1642// 1644//
f 1645// 1644// 1642//
f 1645// 1642// 1646//
f 1646// 1642// 1640//
f 1646// 1640// 1647//
f 1647// 1640// 1638//
f 1647// 1638// 1648//
f 1648// 1638// 1636//
f 1648// 1636// 1649//
f 1649// 1636// 1634//
f 1649// 1634// 1650//
f 1650// 1634// 1630//
f 1650// 1630// 1631//
f 1651// 1645// 1652//
f 1652// 1645// 1646//
f 1652// 1646// 1653//
f 1653// 1646// 1647//
f 1653// 1647// 1654//
f 1654// 1647// 1648//
f 1654// 1648// 1655//
f 1655// 1648// 1649//
f 1655// 1649// 1656//
f 1656// 1649// 1650//
f 1656// 1650// 1632//
f 1632// 1650// 1631//
f 1632// 1629// 1656//
f 1656// 1629// 1633//
f 1656// 1633// 1655//
f 1655// 1633// 1635//
f 1655// 1635// 1654//
f 1654// 1635// 1637//
f 1654// 1637// 1653//
f 1653// 1637// 1639//
f 1653// 1639// 1652//
f 1652// 1639// 1641//
f 1652// 1641// 1651//
f 1651// 1641// 1643//
f 1600// 1643// 1599//
f 1599// 1643// 1644//
f 1599// 1644// 1597//
f 1597// 1644// 1645//
f 1597// 1645// 1598//
f 1598// 1645// 1651//
f 1651// 1643// 1598//
f 1598// 1643// 1600//
f 1657// 1658// 1659//
f 1659// 1658// 1660//
f 1661// 8// 1662//
f 1662// 8// 6//
f 1662// 6// 1663//
f 1663// 6// 523//
f 1663// 523// 1664//
f 1664// 523// 525//
f 525// 8// 1664//
f 1664// 8// 1661//
f 1665// 1666// 1667//
f 1667// 1666// 1668//
f 1667// 1668// 1669//
f 1669// 1668// 1670//
f 1669// 1670// 1671//
f 1671// 1670// 1672//
f 1671// 1672// 1673//
f 1673// 1672// 1674//
f 1673// 1674// 1675//
f 1675// 1674// 1676//
f 1675// 1676// 1662//
f 1662// 1676// 1661//
f 1662// 1663// 1675//
f 1675// 1663// 1677//
f 1675// 1677// 1673//
f 1673// 1677// 1678//
f 1673// 1678// 1671//
f 1671// 1678// 1679//
f 1671// 1679// 1669//
f 1669// 1679// 1680//
f 1669// 1680// 1667//
f 1667// 1680// 1681//
f 1667// 1681// 1665//
f 1665// 1681// 1682//
f 1663// 1664// 1677//
f 1677// 1664// 1683//
f 1677// 1683// 1678//
f 1678// 1683// 1684//
f 1678// 1684// 1679//
f 1679// 1684// 1685//
f 1679// 1685// 1680//
f 1680// 1685// 1686//
f 1680// 1686// 1681//
f 1681// 1686// 1687//
f 1681// 1687// 1682//
f 1682// 1687// 1688//
f 1666// 1688// 1687//
f 1666// 1687// 1668//
f 1668// 1687// 1686//
f 1668// 1686// 1670//
f 1670// 1686// 1685//
f 1670// 1685// 1672//
f 1672// 1685// 1684//
f 1672// 1684// 1674//
f 1674// 1684// 1683//
f 1674// 1683// 1676//
f 1676// 1683// 1664//
f 1676// 1664// 1661//
f 1689// 1666// 1690//
f 1690// 1666// 1665//
f 1690// 1665// 1691//
f 1691// 1665// 1682//
f 1691// 1682// 1692//
f 1692// 1682// 1688//
f 1688// 1666// 1692//
f 1692// 1666// 1689//
f 1689// 1690// 1693//
f 1693// 1690// 1694//
f 1693// 1694// 1695//
f 1695// 1694// 1696//
f 1695// 1696// 1697//
f 1697// 1696// 1698//
f 1697// 1698// 1699//
f 1699// 1698// 1700//
f 1699// 1700// 1701//
f 1701// 1700// 1702//
f 1701// 1702// 1703//
f 1703// 1702// 1704//
f 1705// 1704// 1702//
f 1705// 1702// 1706//
f 1706// 1702// 1700//
f 1706// 1700// 1707//
f 1707// 1700// 1698//
f 1707// 1698// 1708//
f 1708// 1698// 1696//
f 1708// 1696// 1709//
f 1709// 1696// 1694//
f 1709// 1694// 1710//
f 1710// 1694// 1690//
f 1710// 1690// 1691//
f 1711// 1705// 1712//
f 1712// 1705// 1706//
f 1712// 1706// 1713//
f 1713// 1706// 1707//
f 1713// 1707// 1714//
f 1714// 1707// 1708//
f 1714// 1708// 1715//
f 1715// 1708// 1709//
f 1715// 1709// 1716//
f 1716// 1709// 1710//
f 1716// 1710// 1692//
f 1692// 1710// 1691//
f 1692// 1689// 1716//
f 1716// 1689// 1693//
f 1716// 1693// 1715//
f 1715// 1693// 1695//
f 1715// 1695// 1714//
f 1714// 1695// 1697//
f 1714// 1697// 1713//
f 1713// 1697// 1699//
f 1713// 1699// 1712//
f 1712// 1699// 1701//
f 1712// 1701// 1711//
f 1711// 1701// 1703//
f 1660// 1703// 1659//
f 1659// 1703// 1704//
f 1659// 1704// 1657//
f 1657// 1704// 1705//
f 1657// 1705// 1658//
f 1658// 1705// 1711//
f 1711// 1703// 1658//
f 1658// 1703// 1660//
f 1717// 1718// 1719//
f 1719// 1718// 1720//
f 1721// 1// 1722//
f 1722// 1// 3//
f 1722// 3// 1723//
f 1723// 3// 515//
f 1723// 515// 1724//
f 1724// 515// 517//
f 517// 1// 1724//
f 1724// 1// 1721//
f 1725// 1726// 1727//
f 1727// 1726// 1728//
f 1727// 1728// 1729//
f 1729// 1728// 1730//
f 1729// 1730// 1731//
f 1731// 1730// 1732//
f 1731// 1732// 1733//
f 1733// 1732// 1734//
f 1733// 1734// 1735//
f 1735// 1734// 1736//
f 1735// 1736// 1722//
f 1722// 1736// 1721//
f 1722// 1723// 1735//
f 1735// 1723// 1737//
f 1735// 1737// 1733//
f 1733// 1737// 1738//
f 1733// 1738// 1731//
f 1731// 1738// 1739//
f 1731// 1739// 1729//
f 1729// 1739// 1740//
f 1729// 1740// 1727//
f 1727// 1740// 1741//
f 1727// 1741// 1725//
f 1725// 1741// 1742//
f 1723// 1724// 1737//
f 1737// 1724// 1743//
f 1737// 1743// 1738//
f 1738// 1743// 1744//
f 1738// 1744// 1739//
f 1739// 1744// 1745//
f 1739// 1745// 1740//
f 1740// 1745// 1746//
f 1740// 1746// 1741//
f 1741// 1746// 1747//
f 1741// 1747// 1742//
f 1742// 1747// 1748//
f 1726// 1748// 1747//
f 1726// 1747// 1728//
f 1728// 1747// 1746//
f 1728// 1746// 1730//
f 1730// 1746// 1745//
f 1730// 1745// 1732//
f 1732// 1745// 1744//
f 1732// 1744// 1734//
f 1734// 1744// 1743//
f 1734// 1743// 1736//
f 1736// 1743// 1724//
f 1736// 1724// 1721//
f 1749// 1726// 1750//
f 1750// 1726// 1725//
f 1750// 1725// 1751//
f 1751// 1725// 1742//
f 1751// 1742// 1752//
f 1752// 1742// 1748//
f 1748// 1726// 1752//
f 1752// 1726// 1749//
f 1749// 1750// 1753//
f 1753// 1750// 1754//
f 1753// 1754// 1755//
f 1755// 1754// 1756//
f 1755// 1756// 1757//
f 1757// 1756// 1758//
f 1757// 1758// 1759//
f 1759// 1758// 1760//
f 1759// 1760// 1761//
f 1761// 1760// 1762//
f 1761// 1762// 1763//
f 1763// 1762// 1764//
f 1765// 1764// 1762//
f 1765// 1762// 1766//
f 1766// 1762// 1760//
f 1766// 1760// 1767//
f 1767// 1760// 1758//
f 1767// 1758// 1768//
f 1768// 1758// 1756//
f 1768// 1756// 1769//
f 1769// 1756// 1754//
f 1769// 1754// 1770//
f 1770// 1754// 1750//
f 1770// 1750// 1751//
f 1771// 1765// 1772//
f 1772// 1765// 1766//
f 1772// 1766// 1773//
f 1773// 1766// 1767//
f 1773// 1767// 1774//
f 1774// 1767// 1768//
f 1774// 1768// 1775//
f 1775// 1768// 1769//
f 1775// 1769// 1776//
f 1776// 1769// 1770//
f 1776// 1770// 1752//
f 1752// 1770// 1751//
f 1752// 1749// 1776//
f 1776// 1749// 1753//
f 1776// 1753// 1775//
f 1775// 1753// 1755//
f 1775// 1755// 1774//
f 1774// 1755// 1757//
f 1774// 1757// 1773//
f 1773// 1757// 1759//
f 1773// 1759// 1772//
f 1772// 1759// 1761//
f 1772// 1761// 1771//
f 1771// 1761// 1763//
f 1720// 1763// 1719//
f 1719// 1763// 1764//
f 1719// 1764// 1717//
f 1717// 1764// 1765//
f 1717// 1765// 1718//
f 1718// 1765// 1771//
f 1771// 1763// 1718//
f 1718// 1763// 1720//
