v -0.797545 -0.29878 2.1
v -0.786588 -0.29878 2.1
v -0.786588 -0.246951 2.1
newmtl 1
Ka 0.2235294117647059 0.2235294117647059 0.2235294117647059
Kd 0.2235294117647059 0.2235294117647059 0.2235294117647059
Ks 0.11372549019607843 0.11372549019607843 0.11372549019607843
d 0.0
endmtl
v 0.579365 0.231707 2.1
v 0.551229 0.219512 2.1
v 0.582414 0.219512 2.1
v 0.579365 -0.115854 2.1
v 0.579365 -0.17378 2.1
v 0.582414 -0.17378 2.1
v 0.579365 -0.195122 2.1
v 0.582414 -0.246951 2.1
v 0.176926 0.061452 2.1
v 0.176926 0.059165 2.1
v 0.207828 0.071581 2.1
v 0.208221 0.047547 2.1
v 0.237997 0.083746 2.1
v 0.239331 0.035442 2.1
v 0.512292 0.256098 2.1
v 0.512292 0.258003 2.1
v 0.485183 0.249768 2.1
v 0.461238 0.256452 2.1
v 0.458653 0.241425 2.1
v 0.407397 0.219512 2.1
v 0.579365 0.317073 2.1
v 0.582414 0.365854 2.1
v 0.079365 0.317073 2.1
v 0.076316 -0.246951 2.1
v 0.079365 -0.195122 2.1
v 0.076316 -0.17378 2.1
v 0.079365 -0.17378 2.1
v 0.079365 -0.134146 2.1
v 0.410158 0.256098 2.1
v 0.076316 0.219512 2.1
v 0.079365 0.079268 2.1
v 0.079365 0.042683 2.1
v 0.462748 -0.135603 2.1
v 0.512292 -0.139005 2.1
v 0.512292 -0.137386 2.1
v 0.486603 -0.130946 2.1
v 0.461511 -0.122523 2.1
v 0.413111 -0.134146 2.1
v 0.21664 -0.706812 2.1
v 0.17254 -0.678762 2.1
v 0.076316 -2.4 2.1
v 0.268747 -0.724704 2.1
v 0.582414 -2.4 2.1
v 0.431131 -0.714885 2.1
v 0.381465 -0.728273 2.1
v 0.335653 -0.731707 2.1
v 0.10255 -0.586133 2.1
v 0.076316 -0.658537 2.1
v 0.13303 -0.637895 2.1
v 0.152986 -0.658537 2.1
v 0.582414 -0.658537 2.1
v 0.551124 -0.60106 2.1
v 0.514661 -0.655492 2.1
v 0.579365 -0.47037 2.1
v 0.571643 -0.542609 2.1
v 0.514092 -0.65614 2.1
v 0.511431 -0.658537 2.1
v 0.474804 -0.691524 2.1
v 0.085041 -0.528576 2.1
v 0.079365 -0.465225 2.1
v 0.079365 -0.329268 2.1
v 0.579365 -0.329268 2.1
v -1.81 2.4 2.1
v -1.854504 2.394986 2.1
v -0.797545 0.573171 2.1
v -1.896777 2.380194 2.1
v -1.934698 2.356366 2.1
v -2.017686 1.686228 2.1
v -2.040448 1.611191 2.1
v -2.077412 1.542036 2.1
v -0.804155 0.558994 2.1
v -2.004986 2.244504 2.1
v -2.01 2.2 2.1
v -2.01 1.764264 2.1
v -2.127157 1.481421 2.1
v -2.341421 1.267157 2.1
v -2.366294 1.23685 2.1
v -0.803359 0.385806 2.1
v -0.815255 0.434891 2.1
v -2.4 0.365854 2.1
v -0.817076 0.467321 2.1
v -2.4 1.125736 2.1
v -0.813491 0.521505 2.1
v -1.966366 2.324698 2.1
v -1.990194 2.286777 2.1
v -2.384776 1.202273 2.1
v -2.396157 1.164754 2.1
v 2.040448 1.611191 2.1
v 0.582414 0.573945 2.1
v 2.077412 1.542036 2.1
v 0.585463 0.542683 2.1
v 2.127157 1.481421 2.1
v 0.583085 0.487175 2.1
v 2.341421 1.267157 2.1
v 2.4 0.365854 2.1
v 2.4 1.125736 2.1
v 2.396157 1.164754 2.1
v 2.384776 1.202273 2.1
v 2.366294 1.23685 2.1
v 2.017686 1.686228 2.1
v 2.01 1.764264 2.1
v 0.582414 2.4 2.1
v 2.01 2.2 2.1
v 1.81 2.4 2.1
v 2.004986 2.244504 2.1
v 1.990194 2.286777 2.1
v 1.966366 2.324698 2.1
v 1.854504 2.394986 2.1
v 1.934698 2.356366 2.1
v 1.896777 2.380194 2.1
v 2.01 -1.764264 2.1
v 1.81 -2.4 2.1
v 2.017686 -1.686228 2.1
v 2.040448 -1.611191 2.1
v 2.077412 -1.542036 2.1
v 2.127157 -1.481421 2.1
v 2.341421 -1.267157 2.1
v 1.854504 -2.394986 2.1
v 2.004986 -2.244504 2.1
v 2.01 -2.2 2.1
v 1.966366 -2.324698 2.1
v 1.990194 -2.286777 2.1
v 1.934698 -2.356366 2.1
v 1.896777 -2.380194 2.1
v 2.366294 -1.23685 2.1
v 2.384776 -1.202273 2.1
v 2.396157 -1.164754 2.1
v -2.341421 -1.267157 2.1
v -2.127157 -1.481421 2.1
v -0.786588 -0.658537 2.1
v -2.077412 -1.542036 2.1
v -2.040448 -1.611191 2.1
v -2.017686 -1.686228 2.1
v -2.01 -1.764264 2.1
v -0.786588 -2.4 2.1
v -2.01 -2.2 2.1
v -1.81 -2.4 2.1
v -2.4 -0.658537 2.1
v -2.4 -1.125736 2.1
v -2.396157 -1.164754 2.1
v -1.934698 -2.356366 2.1
v -1.896777 -2.380194 2.1
v -1.966366 -2.324698 2.1
v -1.990194 -2.286777 2.1
v -2.004986 -2.244504 2.1
v -1.854504 -2.394986 2.1
v -2.384776 -1.202273 2.1
v -2.366294 -1.23685 2.1
v 0.076316 0.55249 2.1
v 0.073268 0.593655 2.1
v -0.118856 0.365854 2.1
v 0.076316 0.623242 2.1
v -0.118856 2.4 2.1
v 0.582414 0.483967 2.1
v 0.571743 0.432927 2.1
v 0.079365 0.256098 2.1
v 0.076316 0.365854 2.1
v 0.498572 0.432927 2.1
v 0.316131 0.476264 2.1
v 0.288562 0.445395 2.1
v 0.173228 0.418547 2.1
v 0.148219 0.427615 2.1
v 0.090988 0.492271 2.1
v 0.077147 0.541278 2.1
v 0.127003 0.441712 2.1
v 0.108945 0.4609 2.1
v 0.356423 0.546208 2.1
v 0.518201 0.470729 2.1
v 0.38105 0.592682 2.1
v 0.528417 0.513472 2.1
v 0.530585 0.548018 2.1
v 0.263611 0.428203 2.1
v 0.237919 0.418253 2.1
v 0.208271 0.414634 2.1
v 0.472848 0.650913 2.1
v 0.45789 0.652439 2.1
v 0.52742 0.582907 2.1
v 0.519045 0.609193 2.1
v 0.50806 0.627913 2.1
v 0.496885 0.639377 2.1
v 0.438811 0.650243 2.1
v 0.425024 0.644981 2.1
v 0.412622 0.636526 2.1
v 0.399176 0.621193 2.1
v 0.486284 0.64628 2.1
v 0.580072 0.597956 2.1
v 0.349635 0.665238 2.1
v 0.373879 0.692003 2.1
v 0.172353 0.719512 2.1
v 0.076316 2.4 2.1
v 0.079899 0.658006 2.1
v 0.091522 0.703487 2.1
v 0.397104 0.707176 2.1
v 0.422733 0.716371 2.1
v 0.451316 0.719512 2.1
v 0.485869 0.715032 2.1
v 0.509797 0.70526 2.1
v 0.531506 0.689545 2.1
v 0.099182 0.719512 2.1
v 0.309453 0.597275 2.1
v 0.149891 0.68296 2.1
v 0.270565 0.524721 2.1
v 0.13169 0.623738 2.1
v 0.269988 0.523836 2.1
v 0.550136 0.668074 2.1
v 0.56629 0.639958 2.1
v 0.128146 0.586223 2.1
v 0.130943 0.549918 2.1
v 0.137804 0.524543 2.1
v 0.147704 0.506609 2.1
v 0.157515 0.496198 2.1
v 0.167429 0.489578 2.1
v 0.183023 0.483822 2.1
v 0.202746 0.481707 2.1
v 0.252085 0.502331 2.1
v 0.220816 0.484058 2.1
v 0.235114 0.489754 2.1
v -0.365857 -0.560976 2.1
v -0.118856 -0.658537 2.1
v -0.762198 -0.401963 2.1
v -0.560979 -0.390053 2.1
v -0.755461 -0.348825 2.1
v -0.561916 -0.347407 2.1
v -0.736284 -0.29878 2.1
v -0.565171 -0.304878 2.1
v -0.118856 -0.246951 2.1
v -0.310979 -0.323552 2.1
v -0.310979 -0.560976 2.1
v -0.729963 -0.568983 2.1
v -0.760391 -0.548418 2.1
v -0.583747 -0.480442 2.1
v -0.577201 -0.469547 2.1
v -0.566484 -0.440557 2.1
v -0.56104 -0.394672 2.1
v -0.697452 -0.580734 2.1
v -0.75902 -0.435058 2.1
v -0.678484 -0.516833 2.1
v -0.659397 -0.518293 2.1
v -0.633745 -0.515361 2.1
v -0.614617 -0.508246 2.1
v -0.59746 -0.496249 2.1
v -0.510395 -0.461805 2.1
v -0.521892 -0.500791 2.1
v -0.541371 -0.534379 2.1
v -0.563012 -0.556401 2.1
v -0.750379 -0.461307 2.1
v -0.736332 -0.483619 2.1
v -0.70001 -0.51084 2.1
v -0.720309 -0.499193 2.1
v -0.506101 -0.412157 2.1
v -0.365857 -0.376429 2.1
v -0.508006 -0.365854 2.1
v -0.587501 -0.571657 2.1
v -0.616177 -0.581334 2.1
v -0.6553 -0.585366 2.1
v -0.785606 -0.519882 2.1
v -0.786588 -0.518016 2.1
v -0.813491 -0.350446 2.1
v -0.804155 -0.312957 2.1
v -2.4 -0.246951 2.1
v -0.803359 -0.486145 2.1
v -0.815255 -0.43706 2.1
v -0.817076 -0.40463 2.1
v -0.510395 0.410146 2.1
v -0.365857 0.365854 2.1
v -0.506101 0.459794 2.1
v -0.365857 0.495522 2.1
v -0.508006 0.506098 2.1
v -0.786588 0.219512 2.1
v -0.118856 0.219512 2.1
v -0.365857 0.310976 2.1
v -0.310979 0.310976 2.1
v -0.697452 0.291217 2.1
v -0.729963 0.302968 2.1
v -0.760391 0.323534 2.1
v -0.785606 0.352069 2.1
v -0.521892 0.37116 2.1
v -0.524969 0.365854 2.1
v -0.541371 0.337572 2.1
v -0.563012 0.31555 2.1
v -0.587501 0.300294 2.1
v -0.616177 0.290618 2.1
v -0.6553 0.286585 2.1
v -0.310979 0.365854 2.1
v -0.310979 0.548399 2.1
v -0.565171 0.567073 2.1
v -0.786588 2.4 2.1
v -0.786588 0.573171 2.1
v -0.736284 0.573171 2.1
v -0.561916 0.524544 2.1
v -0.755461 0.523126 2.1
v -0.560979 0.481898 2.1
v -0.762198 0.469989 2.1
v -0.75902 0.436893 2.1
v -0.583747 0.39151 2.1
v -0.577201 0.402404 2.1
v -0.566484 0.431394 2.1
v -0.56104 0.477279 2.1
v -0.70001 0.361112 2.1
v -0.678484 0.355119 2.1
v -0.708275 0.365854 2.1
v -0.659397 0.353659 2.1
v -0.633745 0.35659 2.1
v -0.750379 0.410645 2.1
v -0.736332 0.388332 2.1
v -0.59746 0.375702 2.1
v -0.720309 0.372758 2.1
v -0.611544 0.365854 2.1
v -0.614617 0.363705 2.1
v -2.4 0.219512 2.1
v -0.786588 0.353935 2.1
v -0.79286 0.365854 2.1
v -0.451223 0.117664 2.1
v -0.569458 2.86E-4 2.1
v -0.451223 -0.118045 2.1
v -0.485617 0.152439 2.1
v -0.118856 -0.17378 2.1
v -0.786588 -0.17378 2.1
v -0.485998 -0.152439 2.1
v -0.721421 -0.152439 2.1
v -0.603852 -0.034394 2.1
v -0.756101 -0.117664 2.1
v -0.63796 2.86E-4 2.1
v -0.756101 0.117664 2.1
v -0.721421 0.152439 2.1
v -0.603757 0.034108 2.1
v -2.4 -0.17378 2.1
v 2.4 0.219512 2.1
v 2.4 -0.17378 2.1
v 2.4 -0.246951 2.1
v 2.4 -0.658537 2.1
v 2.4 -1.125736 2.1
v -0.118856 -2.4 2.1
v -2.341421 1.267157 0.0
v -2.127157 1.481421 0.0
v -2.0 1.26 0.0
v -2.077412 1.542036 0.0
v -2.040448 1.611191 0.0
v -2.017686 1.686228 0.0
v -2.01 1.764264 0.0
v -2.0 2.26245 0.0
v -2.01 2.2 0.0
v -2.005202 2.243546 0.0
v -0.295732 -0.178644 0.0
v -0.264955 -0.110125 0.0
v -0.250619 -0.132486 0.0
v -0.051829 1.26 0.0
v -0.390244 0.071356 0.0
v -0.423781 0.071356 0.0
v -0.521341 -0.178644 0.0
v -0.230041 -0.152188 0.0
v -0.203938 -0.167358 0.0
v -0.175131 -0.175944 0.0
v -0.144198 -0.178644 0.0
v -0.07622 -0.178644 0.0
v -0.051829 -0.180169 0.0
v -0.07622 0.071356 0.0
v -0.14677 0.071356 0.0
v -0.23961 0.038759 0.0
v -0.257289 0.019155 0.0
v -0.268908 -0.002345 0.0
v -0.484756 -0.178644 0.0
v -2.4 -0.180169 0.0
v -2.4 1.125736 0.0
v -2.396157 1.164754 0.0
v -2.384776 1.202273 0.0
v -2.366294 1.23685 0.0
v -0.182888 0.067495 0.0
v -0.212139 0.057224 0.0
v -0.239349 0.038988 0.0
v -0.332317 -0.178644 0.0
v -0.356183 -0.108522 0.0
v -0.459461 -0.108522 0.0
v -0.275622 -0.026976 0.0
v -0.277439 -0.0505 0.0
v -0.273931 -0.083958 0.0
v -2.040448 -1.611191 0.0
v -2.077412 -1.542036 0.0
v -2.0 -1.26 0.0
v -2.127157 -1.481421 0.0
v -2.341421 -1.267157 0.0
v -2.005202 -2.243546 0.0
v -2.01 -2.2 0.0
v -2.0 -2.26245 0.0
v -2.01 -1.764264 0.0
v -2.017686 -1.686228 0.0
v -2.366294 -1.23685 0.0
v -2.384776 -1.202273 0.0
v -2.396157 -1.164754 0.0
v 0.207398 -0.180169 0.0
v 0.21744 -0.181576 0.0
v -0.051829 -1.26 0.0
v 2.341421 -1.267157 0.0
v 2.127157 -1.481421 0.0
v 2.0 -1.26 0.0
v 2.077412 -1.542036 0.0
v 2.040448 -1.611191 0.0
v 0.224276 -0.181693 0.0
v 0.238978 -0.180169 0.0
v 2.017686 -1.686228 0.0
v 2.01 -1.764264 0.0
v 2.0 -2.26245 0.0
v 2.01 -2.2 0.0
v 2.005202 -2.243546 0.0
v 2.396157 -1.164754 0.0
v 2.384776 -1.202273 0.0
v 2.366294 -1.23685 0.0
v -0.027439 -0.151205 0.0
v -0.027439 -0.178644 0.0
v 0.106707 -0.178644 0.0
v 2.040448 1.611191 0.0
v 2.077412 1.542036 0.0
v 2.0 1.26 0.0
v -0.021341 0.043917 0.0
v 0.073171 0.043917 0.0
v 0.073171 -0.0384 0.0
v 0.155488 -0.165687 0.0
v 0.155488 -0.138248 0.0
v 0.106707 0.071356 0.0
v -2.4 -1.125736 0.0
v 0.182136 -0.176629 0.0
v 0.073171 -0.065839 0.0
v 0.073171 -0.151205 0.0
v -0.015244 -0.065839 0.0
v -0.015244 -0.0384 0.0
v 2.127157 1.481421 0.0
v 2.341421 1.267157 0.0
v 2.366294 1.23685 0.0
v 0.279316 -0.170158 0.0
v 0.362805 -0.178644 0.0
v 0.255085 -0.178499 0.0
v -0.021341 0.071356 0.0
v 0.238651 0.044201 0.0
v 0.257363 0.037448 0.0
v 0.159968 -0.14073 0.0
v 0.274667 0.025872 0.0
v 0.289764 0.009205 0.0
v 0.307927 -0.056312 0.0
v 0.305395 -0.083376 0.0
v 0.298603 -0.10488 0.0
v 0.242973 -0.151638 0.0
v 0.219655 -0.154254 0.0
v 0.261189 -0.144932 0.0
v 0.276532 -0.134591 0.0
v 0.288264 -0.122215 0.0
v 0.18647 -0.150571 0.0
v 0.490854 -0.178644 0.0
v 2.4 -0.180169 0.0
v 2.4 -1.125736 0.0
v 0.328269 0.005509 0.0
v 0.313616 0.028883 0.0
v 0.457317 0.071356 0.0
v 2.005202 2.243546 0.0
v 2.01 2.2 0.0
v 2.0 2.26245 0.0
v 2.01 1.764264 0.0
v 2.017686 1.686228 0.0
v 2.384776 1.202273 0.0
v 2.396157 1.164754 0.0
v 2.4 1.125736 0.0
v 0.30007 -0.010097 0.0
v 0.306734 -0.036861 0.0
v 0.291046 0.050589 0.0
v 0.490854 0.071356 0.0
v 0.299426 -0.157317 0.0
v 0.318204 -0.137547 0.0
v 0.362805 -0.151205 0.0
v 0.331522 -0.113776 0.0
v 0.457317 -0.151205 0.0
v 0.339046 -0.087314 0.0
v 0.341463 -0.05836 0.0
v 0.337867 -0.022818 0.0
v 0.2673 0.064258 0.0
v 0.23943 0.072355 0.0
v 0.21432 0.074404 0.0
v 0.184392 0.072339 0.0
v 0.155488 0.064496 0.0
v 0.155488 0.030959 0.0
v 0.183648 0.043018 0.0
v 0.214034 0.046965 0.0
v 1.81 2.5 0.5
v 1.81 2.5 0.2
v 1.0 2.5 0.5
v 1.273516 2.5 0.2
v 0.636758 2.5 0.2
v 0.0 2.5 0.2
v -1.0 2.5 0.5
v -1.81 2.5 0.2
v -1.81 2.5 0.5
v -1.273516 2.5 0.2
v -0.636758 2.5 0.2
v 1.887623 2.489784 0.2
v 1.887646 2.489778 0.5
v 1.887623 2.489784 0.1
v 1.887645 2.489775 0.1
v 1.946762 2.467013 0.1
v 1.96 2.459808 0.5
v 1.959298 2.458744 0.1
v 2.001618 2.43083 0.1
v 2.022132 2.412132 0.5
v 2.020866 2.410909 0.1
v 2.04728 2.383571 0.1
v 2.069808 2.35 0.5
v 2.068349 2.349108 0.1
v 2.081556 2.327504 0.1
v 2.099778 2.277646 0.5
v 2.098715 2.277283 0.1
v 2.102803 2.265319 0.1
v 2.11 2.2 0.5
v 2.11 2.2 0.1
v -1.887646 2.489778 0.5
v -1.887623 2.489784 0.2
v -2.11 2.2 0.1
v -2.11 2.2 0.5
v -2.102803 2.265319 0.1
v -2.099778 2.277646 0.5
v -2.098715 2.277283 0.1
v -2.081556 2.327504 0.1
v -2.069808 2.35 0.5
v -2.068349 2.349108 0.1
v -2.04728 2.383571 0.1
v -2.022132 2.412132 0.5
v -2.020866 2.410909 0.1
v -2.001618 2.43083 0.1
v -1.96 2.459808 0.5
v -1.959298 2.458744 0.1
v -1.946762 2.467013 0.1
v -1.887645 2.489775 0.1
v -1.887623 2.489784 0.1
v 2.100356 2.264773 0.077748
v 2.079287 2.326438 0.077748
v 2.000017 2.428901 0.077748
v 2.0 2.289338 5.95E-4
v 2.01118 2.29446 0.002507
v 1.887919 2.48964 0.096454
v 1.888757 2.489227 0.093045
v 1.942248 2.458199 0.056612
v 1.92451 2.466181 0.056677
v 1.945619 2.464782 0.077748
v 1.921 2.469245 0.059044
v 1.9 2.483205 0.076344
v 1.898869 2.483823 0.077758
v 1.891671 2.487754 0.086758
v 1.953196 2.43802 0.037745
v 1.941421 2.451421 0.045276
v 1.939571 2.453036 0.046523
v 1.977428 2.401452 0.021943
v 1.977288 2.401735 0.022038
v 1.987683 2.414043 0.037651
v 1.973205 2.41 0.02484
v 1.998267 2.336275 0.005398
v 1.996614 2.344565 0.007022
v 2.002504 2.34893 0.009903
v 1.993627 2.35955 0.009957
v 2.0175 2.360532 0.021817
v 1.993185 2.361764 0.01039
v 2.030312 2.303443 0.009903
v 1.999647 2.315357 0.002636
v 2.0 2.293256 6.81E-4
v 2.0 2.31 0.001929
v 1.995293 2.42321 0.056612
v 1.958452 2.432037 0.034383
v 2.107493 2.2 0.077748
v 2.106263 2.2 0.074233
v 2.093137 2.263163 0.056612
v 2.045297 2.382037 0.077748
v 2.039447 2.377512 0.056612
v 2.030024 2.370221 0.037651
v 1.984672 2.386788 0.016972
v 2.100097 2.2 0.056612
v 2.096129 2.2 0.050297
v 2.081509 2.260569 0.037651
v 2.088183 2.2 0.037651
v 2.080266 2.2 0.029734
v 2.066055 2.257121 0.021817
v 2.072592 2.323295 0.056612
v 2.061808 2.318232 0.037651
v 2.047475 2.311502 0.021817
v 2.072349 2.2 0.021817
v 2.059703 2.2 0.013871
v 2.047549 2.252993 0.009903
v 2.02692 2.248391 0.002507
v 2.053388 2.2 0.009903
v 2.035767 2.2 0.003737
v 2.032252 2.2 0.002507
v -1.945209 2.463981 0.074118
v -1.999442 2.428208 0.074118
v -2.078472 2.326056 0.074118
v -1.887917 2.48964 0.096466
v -2.030463 2.249181 0.003407
v -2.0 2.289872 0.001112
v -2.014465 2.296003 0.003407
v -2.0 2.31 0.001929
v -1.99916 2.322681 0.003605
v -1.998251 2.33639 0.005417
v -2.036297 2.306253 0.013397
v -1.996619 2.344566 0.00702
v -2.007733 2.352976 0.013397
v -1.989096 2.3738 0.013553
v -1.993185 2.361764 0.01039
v -1.984736 2.386633 0.016925
v -2.024114 2.365649 0.029289
v -1.977285 2.401733 0.02204
v -1.98291 2.408294 0.029289
v -1.966133 2.420573 0.029415
v -1.973205 2.41 0.02484
v -1.958555 2.431903 0.034317
v -1.993061 2.420521 0.05
v -1.941421 2.451421 0.045276
v -1.921004 2.469242 0.059041
v -1.940655 2.455089 0.05
v -1.934259 2.457673 0.050104
v -1.939571 2.453036 0.046523
v -1.888626 2.489292 0.093461
v -1.890672 2.488265 0.088537
v -1.894974 2.486011 0.082003
v -1.9 2.483205 0.076344
v -1.902644 2.481447 0.074166
v -2.044585 2.381486 0.074118
v -2.036683 2.375373 0.05
v -2.069429 2.32181 0.05
v -2.055044 2.315056 0.029289
v -2.099477 2.264577 0.074118
v -2.089727 2.262402 0.05
v -2.074216 2.258942 0.029289
v -2.054002 2.254432 0.013397
v -2.106592 2.2 0.074118
v -2.096602 2.2 0.05
v -2.080711 2.2 0.029289
v -2.06 2.2 0.013397
v -2.035882 2.2 0.003407
v -1.81 -2.5 0.2
v -1.81 -2.5 0.5
v -1.887623 -2.489784 0.2
v -1.887646 -2.489778 0.5
v -1.887623 -2.489784 0.1
v -1.887645 -2.489775 0.1
v -1.946762 -2.467013 0.1
v -1.96 -2.459808 0.5
v -1.959298 -2.458744 0.1
v -2.001618 -2.43083 0.1
v -2.022132 -2.412132 0.5
v -2.020866 -2.410909 0.1
v -2.04728 -2.383571 0.1
v -2.069808 -2.35 0.5
v -2.068349 -2.349108 0.1
v -2.081556 -2.327504 0.1
v -2.099778 -2.277646 0.5
v -2.098715 -2.277283 0.1
v -2.102803 -2.265319 0.1
v -2.11 -2.2 0.5
v -2.11 -2.2 0.1
v 1.81 -2.5 0.5
v 1.81 -2.5 0.2
v 1.887646 -2.489778 0.5
v 1.887623 -2.489784 0.2
v 2.11 -2.2 0.1
v 2.11 -2.2 0.5
v 2.102803 -2.265319 0.1
v 2.099778 -2.277646 0.5
v 2.098715 -2.277283 0.1
v 2.081556 -2.327504 0.1
v 2.069808 -2.35 0.5
v 2.068349 -2.349108 0.1
v 2.04728 -2.383571 0.1
v 2.022132 -2.412132 0.5
v 2.020866 -2.410909 0.1
v 2.001618 -2.43083 0.1
v 1.96 -2.459808 0.5
v 1.959298 -2.458744 0.1
v 1.946762 -2.467013 0.1
v 1.887645 -2.489775 0.1
v 1.887623 -2.489784 0.1
v 1.945209 -2.463981 0.074118
v 1.999442 -2.428208 0.074118
v 2.078472 -2.326056 0.074118
v 1.887917 -2.48964 0.096466
v 2.030463 -2.249181 0.003407
v 2.0 -2.289872 0.001112
v 2.014465 -2.296003 0.003407
v 2.0 -2.31 0.001929
v 1.99916 -2.322681 0.003605
v 1.998251 -2.33639 0.005417
v 2.036297 -2.306253 0.013397
v 1.996619 -2.344566 0.00702
v 2.007733 -2.352976 0.013397
v 1.989096 -2.3738 0.013553
v 1.993185 -2.361764 0.01039
v 1.984736 -2.386633 0.016925
v 2.024114 -2.365649 0.029289
v 1.977285 -2.401733 0.02204
v 1.98291 -2.408294 0.029289
v 1.966133 -2.420573 0.029415
v 1.973205 -2.41 0.02484
v 1.958555 -2.431903 0.034317
v 1.993061 -2.420521 0.05
v 1.941421 -2.451421 0.045276
v 1.921004 -2.469242 0.059041
v 1.940655 -2.455089 0.05
v 1.934259 -2.457673 0.050104
v 1.939571 -2.453036 0.046523
v 1.888626 -2.489292 0.093461
v 1.890672 -2.488265 0.088537
v 1.894974 -2.486011 0.082003
v 1.9 -2.483205 0.076344
v 1.902644 -2.481447 0.074166
v 2.044585 -2.381486 0.074118
v 2.036683 -2.375373 0.05
v 2.069429 -2.32181 0.05
v 2.055044 -2.315056 0.029289
v 2.099477 -2.264577 0.074118
v 2.089727 -2.262402 0.05
v 2.074216 -2.258942 0.029289
v 2.054002 -2.254432 0.013397
v 2.106592 -2.2 0.074118
v 2.096602 -2.2 0.05
v 2.080711 -2.2 0.029289
v 2.06 -2.2 0.013397
v 2.035882 -2.2 0.003407
v -2.099477 -2.264577 0.074118
v -2.078472 -2.326056 0.074118
v -1.999442 -2.428208 0.074118
v -2.0 -2.289338 5.95E-4
v -2.014465 -2.296003 0.003407
v -1.998267 -2.336275 0.005398
v -1.996614 -2.344565 0.007022
v -2.007733 -2.352976 0.013397
v -1.984672 -2.386788 0.016972
v -1.977288 -2.401735 0.022038
v -1.98291 -2.408294 0.029289
v -1.887919 -2.48964 0.096454
v -1.888757 -2.489227 0.093045
v -1.891671 -2.487754 0.086758
v -1.945209 -2.463981 0.074118
v -1.940655 -2.455089 0.05
v -1.934259 -2.457672 0.050104
v -1.921 -2.469245 0.059044
v -1.902644 -2.481447 0.074166
v -1.9 -2.483205 0.076344
v -1.958452 -2.432037 0.034383
v -1.941421 -2.451421 0.045276
v -1.939571 -2.453036 0.046523
v -1.973205 -2.41 0.02484
v -1.96613 -2.420568 0.029417
v -1.993061 -2.420521 0.05
v -1.993185 -2.361764 0.01039
v -1.989092 -2.373797 0.013555
v -2.024114 -2.365649 0.029289
v -2.036297 -2.306253 0.013397
v -1.999163 -2.322682 0.003603
v -2.0 -2.293256 6.81E-4
v -2.0 -2.31 0.001929
v -2.044585 -2.381486 0.074118
v -2.036683 -2.375373 0.05
v -2.069429 -2.32181 0.05
v -2.055044 -2.315056 0.029289
v -2.089727 -2.262402 0.05
v -2.074216 -2.258942 0.029289
v -2.054002 -2.254432 0.013397
v -2.030463 -2.249181 0.003407
v -2.106592 -2.2 0.074118
v -2.096602 -2.2 0.05
v -2.080711 -2.2 0.029289
v -2.06 -2.2 0.013397
v -2.035882 -2.2 0.003407
v 1.155919 2.491874 0.5
v 1.310148 2.467586 0.5
v 1.461017 2.427397 0.5
v 1.606892 2.371744 0.5
v 1.746191 2.30123 0.5
v 1.877406 2.216618 0.5
v 2.11 2.00891 0.5
v 1.999115 2.118825 0.5
v 2.5 1.0 0.5
v 2.5 1.125736 0.5
v 2.495737 1.113004 0.5
v 2.494236 1.184263 0.5
v 2.482974 1.225365 0.5
v -2.482974 1.225365 0.5
v -2.494236 1.184263 0.5
v -2.495737 1.113004 0.5
v -2.5 1.125736 0.5
v -2.5 1.0 0.5
v -2.11 2.00891 0.5
v -1.999115 2.118825 0.5
v -1.746191 2.30123 0.5
v -1.606892 2.371744 0.5
v -1.461017 2.427397 0.5
v -1.877406 2.216618 0.5
v -1.310148 2.467586 0.5
v -1.155919 2.491874 0.5
v -1.0 -2.5 0.5
v -1.155919 -2.491874 0.5
v -1.310148 -2.467586 0.5
v -1.461017 -2.427397 0.5
v -1.606892 -2.371744 0.5
v -1.746191 -2.30123 0.5
v -1.877406 -2.216618 0.5
v -2.11 -2.00891 0.5
v -1.999115 -2.118825 0.5
v -2.5 -1.0 0.5
v -2.5 -1.125736 0.5
v -2.495737 -1.113004 0.5
v -2.494236 -1.184263 0.5
v -2.482974 -1.225365 0.5
v 2.482974 -1.225365 0.5
v 2.494236 -1.184263 0.5
v 2.495737 -1.113004 0.5
v 2.5 -1.125736 0.5
v 2.5 -1.0 0.5
v -2.482974 -1.225365 1.6
v -2.494236 -1.184263 1.6
v -2.495737 -1.113004 1.6
v -2.5 -1.125736 1.6
v -2.5 -1.0 1.6
v -2.11 -2.00891 1.6
v -1.999115 -2.118825 1.6
v -2.11 -2.2 1.6
v -2.099778 -2.277646 1.6
v -2.069808 -2.35 1.6
v -1.877406 -2.216618 1.6
v -2.022132 -2.412132 1.6
v -1.96 -2.459808 1.6
v -1.746191 -2.30123 1.6
v -1.887646 -2.489778 1.6
v -1.461017 -2.427397 1.6
v -1.310148 -2.467586 1.6
v -1.81 -2.5 1.6
v -1.155919 -2.491874 1.6
v -1.0 -2.5 1.6
v -1.606892 -2.371744 1.6
v -1.310148 2.467586 1.6
v -1.81 2.5 1.6
v -1.155919 2.491874 1.6
v -1.0 2.5 1.6
v -1.461017 2.427397 1.6
v -1.606892 2.371744 1.6
v -1.887646 2.489778 1.6
v -1.746191 2.30123 1.6
v -1.96 2.459808 1.6
v -1.877406 2.216618 1.6
v -2.022132 2.412132 1.6
v -2.11 2.00891 1.6
v -2.11 2.2 1.6
v -1.999115 2.118825 1.6
v -2.099778 2.277646 1.6
v -2.069808 2.35 1.6
v -2.5 1.0 1.6
v -2.5 1.125736 1.6
v -2.495737 1.113004 1.6
v -2.494236 1.184263 1.6
v -2.482974 1.225365 1.6
v 2.482974 1.225365 1.6
v 2.494236 1.184263 1.6
v 2.495737 1.113004 1.6
v 2.5 1.125736 1.6
v 2.5 1.0 1.6
v 2.11 2.2 1.6
v 2.11 2.00891 1.6
v 1.999115 2.118825 1.6
v 1.746191 2.30123 1.6
v 1.606892 2.371744 1.6
v 1.81 2.5 1.6
v 1.461017 2.427397 1.6
v 1.310148 2.467586 1.6
v 1.155919 2.491874 1.6
v 1.0 2.5 1.6
v 1.887646 2.489778 1.6
v 1.96 2.459808 1.6
v 1.877406 2.216618 1.6
v 2.022132 2.412132 1.6
v 2.069808 2.35 1.6
v 2.099778 2.277646 1.6
v 1.310148 -2.467586 1.6
v 1.81 -2.5 1.6
v 1.155919 -2.491874 1.6
v 1.0 -2.5 1.6
v 2.11 -2.00891 1.6
v 2.11 -2.2 1.6
v 1.999115 -2.118825 1.6
v 2.099778 -2.277646 1.6
v 1.877406 -2.216618 1.6
v 2.069808 -2.35 1.6
v 1.461017 -2.427397 1.6
v 1.606892 -2.371744 1.6
v 1.887646 -2.489778 1.6
v 1.746191 -2.30123 1.6
v 1.96 -2.459808 1.6
v 2.022132 -2.412132 1.6
v 2.5 1.125736 2.0
newmtl 2
Ka 0.6039215686274509 0.6039215686274509 0.6039215686274509
Kd 0.6039215686274509 0.6039215686274509 0.6039215686274509
Ks 0.30196078431372547 0.30196078431372547 0.30196078431372547
d 0.0
endmtl
v 2.5 -1.125736 2.0
v 2.5 -1.0 1.6
v 2.5 -1.125736 1.6
v 1.81 2.5 2.0
v -1.81 2.5 2.0
v -2.5 -1.125736 2.0
v -2.5 1.125736 2.0
v -1.81 -2.5 2.0
v 1.81 -2.5 2.0
v 2.495737 -1.113004 1.6
v 2.489778 -1.203382 1.6
v 2.482974 -1.225365 1.6
v 1.155919 -2.491874 0.5
v 1.0 -2.5 0.5
v 2.11 -2.00891 0.5
v 1.999115 -2.118825 0.5
v 1.746191 -2.30123 0.5
v 1.606892 -2.371744 0.5
v 1.461017 -2.427397 0.5
v 1.310148 -2.467586 0.5
v 1.877406 -2.216618 0.5
v 2.0 -1.0 1.1
v 2.0 -1.0 1.0
v 2.0 1.0 1.1
v 2.0 1.0 1.0
v 1.0 2.0 1.1
v 1.0 2.0 1.0
v -1.0 2.0 1.1
v -1.0 2.0 1.0
v -2.0 1.0 1.1
v -2.0 1.0 1.0
v -2.0 -1.0 1.1
v -2.0 -1.0 1.0
v -1.0 -2.0 1.1
v -1.0 -2.0 1.0
v 1.0 -2.0 1.1
v 1.0 -2.0 1.0
v -1.273516 -2.5 0.2
v -0.636758 -2.5 0.2
v 0.0 -2.5 0.2
v 1.273516 -2.5 0.2
v 0.636758 -2.5 0.2
v -2.5 1.125736 0.1
v -2.5 -1.125736 0.1
v 2.5 -1.125736 0.1
v 2.5 1.125736 0.1
v 2.360327 1.389673 0.5
v 2.412132 1.337868 0.5
v 2.412132 1.337868 0.1
v 2.197868 1.552132 0.5
v 2.21745 1.53255 0.5
v 2.197868 1.552132 0.1
v 2.277527 1.472473 0.5
v 2.305325 1.444675 0.5
v 2.11 1.764264 0.5
v 2.11 1.764264 0.1
v 2.11 1.804929 0.5
v 2.11 1.865196 0.5
v 2.11 1.975269 0.5
v 2.11 1.921988 0.5
v 2.412132 -1.337868 0.5
v 2.399679 -1.350321 0.5
v 2.412132 -1.337868 0.1
v 2.367072 -1.382928 0.5
v 2.197868 -1.552132 0.5
v 2.197868 -1.552132 0.1
v 2.256376 -1.493624 0.5
v 2.312839 -1.437161 0.5
v 2.11 -1.764264 0.1
v 2.11 -1.764264 0.5
v 2.11 -1.819873 0.5
v 2.11 -1.879409 0.5
v 2.11 -1.935371 0.5
v 2.11 -1.987819 0.5
v -2.11 1.764264 0.1
v -2.11 1.764264 0.5
v -2.11 1.819873 0.5
v -2.11 1.879409 0.5
v -2.11 1.935371 0.5
v -2.11 1.987819 0.5
v -2.412132 1.337868 0.1
v -2.412132 1.337868 0.5
v -2.399679 1.350321 0.5
v -2.367072 1.382928 0.5
v -2.312839 1.437161 0.5
v -2.197868 1.552132 0.1
v -2.256376 1.493624 0.5
v -2.197868 1.552132 0.5
v -2.360327 -1.389673 0.5
v -2.412132 -1.337868 0.5
v -2.412132 -1.337868 0.1
v -2.197868 -1.552132 0.5
v -2.21745 -1.53255 0.5
v -2.197868 -1.552132 0.1
v -2.277527 -1.472473 0.5
v -2.305325 -1.444675 0.5
v -2.11 -1.764264 0.5
v -2.11 -1.764264 0.1
v -2.11 -1.804929 0.5
v -2.11 -1.865196 0.5
v -2.11 -1.975269 0.5
v -2.11 -1.921988 0.5
v -2.360327 1.389673 1.6
v -2.412132 1.337868 1.6
v -2.412132 1.337868 2.0
v -2.197868 1.552132 1.6
v -2.21745 1.53255 1.6
v -2.197868 1.552132 2.0
v -2.277527 1.472473 1.6
v -2.305325 1.444675 1.6
v -2.11 1.921988 1.6
v -2.11 1.865196 1.6
v -2.11 1.764264 2.0
v -2.11 1.804929 1.6
v -2.11 1.764264 1.6
v -2.11 2.2 2.0
v -2.11 1.975269 1.6
v 2.11 2.2 2.0
v 2.11 1.764264 2.0
v 2.11 1.764264 1.6
v 2.11 1.819873 1.6
v 2.11 1.879409 1.6
v 2.11 1.935371 1.6
v 2.11 1.987819 1.6
v 2.412132 1.337868 1.6
v 2.399679 1.350321 1.6
v 2.412132 1.337868 2.0
v 2.367072 1.382928 1.6
v 2.197868 1.552132 1.6
v 2.197868 1.552132 2.0
v 2.256376 1.493624 1.6
v 2.312839 1.437161 1.6
v 2.11 -1.921988 1.6
v 2.11 -1.865196 1.6
v 2.11 -1.764264 2.0
v 2.11 -1.804929 1.6
v 2.11 -1.764264 1.6
v 2.11 -2.2 2.0
v 2.11 -1.975269 1.6
v 2.197868 -1.552132 2.0
v 2.197868 -1.552132 1.6
v 2.21745 -1.53255 1.6
v 2.277527 -1.472473 1.6
v 2.305325 -1.444675 1.6
v 2.412132 -1.337868 2.0
v 2.360327 -1.389673 1.6
v 2.412132 -1.337868 1.6
v -2.11 -2.2 2.0
v -2.11 -1.764264 2.0
v -2.11 -1.764264 1.6
v -2.11 -1.819873 1.6
v -2.11 -1.879409 1.6
v -2.11 -1.935371 1.6
v -2.11 -1.987819 1.6
v -2.412132 -1.337868 1.6
v -2.399679 -1.350321 1.6
v -2.412132 -1.337868 2.0
v -2.367072 -1.382928 1.6
v -2.197868 -1.552132 1.6
v -2.197868 -1.552132 2.0
v -2.256376 -1.493624 1.6
v -2.312839 -1.437161 1.6
v -1.933179 -1.359412 0.981831
v -1.922559 -1.385856 0.97686
v -1.935941 -1.352156 1.116873
v -1.103946 -1.994583 1.0
v -1.103946 -1.994583 1.1
v -1.173464 -1.983635 1.0
v -1.173464 -1.983635 1.1
v -1.206765 -1.978391 1.0
v -1.206765 -1.978391 1.1
v -1.307345 -1.951598 1.0
v -1.307345 -1.951598 1.1
v -1.341579 -1.938537 1.0
v -1.341579 -1.938537 1.1
v -1.404594 -1.914496 1.0
v -1.404594 -1.914496 1.1
v -1.49746 -1.867487 1.0
v -1.49746 -1.867487 1.1
v -1.49992 -1.865901 1.0
v -1.49992 -1.865901 1.1
v -1.584937 -1.811079 1.0
v -1.584937 -1.811079 1.1
v -1.64208 -1.765164 1.0
v -1.64208 -1.765164 1.1
v -1.666077 -1.745883 1.0
v -1.666077 -1.745883 1.1
v -1.74 -1.672607 1.0
v -1.74 -1.672607 1.1
v -1.759781 -1.650179 0.999119
v -1.752541 -1.658546 1.100354
v -1.765847 -1.642622 1.101987
v -1.866014 -1.499993 0.96334
v -1.860465 -1.509509 0.966206
v -1.837406 -1.546582 1.121824
v -1.843824 -1.53662 0.975128
v -1.810114 -1.586272 1.111186
v -1.816887 -1.576797 0.986517
v -1.781759 -1.623581 1.103939
v -1.788793 -1.614658 0.994614
v -1.765909 -1.642677 0.998167
v -1.860465 -1.509509 1.133794
v -1.865982 -1.499975 1.136415
v -1.867227 -1.497913 0.962713
v -1.870518 -1.492137 1.13857
v -1.879191 -1.476469 1.140099
v -1.886577 -1.462581 1.138893
v -1.873244 -1.487283 0.960635
v -1.888795 -1.458305 1.138075
v -1.880887 -1.473327 0.959966
v -1.914066 -1.405565 1.127055
v -1.897538 -1.440938 0.965609
v -1.888795 -1.458305 0.961925
v -1.939352 -1.3419 0.984674
v -1.939457 -1.341939 1.115268
v -1.952292 -1.305189 0.990634
v -1.954454 -1.298358 1.10842
v -1.96782 -1.251644 0.996854
v -1.964318 -1.264746 1.104399
v -1.96782 -1.251644 1.103146
v -1.978942 -1.20414 0.99945
v -1.979651 -1.200708 1.100462
v -1.984445 -1.173583 0.999762
v -1.984486 -1.173591 1.100214
v -1.988649 -1.150243 1.0
v -1.988649 -1.150243 1.1
v -1.997158 -1.075336 1.0
v -1.997158 -1.075336 1.1
v 1.997158 -1.075336 1.0
v 1.997158 -1.075336 1.1
v 1.988649 -1.150243 1.0
v 1.988649 -1.150243 1.1
v 1.984486 -1.173591 0.999786
v 1.984445 -1.173583 1.100238
v 1.979651 -1.200708 0.999538
v 1.978942 -1.20414 1.10055
v 1.96782 -1.251644 0.996854
v 1.96782 -1.251644 1.103146
v 1.964318 -1.264746 0.9956
v 1.880887 -1.473327 1.140034
v 1.873244 -1.487283 1.139365
v 1.888795 -1.458305 0.961925
v 1.886577 -1.462581 0.961108
v 1.867227 -1.497913 1.137287
v 1.879191 -1.476469 0.959901
v 1.935941 -1.352156 0.983127
v 1.922559 -1.385856 1.12314
v 1.914066 -1.405565 0.972945
v 1.897538 -1.440938 1.134391
v 1.888795 -1.458305 1.138075
v 1.954454 -1.298358 0.99158
v 1.952292 -1.305189 1.109366
v 1.939457 -1.341939 0.984732
v 1.939352 -1.3419 1.115326
v 1.933179 -1.359412 1.118169
v 1.837406 -1.546582 0.978176
v 1.860465 -1.509509 0.966206
v 1.866014 -1.499993 1.13666
v 1.865982 -1.499975 0.963585
v 1.870518 -1.492137 0.96143
v 1.860465 -1.509509 1.133794
v 1.843824 -1.53662 1.124872
v 1.810114 -1.586272 0.988814
v 1.816887 -1.576797 1.113483
v 1.781759 -1.623581 0.996061
v 1.788793 -1.614658 1.105386
v 1.765847 -1.642622 0.998013
v 1.765909 -1.642677 1.101833
v 1.759781 -1.650179 1.100881
v 1.103946 -1.994583 1.1
v 1.103946 -1.994583 1.0
v 1.173464 -1.983635 1.1
v 1.173464 -1.983635 1.0
v 1.206765 -1.978391 1.1
v 1.206765 -1.978391 1.0
v 1.307345 -1.951598 1.1
v 1.307345 -1.951598 1.0
v 1.341579 -1.938537 1.1
v 1.341579 -1.938537 1.0
v 1.404594 -1.914496 1.1
v 1.404594 -1.914496 1.0
v 1.49746 -1.867487 1.1
v 1.49746 -1.867487 1.0
v 1.49992 -1.865901 1.1
v 1.49992 -1.865901 1.0
v 1.584937 -1.811079 1.1
v 1.584937 -1.811079 1.0
v 1.64208 -1.765164 1.1
v 1.64208 -1.765164 1.0
v 1.666077 -1.745883 1.1
v 1.666077 -1.745883 1.0
v 1.74 -1.672607 1.1
v 1.74 -1.672607 1.0
v 1.752541 -1.658546 0.999646
v 1.933179 1.359412 0.981831
v 1.922559 1.385856 0.97686
v 1.935941 1.352156 1.116873
v 1.103946 1.994583 1.0
v 1.103946 1.994583 1.1
v 1.173464 1.983635 1.0
v 1.173464 1.983635 1.1
v 1.206765 1.978391 1.0
v 1.206765 1.978391 1.1
v 1.307345 1.951598 1.0
v 1.307345 1.951598 1.1
v 1.341579 1.938537 1.0
v 1.341579 1.938537 1.1
v 1.404594 1.914496 1.0
v 1.404594 1.914496 1.1
v 1.49746 1.867487 1.0
v 1.49746 1.867487 1.1
v 1.49992 1.865901 1.0
v 1.49992 1.865901 1.1
v 1.584937 1.811079 1.0
v 1.584937 1.811079 1.1
v 1.64208 1.765164 1.0
v 1.64208 1.765164 1.1
v 1.666077 1.745883 1.0
v 1.666077 1.745883 1.1
v 1.74 1.672607 1.0
v 1.74 1.672607 1.1
v 1.759781 1.650179 0.999119
v 1.752541 1.658546 1.100354
v 1.765847 1.642622 1.101987
v 1.866014 1.499993 0.96334
v 1.860465 1.509509 0.966206
v 1.837406 1.546582 1.121824
v 1.843824 1.53662 0.975128
v 1.810114 1.586272 1.111186
v 1.816887 1.576797 0.986517
v 1.781759 1.623581 1.103939
v 1.788793 1.614658 0.994614
v 1.765909 1.642677 0.998167
v 1.860465 1.509509 1.133794
v 1.865982 1.499975 1.136415
v 1.867227 1.497913 0.962713
v 1.870518 1.492137 1.13857
v 1.879191 1.476469 1.140099
v 1.886577 1.462581 1.138893
v 1.873244 1.487283 0.960635
v 1.888795 1.458305 1.138075
v 1.880887 1.473327 0.959966
v 1.914066 1.405565 1.127055
v 1.897538 1.440938 0.965609
v 1.888795 1.458305 0.961925
v 1.939352 1.3419 0.984674
v 1.939457 1.341939 1.115268
v 1.952292 1.305189 0.990634
v 1.954454 1.298358 1.10842
v 1.96782 1.251644 0.996854
v 1.964318 1.264746 1.104399
v 1.96782 1.251644 1.103146
v 1.978942 1.20414 0.99945
v 1.979651 1.200708 1.100462
v 1.984445 1.173583 0.999762
v 1.984486 1.173591 1.100214
v 1.988649 1.150243 1.0
v 1.988649 1.150243 1.1
v 1.997158 1.075336 1.0
v 1.997158 1.075336 1.1
v -1.997158 1.075336 1.0
v -1.997158 1.075336 1.1
v -1.988649 1.150243 1.0
v -1.988649 1.150243 1.1
v -1.984486 1.173591 0.999786
v -1.984445 1.173583 1.100238
v -1.979651 1.200708 0.999538
v -1.978942 1.20414 1.10055
v -1.96782 1.251644 0.996854
v -1.96782 1.251644 1.103146
v -1.964318 1.264746 0.9956
v -1.880887 1.473327 1.140034
v -1.873244 1.487283 1.139365
v -1.888795 1.458305 0.961925
v -1.886577 1.462581 0.961108
v -1.867227 1.497913 1.137287
v -1.879191 1.476469 0.959901
v -1.935941 1.352156 0.983127
v -1.922559 1.385856 1.12314
v -1.914066 1.405565 0.972945
v -1.897538 1.440938 1.134391
v -1.888795 1.458305 1.138075
v -1.954454 1.298358 0.99158
v -1.952292 1.305189 1.109366
v -1.939457 1.341939 0.984732
v -1.939352 1.3419 1.115326
v -1.933179 1.359412 1.118169
v -1.837406 1.546582 0.978176
v -1.860465 1.509509 0.966206
v -1.866014 1.499993 1.13666
v -1.865982 1.499975 0.963585
v -1.870518 1.492137 0.96143
v -1.860465 1.509509 1.133794
v -1.843824 1.53662 1.124872
v -1.810114 1.586272 0.988814
v -1.816887 1.576797 1.113483
v -1.781759 1.623581 0.996061
v -1.788793 1.614658 1.105386
v -1.765847 1.642622 0.998013
v -1.765909 1.642677 1.101833
v -1.759781 1.650179 1.100881
v -1.103946 1.994583 1.1
v -1.103946 1.994583 1.0
v -1.173464 1.983635 1.1
v -1.173464 1.983635 1.0
v -1.206765 1.978391 1.1
v -1.206765 1.978391 1.0
v -1.307345 1.951598 1.1
v -1.307345 1.951598 1.0
v -1.341579 1.938537 1.1
v -1.341579 1.938537 1.0
v -1.404594 1.914496 1.1
v -1.404594 1.914496 1.0
v -1.49746 1.867487 1.1
v -1.49746 1.867487 1.0
v -1.49992 1.865901 1.1
v -1.49992 1.865901 1.0
v -1.584937 1.811079 1.1
v -1.584937 1.811079 1.0
v -1.64208 1.765164 1.1
v -1.64208 1.765164 1.0
v -1.666077 1.745883 1.1
v -1.666077 1.745883 1.0
v -1.74 1.672607 1.1
v -1.74 1.672607 1.0
v -1.752541 1.658546 0.999646
v 2.185597 1.567084 1.6
v 2.160559 1.597593 2.0
v 2.160559 1.597593 1.6
v 2.147666 1.621715 1.6
v 2.132836 1.649459 2.0
v 2.132836 1.649459 1.6
v 2.11999 1.691808 1.6
v 2.115764 1.705737 2.0
v 2.115764 1.705737 1.6
v -2.114641 1.717144 1.6
v -2.115764 1.705737 2.0
v -2.115764 1.705737 1.6
v -2.126641 1.669882 1.6
v -2.132836 1.649459 2.0
v -2.132836 1.649459 1.6
v -2.15495 1.608087 1.6
v -2.160559 1.597593 2.0
v -2.160559 1.597593 1.6
v -2.494236 1.184263 2.0
v -2.477164 1.240541 2.0
v -2.477164 1.240541 1.6
v -2.449441 1.292407 2.0
v -2.449441 1.292407 1.6
v -2.448892 1.293076 1.6
v -2.449441 -1.292407 2.0
v -2.449441 -1.292407 1.6
v -2.451165 -1.289182 1.6
v -2.477164 -1.240541 2.0
v -2.477164 -1.240541 1.6
v -2.494236 -1.184263 2.0
v -2.185597 -1.567084 1.6
v -2.160559 -1.597593 2.0
v -2.160559 -1.597593 1.6
v -2.147666 -1.621715 1.6
v -2.132836 -1.649459 2.0
v -2.132836 -1.649459 1.6
v -2.11999 -1.691808 1.6
v -2.115764 -1.705737 2.0
v -2.115764 -1.705737 1.6
v 2.449441 1.292407 2.0
v 2.449441 1.292407 1.6
v 2.451165 1.289182 1.6
v 2.477164 1.240541 2.0
v 2.477164 1.240541 1.6
v 2.494236 1.184263 2.0
v -2.448892 -1.293076 0.5
v -2.449441 -1.292407 0.1
v -2.449441 -1.292407 0.5
v -2.477164 -1.240541 0.5
v -2.477164 -1.240541 0.1
v -2.494236 -1.184263 0.1
v -2.494236 1.184263 0.1
v -2.477164 1.240541 0.1
v -2.477164 1.240541 0.5
v -2.451165 1.289182 0.5
v -2.449441 1.292407 0.1
v -2.449441 1.292407 0.5
v -2.115764 1.705737 0.5
v -2.115764 1.705737 0.1
v -2.11999 1.691808 0.5
v -2.132836 1.649459 0.1
v -2.132836 1.649459 0.5
v -2.147666 1.621715 0.5
v -2.160559 1.597593 0.1
v -2.160559 1.597593 0.5
v -2.185597 1.567084 0.5
v 2.160559 1.597593 0.5
v 2.160559 1.597593 0.1
v 2.15495 1.608087 0.5
v 2.132836 1.649459 0.1
v 2.132836 1.649459 0.5
v 2.126641 1.669882 0.5
v 2.115764 1.705737 0.1
v 2.115764 1.705737 0.5
v 2.114641 1.717144 0.5
v -2.160559 -1.597593 0.5
v -2.160559 -1.597593 0.1
v -2.15495 -1.608087 0.5
v -2.132836 -1.649459 0.1
v -2.132836 -1.649459 0.5
v -2.126641 -1.669882 0.5
v -2.115764 -1.705737 0.1
v -2.115764 -1.705737 0.5
v -2.114641 -1.717144 0.5
v 2.448892 1.293076 0.5
v 2.449441 1.292407 0.1
v 2.449441 1.292407 0.5
v 2.477164 1.240541 0.5
v 2.477164 1.240541 0.1
v 2.494236 1.184263 0.1
v 2.115764 -1.705737 0.5
v 2.115764 -1.705737 0.1
v 2.11999 -1.691808 0.5
v 2.132836 -1.649459 0.1
v 2.132836 -1.649459 0.5
v 2.147666 -1.621715 0.5
v 2.160559 -1.597593 0.1
v 2.160559 -1.597593 0.5
v 2.185597 -1.567084 0.5
v 2.449441 -1.292407 0.1
v 2.449441 -1.292407 0.5
v 2.451165 -1.289182 0.5
v 2.477164 -1.240541 0.1
v 2.477164 -1.240541 0.5
v 2.494236 -1.184263 0.1
v 2.449441 -1.292407 2.0
v 2.447386 -1.291924 1.6
v 2.458675 -1.275131 2.0
v 2.459808 -1.275736 1.6
v 2.477164 -1.240541 2.0
v 2.488549 -1.203009 2.0
v 2.494236 -1.184263 2.0
v 2.114641 -1.717144 1.6
v 2.115764 -1.705737 2.0
v 2.115764 -1.705737 1.6
v 2.126641 -1.669882 1.6
v 2.132836 -1.649459 2.0
v 2.132836 -1.649459 1.6
v 2.15495 -1.608087 1.6
v 2.160559 -1.597593 2.0
v 2.160559 -1.597593 1.6
v 2.102479 -2.266756 2.0
v 2.098789 -2.2773 2.0
v 2.080291 -2.330165 2.0
v 2.068388 -2.349108 2.0
v 2.044549 -2.387047 2.0
v 2.020798 -2.410798 2.0
v 1.997047 -2.434549 2.0
v 1.959108 -2.458388 2.0
v 1.940165 -2.470291 2.0
v 1.876756 -2.492478 2.0
v 1.8873 -2.488789 2.0
v -1.876756 -2.492478 2.0
v -1.8873 -2.488789 2.0
v -1.940165 -2.470291 2.0
v -1.959108 -2.458388 2.0
v -1.997047 -2.434549 2.0
v -2.020798 -2.410798 2.0
v -2.044549 -2.387047 2.0
v -2.068388 -2.349108 2.0
v -2.080291 -2.330165 2.0
v -2.102479 -2.266756 2.0
v -2.098789 -2.2773 2.0
v 1.876756 2.492478 2.0
v 1.8873 2.488789 2.0
v 1.940165 2.470291 2.0
v 1.959108 2.458388 2.0
v 1.997047 2.434549 2.0
v 2.020798 2.410798 2.0
v 2.044549 2.387047 2.0
v 2.068388 2.349108 2.0
v 2.080291 2.330165 2.0
v 2.102479 2.266756 2.0
v 2.098789 2.2773 2.0
v -2.102479 2.266756 2.0
v -2.098789 2.2773 2.0
v -2.080291 2.330165 2.0
v -2.068388 2.349108 2.0
v -2.044549 2.387047 2.0
v -2.020798 2.410798 2.0
v -1.997047 2.434549 2.0
v -1.959108 2.458388 2.0
v -1.940165 2.470291 2.0
v -1.876756 2.492478 2.0
v -1.8873 2.488789 2.0
v -1.0 2.413176 1.592404
v 1.0 2.413176 1.592404
v -1.0 2.371083 1.581125
v 1.0 2.371083 1.581125
v -1.0 2.32899 1.569846
v 1.0 2.32899 1.569846
v -1.0 2.25 1.533013
v 1.0 2.25 1.533013
v -1.0 2.178606 1.483022
v 1.0 2.178606 1.483022
v -1.0 2.147792 1.452208
v 1.0 2.147792 1.452208
v -1.0 2.116978 1.421394
v 1.0 2.116978 1.421394
v -1.0 2.066987 1.35
v 1.0 2.066987 1.35
v -1.0 2.030154 1.27101
v 1.0 2.030154 1.27101
v -1.0 2.018875 1.228917
v 1.0 2.018875 1.228917
v -1.0 2.007596 1.186824
v 1.0 2.007596 1.186824
v -1.146894 2.405521 1.592404
v -1.292196 2.382638 1.592404
v -1.434332 2.344776 1.592404
v -1.571763 2.292344 1.592404
v -1.702999 2.225911 1.592404
v -1.826619 2.146197 1.592404
v -1.941284 2.054064 1.592404
v -1.984529 1.894866 1.566334
v -2.014237 1.921869 1.582963
v -2.046117 1.950846 1.588635
v -1.138143 2.321791 1.569846
v -1.785042 1.879103 1.483022
v -1.925 1.840759 1.533013
v -1.832596 1.932354 1.533013
v -1.885209 1.991271 1.569846
v -1.828795 1.753316 1.41908
v -1.848371 1.771108 1.453553
v -1.873881 1.794295 1.480006
v -1.129932 2.243229 1.533013
v -1.122511 2.172222 1.483022
v -1.116105 2.110927 1.421394
v -1.686162 1.768374 1.27101
v -1.789571 1.717663 1.35
v -1.710696 1.795848 1.35
v -1.743993 1.833135 1.421394
v -1.74841 1.680251 1.186328
v -1.752607 1.684066 1.229409
v -1.764913 1.695251 1.269555
v -1.274789 2.300271 1.569846
v -1.408458 2.264664 1.569846
v -1.258456 2.222988 1.533013
v -1.384181 2.189498 1.533013
v -1.243695 2.153137 1.483022
v -1.362238 2.12156 1.483022
v -1.230952 2.092841 1.421394
v -1.343297 2.062914 1.421394
v -1.220616 2.04393 1.35
v -1.327933 2.015343 1.35
v -1.213 2.007893 1.27101
v -1.316612 1.980292 1.27101
v -1.208336 1.985823 1.186824
v -1.309679 1.958827 1.186824
v -1.110909 2.061207 1.35
v -1.10708 2.024573 1.27101
v -1.104735 2.002138 1.186824
v -1.671136 1.751549 1.186824
v -1.589381 1.81724 1.186824
v -1.777376 2.077915 1.569846
v -1.731172 2.013848 1.533013
v -1.689411 1.955942 1.483022
v -1.653362 1.905957 1.421394
v -1.624121 1.86541 1.35
v -1.602575 1.835536 1.27101
v -1.501239 1.874076 1.186824
v -1.66112 2.152881 1.569846
v -1.621826 2.084358 1.533013
v -1.58631 2.022425 1.483022
v -1.555652 1.968963 1.421394
v -1.530784 1.925597 1.35
v -1.512461 1.893644 1.27101
v -1.537702 2.215356 1.569846
v -1.505743 2.14312 1.533013
v -1.476857 2.077831 1.483022
v -1.451923 2.021472 1.421394
v -1.431697 1.975756 1.35
v -1.416794 1.942072 1.27101
v -1.407668 1.921443 1.186824
v 2.046117 1.950846 1.588635
v 1.941284 2.054064 1.592404
v 1.826619 2.146197 1.592404
v 1.702999 2.225911 1.592404
v 1.571763 2.292344 1.592404
v 1.434332 2.344776 1.592404
v 1.292196 2.382638 1.592404
v 1.146894 2.405521 1.592404
v 2.014237 1.921869 1.582963
v 1.885209 1.991271 1.569846
v 1.138143 2.321791 1.569846
v 1.129932 2.243229 1.533013
v 1.122511 2.172222 1.483022
v 1.984529 1.894866 1.566334
v 1.925 1.840759 1.533013
v 1.832596 1.932354 1.533013
v 1.873881 1.794295 1.480006
v 1.785042 1.879103 1.483022
v 1.848371 1.771108 1.453553
v 1.743993 1.833135 1.421394
v 1.116105 2.110927 1.421394
v 1.110909 2.061207 1.35
v 1.10708 2.024573 1.27101
v 1.777376 2.077915 1.569846
v 1.731172 2.013848 1.533013
v 1.689411 1.955942 1.483022
v 1.653362 1.905957 1.421394
v 1.710696 1.795848 1.35
v 1.624121 1.86541 1.35
v 1.686162 1.768374 1.27101
v 1.602575 1.835536 1.27101
v 1.671136 1.751549 1.186824
v 1.589381 1.81724 1.186824
v 1.828795 1.753316 1.41908
v 1.789571 1.717663 1.35
v 1.764913 1.695251 1.269555
v 1.752607 1.684066 1.229409
v 1.74841 1.680251 1.186328
v 1.104735 2.002138 1.186824
v 1.208336 1.985823 1.186824
v 1.274789 2.300271 1.569846
v 1.258456 2.222988 1.533013
v 1.243695 2.153137 1.483022
v 1.230952 2.092841 1.421394
v 1.220616 2.04393 1.35
v 1.213 2.007893 1.27101
v 1.408458 2.264664 1.569846
v 1.384181 2.189498 1.533013
v 1.362238 2.12156 1.483022
v 1.343297 2.062914 1.421394
v 1.327933 2.015343 1.35
v 1.316612 1.980292 1.27101
v 1.309679 1.958827 1.186824
v 1.407668 1.921443 1.186824
v 1.537702 2.215356 1.569846
v 1.505743 2.14312 1.533013
v 1.476857 2.077831 1.483022
v 1.451923 2.021472 1.421394
v 1.431697 1.975756 1.35
v 1.416794 1.942072 1.27101
v 1.66112 2.152881 1.569846
v 1.621826 2.084358 1.533013
v 1.58631 2.022425 1.483022
v 1.555652 1.968963 1.421394
v 1.530784 1.925597 1.35
v 1.512461 1.893644 1.27101
v 1.501239 1.874076 1.186824
v -2.018967 1.698 1.546142
v -2.032243 1.708624 1.558182
v -2.028471 1.744928 1.560883
v -1.842059 1.631414 1.333594
v -1.863523 1.592398 1.332369
v -1.90226 1.636099 1.423839
v -2.015632 1.893409 1.578284
v -1.856383 1.750409 1.446115
v -1.801744 1.698466 1.344162
v -1.768838 1.664324 1.226563
v -1.870136 1.716228 1.436535
v -1.929241 1.816814 1.525865
v -1.93729 1.777737 1.516147
v -1.947052 1.734718 1.507864
v -2.018836 1.847688 1.57172
v -2.023194 1.79819 1.565866
v -1.793649 1.632231 1.224963
v -1.818747 1.597031 1.226521
v -1.843733 1.558709 1.231123
v -1.859591 1.53236 1.235616
v -1.863166 1.53894 1.255059
v -1.877497 1.565314 1.333002
v -1.891853 1.581955 1.36847
v -1.913403 1.606934 1.421711
v -1.944818 1.636027 1.467423
v -1.821303 1.666761 1.337543
v -1.885593 1.678131 1.429054
v -1.95812 1.687754 1.501226
v -1.965745 1.655408 1.497877
v 1.863166 1.53894 1.255059
v 1.859591 1.53236 1.235616
v 1.837701 1.568297 1.229735
v 1.891853 1.581955 1.36847
v 1.877497 1.565314 1.333002
v 1.858276 1.602204 1.332417
v 1.944528 1.745605 1.509745
v 1.955337 1.699513 1.502678
v 1.898131 1.646661 1.424892
v 1.853319 1.758215 1.448759
v 2.015046 1.904065 1.579982
v 1.762831 1.671738 1.227444
v 1.927569 1.825816 1.528439
v 1.935144 1.787677 1.518406
v 1.86659 1.724964 1.438697
v 1.881682 1.687812 1.430679
v 2.027119 1.758199 1.562006
v 2.022033 1.810644 1.567223
v 2.017935 1.859242 1.57327
v 1.797176 1.705705 1.34618
v 1.816381 1.674865 1.338922
v 1.836898 1.640398 1.334308
v 2.032243 1.708624 1.558182
v 2.018967 1.698 1.546142
v 1.965745 1.655408 1.497877
v 1.944818 1.636027 1.467423
v 1.913403 1.606934 1.421711
v 1.812604 1.605929 1.225853
v 1.787527 1.640381 1.225061
v -2.037929 1.615547 1.542773
v -1.952579 1.601966 1.465489
v -1.90027 1.555464 1.367302
v -1.871257 1.520095 1.255739
v -2.025141 1.656894 1.544588
v -1.912198 1.52943 1.365772
v -1.880855 1.502025 1.255789
v -1.894173 1.47732 1.255798
v -1.930686 1.493965 1.365267
v -1.96554 1.567982 1.463231
v -1.98844 1.522356 1.462489
v -2.064295 1.560949 1.542178
v -1.905045 1.45276 1.236199
v -1.908284 1.451655 1.255762
v -1.937466 1.4562 1.329779
v -1.952034 1.458469 1.366728
v -1.98479 1.468413 1.415684
v -2.017546 1.478357 1.46464
v -2.045361 1.488954 1.491033
v -2.101081 1.510183 1.543905
v -2.117169 1.517156 1.55323
v 2.045361 1.488954 1.491033
v 2.017546 1.478357 1.46464
v 2.00908 1.489999 1.46375
v 1.98479 1.468413 1.415684
v 1.952034 1.458469 1.366728
v 1.945981 1.468045 1.366125
v 1.905045 1.45276 1.236199
v 1.90437 1.458732 1.25578
v 1.908284 1.451655 1.255762
v 1.937466 1.4562 1.329779
v 2.090136 1.523365 1.543191
v 2.117169 1.517156 1.55323
v 2.101081 1.510183 1.543905
v 1.926317 1.50189 1.365217
v 1.891148 1.482888 1.255798
v 1.876387 1.510417 1.255773
v 1.906482 1.541548 1.366364
v 1.982791 1.532444 1.462416
v 1.959106 1.583776 1.464102
v 2.031289 1.634716 1.543473
v 2.057503 1.572892 1.542119
v -1.986476 1.354359 1.330426
v -2.009245 1.302325 1.33322
v -2.072843 1.313584 1.429926
v -2.057731 1.468937 1.494501
v -1.912337 1.434121 1.23445
v -1.944977 1.436648 1.330396
v -2.13321 1.497372 1.555915
v -1.974027 1.380562 1.32993
v -1.994115 1.448415 1.418284
v -2.028844 1.391628 1.421387
v -2.044107 1.365324 1.423621
v -1.968324 1.299476 1.224404
v -1.948892 1.352356 1.226936
v -1.938047 1.378608 1.228967
v -2.09998 1.411296 1.499135
v -2.118991 1.38472 1.501999
v -2.155676 1.332644 1.509292
v -1.981776 1.249132 1.207265
v -1.984094 1.248715 1.224555
v -2.015798 1.252148 1.306119
v -2.028452 1.253519 1.338674
v -2.068338 1.260519 1.395819
v -2.09823 1.265766 1.438647
v -2.137218 1.273886 1.472844
v -2.189238 1.284721 1.518473
v -2.253263 1.358472 1.567024
v -2.207494 1.411605 1.561758
v -2.184165 1.438664 1.559599
v -2.219697 1.291717 1.534129
v -2.296009 1.309246 1.573356
v -2.312547 1.313322 1.57715
v 2.166311 1.45931 1.558158
v 1.989732 1.347259 1.330656
v 1.964132 1.400409 1.329882
v 2.01689 1.411649 1.420049
v 2.312547 1.313322 1.57715
v 2.296009 1.309246 1.573356
v 2.285757 1.320983 1.571702
v 2.219697 1.291717 1.534129
v 2.189238 1.284721 1.518473
v 2.181246 1.296103 1.51604
v 2.137218 1.273886 1.472844
v 2.09823 1.265766 1.438647
v 2.092267 1.277139 1.436273
v 1.981776 1.249132 1.207265
v 1.980531 1.260988 1.224244
v 1.984094 1.248715 1.224555
v 2.015798 1.252148 1.306119
v 2.068338 1.260519 1.395819
v 2.028452 1.253519 1.338674
v 2.02403 1.265201 1.337071
v 2.076237 1.307293 1.430896
v 1.970518 1.292914 1.224265
v 1.951707 1.345202 1.226462
v 2.160095 1.326328 1.510352
v 2.124074 1.377558 1.502862
v 2.258845 1.352009 1.567769
v 2.213777 1.404309 1.562397
v 1.929345 1.39835 1.230758
v 2.011868 1.295947 1.333758
v 2.048146 1.358224 1.424327
v 2.08529 1.431576 1.497278
v -2.025575 1.210047 1.31185
v -1.990938 1.204687 1.208766
v -2.081212 1.219967 1.404915
v -2.15521 1.233978 1.483547
v -2.244059 1.251413 1.544017
v -2.343548 1.271447 1.583458
v -2.021358 1.155214 1.269984
v -2.001043 1.152127 1.21126
v -1.998294 1.151709 1.186581
v -2.037602 1.157683 1.316942
v -2.057215 1.160663 1.348513
v -2.096495 1.166633 1.411745
v -2.105167 1.16795 1.420516
v -2.166096 1.17721 1.482145
v -2.174767 1.178527 1.490916
v -2.237281 1.188028 1.530647
v -2.268494 1.192771 1.550484
v -2.314919 1.199826 1.566916
v -2.372976 1.208649 1.587464
v -2.397376 1.212357 1.590245
v 2.397376 1.212357 1.590245
v 2.372976 1.208649 1.587464
v 2.345698 1.267933 1.583765
v 1.998294 1.151709 1.186581
v 2.026428 1.206887 1.312214
v 2.021358 1.155214 1.269984
v 1.99166 1.201424 1.208921
v 2.001043 1.152127 1.21126
v 2.096495 1.166633 1.411745
v 2.057215 1.160663 1.348513
v 2.037602 1.157683 1.316942
v 2.105167 1.16795 1.420516
v 2.082299 1.216836 1.40542
v 2.166096 1.17721 1.482145
v 2.156613 1.230796 1.484101
v 2.314919 1.199826 1.566916
v 2.268494 1.192771 1.550484
v 2.245829 1.248103 1.544508
v 2.237281 1.188028 1.530647
v 2.174767 1.178527 1.490916
v -2.40916 1.106463 1.592404
v -2.413176 1.0 1.592404
v -2.325213 1.10012 1.569846
v -2.246448 1.09417 1.533013
v -2.371083 1.0 1.581125
v -2.32899 1.0 1.569846
v -2.25 1.0 1.533013
v -2.175257 1.088791 1.483022
v -2.178606 1.0 1.483022
v -2.113804 1.084148 1.421394
v -2.063955 1.080382 1.35
v -2.147792 1.0 1.452208
v -2.116978 1.0 1.421394
v -2.066987 1.0 1.35
v -2.027226 1.077607 1.27101
v -2.030154 1.0 1.27101
v -2.018875 1.0 1.228917
v -2.004733 1.075908 1.186824
v -2.007596 1.0 1.186824
v 2.063955 1.080382 1.35
v 2.413176 1.0 1.592404
v 2.40916 1.106463 1.592404
v 2.371083 1.0 1.581125
v 2.325213 1.10012 1.569846
v 2.246448 1.09417 1.533013
v 2.175257 1.088791 1.483022
v 2.113804 1.084148 1.421394
v 2.32899 1.0 1.569846
v 2.25 1.0 1.533013
v 2.178606 1.0 1.483022
v 2.147792 1.0 1.452208
v 2.027226 1.077607 1.27101
v 2.004733 1.075908 1.186824
v 2.007596 1.0 1.186824
v 2.018875 1.0 1.228917
v 2.030154 1.0 1.27101
v 2.066987 1.0 1.35
v 2.116978 1.0 1.421394
v -2.413176 -1.0 1.592404
v -2.371083 -1.0 1.581125
v -2.32899 -1.0 1.569846
v -2.25 -1.0 1.533013
v -2.178606 -1.0 1.483022
v -2.147792 -1.0 1.452208
v -2.116978 -1.0 1.421394
v -2.066987 -1.0 1.35
v -2.030154 -1.0 1.27101
v -2.018875 -1.0 1.228917
v -2.007596 -1.0 1.186824
v 2.413176 -1.0 1.592404
v 2.371083 -1.0 1.581125
v 2.32899 -1.0 1.569846
v 2.25 -1.0 1.533013
v 2.178606 -1.0 1.483022
v 2.147792 -1.0 1.452208
v 2.116978 -1.0 1.421394
v 2.066987 -1.0 1.35
v 2.030154 -1.0 1.27101
v 2.018875 -1.0 1.228917
v 2.007596 -1.0 1.186824
v -2.40916 -1.106463 1.592404
v -2.315343 -1.19989 1.566334
v -2.355033 -1.205922 1.582963
v -2.397626 -1.212395 1.588635
v -2.175257 -1.088791 1.483022
v -2.235811 -1.187804 1.533013
v -2.246448 -1.09417 1.533013
v -2.325213 -1.10012 1.569846
v -2.107281 -1.168272 1.41908
v -2.133433 -1.172246 1.453553
v -2.167516 -1.177426 1.480006
v -2.113804 -1.084148 1.421394
v -2.063955 -1.080382 1.35
v -2.054876 -1.160308 1.35
v -2.027226 -1.077607 1.27101
v -2.021933 -1.155301 1.269555
v -2.004733 -1.075908 1.186824
v -1.999885 -1.151951 1.186328
v -2.005493 -1.152803 1.229409
v 2.397626 -1.212395 1.588635
v 2.40916 -1.106463 1.592404
v 2.355033 -1.205922 1.582963
v 2.325213 -1.10012 1.569846
v 2.246448 -1.09417 1.533013
v 2.175257 -1.088791 1.483022
v 2.315343 -1.19989 1.566334
v 2.235811 -1.187804 1.533013
v 2.167516 -1.177426 1.480006
v 2.133433 -1.172246 1.453553
v 2.113804 -1.084148 1.421394
v 2.063955 -1.080382 1.35
v 2.027226 -1.077607 1.27101
v 2.004733 -1.075908 1.186824
v 1.999885 -1.151951 1.186328
v 2.005493 -1.152803 1.229409
v 2.021933 -1.155301 1.269555
v 2.054876 -1.160308 1.35
v 2.107281 -1.168272 1.41908
v -2.32851 -1.264492 1.578783
v -1.995906 -1.20201 1.226632
v -2.117353 -1.223352 1.446829
v -2.042819 -1.209724 1.344635
v -2.214684 -1.24201 1.5266
v -2.296009 -1.309246 1.573356
v -2.189238 -1.284721 1.518473
v -2.09823 -1.265766 1.438647
v -2.028452 -1.253519 1.338674
v -1.984094 -1.248715 1.224555
v 2.116117 -1.226499 1.446286
v 1.984094 -1.248715 1.224555
v 1.99517 -1.20525 1.226439
v 2.028452 -1.253519 1.338674
v 2.041898 -1.212866 1.344215
v 2.09823 -1.265766 1.438647
v 2.326423 -1.267966 1.578437
v 2.296009 -1.309246 1.573356
v 2.21304 -1.245269 1.526075
v 2.189238 -1.284721 1.518473
v -2.101891 -1.510777 1.54267
v -2.116433 -1.51653 1.554968
v -2.166311 -1.45931 1.558158
v -2.019083 -1.479366 1.463116
v -2.043605 -1.487716 1.493382
v -2.08529 -1.431576 1.497278
v -1.953832 -1.459557 1.365594
v -1.982276 -1.466832 1.417687
v -2.01689 -1.411649 1.420049
v -1.909609 -1.452404 1.255296
v -1.934882 -1.45471 1.330889
v -1.964132 -1.400409 1.329882
v -1.980531 -1.260988 1.224244
v -1.970518 -1.292914 1.224265
v -1.951707 -1.345202 1.226462
v -1.929345 -1.39835 1.230758
v -1.903303 -1.451829 1.236435
v -1.989732 -1.347259 1.330656
v -2.011868 -1.295947 1.333758
v -2.02403 -1.265201 1.337071
v -2.048146 -1.358224 1.424327
v -2.076237 -1.307293 1.430896
v -2.092267 -1.277139 1.436273
v -2.124074 -1.377558 1.502862
v -2.160095 -1.326328 1.510352
v -2.181246 -1.296103 1.51604
v -2.213777 -1.404309 1.562397
v -2.258845 -1.352009 1.567769
v -2.285757 -1.320983 1.571702
v 2.253263 -1.358472 1.567024
v 1.968324 -1.299476 1.224404
v 2.184165 -1.438664 1.559599
v 2.13321 -1.497372 1.555915
v 1.944977 -1.436648 1.330396
v 1.934882 -1.45471 1.330889
v 1.912337 -1.434121 1.23445
v 1.909609 -1.452404 1.255296
v 1.903303 -1.451829 1.236435
v 2.057731 -1.468937 1.494501
v 2.019083 -1.479366 1.463116
v 1.994115 -1.448415 1.418284
v 1.982276 -1.466832 1.417687
v 1.953832 -1.459557 1.365594
v 2.116433 -1.51653 1.554968
v 2.101891 -1.510777 1.54267
v 2.043605 -1.487716 1.493382
v 2.09998 -1.411296 1.499135
v 2.028844 -1.391628 1.421387
v 1.974027 -1.380562 1.32993
v 1.938047 -1.378608 1.228967
v 2.207494 -1.411605 1.561758
v 2.118991 -1.38472 1.501999
v 2.044107 -1.365324 1.423621
v 1.986476 -1.354359 1.330426
v 1.948892 -1.352356 1.226936
v 2.009245 -1.302325 1.33322
v 2.072843 -1.313584 1.429926
v 2.155676 -1.332644 1.509292
v -1.891148 -1.482888 1.255798
v -1.876387 -1.510417 1.255773
v -1.906482 -1.541548 1.366364
v -2.00908 -1.489999 1.46375
v -1.945981 -1.468045 1.366125
v -1.90437 -1.458732 1.25578
v -2.090136 -1.523365 1.543191
v -1.926317 -1.50189 1.365217
v -1.982791 -1.532444 1.462416
v -1.959106 -1.583776 1.464102
v -2.031289 -1.634716 1.543473
v -2.057503 -1.572892 1.542119
v -1.861481 -1.533418 1.235348
v -1.861683 -1.538183 1.255588
v -1.880419 -1.566755 1.331743
v -1.88977 -1.581016 1.369754
v -1.916368 -1.608171 1.419448
v -1.942967 -1.635326 1.469142
v -1.967929 -1.656096 1.495239
v -2.017942 -1.697711 1.547527
v -2.03324 -1.708771 1.556247
v 2.037929 -1.615547 1.542773
v 1.880855 -1.502025 1.255789
v 1.894173 -1.47732 1.255798
v 1.930686 -1.493965 1.365267
v 1.967929 -1.656096 1.495239
v 1.942967 -1.635326 1.469142
v 1.952579 -1.601966 1.465489
v 1.916368 -1.608171 1.419448
v 1.88977 -1.581016 1.369754
v 1.90027 -1.555464 1.367302
v 1.871257 -1.520095 1.255739
v 1.861481 -1.533418 1.235348
v 1.861683 -1.538183 1.255588
v 1.880419 -1.566755 1.331743
v 2.017942 -1.697711 1.547527
v 2.025141 -1.656894 1.544588
v 2.03324 -1.708771 1.556247
v 1.912198 -1.52943 1.365772
v 1.96554 -1.567982 1.463231
v 1.98844 -1.522356 1.462489
v 2.064295 -1.560949 1.542178
v -1.837701 -1.568297 1.229735
v -1.858276 -1.602204 1.332417
v -1.944528 -1.745605 1.509745
v -1.955337 -1.699513 1.502678
v -1.898131 -1.646661 1.424892
v -1.828795 -1.753316 1.41908
v -1.848371 -1.771108 1.453553
v -1.853319 -1.758215 1.448759
v -1.873881 -1.794295 1.480006
v -1.925 -1.840759 1.533013
v -1.927569 -1.825816 1.528439
v -2.046117 -1.950846 1.588635
v -2.015046 -1.904065 1.579982
v -1.984529 -1.894866 1.566334
v -2.014237 -1.921869 1.582963
v -1.789571 -1.717663 1.35
v -1.762831 -1.671738 1.227444
v -1.74841 -1.680251 1.186328
v -1.752607 -1.684066 1.229409
v -1.86659 -1.724964 1.438697
v -1.764913 -1.695251 1.269555
v -1.797176 -1.705705 1.34618
v -1.816381 -1.674865 1.338922
v -1.836898 -1.640398 1.334308
v -2.027119 -1.758199 1.562006
v -2.022033 -1.810644 1.567223
v -2.017935 -1.859242 1.57327
v -1.787527 -1.640381 1.225061
v -1.812604 -1.605929 1.225853
v -1.935144 -1.787677 1.518406
v -1.881682 -1.687812 1.430679
v 2.028471 -1.744928 1.560883
v 1.842059 -1.631414 1.333594
v 1.863523 -1.592398 1.332369
v 1.90226 -1.636099 1.423839
v 2.046117 -1.950846 1.588635
v 2.014237 -1.921869 1.582963
v 2.015632 -1.893409 1.578284
v 1.873881 -1.794295 1.480006
v 1.848371 -1.771108 1.453553
v 1.856383 -1.750409 1.446115
v 1.828795 -1.753316 1.41908
v 1.789571 -1.717663 1.35
v 1.801744 -1.698466 1.344162
v 1.74841 -1.680251 1.186328
v 1.768838 -1.664324 1.226563
v 1.764913 -1.695251 1.269555
v 1.752607 -1.684066 1.229409
v 1.925 -1.840759 1.533013
v 1.870136 -1.716228 1.436535
v 1.984529 -1.894866 1.566334
v 1.929241 -1.816814 1.525865
v 1.93729 -1.777737 1.516147
v 1.947052 -1.734718 1.507864
v 2.018836 -1.847688 1.57172
v 2.023194 -1.79819 1.565866
v 1.793649 -1.632231 1.224963
v 1.818747 -1.597031 1.226521
v 1.843733 -1.558709 1.231123
v 1.821303 -1.666761 1.337543
v 1.885593 -1.678131 1.429054
v 1.95812 -1.687754 1.501226
v -1.941284 -2.054064 1.592404
v -1.826619 -2.146197 1.592404
v -1.702999 -2.225911 1.592404
v -1.571763 -2.292344 1.592404
v -1.434332 -2.344776 1.592404
v -1.292196 -2.382638 1.592404
v -1.146894 -2.405521 1.592404
v -1.0 -2.413176 1.592404
v -1.885209 -1.991271 1.569846
v -1.0 -2.371083 1.581125
v -1.138143 -2.321791 1.569846
v -1.0 -2.32899 1.569846
v -1.129932 -2.243229 1.533013
v -1.0 -2.25 1.533013
v -1.122511 -2.172222 1.483022
v -1.0 -2.178606 1.483022
v -1.832596 -1.932354 1.533013
v -1.785042 -1.879103 1.483022
v -1.743993 -1.833135 1.421394
v -1.0 -2.147792 1.452208
v -1.116105 -2.110927 1.421394
v -1.0 -2.116978 1.421394
v -1.110909 -2.061207 1.35
v -1.0 -2.066987 1.35
v -1.10708 -2.024573 1.27101
v -1.0 -2.030154 1.27101
v -1.777376 -2.077915 1.569846
v -1.731172 -2.013848 1.533013
v -1.689411 -1.955942 1.483022
v -1.653362 -1.905957 1.421394
v -1.710696 -1.795848 1.35
v -1.624121 -1.86541 1.35
v -1.686162 -1.768374 1.27101
v -1.602575 -1.835536 1.27101
v -1.671136 -1.751549 1.186824
v -1.589381 -1.81724 1.186824
v -1.0 -2.018875 1.228917
v -1.104735 -2.002138 1.186824
v -1.0 -2.007596 1.186824
v -1.208336 -1.985823 1.186824
v -1.274789 -2.300271 1.569846
v -1.258456 -2.222988 1.533013
v -1.243695 -2.153137 1.483022
v -1.230952 -2.092841 1.421394
v -1.220616 -2.04393 1.35
v -1.213 -2.007893 1.27101
v -1.408458 -2.264664 1.569846
v -1.384181 -2.189498 1.533013
v -1.362238 -2.12156 1.483022
v -1.343297 -2.062914 1.421394
v -1.327933 -2.015343 1.35
v -1.316612 -1.980292 1.27101
v -1.309679 -1.958827 1.186824
v -1.407668 -1.921443 1.186824
v -1.537702 -2.215356 1.569846
v -1.505743 -2.14312 1.533013
v -1.476857 -2.077831 1.483022
v -1.451923 -2.021472 1.421394
v -1.431697 -1.975756 1.35
v -1.416794 -1.942072 1.27101
v -1.66112 -2.152881 1.569846
v -1.621826 -2.084358 1.533013
v -1.58631 -2.022425 1.483022
v -1.555652 -1.968963 1.421394
v -1.530784 -1.925597 1.35
v -1.512461 -1.893644 1.27101
v -1.501239 -1.874076 1.186824
v 1.0 -2.413176 1.592404
v 1.146894 -2.405521 1.592404
v 1.292196 -2.382638 1.592404
v 1.434332 -2.344776 1.592404
v 1.571763 -2.292344 1.592404
v 1.702999 -2.225911 1.592404
v 1.826619 -2.146197 1.592404
v 1.941284 -2.054064 1.592404
v 1.0 -2.371083 1.581125
v 1.138143 -2.321791 1.569846
v 1.785042 -1.879103 1.483022
v 1.832596 -1.932354 1.533013
v 1.885209 -1.991271 1.569846
v 1.0 -2.32899 1.569846
v 1.0 -2.25 1.533013
v 1.129932 -2.243229 1.533013
v 1.0 -2.178606 1.483022
v 1.122511 -2.172222 1.483022
v 1.0 -2.147792 1.452208
v 1.116105 -2.110927 1.421394
v 1.686162 -1.768374 1.27101
v 1.710696 -1.795848 1.35
v 1.743993 -1.833135 1.421394
v 1.274789 -2.300271 1.569846
v 1.408458 -2.264664 1.569846
v 1.258456 -2.222988 1.533013
v 1.384181 -2.189498 1.533013
v 1.243695 -2.153137 1.483022
v 1.362238 -2.12156 1.483022
v 1.230952 -2.092841 1.421394
v 1.343297 -2.062914 1.421394
v 1.220616 -2.04393 1.35
v 1.327933 -2.015343 1.35
v 1.213 -2.007893 1.27101
v 1.316612 -1.980292 1.27101
v 1.208336 -1.985823 1.186824
v 1.309679 -1.958827 1.186824
v 1.110909 -2.061207 1.35
v 1.10708 -2.024573 1.27101
v 1.104735 -2.002138 1.186824
v 1.0 -2.116978 1.421394
v 1.0 -2.066987 1.35
v 1.0 -2.030154 1.27101
v 1.0 -2.018875 1.228917
v 1.0 -2.007596 1.186824
v 1.671136 -1.751549 1.186824
v 1.589381 -1.81724 1.186824
v 1.777376 -2.077915 1.569846
v 1.731172 -2.013848 1.533013
v 1.689411 -1.955942 1.483022
v 1.653362 -1.905957 1.421394
v 1.624121 -1.86541 1.35
v 1.602575 -1.835536 1.27101
v 1.501239 -1.874076 1.186824
v 1.66112 -2.152881 1.569846
v 1.621826 -2.084358 1.533013
v 1.58631 -2.022425 1.483022
v 1.555652 -1.968963 1.421394
v 1.530784 -1.925597 1.35
v 1.512461 -1.893644 1.27101
v 1.537702 -2.215356 1.569846
v 1.505743 -2.14312 1.533013
v 1.476857 -2.077831 1.483022
v 1.451923 -2.021472 1.421394
v 1.431697 -1.975756 1.35
v 1.416794 -1.942072 1.27101
v 1.407668 -1.921443 1.186824
v -2.007596 -1.0 0.913176
v -2.007596 1.0 0.913176
v -2.018875 -1.0 0.871083
v -2.018875 1.0 0.871083
v -2.030154 -1.0 0.82899
v -2.030154 1.0 0.82899
v -2.066987 -1.0 0.75
v -2.066987 1.0 0.75
v -2.116978 -1.0 0.678606
v -2.116978 1.0 0.678606
v -2.147792 -1.0 0.647792
v -2.147792 1.0 0.647792
v -2.178606 -1.0 0.616978
v -2.178606 1.0 0.616978
v -2.25 -1.0 0.566987
v -2.25 1.0 0.566987
v -2.32899 -1.0 0.530154
v -2.32899 1.0 0.530154
v -2.371083 -1.0 0.518875
v -2.371083 1.0 0.518875
v -2.413176 -1.0 0.507596
v -2.413176 1.0 0.507596
v -2.004733 -1.075908 0.913176
v -1.999885 -1.151951 0.913672
v -2.027226 -1.077607 0.82899
v -2.005493 -1.152803 0.870591
v -2.021933 -1.155301 0.830445
v -2.063955 -1.080382 0.75
v -2.054876 -1.160308 0.75
v -2.113804 -1.084148 0.678606
v -2.107281 -1.168272 0.68092
v -2.175257 -1.088791 0.616978
v -2.133433 -1.172246 0.646447
v -2.167516 -1.177426 0.619994
v -2.246448 -1.09417 0.566987
v -2.235811 -1.187804 0.566987
v -2.325213 -1.10012 0.530154
v -2.315343 -1.19989 0.533666
v -2.355033 -1.205922 0.517037
v -2.40916 -1.106463 0.507596
v -2.397626 -1.212395 0.511365
v -2.246448 1.09417 0.566987
v -2.235811 1.187804 0.566987
v -2.315343 1.19989 0.533666
v -2.063955 1.080382 0.75
v -2.054876 1.160308 0.75
v -2.107281 1.168272 0.68092
v -1.999885 1.151951 0.913672
v -2.004733 1.075908 0.913176
v -2.027226 1.077607 0.82899
v -2.005493 1.152803 0.870591
v -2.021933 1.155301 0.830445
v -2.113804 1.084148 0.678606
v -2.175257 1.088791 0.616978
v -2.133433 1.172246 0.646447
v -2.167516 1.177426 0.619994
v -2.325213 1.10012 0.530154
v -2.40916 1.106463 0.507596
v -2.355033 1.205922 0.517037
v -2.397626 1.212395 0.511365
v -2.116117 -1.226499 0.653714
v -1.984094 -1.248715 0.875445
v -1.99517 -1.20525 0.873561
v -2.028452 -1.253519 0.761326
v -2.041898 -1.212866 0.755785
v -2.09823 -1.265766 0.661353
v -2.326423 -1.267966 0.521563
v -2.296009 -1.309246 0.526645
v -2.21304 -1.245269 0.573926
v -2.189238 -1.284721 0.581527
v -2.32851 1.264492 0.521217
v -1.995906 1.20201 0.873367
v -2.117353 1.223352 0.653171
v -2.042819 1.209724 0.755365
v -2.214684 1.24201 0.5734
v -2.296009 1.309246 0.526645
v -2.189238 1.284721 0.581527
v -2.09823 1.265766 0.661353
v -2.028452 1.253519 0.761326
v -1.984094 1.248715 0.875445
v -2.253263 -1.358472 0.532976
v -1.968324 -1.299476 0.875596
v -2.184165 -1.438664 0.540401
v -2.13321 -1.497372 0.544085
v -1.944977 -1.436648 0.769604
v -1.934882 -1.45471 0.769111
v -1.912337 -1.434121 0.86555
v -1.909609 -1.452404 0.844704
v -1.903303 -1.451829 0.863565
v -2.057731 -1.468937 0.605499
v -2.019083 -1.479366 0.636884
v -1.994115 -1.448415 0.681716
v -1.982276 -1.466832 0.682313
v -1.953832 -1.459557 0.734406
v -2.116433 -1.51653 0.545032
v -2.101891 -1.510777 0.55733
v -2.043605 -1.487716 0.606619
v -2.09998 -1.411296 0.600865
v -2.028844 -1.391628 0.678613
v -1.974027 -1.380562 0.77007
v -1.938047 -1.378608 0.871033
v -2.207494 -1.411605 0.538242
v -2.118991 -1.38472 0.598001
v -2.044107 -1.365324 0.676379
v -1.986476 -1.354359 0.769574
v -1.948892 -1.352356 0.873064
v -2.009245 -1.302325 0.76678
v -2.072843 -1.313584 0.670074
v -2.155676 -1.332644 0.590708
v -2.101891 1.510777 0.55733
v -2.116433 1.51653 0.545032
v -2.166311 1.45931 0.541842
v -2.019083 1.479366 0.636884
v -2.043605 1.487716 0.606619
v -2.08529 1.431576 0.602722
v -1.953832 1.459557 0.734406
v -1.982276 1.466832 0.682313
v -2.01689 1.411649 0.679951
v -1.909609 1.452404 0.844704
v -1.934882 1.45471 0.769111
v -1.964132 1.400409 0.770118
v -1.980531 1.260988 0.875756
v -1.970518 1.292914 0.875735
v -1.951707 1.345202 0.873538
v -1.929345 1.39835 0.869242
v -1.903303 1.451829 0.863565
v -1.989732 1.347259 0.769344
v -2.011868 1.295947 0.766242
v -2.02403 1.265201 0.762929
v -2.048146 1.358224 0.675673
v -2.076237 1.307293 0.669104
v -2.092267 1.277139 0.663727
v -2.124074 1.377558 0.597138
v -2.160095 1.326328 0.589648
v -2.181246 1.296103 0.58396
v -2.213777 1.404309 0.537603
v -2.258845 1.352009 0.532231
v -2.285757 1.320983 0.528297
v -2.037929 -1.615547 0.557227
v -1.880855 -1.502025 0.844211
v -1.894173 -1.47732 0.844202
v -1.930686 -1.493965 0.734733
v -1.967929 -1.656096 0.604761
v -1.942967 -1.635326 0.630858
v -1.952579 -1.601966 0.634511
v -1.916368 -1.608171 0.680552
v -1.88977 -1.581016 0.730246
v -1.90027 -1.555464 0.732698
v -1.871257 -1.520095 0.844261
v -1.861481 -1.533418 0.864652
v -1.861683 -1.538183 0.844412
v -1.880419 -1.566755 0.768257
v -2.017942 -1.697711 0.552473
v -2.025141 -1.656894 0.555412
v -2.03324 -1.708771 0.543753
v -1.912198 -1.52943 0.734228
v -1.96554 -1.567982 0.636769
v -1.98844 -1.522356 0.637511
v -2.064295 -1.560949 0.557822
v -1.891148 1.482888 0.844202
v -1.876387 1.510417 0.844227
v -1.906482 1.541548 0.733636
v -2.00908 1.489999 0.63625
v -1.945981 1.468045 0.733875
v -1.90437 1.458732 0.84422
v -2.090136 1.523365 0.556809
v -1.926317 1.50189 0.734783
v -1.982791 1.532444 0.637584
v -1.959106 1.583776 0.635898
v -2.031289 1.634716 0.556527
v -2.057503 1.572892 0.557881
v -1.861481 1.533418 0.864652
v -1.861683 1.538183 0.844412
v -1.880419 1.566755 0.768257
v -1.88977 1.581016 0.730246
v -1.916368 1.608171 0.680552
v -1.942967 1.635326 0.630858
v -1.967929 1.656096 0.604761
v -2.017942 1.697711 0.552473
v -2.03324 1.708771 0.543753
v -2.028471 -1.744928 0.539117
v -1.842059 -1.631414 0.766406
v -1.863523 -1.592398 0.767631
v -1.90226 -1.636099 0.676161
v -2.046117 -1.950846 0.511365
v -2.014237 -1.921869 0.517037
v -2.015632 -1.893409 0.521716
v -1.873881 -1.794295 0.619994
v -1.848371 -1.771108 0.646447
v -1.856383 -1.750409 0.653885
v -1.828795 -1.753316 0.68092
v -1.789571 -1.717663 0.75
v -1.801744 -1.698466 0.755838
v -1.74841 -1.680251 0.913672
v -1.768838 -1.664324 0.873437
v -1.764913 -1.695251 0.830445
v -1.752607 -1.684066 0.870591
v -1.925 -1.840759 0.566987
v -1.870136 -1.716228 0.663465
v -1.984529 -1.894866 0.533666
v -1.929241 -1.816814 0.574135
v -1.93729 -1.777737 0.583853
v -1.947052 -1.734718 0.592136
v -2.018836 -1.847688 0.52828
v -2.023194 -1.79819 0.534134
v -1.793649 -1.632231 0.875037
v -1.818747 -1.597031 0.87348
v -1.843733 -1.558709 0.868877
v -1.821303 -1.666761 0.762457
v -1.885593 -1.678131 0.670946
v -1.95812 -1.687754 0.598774
v -1.837701 1.568297 0.870265
v -1.858276 1.602204 0.767583
v -1.944528 1.745605 0.590255
v -1.955337 1.699513 0.597322
v -1.898131 1.646661 0.675108
v -1.828795 1.753316 0.68092
v -1.848371 1.771108 0.646447
v -1.853319 1.758215 0.651241
v -1.873881 1.794295 0.619994
v -1.925 1.840759 0.566987
v -1.927569 1.825816 0.571561
v -2.046117 1.950846 0.511365
v -2.015046 1.904065 0.520018
v -1.984529 1.894866 0.533666
v -2.014237 1.921869 0.517037
v -1.789571 1.717663 0.75
v -1.762831 1.671738 0.872556
v -1.74841 1.680251 0.913672
v -1.752607 1.684066 0.870591
v -1.86659 1.724964 0.661303
v -1.764913 1.695251 0.830445
v -1.797176 1.705705 0.75382
v -1.816381 1.674865 0.761078
v -1.836898 1.640398 0.765692
v -2.027119 1.758199 0.537994
v -2.022033 1.810644 0.532777
v -2.017935 1.859242 0.52673
v -1.787527 1.640381 0.874939
v -1.812604 1.605929 0.874147
v -1.935144 1.787677 0.581594
v -1.881682 1.687812 0.669321
v -1.0 -2.371083 0.518875
v -1.0 -2.32899 0.530154
v -1.138143 -2.321791 0.530154
v -1.785042 -1.879103 0.616978
v -1.0 -2.147792 0.647792
v -1.0 -2.116978 0.678606
v -1.116105 -2.110927 0.678606
v -1.686162 -1.768374 0.82899
v -1.589381 -1.81724 0.913176
v -1.501239 -1.874076 0.913176
v -1.309679 -1.958827 0.913176
v -1.0 -2.018875 0.871083
v -1.0 -2.007596 0.913176
v -1.104735 -2.002138 0.913176
v -1.671136 -1.751549 0.913176
v -1.0 -2.030154 0.82899
v -1.10708 -2.024573 0.82899
v -1.213 -2.007893 0.82899
v -1.0 -2.066987 0.75
v -1.110909 -2.061207 0.75
v -1.220616 -2.04393 0.75
v -1.327933 -2.015343 0.75
v -1.602575 -1.835536 0.82899
v -1.710696 -1.795848 0.75
v -1.230952 -2.092841 0.678606
v -1.343297 -2.062914 0.678606
v -1.451923 -2.021472 0.678606
v -1.407668 -1.921443 0.913176
v -1.416794 -1.942072 0.82899
v -1.512461 -1.893644 0.82899
v -1.530784 -1.925597 0.75
v -1.624121 -1.86541 0.75
v -1.653362 -1.905957 0.678606
v -1.743993 -1.833135 0.678606
v -1.0 -2.178606 0.616978
v -1.122511 -2.172222 0.616978
v -1.243695 -2.153137 0.616978
v -1.362238 -2.12156 0.616978
v -1.476857 -2.077831 0.616978
v -1.58631 -2.022425 0.616978
v -1.0 -2.25 0.566987
v -1.129932 -2.243229 0.566987
v -1.258456 -2.222988 0.566987
v -1.384181 -2.189498 0.566987
v -1.505743 -2.14312 0.566987
v -1.621826 -2.084358 0.566987
v -1.731172 -2.013848 0.566987
v -1.208336 -1.985823 0.913176
v -1.316612 -1.980292 0.82899
v -1.431697 -1.975756 0.75
v -1.555652 -1.968963 0.678606
v -1.689411 -1.955942 0.616978
v -1.832596 -1.932354 0.566987
v -1.274789 -2.300271 0.530154
v -1.408458 -2.264664 0.530154
v -1.537702 -2.215356 0.530154
v -1.66112 -2.152881 0.530154
v -1.777376 -2.077915 0.530154
v -1.885209 -1.991271 0.530154
v -1.941284 -2.054064 0.507596
v -1.826619 -2.146197 0.507596
v -1.702999 -2.225911 0.507596
v -1.571763 -2.292344 0.507596
v -1.434332 -2.344776 0.507596
v -1.292196 -2.382638 0.507596
v -1.146894 -2.405521 0.507596
v -1.0 -2.413176 0.507596
v -1.0 2.371083 0.518875
v -1.0 2.413176 0.507596
v -1.146894 2.405521 0.507596
v -1.885209 1.991271 0.530154
v -1.0 2.147792 0.647792
v -1.0 2.178606 0.616978
v -1.122511 2.172222 0.616978
v -1.743993 1.833135 0.678606
v -1.0 2.018875 0.871083
v -1.0 2.030154 0.82899
v -1.10708 2.024573 0.82899
v -1.671136 1.751549 0.913176
v -1.589381 1.81724 0.913176
v -1.501239 1.874076 0.913176
v -1.407668 1.921443 0.913176
v -1.309679 1.958827 0.913176
v -1.208336 1.985823 0.913176
v -1.0 2.007596 0.913176
v -1.104735 2.002138 0.913176
v -1.213 2.007893 0.82899
v -1.316612 1.980292 0.82899
v -1.416794 1.942072 0.82899
v -1.512461 1.893644 0.82899
v -1.602575 1.835536 0.82899
v -1.686162 1.768374 0.82899
v -1.0 2.066987 0.75
v -1.110909 2.061207 0.75
v -1.220616 2.04393 0.75
v -1.327933 2.015343 0.75
v -1.431697 1.975756 0.75
v -1.530784 1.925597 0.75
v -1.624121 1.86541 0.75
v -1.710696 1.795848 0.75
v -1.0 2.116978 0.678606
v -1.116105 2.110927 0.678606
v -1.230952 2.092841 0.678606
v -1.343297 2.062914 0.678606
v -1.451923 2.021472 0.678606
v -1.555652 1.968963 0.678606
v -1.653362 1.905957 0.678606
v -1.243695 2.153137 0.616978
v -1.362238 2.12156 0.616978
v -1.476857 2.077831 0.616978
v -1.58631 2.022425 0.616978
v -1.689411 1.955942 0.616978
v -1.785042 1.879103 0.616978
v -1.0 2.25 0.566987
v -1.129932 2.243229 0.566987
v -1.258456 2.222988 0.566987
v -1.384181 2.189498 0.566987
v -1.505743 2.14312 0.566987
v -1.621826 2.084358 0.566987
v -1.731172 2.013848 0.566987
v -1.832596 1.932354 0.566987
v -1.0 2.32899 0.530154
v -1.138143 2.321791 0.530154
v -1.274789 2.300271 0.530154
v -1.408458 2.264664 0.530154
v -1.537702 2.215356 0.530154
v -1.66112 2.152881 0.530154
v -1.777376 2.077915 0.530154
v -1.292196 2.382638 0.507596
v -1.434332 2.344776 0.507596
v -1.571763 2.292344 0.507596
v -1.702999 2.225911 0.507596
v -1.826619 2.146197 0.507596
v -1.941284 2.054064 0.507596
v 1.0 -2.007596 0.913176
v 1.0 -2.018875 0.871083
v 1.0 -2.030154 0.82899
v 1.0 -2.066987 0.75
v 1.0 -2.116978 0.678606
v 1.0 -2.147792 0.647792
v 1.0 -2.178606 0.616978
v 1.0 -2.25 0.566987
v 1.0 -2.32899 0.530154
v 1.0 -2.371083 0.518875
v 1.0 -2.413176 0.507596
v 1.0 2.413176 0.507596
v 1.0 2.371083 0.518875
v 1.0 2.32899 0.530154
v 1.0 2.25 0.566987
v 1.0 2.178606 0.616978
v 1.0 2.147792 0.647792
v 1.0 2.116978 0.678606
v 1.0 2.066987 0.75
v 1.0 2.030154 0.82899
v 1.0 2.018875 0.871083
v 1.0 2.007596 0.913176
v 1.146894 -2.405521 0.507596
v 2.014237 -1.921869 0.517037
v 1.984529 -1.894866 0.533666
v 1.885209 -1.991271 0.530154
v 1.122511 -2.172222 0.616978
v 1.848371 -1.771108 0.646447
v 1.828795 -1.753316 0.68092
v 1.743993 -1.833135 0.678606
v 1.10708 -2.024573 0.82899
v 1.752607 -1.684066 0.870591
v 1.74841 -1.680251 0.913672
v 1.671136 -1.751549 0.913176
v 1.589381 -1.81724 0.913176
v 1.501239 -1.874076 0.913176
v 1.407668 -1.921443 0.913176
v 1.309679 -1.958827 0.913176
v 1.208336 -1.985823 0.913176
v 1.104735 -2.002138 0.913176
v 1.213 -2.007893 0.82899
v 1.316612 -1.980292 0.82899
v 1.416794 -1.942072 0.82899
v 1.512461 -1.893644 0.82899
v 1.602575 -1.835536 0.82899
v 1.686162 -1.768374 0.82899
v 1.764913 -1.695251 0.830445
v 1.110909 -2.061207 0.75
v 1.220616 -2.04393 0.75
v 1.327933 -2.015343 0.75
v 1.431697 -1.975756 0.75
v 1.530784 -1.925597 0.75
v 1.624121 -1.86541 0.75
v 1.710696 -1.795848 0.75
v 1.789571 -1.717663 0.75
v 1.116105 -2.110927 0.678606
v 1.230952 -2.092841 0.678606
v 1.343297 -2.062914 0.678606
v 1.451923 -2.021472 0.678606
v 1.555652 -1.968963 0.678606
v 1.653362 -1.905957 0.678606
v 1.243695 -2.153137 0.616978
v 1.362238 -2.12156 0.616978
v 1.476857 -2.077831 0.616978
v 1.58631 -2.022425 0.616978
v 1.689411 -1.955942 0.616978
v 1.785042 -1.879103 0.616978
v 1.873881 -1.794295 0.619994
v 1.129932 -2.243229 0.566987
v 1.258456 -2.222988 0.566987
v 1.384181 -2.189498 0.566987
v 1.505743 -2.14312 0.566987
v 1.621826 -2.084358 0.566987
v 1.731172 -2.013848 0.566987
v 1.832596 -1.932354 0.566987
v 1.925 -1.840759 0.566987
v 1.138143 -2.321791 0.530154
v 1.274789 -2.300271 0.530154
v 1.408458 -2.264664 0.530154
v 1.537702 -2.215356 0.530154
v 1.66112 -2.152881 0.530154
v 1.777376 -2.077915 0.530154
v 1.292196 -2.382638 0.507596
v 1.434332 -2.344776 0.507596
v 1.571763 -2.292344 0.507596
v 1.702999 -2.225911 0.507596
v 1.826619 -2.146197 0.507596
v 1.941284 -2.054064 0.507596
v 2.046117 -1.950846 0.511365
v 1.138143 2.321791 0.530154
v 1.785042 1.879103 0.616978
v 1.873881 1.794295 0.619994
v 1.925 1.840759 0.566987
v 1.116105 2.110927 0.678606
v 1.686162 1.768374 0.82899
v 1.764913 1.695251 0.830445
v 1.789571 1.717663 0.75
v 1.74841 1.680251 0.913672
v 1.589381 1.81724 0.913176
v 1.501239 1.874076 0.913176
v 1.309679 1.958827 0.913176
v 1.104735 2.002138 0.913176
v 1.671136 1.751549 0.913176
v 1.10708 2.024573 0.82899
v 1.213 2.007893 0.82899
v 1.752607 1.684066 0.870591
v 1.110909 2.061207 0.75
v 1.220616 2.04393 0.75
v 1.327933 2.015343 0.75
v 1.602575 1.835536 0.82899
v 1.710696 1.795848 0.75
v 1.828795 1.753316 0.68092
v 1.230952 2.092841 0.678606
v 1.343297 2.062914 0.678606
v 1.451923 2.021472 0.678606
v 1.407668 1.921443 0.913176
v 1.416794 1.942072 0.82899
v 1.512461 1.893644 0.82899
v 1.530784 1.925597 0.75
v 1.624121 1.86541 0.75
v 1.653362 1.905957 0.678606
v 1.743993 1.833135 0.678606
v 1.122511 2.172222 0.616978
v 1.243695 2.153137 0.616978
v 1.362238 2.12156 0.616978
v 1.476857 2.077831 0.616978
v 1.58631 2.022425 0.616978
v 1.848371 1.771108 0.646447
v 1.129932 2.243229 0.566987
v 1.258456 2.222988 0.566987
v 1.384181 2.189498 0.566987
v 1.505743 2.14312 0.566987
v 1.621826 2.084358 0.566987
v 1.731172 2.013848 0.566987
v 1.208336 1.985823 0.913176
v 1.316612 1.980292 0.82899
v 1.431697 1.975756 0.75
v 1.555652 1.968963 0.678606
v 1.689411 1.955942 0.616978
v 1.832596 1.932354 0.566987
v 1.984529 1.894866 0.533666
v 1.274789 2.300271 0.530154
v 1.408458 2.264664 0.530154
v 1.537702 2.215356 0.530154
v 1.66112 2.152881 0.530154
v 1.777376 2.077915 0.530154
v 1.885209 1.991271 0.530154
v 1.941284 2.054064 0.507596
v 1.826619 2.146197 0.507596
v 1.702999 2.225911 0.507596
v 1.571763 2.292344 0.507596
v 1.434332 2.344776 0.507596
v 1.292196 2.382638 0.507596
v 1.146894 2.405521 0.507596
v 2.014237 1.921869 0.517037
v 2.046117 1.950846 0.511365
v 1.863166 -1.53894 0.844941
v 1.859591 -1.53236 0.864384
v 1.837701 -1.568297 0.870265
v 1.891853 -1.581955 0.73153
v 1.877497 -1.565314 0.766998
v 1.858276 -1.602204 0.767583
v 1.944528 -1.745605 0.590255
v 1.955337 -1.699513 0.597322
v 1.898131 -1.646661 0.675108
v 1.853319 -1.758215 0.651241
v 2.015046 -1.904065 0.520018
v 1.762831 -1.671738 0.872556
v 1.927569 -1.825816 0.571561
v 1.935144 -1.787677 0.581594
v 1.86659 -1.724964 0.661303
v 1.881682 -1.687812 0.669321
v 2.027119 -1.758199 0.537994
v 2.022033 -1.810644 0.532777
v 2.017935 -1.859242 0.52673
v 1.797176 -1.705705 0.75382
v 1.816381 -1.674865 0.761078
v 1.836898 -1.640398 0.765692
v 2.032243 -1.708624 0.541818
v 2.018967 -1.698 0.553858
v 1.965745 -1.655408 0.602123
v 1.944818 -1.636027 0.632577
v 1.913403 -1.606934 0.678289
v 1.812604 -1.605929 0.874147
v 1.787527 -1.640381 0.874939
v 2.018967 1.698 0.553858
v 2.032243 1.708624 0.541818
v 2.028471 1.744928 0.539117
v 1.842059 1.631414 0.766406
v 1.863523 1.592398 0.767631
v 1.90226 1.636099 0.676161
v 2.015632 1.893409 0.521716
v 1.856383 1.750409 0.653885
v 1.801744 1.698466 0.755838
v 1.768838 1.664324 0.873437
v 1.870136 1.716228 0.663465
v 1.929241 1.816814 0.574135
v 1.93729 1.777737 0.583853
v 1.947052 1.734718 0.592136
v 2.018836 1.847688 0.52828
v 2.023194 1.79819 0.534134
v 1.793649 1.632231 0.875037
v 1.818747 1.597031 0.87348
v 1.843733 1.558709 0.868877
v 1.859591 1.53236 0.864384
v 1.863166 1.53894 0.844941
v 1.877497 1.565314 0.766998
v 1.891853 1.581955 0.73153
v 1.913403 1.606934 0.678289
v 1.944818 1.636027 0.632577
v 1.821303 1.666761 0.762457
v 1.885593 1.678131 0.670946
v 1.95812 1.687754 0.598774
v 1.965745 1.655408 0.602123
v 2.045361 -1.488954 0.608967
v 2.017546 -1.478357 0.63536
v 2.00908 -1.489999 0.63625
v 1.98479 -1.468413 0.684316
v 1.952034 -1.458469 0.733272
v 1.945981 -1.468045 0.733875
v 1.905045 -1.45276 0.863801
v 1.90437 -1.458732 0.84422
v 1.908284 -1.451655 0.844239
v 1.937466 -1.4562 0.770221
v 2.090136 -1.523365 0.556809
v 2.117169 -1.517156 0.54677
v 2.101081 -1.510183 0.556095
v 1.926317 -1.50189 0.734783
v 1.891148 -1.482888 0.844202
v 1.876387 -1.510417 0.844227
v 1.906482 -1.541548 0.733636
v 1.982791 -1.532444 0.637584
v 1.959106 -1.583776 0.635898
v 2.031289 -1.634716 0.556527
v 2.057503 -1.572892 0.557881
v 2.037929 1.615547 0.557227
v 1.952579 1.601966 0.634511
v 1.90027 1.555464 0.732698
v 1.871257 1.520095 0.844261
v 2.025141 1.656894 0.555412
v 1.912198 1.52943 0.734228
v 1.880855 1.502025 0.844211
v 1.894173 1.47732 0.844202
v 1.930686 1.493965 0.734733
v 1.96554 1.567982 0.636769
v 1.98844 1.522356 0.637511
v 2.064295 1.560949 0.557822
v 1.905045 1.45276 0.863801
v 1.908284 1.451655 0.844239
v 1.937466 1.4562 0.770221
v 1.952034 1.458469 0.733272
v 1.98479 1.468413 0.684316
v 2.017546 1.478357 0.63536
v 2.045361 1.488954 0.608967
v 2.101081 1.510183 0.556095
v 2.117169 1.517156 0.54677
v 2.166311 -1.45931 0.541842
v 1.989732 -1.347259 0.769344
v 1.964132 -1.400409 0.770118
v 2.01689 -1.411649 0.679951
v 2.312547 -1.313322 0.52285
v 2.296009 -1.309246 0.526645
v 2.285757 -1.320983 0.528297
v 2.219697 -1.291717 0.565871
v 2.189238 -1.284721 0.581527
v 2.181246 -1.296103 0.58396
v 2.137218 -1.273886 0.627156
v 2.09823 -1.265766 0.661353
v 2.092267 -1.277139 0.663727
v 1.981776 -1.249132 0.892735
v 1.980531 -1.260988 0.875756
v 1.984094 -1.248715 0.875445
v 2.015798 -1.252148 0.793881
v 2.068338 -1.260519 0.704181
v 2.028452 -1.253519 0.761326
v 2.02403 -1.265201 0.762929
v 2.076237 -1.307293 0.669104
v 1.970518 -1.292914 0.875735
v 1.951707 -1.345202 0.873538
v 2.160095 -1.326328 0.589648
v 2.124074 -1.377558 0.597138
v 2.258845 -1.352009 0.532231
v 2.213777 -1.404309 0.537603
v 1.929345 -1.39835 0.869242
v 2.011868 -1.295947 0.766242
v 2.048146 -1.358224 0.675673
v 2.08529 -1.431576 0.602722
v 1.986476 1.354359 0.769574
v 2.009245 1.302325 0.76678
v 2.072843 1.313584 0.670074
v 2.057731 1.468937 0.605499
v 1.912337 1.434121 0.86555
v 1.944977 1.436648 0.769604
v 2.13321 1.497372 0.544085
v 1.974027 1.380562 0.77007
v 1.994115 1.448415 0.681716
v 2.028844 1.391628 0.678613
v 2.044107 1.365324 0.676379
v 1.968324 1.299476 0.875596
v 1.948892 1.352356 0.873064
v 1.938047 1.378608 0.871033
v 2.09998 1.411296 0.600865
v 2.118991 1.38472 0.598001
v 2.155676 1.332644 0.590708
v 1.981776 1.249132 0.892735
v 1.984094 1.248715 0.875445
v 2.015798 1.252148 0.793881
v 2.028452 1.253519 0.761326
v 2.068338 1.260519 0.704181
v 2.09823 1.265766 0.661353
v 2.137218 1.273886 0.627156
v 2.189238 1.284721 0.581527
v 2.253263 1.358472 0.532976
v 2.207494 1.411605 0.538242
v 2.184165 1.438664 0.540401
v 2.219697 1.291717 0.565871
v 2.296009 1.309246 0.526645
v 2.312547 1.313322 0.52285
v 2.397376 -1.212357 0.509755
v 2.372976 -1.208649 0.512536
v 2.345698 -1.267933 0.516235
v 1.998294 -1.151709 0.913419
v 2.026428 -1.206887 0.787786
v 2.021358 -1.155214 0.830015
v 1.99166 -1.201424 0.891079
v 2.001043 -1.152127 0.88874
v 2.096495 -1.166633 0.688255
v 2.057215 -1.160663 0.751487
v 2.037602 -1.157683 0.783058
v 2.166096 -1.17721 0.617855
v 2.105167 -1.16795 0.679484
v 2.156613 -1.230796 0.615899
v 2.082299 -1.216836 0.69458
v 2.314919 -1.199826 0.533085
v 2.268494 -1.192771 0.549516
v 2.245829 -1.248103 0.555492
v 2.237281 -1.188028 0.569353
v 2.174767 -1.178527 0.609084
v 2.025575 1.210047 0.78815
v 1.990938 1.204687 0.891234
v 2.081212 1.219967 0.695085
v 2.15521 1.233978 0.616453
v 2.244059 1.251413 0.555983
v 2.343548 1.271447 0.516542
v 2.021358 1.155214 0.830015
v 2.001043 1.152127 0.88874
v 1.998294 1.151709 0.913419
v 2.037602 1.157683 0.783058
v 2.057215 1.160663 0.751487
v 2.096495 1.166633 0.688255
v 2.105167 1.16795 0.679484
v 2.166096 1.17721 0.617855
v 2.174767 1.178527 0.609084
v 2.237281 1.188028 0.569353
v 2.268494 1.192771 0.549516
v 2.314919 1.199826 0.533085
v 2.372976 1.208649 0.512536
v 2.397376 1.212357 0.509755
v 2.004733 -1.075908 0.913176
v 2.007596 -1.0 0.913176
v 2.027226 -1.077607 0.82899
v 2.063955 -1.080382 0.75
v 2.018875 -1.0 0.871083
v 2.030154 -1.0 0.82899
v 2.066987 -1.0 0.75
v 2.113804 -1.084148 0.678606
v 2.116978 -1.0 0.678606
v 2.175257 -1.088791 0.616978
v 2.246448 -1.09417 0.566987
v 2.147792 -1.0 0.647792
v 2.178606 -1.0 0.616978
v 2.25 -1.0 0.566987
v 2.325213 -1.10012 0.530154
v 2.32899 -1.0 0.530154
v 2.371083 -1.0 0.518875
v 2.40916 -1.106463 0.507596
v 2.413176 -1.0 0.507596
v 2.246448 1.09417 0.566987
v 2.007596 1.0 0.913176
v 2.004733 1.075908 0.913176
v 2.018875 1.0 0.871083
v 2.027226 1.077607 0.82899
v 2.063955 1.080382 0.75
v 2.113804 1.084148 0.678606
v 2.175257 1.088791 0.616978
v 2.030154 1.0 0.82899
v 2.066987 1.0 0.75
v 2.116978 1.0 0.678606
v 2.147792 1.0 0.647792
v 2.325213 1.10012 0.530154
v 2.40916 1.106463 0.507596
v 2.413176 1.0 0.507596
v 2.371083 1.0 0.518875
v 2.32899 1.0 0.530154
v 2.25 1.0 0.566987
v 2.178606 1.0 0.616978
v 2.145458 1.499723 0.003407
v 2.098932 1.556415 0.003407
v 2.162513 1.516777 0.013397
v 2.118986 1.569815 0.013397
v 2.177157 1.531421 0.029289
v 2.136206 1.581321 0.029289
v 2.188395 1.542659 0.05
v 2.14942 1.59015 0.05
v 2.195459 1.549723 0.074118
v 2.157726 1.5957 0.074118
v 2.06436 1.621095 0.003407
v 2.086642 1.630325 0.013397
v 2.105776 1.638251 0.029289
v 2.120459 1.644332 0.05
v 2.129688 1.648155 0.074118
v 2.043071 1.691277 0.003407
v 2.066725 1.695982 0.013397
v 2.087038 1.700023 0.029289
v 2.102624 1.703123 0.05
v 2.112422 1.705072 0.074118
v 2.035882 1.764264 0.003407
v 2.06 1.764264 0.013397
v 2.080711 1.764264 0.029289
v 2.096602 1.764264 0.05
v 2.106592 1.764264 0.074118
v 2.409723 1.335459 0.074118
v 2.402658 1.328395 0.05
v 2.391422 1.317157 0.029289
v 2.376777 1.302513 0.013397
v 2.359723 1.285459 0.003407
v 2.446608 1.290514 0.074118
v 2.438301 1.284964 0.05
v 2.425088 1.276135 0.029289
v 2.407867 1.264629 0.013397
v 2.387814 1.251229 0.003407
v 2.474016 1.239237 0.074118
v 2.464786 1.235414 0.05
v 2.450104 1.229332 0.029289
v 2.43097 1.221407 0.013397
v 2.408688 1.212177 0.003407
v 2.490894 1.183598 0.074118
v 2.481096 1.181649 0.05
v 2.465509 1.178549 0.029289
v 2.445196 1.174508 0.013397
v 2.421542 1.169803 0.003407
v 2.496593 1.125736 0.074118
v 2.486603 1.125736 0.05
v 2.470711 1.125736 0.029289
v 2.45 1.125736 0.013397
v 2.425882 1.125736 0.003407
v 2.425882 -1.125736 0.003407
v 2.45 -1.125736 0.013397
v 2.470711 -1.125736 0.029289
v 2.486603 -1.125736 0.05
v 2.496593 -1.125736 0.074118
v 2.490894 -1.183598 0.074118
v 2.481096 -1.181649 0.05
v 2.465509 -1.178549 0.029289
v 2.445196 -1.174508 0.013397
v 2.421542 -1.169803 0.003407
v 2.474016 -1.239237 0.074118
v 2.464786 -1.235414 0.05
v 2.450104 -1.229332 0.029289
v 2.43097 -1.221407 0.013397
v 2.408688 -1.212177 0.003407
v 2.446608 -1.290514 0.074118
v 2.438301 -1.284964 0.05
v 2.425088 -1.276135 0.029289
v 2.407867 -1.264629 0.013397
v 2.387814 -1.251229 0.003407
v 2.409723 -1.335459 0.074118
v 2.402658 -1.328395 0.05
v 2.391422 -1.317157 0.029289
v 2.376777 -1.302513 0.013397
v 2.359723 -1.285459 0.003407
v 2.195459 -1.549723 0.074118
v 2.188395 -1.542659 0.05
v 2.177157 -1.531421 0.029289
v 2.162513 -1.516777 0.013397
v 2.145458 -1.499723 0.003407
v -2.106592 1.764264 0.074118
v -2.096602 1.764264 0.05
v -2.080711 1.764264 0.029289
v -2.06 1.764264 0.013397
v -2.035882 1.764264 0.003407
v 2.035882 -1.764264 0.003407
v 2.043071 -1.691277 0.003407
v 2.06 -1.764264 0.013397
v 2.066725 -1.695982 0.013397
v 2.080711 -1.764264 0.029289
v 2.087038 -1.700023 0.029289
v 2.096602 -1.764264 0.05
v 2.102624 -1.703123 0.05
v 2.106592 -1.764264 0.074118
v 2.112422 -1.705072 0.074118
v 2.06436 -1.621095 0.003407
v 2.086642 -1.630325 0.013397
v 2.105776 -1.638251 0.029289
v 2.120459 -1.644332 0.05
v 2.129688 -1.648155 0.074118
v 2.098932 -1.556415 0.003407
v 2.118986 -1.569815 0.013397
v 2.136206 -1.581321 0.029289
v 2.14942 -1.59015 0.05
v 2.157726 -1.5957 0.074118
v -2.043071 1.691277 0.003407
v -2.066725 1.695982 0.013397
v -2.087038 1.700023 0.029289
v -2.102624 1.703123 0.05
v -2.112422 1.705072 0.074118
v -2.06436 1.621095 0.003407
v -2.086642 1.630325 0.013397
v -2.105776 1.638251 0.029289
v -2.120459 1.644332 0.05
v -2.129688 1.648155 0.074118
v -2.098932 1.556415 0.003407
v -2.118986 1.569815 0.013397
v -2.136206 1.581321 0.029289
v -2.14942 1.59015 0.05
v -2.157726 1.5957 0.074118
v -2.145458 1.499723 0.003407
v -2.162513 1.516777 0.013397
v -2.177157 1.531421 0.029289
v -2.188395 1.542659 0.05
v -2.195459 1.549723 0.074118
v -2.409723 1.335459 0.074118
v -2.402658 1.328395 0.05
v -2.391422 1.317157 0.029289
v -2.376777 1.302513 0.013397
v -2.359723 1.285459 0.003407
v -2.496593 1.125736 0.074118
v -2.490894 1.183598 0.074118
v -2.486603 1.125736 0.05
v -2.481096 1.181649 0.05
v -2.470711 1.125736 0.029289
v -2.465509 1.178549 0.029289
v -2.45 1.125736 0.013397
v -2.445196 1.174508 0.013397
v -2.425882 1.125736 0.003407
v -2.421542 1.169803 0.003407
v -2.474016 1.239237 0.074118
v -2.464786 1.235414 0.05
v -2.450104 1.229332 0.029289
v -2.43097 1.221407 0.013397
v -2.408688 1.212177 0.003407
v -2.446608 1.290514 0.074118
v -2.438301 1.284964 0.05
v -2.425088 1.276135 0.029289
v -2.407867 1.264629 0.013397
v -2.387814 1.251229 0.003407
v -2.425882 -1.125736 0.003407
v -2.45 -1.125736 0.013397
v -2.470711 -1.125736 0.029289
v -2.486603 -1.125736 0.05
v -2.496593 -1.125736 0.074118
v -2.409723 -1.335459 0.074118
v -2.446608 -1.290514 0.074118
v -2.402658 -1.328395 0.05
v -2.438301 -1.284964 0.05
v -2.391422 -1.317157 0.029289
v -2.425088 -1.276135 0.029289
v -2.376777 -1.302513 0.013397
v -2.407867 -1.264629 0.013397
v -2.359723 -1.285459 0.003407
v -2.387814 -1.251229 0.003407
v -2.474016 -1.239237 0.074118
v -2.464786 -1.235414 0.05
v -2.450104 -1.229332 0.029289
v -2.43097 -1.221407 0.013397
v -2.408688 -1.212177 0.003407
v -2.490894 -1.183598 0.074118
v -2.481096 -1.181649 0.05
v -2.465509 -1.178549 0.029289
v -2.445196 -1.174508 0.013397
v -2.421542 -1.169803 0.003407
v -2.107493 -1.764264 0.077748
v -2.106263 -1.764264 0.074233
v -2.100097 -1.764264 0.056612
v -2.096129 -1.764264 0.050297
v -2.088183 -1.764264 0.037651
v -2.080266 -1.764264 0.029734
v -2.072349 -1.764264 0.021817
v -2.059703 -1.764264 0.013871
v -2.053388 -1.764264 0.009903
v -2.032252 -1.764264 0.002507
v -2.035767 -1.764264 0.003737
v -2.196095 -1.550359 0.077748
v -2.195225 -1.54949 0.074233
v -2.190865 -1.545129 0.056612
v -2.18806 -1.542324 0.050297
v -2.182441 -1.536705 0.037651
v -2.176843 -1.531107 0.029734
v -2.171245 -1.525509 0.021817
v -2.162302 -1.516567 0.013871
v -2.157837 -1.512102 0.009903
v -2.145377 -1.499641 0.003737
v -2.142892 -1.497156 0.002507
v -2.03951 -1.690569 0.002507
v -2.095914 -1.554399 0.002507
v -2.113488 -1.566141 0.009903
v -2.060241 -1.694693 0.009903
v -2.129253 -1.576675 0.021817
v -2.078837 -1.698392 0.021817
v -2.142419 -1.585472 0.037651
v -2.094367 -1.701481 0.037651
v -2.152325 -1.592091 0.056612
v -2.061006 -1.619706 0.002507
v -2.080534 -1.627795 0.009903
v -2.098051 -1.635051 0.021817
v -2.11268 -1.64111 0.037651
v -2.123687 -1.645669 0.056612
v -2.106052 -1.703805 0.056612
v -2.158474 -1.5962 0.077748
v -2.13052 -1.648499 0.077748
v -2.113306 -1.705248 0.077748
v 2.106592 -1.764264 2.025882
v 2.112422 -1.705072 2.025882
v 2.096602 -1.764264 2.05
v 2.102624 -1.703123 2.05
v 2.080711 -1.764264 2.070711
v 2.087038 -1.700023 2.070711
v 2.06 -1.764264 2.086603
v 2.066725 -1.695982 2.086603
v 2.035882 -1.764264 2.096593
v 2.043071 -1.691277 2.096593
v 2.129688 -1.648155 2.025882
v 2.120459 -1.644332 2.05
v 2.105776 -1.638251 2.070711
v 2.086642 -1.630325 2.086603
v 2.06436 -1.621095 2.096593
v 2.157726 -1.5957 2.025882
v 2.14942 -1.59015 2.05
v 2.136206 -1.581321 2.070711
v 2.118986 -1.569815 2.086603
v 2.098932 -1.556415 2.096593
v 2.195459 -1.549723 2.025882
v 2.188395 -1.542659 2.05
v 2.177157 -1.531421 2.070711
v 2.162513 -1.516777 2.086603
v 2.145458 -1.499723 2.096593
v 2.409723 -1.335459 2.025882
v 2.402658 -1.328395 2.05
v 2.391422 -1.317157 2.070711
v 2.376777 -1.302513 2.086603
v 2.359723 -1.285459 2.096593
v 2.106592 -2.2 2.025882
v 2.096602 -2.2 2.05
v 2.080711 -2.2 2.070711
v 2.06 -2.2 2.086603
v 2.035882 -2.2 2.096593
v 2.474016 -1.239237 2.025882
v 2.421542 -1.169803 2.096593
v 2.408688 -1.212177 2.096593
v 2.445196 -1.174508 2.086603
v 2.43097 -1.221407 2.086603
v 2.465509 -1.178549 2.070711
v 2.450104 -1.229332 2.070711
v 2.481096 -1.181649 2.05
v 2.464786 -1.235414 2.05
v 2.490894 -1.183598 2.025882
v 2.425882 -1.125736 2.096593
v 2.45 -1.125736 2.086603
v 2.470711 -1.125736 2.070711
v 2.486603 -1.125736 2.05
v 2.496593 -1.125736 2.025882
v 2.446608 -1.290514 2.025882
v 2.438301 -1.284964 2.05
v 2.425088 -1.276135 2.070711
v 2.407867 -1.264629 2.086603
v 2.387814 -1.251229 2.096593
v 1.938687 -2.467221 2.025882
v 2.099156 -2.265998 2.025882
v 2.013513 -2.298007 2.096593
v 1.986602 -2.340835 2.096593
v 2.035242 -2.308471 2.086603
v 2.005458 -2.355872 2.086603
v 2.053902 -2.317457 2.070711
v 2.02165 -2.368785 2.070711
v 2.06822 -2.324352 2.05
v 2.034075 -2.378694 2.05
v 2.077221 -2.328687 2.025882
v 2.041885 -2.384923 2.025882
v 2.030219 -2.250263 2.096593
v 2.053732 -2.25563 2.086603
v 2.073923 -2.260239 2.070711
v 2.089417 -2.263775 2.05
v 1.994923 -2.431885 2.025882
v 1.988694 -2.424075 2.05
v 1.978785 -2.41165 2.070711
v 1.965873 -2.395458 2.086603
v 1.950835 -2.376601 2.096593
v 1.934352 -2.45822 2.05
v 1.927457 -2.443902 2.070711
v 1.918471 -2.425242 2.086603
v 1.908007 -2.403512 2.096593
v 1.875998 -2.489156 2.025882
v 1.873775 -2.479417 2.05
v 1.870239 -2.463923 2.070711
v 1.86563 -2.443732 2.086603
v 1.860263 -2.420219 2.096593
v 1.81 -2.425882 2.096593
v 1.81 -2.45 2.086603
v 1.81 -2.470711 2.070711
v 1.81 -2.486603 2.05
v 1.81 -2.496593 2.025882
v 2.425882 1.125736 2.096593
v 2.45 1.125736 2.086603
v 2.470711 1.125736 2.070711
v 2.486603 1.125736 2.05
v 2.496593 1.125736 2.025882
v -1.81 -2.425766 2.096263
v -1.81 -2.422252 2.097493
v -1.81 -2.443388 2.090097
v -1.81 -2.449703 2.086129
v -1.81 -2.462349 2.078183
v -1.81 -2.470266 2.070266
v -1.81 -2.478183 2.062349
v -1.81 -2.486129 2.049703
v -1.81 -2.490097 2.043388
v -1.81 -2.496263 2.025767
v -1.81 -2.497493 2.022252
v 2.359723 1.285459 2.096593
v 2.387814 1.251229 2.096593
v 2.376777 1.302513 2.086603
v 2.407867 1.264629 2.086603
v 2.391422 1.317157 2.070711
v 2.425088 1.276135 2.070711
v 2.402658 1.328395 2.05
v 2.438301 1.284964 2.05
v 2.409723 1.335459 2.025882
v 2.446608 1.290514 2.025882
v 2.408688 1.212177 2.096593
v 2.43097 1.221407 2.086603
v 2.450104 1.229332 2.070711
v 2.464786 1.235414 2.05
v 2.474016 1.239237 2.025882
v 2.421542 1.169803 2.096593
v 2.445196 1.174508 2.086603
v 2.465509 1.178549 2.070711
v 2.481096 1.181649 2.05
v 2.490894 1.183598 2.025882
v -2.078032 -2.329077 2.022252
v -2.042589 -2.385484 2.022252
v -1.995484 -2.432589 2.022252
v -1.876198 -2.490034 2.022252
v -2.02668 -2.249456 2.097493
v -1.859456 -2.41668 2.097493
v -1.864159 -2.437286 2.090097
v -2.032252 -2.2 2.097493
v -2.035767 -2.2 2.096263
v -2.047286 -2.254159 2.090097
v -1.868378 -2.455771 2.078183
v -2.053388 -2.2 2.090097
v -2.059703 -2.2 2.086129
v -2.065771 -2.258378 2.078183
v -1.871902 -2.471209 2.062349
v -2.072349 -2.2 2.078183
v -2.080266 -2.2 2.070266
v -2.081209 -2.261902 2.062349
v -1.874553 -2.482824 2.043388
v -2.088183 -2.2 2.062349
v -2.096129 -2.2 2.049703
v -2.092824 -2.264553 2.043388
v -1.906432 -2.400242 2.097493
v -1.948572 -2.373764 2.097493
v -1.915602 -2.419285 2.090097
v -1.96175 -2.390289 2.090097
v -1.923829 -2.436368 2.078183
v -1.973572 -2.405113 2.078183
v -1.930699 -2.450634 2.062349
v -1.983444 -2.417492 2.062349
v -1.935868 -2.461368 2.043388
v -1.990872 -2.426807 2.043388
v -1.939077 -2.468032 2.022252
v -2.036807 -2.380872 2.043388
v -2.027492 -2.373444 2.062349
v -2.015113 -2.363572 2.078183
v -2.000289 -2.35175 2.090097
v -1.983764 -2.338572 2.097493
v -2.071368 -2.325868 2.043388
v -2.060634 -2.320699 2.062349
v -2.046368 -2.313829 2.078183
v -2.029285 -2.305602 2.090097
v -2.010242 -2.296432 2.097493
v -2.100034 -2.266198 2.022252
v -2.100097 -2.2 2.043388
v -2.106263 -2.2 2.025767
v -2.107493 -2.2 2.022252
v 2.195459 1.549723 2.025882
v 2.188395 1.542659 2.05
v 2.177157 1.531421 2.070711
v 2.162513 1.516777 2.086603
v 2.145458 1.499723 2.096593
v -2.107493 -1.764264 2.022252
v -2.106263 -1.764264 2.025767
v -2.100097 -1.764264 2.043388
v -2.096129 -1.764264 2.049703
v -2.088183 -1.764264 2.062349
v -2.080266 -1.764264 2.070266
v -2.072349 -1.764264 2.078183
v -2.059703 -1.764264 2.086129
v -2.053388 -1.764264 2.090097
v -2.035767 -1.764264 2.096263
v -2.032252 -1.764264 2.097493
v 2.157726 1.5957 2.025882
v 2.14942 1.59015 2.05
v 2.136206 1.581321 2.070711
v 2.118986 1.569815 2.086603
v 2.098932 1.556415 2.096593
v 2.129688 1.648155 2.025882
v 2.120459 1.644332 2.05
v 2.105776 1.638251 2.070711
v 2.086642 1.630325 2.086603
v 2.06436 1.621095 2.096593
v 2.112422 1.705072 2.025882
v 2.102624 1.703123 2.05
v 2.087038 1.700023 2.070711
v 2.066725 1.695982 2.086603
v 2.043071 1.691277 2.096593
v 2.106592 1.764264 2.025882
v 2.096602 1.764264 2.05
v 2.080711 1.764264 2.070711
v 2.06 1.764264 2.086603
v 2.035882 1.764264 2.096593
v -2.113306 -1.705248 2.022252
v -2.196095 -1.550359 2.022252
v -2.158474 -1.5962 2.022252
v -2.195225 -1.54949 2.025767
v -2.152325 -1.592091 2.043388
v -2.106052 -1.703805 2.043388
v -2.142419 -1.585472 2.062349
v -2.18806 -1.542324 2.049703
v -2.190865 -1.545129 2.043388
v -2.094367 -1.701481 2.062349
v -2.129253 -1.576675 2.078183
v -2.176843 -1.531107 2.070266
v -2.182441 -1.536705 2.062349
v -2.078837 -1.698392 2.078183
v -2.145377 -1.499641 2.096263
v -2.157837 -1.512102 2.090097
v -2.113488 -1.566141 2.090097
v -2.162302 -1.516567 2.086129
v -2.171245 -1.525509 2.078183
v -2.13052 -1.648499 2.022252
v -2.123687 -1.645669 2.043388
v -2.11268 -1.64111 2.062349
v -2.098051 -1.635051 2.078183
v -2.080534 -1.627795 2.090097
v -2.060241 -1.694693 2.090097
v -2.142892 -1.497156 2.097493
v -2.095914 -1.554399 2.097493
v -2.061006 -1.619706 2.097493
v -2.03951 -1.690569 2.097493
v 2.106592 2.2 2.025882
v 2.096602 2.2 2.05
v 2.080711 2.2 2.070711
v 2.06 2.2 2.086603
v 2.035882 2.2 2.096593
v -2.409723 -1.335459 2.025882
v -2.402658 -1.328395 2.05
v -2.391422 -1.317157 2.070711
v -2.376777 -1.302513 2.086603
v -2.359723 -1.285459 2.096593
v 2.077221 2.328687 2.025882
v 2.041885 2.384923 2.025882
v 1.994923 2.431885 2.025882
v 1.875998 2.489156 2.025882
v 1.908007 2.403512 2.096593
v 1.950835 2.376601 2.096593
v 1.918471 2.425242 2.086603
v 1.965873 2.395458 2.086603
v 1.927457 2.443902 2.070711
v 1.978785 2.41165 2.070711
v 1.934352 2.45822 2.05
v 1.988694 2.424075 2.05
v 1.938687 2.467221 2.025882
v 1.81 2.425882 2.096593
v 1.860263 2.420219 2.096593
v 1.81 2.45 2.086603
v 1.86563 2.443732 2.086603
v 1.81 2.470711 2.070711
v 1.870239 2.463923 2.070711
v 1.81 2.486603 2.05
v 1.873775 2.479417 2.05
v 1.81 2.496593 2.025882
v 2.034075 2.378694 2.05
v 2.02165 2.368785 2.070711
v 2.005458 2.355872 2.086603
v 1.986602 2.340835 2.096593
v 2.06822 2.324352 2.05
v 2.053902 2.317457 2.070711
v 2.035242 2.308471 2.086603
v 2.013513 2.298007 2.096593
v 2.099156 2.265998 2.025882
v 2.089417 2.263775 2.05
v 2.073923 2.260239 2.070711
v 2.053732 2.25563 2.086603
v 2.030219 2.250263 2.096593
v -2.387814 -1.251229 2.096593
v -2.407867 -1.264629 2.086603
v -2.425088 -1.276135 2.070711
v -2.438301 -1.284964 2.05
v -2.446608 -1.290514 2.025882
v -2.408688 -1.212177 2.096593
v -2.43097 -1.221407 2.086603
v -2.450104 -1.229332 2.070711
v -2.464786 -1.235414 2.05
v -2.474016 -1.239237 2.025882
v -2.421542 -1.169803 2.096593
v -2.445196 -1.174508 2.086603
v -2.465509 -1.178549 2.070711
v -2.481096 -1.181649 2.05
v -2.490894 -1.183598 2.025882
v -2.425882 -1.125736 2.096593
v -2.45 -1.125736 2.086603
v -2.470711 -1.125736 2.070711
v -2.486603 -1.125736 2.05
v -2.496593 -1.125736 2.025882
v -1.81 2.425882 2.096593
v -1.81 2.45 2.086603
v -1.81 2.470711 2.070711
v -1.81 2.486603 2.05
v -1.81 2.496593 2.025882
v -2.425882 1.125736 2.096593
v -2.45 1.125736 2.086603
v -2.470711 1.125736 2.070711
v -2.486603 1.125736 2.05
v -2.496593 1.125736 2.025882
v -1.938687 2.467221 2.025882
v -2.099156 2.265998 2.025882
v -2.013513 2.298007 2.096593
v -1.986602 2.340835 2.096593
v -2.035242 2.308471 2.086603
v -2.005458 2.355872 2.086603
v -2.053902 2.317457 2.070711
v -2.02165 2.368785 2.070711
v -2.06822 2.324352 2.05
v -2.034075 2.378694 2.05
v -2.077221 2.328687 2.025882
v -2.041885 2.384923 2.025882
v -2.035882 2.2 2.096593
v -2.030219 2.250263 2.096593
v -2.06 2.2 2.086603
v -2.053732 2.25563 2.086603
v -2.080711 2.2 2.070711
v -2.073923 2.260239 2.070711
v -2.096602 2.2 2.05
v -2.089417 2.263775 2.05
v -2.106592 2.2 2.025882
v -1.994923 2.431885 2.025882
v -1.988694 2.424075 2.05
v -1.978785 2.41165 2.070711
v -1.965873 2.395458 2.086603
v -1.950835 2.376601 2.096593
v -1.934352 2.45822 2.05
v -1.927457 2.443902 2.070711
v -1.918471 2.425242 2.086603
v -1.908007 2.403512 2.096593
v -1.875998 2.489156 2.025882
v -1.873775 2.479417 2.05
v -1.870239 2.463923 2.070711
v -1.86563 2.443732 2.086603
v -1.860263 2.420219 2.096593
v -2.421542 1.169803 2.096593
v -2.445196 1.174508 2.086603
v -2.465509 1.178549 2.070711
v -2.481096 1.181649 2.05
v -2.490894 1.183598 2.025882
v -2.408688 1.212177 2.096593
v -2.43097 1.221407 2.086603
v -2.450104 1.229332 2.070711
v -2.464786 1.235414 2.05
v -2.474016 1.239237 2.025882
v -2.387814 1.251229 2.096593
v -2.407867 1.264629 2.086603
v -2.425088 1.276135 2.070711
v -2.438301 1.284964 2.05
v -2.446608 1.290514 2.025882
v -2.359723 1.285459 2.096593
v -2.376777 1.302513 2.086603
v -2.391422 1.317157 2.070711
v -2.402658 1.328395 2.05
v -2.409723 1.335459 2.025882
v -2.106592 1.764264 2.025882
v -2.096602 1.764264 2.05
v -2.080711 1.764264 2.070711
v -2.06 1.764264 2.086603
v -2.035882 1.764264 2.096593
v -2.195459 1.549723 2.025882
v -2.188395 1.542659 2.05
v -2.177157 1.531421 2.070711
v -2.162513 1.516777 2.086603
v -2.145458 1.499723 2.096593
v -2.112422 1.705072 2.025882
v -2.102624 1.703123 2.05
v -2.087038 1.700023 2.070711
v -2.066725 1.695982 2.086603
v -2.043071 1.691277 2.096593
v -2.129688 1.648155 2.025882
v -2.120459 1.644332 2.05
v -2.105776 1.638251 2.070711
v -2.086642 1.630325 2.086603
v -2.06436 1.621095 2.096593
v -2.157726 1.5957 2.025882
v -2.14942 1.59015 2.05
v -2.136206 1.581321 2.070711
v -2.118986 1.569815 2.086603
v -2.098932 1.556415 2.096593
v -0.423781 0.071356 0.01
v -0.521341 -0.178644 0.01
newmtl 3
Ka 0.6470588235294118 0.6470588235294118 0.6470588235294118
Kd 0.6470588235294118 0.6470588235294118 0.6470588235294118
Ks 0.3215686274509804 0.3215686274509804 0.3215686274509804
d 0.0
endmtl
v -0.484756 -0.178644 0.01
v -0.459461 -0.108522 0.01
v -0.356183 -0.108522 0.01
v -0.332317 -0.178644 0.01
v -0.295732 -0.178644 0.01
v -0.390244 0.071356 0.01
v -0.364615 -0.081083 0.01
v -0.448218 -0.081083 0.01
v -0.401915 0.023337 0.01
v -0.404321 0.032008 0.01
v -0.405917 0.040868 0.01
v -0.406726 0.040868 0.01
v -0.408358 0.032035 0.01
v -0.410585 0.023337 0.01
v -0.364615 -0.081083 0.0
v -0.448218 -0.081083 0.0
v -0.401915 0.023337 0.0
v -0.404321 0.032008 0.0
v -0.405917 0.040868 0.0
v -0.406726 0.040868 0.0
v -0.408358 0.032035 0.0
v -0.410585 0.023337 0.0
v -0.144198 -0.178644 0.01
v -0.07622 -0.178644 0.01
v -0.07622 0.071356 0.01
v -0.14677 0.071356 0.01
v -0.277439 -0.0505 0.01
v -0.275622 -0.026976 0.01
v -0.268908 -0.002345 0.01
v -0.257289 0.019155 0.01
v -0.23961 0.038759 0.01
v -0.239349 0.038988 0.01
v -0.212139 0.057224 0.01
v -0.182888 0.067495 0.01
v -0.175131 -0.175944 0.01
v -0.203938 -0.167358 0.01
v -0.230041 -0.152188 0.01
v -0.250619 -0.132486 0.01
v -0.264955 -0.110125 0.01
v -0.273931 -0.083958 0.01
v -0.227257 0.008859 0.01
v -0.215114 0.021753 0.01
v -0.196853 0.03355 0.01
v -0.176217 0.040771 0.01
v -0.146627 0.043917 0.01
v -0.109756 0.043917 0.01
v -0.109756 -0.151205 0.01
v -0.145246 -0.151205 0.01
v -0.171621 -0.14875 0.01
v -0.192659 -0.142184 0.01
v -0.209709 -0.132059 0.01
v -0.22373 -0.11821 0.01
v -0.234275 -0.100973 0.01
v -0.241607 -0.077473 0.01
v -0.243902 -0.051215 0.01
v -0.241778 -0.026334 0.01
v -0.235942 -0.00656 0.01
v -0.146627 0.043917 0.0
v -0.109756 0.043917 0.0
v -0.176217 0.040771 0.0
v -0.196853 0.03355 0.0
v -0.215114 0.021753 0.0
v -0.227257 0.008859 0.0
v -0.235942 -0.00656 0.0
v -0.241778 -0.026334 0.0
v -0.243902 -0.051215 0.0
v -0.241607 -0.077473 0.0
v -0.234275 -0.100973 0.0
v -0.22373 -0.11821 0.0
v -0.209709 -0.132059 0.0
v -0.192659 -0.142184 0.0
v -0.171621 -0.14875 0.0
v -0.145246 -0.151205 0.0
v -0.109756 -0.151205 0.0
v -0.027439 -0.151205 0.01
v -0.027439 -0.178644 0.01
v 0.106707 -0.178644 0.01
v 0.106707 0.071356 0.01
v -0.021341 0.071356 0.01
v -0.021341 0.043917 0.01
v 0.073171 0.043917 0.01
v 0.073171 -0.0384 0.01
v -0.015244 -0.0384 0.01
v -0.015244 -0.065839 0.01
v 0.073171 -0.065839 0.01
v 0.073171 -0.151205 0.01
v 0.155488 -0.138248 0.01
v 0.155488 -0.165687 0.01
v 0.182136 -0.176629 0.01
v 0.224276 -0.181693 0.01
v 0.21744 -0.181576 0.01
v 0.341463 -0.05836 0.01
v 0.339046 -0.087314 0.01
v 0.331522 -0.113776 0.01
v 0.318204 -0.137547 0.01
v 0.299426 -0.157317 0.01
v 0.279316 -0.170158 0.01
v 0.255085 -0.178499 0.01
v 0.21432 0.074404 0.01
v 0.23943 0.072355 0.01
v 0.2673 0.064258 0.01
v 0.291046 0.050589 0.01
v 0.313616 0.028883 0.01
v 0.328269 0.005509 0.01
v 0.337867 -0.022818 0.01
v 0.155488 0.064496 0.01
v 0.184392 0.072339 0.01
v 0.155488 0.030959 0.01
v 0.214034 0.046965 0.01
v 0.183648 0.043018 0.01
v 0.307927 -0.056312 0.01
v 0.306734 -0.036861 0.01
v 0.30007 -0.010097 0.01
v 0.289764 0.009205 0.01
v 0.274667 0.025872 0.01
v 0.257363 0.037448 0.01
v 0.238651 0.044201 0.01
v 0.219655 -0.154254 0.01
v 0.242973 -0.151638 0.01
v 0.261189 -0.144932 0.01
v 0.276532 -0.134591 0.01
v 0.288264 -0.122215 0.01
v 0.298603 -0.10488 0.01
v 0.305395 -0.083376 0.01
v 0.159968 -0.14073 0.01
v 0.18647 -0.150571 0.01
v 0.362805 -0.151205 0.01
v 0.362805 -0.178644 0.01
v 0.490854 -0.178644 0.01
v 0.490854 0.071356 0.01
v 0.457317 0.071356 0.01
v 0.457317 -0.151205 0.01
v 2.0 -1.26 -0.01
newmtl 4
Ka 0.8509803921568627 0.8509803921568627 0.8509803921568627
Kd 0.8509803921568627 0.8509803921568627 0.8509803921568627
Ks 0.4235294117647059 0.4235294117647059 0.4235294117647059
d 0.0
endmtl
v -2.0 -1.26 -0.01
v 2.0 -2.31 -0.01
v -2.0 -2.31 -0.01
v 1.851764 -2.503185 0.2
v 1.851764 -2.503185 -0.01
v 1.9 -2.483205 -0.01
v 1.941421 -2.451421 -0.01
v 1.973205 -2.41 -0.01
v 1.993185 -2.361764 -0.01
v 1.8 -2.51 0.2
v 1.8 -2.51 -0.01
v -1.273516 -2.51 0.2
v -1.8 -2.51 0.2
v -1.8 -2.51 -0.01
v 1.273516 -2.51 0.2
v 0.636758 -2.51 0.2
v 0.0 -2.51 0.2
v -0.636758 -2.51 0.2
v -1.993185 -2.361764 -0.01
v -1.973205 -2.41 -0.01
v -1.941421 -2.451421 -0.01
v -1.9 -2.483205 -0.01
v -1.851764 -2.503185 -0.01
v -1.851764 -2.503185 0.2
v -2.0 1.26 -0.01
v 2.0 1.26 -0.01
v 2.0 2.31 -0.01
v -2.0 2.31 -0.01
v -1.851764 2.503185 0.2
v -1.851764 2.503185 -0.01
v -1.9 2.483205 -0.01
v -1.941421 2.451421 -0.01
v -1.973205 2.41 -0.01
v -1.993185 2.361764 -0.01
v -1.8 2.51 0.2
v -1.8 2.51 -0.01
v 1.273516 2.51 0.2
v 1.8 2.51 0.2
v 1.8 2.51 -0.01
v -1.273516 2.51 0.2
v -0.636758 2.51 0.2
v 0.0 2.51 0.2
v 0.636758 2.51 0.2
v 1.993185 2.361764 -0.01
v 1.973205 2.41 -0.01
v 1.941421 2.451421 -0.01
v 1.9 2.483205 -0.01
v 1.851764 2.503185 -0.01
v 1.851764 2.503185 0.2
v 0.099182 0.719512 2.09
v 0.172353 0.719512 2.09
v 0.128146 0.586223 2.09
v 0.13169 0.623738 2.09
v 0.149891 0.68296 2.09
v 0.202746 0.481707 2.09
v 0.183023 0.483822 2.09
v 0.167429 0.489578 2.09
v 0.157515 0.496198 2.09
v 0.147704 0.506609 2.09
v 0.137804 0.524543 2.09
v 0.130943 0.549918 2.09
v 0.309453 0.597275 2.09
v 0.270565 0.524721 2.09
v 0.269988 0.523836 2.09
v 0.252085 0.502331 2.09
v 0.235114 0.489754 2.09
v 0.220816 0.484058 2.09
v 0.451316 0.719512 2.09
v 0.422733 0.716371 2.09
v 0.397104 0.707176 2.09
v 0.373879 0.692003 2.09
v 0.349635 0.665238 2.09
v 0.585463 0.542683 2.09
v 0.580072 0.597956 2.09
v 0.56629 0.639958 2.09
v 0.550136 0.668074 2.09
v 0.531506 0.689545 2.09
v 0.509797 0.70526 2.09
v 0.485869 0.715032 2.09
v 0.583085 0.487175 2.09
v 0.571743 0.432927 2.09
v 0.498572 0.432927 2.09
v 0.530585 0.548018 2.09
v 0.528417 0.513472 2.09
v 0.518201 0.470729 2.09
v 0.45789 0.652439 2.09
v 0.472848 0.650913 2.09
v 0.486284 0.64628 2.09
v 0.496885 0.639377 2.09
v 0.50806 0.627913 2.09
v 0.519045 0.609193 2.09
v 0.52742 0.582907 2.09
v 0.356423 0.546208 2.09
v 0.38105 0.592682 2.09
v 0.399176 0.621193 2.09
v 0.412622 0.636526 2.09
v 0.425024 0.644981 2.09
v 0.438811 0.650243 2.09
v 0.208271 0.414634 2.09
v 0.237919 0.418253 2.09
v 0.263611 0.428203 2.09
v 0.288562 0.445395 2.09
v 0.316131 0.476264 2.09
v 0.073268 0.593655 2.09
v 0.077147 0.541278 2.09
v 0.090988 0.492271 2.09
v 0.108945 0.4609 2.09
v 0.127003 0.441712 2.09
v 0.148219 0.427615 2.09
v 0.173228 0.418547 2.09
v 0.091522 0.703487 2.09
v 0.079899 0.658006 2.09
v -0.6553 -0.585366 2.09
v -0.616177 -0.581334 2.09
v -0.587501 -0.571657 2.09
v -0.563012 -0.556401 2.09
v -0.541371 -0.534379 2.09
v -0.521892 -0.500791 2.09
v -0.510395 -0.461805 2.09
v -0.506101 -0.412157 2.09
v -0.817076 -0.40463 2.09
v -0.815255 -0.43706 2.09
v -0.803359 -0.486145 2.09
v -0.785606 -0.519882 2.09
v -0.760391 -0.548418 2.09
v -0.729963 -0.568983 2.09
v -0.697452 -0.580734 2.09
v -0.797545 -0.29878 2.09
v -0.804155 -0.312957 2.09
v -0.813491 -0.350446 2.09
v -0.736284 -0.29878 2.09
v -0.762198 -0.401963 2.09
v -0.755461 -0.348825 2.09
v -0.659397 -0.518293 2.09
v -0.678484 -0.516833 2.09
v -0.70001 -0.51084 2.09
v -0.720309 -0.499193 2.09
v -0.736332 -0.483619 2.09
v -0.750379 -0.461307 2.09
v -0.75902 -0.435058 2.09
v -0.560979 -0.390053 2.09
v -0.56104 -0.394672 2.09
v -0.566484 -0.440557 2.09
v -0.577201 -0.469547 2.09
v -0.583747 -0.480442 2.09
v -0.59746 -0.496249 2.09
v -0.614617 -0.508246 2.09
v -0.633745 -0.515361 2.09
v -0.565171 -0.304878 2.09
v -0.561916 -0.347407 2.09
v -0.310979 -0.323552 2.09
v -0.310979 -0.560976 2.09
v -0.365857 -0.560976 2.09
v -0.365857 -0.376429 2.09
v -0.508006 -0.365854 2.09
v -0.603852 -0.034394 2.09
v -0.721421 -0.152439 2.09
v -0.756101 -0.117664 2.09
v -0.63796 2.86E-4 2.09
v -0.756101 0.117664 2.09
v -0.721421 0.152439 2.09
v -0.603757 0.034108 2.09
v -0.485617 0.152439 2.09
v -0.451223 0.117664 2.09
v -0.569458 2.86E-4 2.09
v -0.451223 -0.118045 2.09
v -0.485998 -0.152439 2.09
v -0.563012 0.31555 2.09
v -0.587501 0.300294 2.09
v -0.616177 0.290618 2.09
v -0.6553 0.286585 2.09
v -0.521892 0.37116 2.09
v -0.541371 0.337572 2.09
v -0.510395 0.410146 2.09
v -0.506101 0.459794 2.09
v -0.817076 0.467321 2.09
v -0.815255 0.434891 2.09
v -0.803359 0.385806 2.09
v -0.785606 0.352069 2.09
v -0.760391 0.323534 2.09
v -0.729963 0.302968 2.09
v -0.697452 0.291217 2.09
v -0.797545 0.573171 2.09
v -0.804155 0.558994 2.09
v -0.813491 0.521505 2.09
v -0.736284 0.573171 2.09
v -0.762198 0.469989 2.09
v -0.755461 0.523126 2.09
v -0.659397 0.353659 2.09
v -0.678484 0.355119 2.09
v -0.70001 0.361112 2.09
v -0.720309 0.372758 2.09
v -0.736332 0.388332 2.09
v -0.750379 0.410645 2.09
v -0.75902 0.436893 2.09
v -0.560979 0.481898 2.09
v -0.56104 0.477279 2.09
v -0.566484 0.431394 2.09
v -0.577201 0.402404 2.09
v -0.583747 0.39151 2.09
v -0.59746 0.375702 2.09
v -0.614617 0.363705 2.09
v -0.633745 0.35659 2.09
v -0.565171 0.567073 2.09
v -0.561916 0.524544 2.09
v -0.310979 0.548399 2.09
v -0.310979 0.310976 2.09
v -0.365857 0.310976 2.09
v -0.365857 0.495522 2.09
v -0.508006 0.506098 2.09
v 0.079365 -0.465225 2.09
v 0.079365 -0.329268 2.09
v 0.579365 -0.329268 2.09
v 0.579365 -0.47037 2.09
v 0.335653 -0.731707 2.09
v 0.381465 -0.728273 2.09
v 0.431131 -0.714885 2.09
v 0.474804 -0.691524 2.09
v 0.514092 -0.65614 2.09
v 0.514661 -0.655492 2.09
v 0.551124 -0.60106 2.09
v 0.571643 -0.542609 2.09
v 0.10255 -0.586133 2.09
v 0.085041 -0.528576 2.09
v 0.17254 -0.678762 2.09
v 0.13303 -0.637895 2.09
v 0.21664 -0.706812 2.09
v 0.268747 -0.724704 2.09
v 0.454417 -0.631417 2.09
v 0.480204 -0.607105 2.09
v 0.503713 -0.570612 2.09
v 0.518196 -0.529265 2.09
v 0.524487 -0.470084 2.09
v 0.524487 -0.396341 2.09
v 0.134243 -0.396341 2.09
v 0.134243 -0.467321 2.09
v 0.139183 -0.520228 2.09
v 0.152278 -0.562212 2.09
v 0.172692 -0.59644 2.09
v 0.200652 -0.624716 2.09
v 0.234636 -0.645347 2.09
v 0.274442 -0.658544 2.09
v 0.334224 -0.664634 2.09
v 0.383997 -0.660384 2.09
v 0.423573 -0.648691 2.09
v 0.524487 -0.470084 2.1
v 0.524487 -0.396341 2.1
v 0.518196 -0.529265 2.1
v 0.503713 -0.570612 2.1
v 0.480204 -0.607105 2.1
v 0.454417 -0.631417 2.1
v 0.423573 -0.648691 2.1
v 0.383997 -0.660384 2.1
v 0.334224 -0.664634 2.1
v 0.274442 -0.658544 2.1
v 0.234636 -0.645347 2.1
v 0.200652 -0.624716 2.1
v 0.172692 -0.59644 2.1
v 0.152278 -0.562212 2.1
v 0.139183 -0.520228 2.1
v 0.134243 -0.467321 2.1
v 0.134243 -0.396341 2.1
v 0.079365 -0.134146 2.09
v 0.079365 -0.195122 2.09
v 0.413111 -0.134146 2.09
v 0.512292 -0.139005 2.09
v 0.462748 -0.135603 2.09
v 0.512292 -0.137386 2.09
v 0.461511 -0.122523 2.09
v 0.486603 -0.130946 2.09
v 0.079365 0.042683 2.09
v 0.079365 0.079268 2.09
v 0.458653 0.241425 2.09
v 0.512292 0.256098 2.09
v 0.485183 0.249768 2.09
v 0.512292 0.258003 2.09
v 0.410158 0.256098 2.09
v 0.461238 0.256452 2.09
v 0.079365 0.256098 2.09
v 0.079365 0.317073 2.09
v 0.579365 0.317073 2.09
v 0.579365 0.231707 2.09
v 0.237997 0.083746 2.09
v 0.176926 0.061452 2.09
v 0.207828 0.071581 2.09
v 0.176926 0.059165 2.09
v 0.239331 0.035442 2.09
v 0.208221 0.047547 2.09
v 0.579365 -0.115854 2.09
v 0.579365 -0.195122 2.09
usemtl 1
f 1// 2// 3//
f 4// 5// 6//
f 7// 8// 9//
f 9// 8// 10//
f 9// 10// 11//
f 12// 13// 14//
f 14// 13// 15//
f 14// 15// 16//
f 16// 15// 17//
f 16// 17// 5//
f 5// 17// 7//
f 5// 7// 6//
f 6// 7// 9//
f 18// 19// 20//
f 20// 19// 21//
f 20// 21// 22//
f 22// 21// 23//
f 4// 6// 24//
f 24// 6// 25//
f 24// 25// 26//
f 11// 10// 27//
f 27// 10// 28//
f 27// 28// 29//
f 29// 28// 30//
f 29// 30// 31//
f 21// 32// 23//
f 23// 32// 33//
f 23// 33// 34//
f 34// 33// 35//
f 36// 37// 38//
f 38// 39// 36//
f 36// 39// 40//
f 36// 40// 41//
f 41// 40// 35//
f 41// 35// 31//
f 31// 35// 33//
f 31// 33// 29//
f 42// 43// 44//
f 42// 44// 45//
f 46// 47// 48//
f 46// 48// 44//
f 44// 48// 49//
f 44// 49// 45//
f 50// 51// 52//
f 52// 51// 53//
f 54// 55// 56//
f 11// 57// 54//
f 54// 57// 58//
f 54// 58// 55//
f 56// 59// 54//
f 54// 59// 60//
f 54// 60// 46//
f 46// 60// 61//
f 46// 61// 47//
f 50// 62// 51//
f 51// 62// 63//
f 51// 63// 27//
f 27// 63// 64//
f 27// 64// 11//
f 11// 64// 65//
f 11// 65// 57//
f 66// 67// 68//
f 68// 67// 69//
f 68// 69// 70//
f 71// 72// 68//
f 68// 72// 73//
f 68// 73// 74//
f 75// 76// 68//
f 68// 76// 77//
f 68// 77// 71//
f 73// 78// 74//
f 74// 78// 79//
f 74// 79// 80//
f 81// 82// 83//
f 83// 82// 84//
f 83// 84// 85//
f 85// 84// 86//
f 85// 86// 74//
f 70// 87// 68//
f 68// 87// 88//
f 68// 88// 75//
f 80// 89// 74//
f 74// 89// 90//
f 74// 90// 85//
f 91// 92// 93//
f 93// 92// 94//
f 93// 94// 95//
f 95// 94// 96//
f 95// 96// 97//
f 98// 99// 96//
f 96// 99// 100//
f 100// 101// 96//
f 96// 101// 102//
f 96// 102// 97//
f 103// 104// 105//
f 105// 104// 106//
f 105// 106// 107//
f 107// 106// 108//
f 108// 109// 107//
f 107// 109// 110//
f 107// 110// 111//
f 111// 110// 112//
f 111// 112// 113//
f 114// 46// 115//
f 46// 114// 54//
f 54// 114// 116//
f 54// 116// 117//
f 117// 118// 54//
f 54// 118// 119//
f 54// 119// 120//
f 121// 122// 115//
f 115// 122// 123//
f 115// 123// 114//
f 124// 125// 126//
f 126// 125// 122//
f 126// 122// 127//
f 127// 122// 121//
f 120// 128// 54//
f 54// 128// 129//
f 54// 129// 130//
f 131// 132// 133//
f 132// 134// 133//
f 133// 134// 135//
f 133// 135// 136//
f 136// 137// 138//
f 138// 137// 139//
f 138// 139// 140//
f 141// 142// 133//
f 133// 142// 143//
f 144// 145// 146//
f 146// 145// 147//
f 139// 148// 140//
f 140// 148// 147//
f 140// 147// 149//
f 149// 147// 145//
f 143// 150// 133//
f 133// 150// 151//
f 133// 151// 131//
f 152// 153// 154//
f 154// 153// 155//
f 154// 155// 156//
f 25// 157// 158//
f 32// 159// 33//
f 33// 159// 26//
f 33// 26// 160//
f 160// 26// 25//
f 160// 25// 161//
f 161// 25// 158//
f 162// 163// 161//
f 164// 165// 160//
f 160// 166// 167//
f 165// 168// 160//
f 160// 168// 169//
f 160// 169// 166//
f 162// 161// 170//
f 170// 161// 171//
f 170// 171// 172//
f 172// 171// 173//
f 172// 173// 174//
f 163// 175// 161//
f 161// 175// 176//
f 161// 176// 160//
f 160// 176// 177//
f 160// 177// 164//
f 178// 179// 180//
f 181// 182// 183//
f 180// 179// 174//
f 174// 179// 184//
f 174// 184// 185//
f 185// 186// 174//
f 174// 186// 187//
f 174// 187// 172//
f 181// 183// 180//
f 180// 183// 188//
f 180// 188// 178//
f 91// 103// 92//
f 92// 103// 105//
f 92// 105// 189//
f 190// 191// 192//
f 156// 155// 193//
f 193// 155// 194//
f 193// 194// 195//
f 191// 196// 192//
f 192// 196// 197//
f 192// 197// 198//
f 199// 200// 105//
f 105// 200// 201//
f 195// 202// 193//
f 193// 202// 192//
f 193// 192// 105//
f 105// 192// 198//
f 105// 198// 199//
f 190// 192// 203//
f 203// 192// 204//
f 203// 204// 205//
f 205// 204// 206//
f 205// 206// 207//
f 201// 208// 105//
f 105// 208// 209//
f 105// 209// 189//
f 206// 210// 207//
f 207// 210// 211//
f 207// 211// 212//
f 212// 213// 207//
f 207// 213// 214//
f 207// 214// 215//
f 215// 216// 207//
f 207// 216// 217//
f 207// 217// 218//
f 218// 217// 219//
f 218// 219// 220//
f 221// 133// 222//
f 223// 224// 225//
f 225// 224// 226//
f 225// 226// 227//
f 227// 226// 228//
f 227// 228// 229//
f 229// 228// 230//
f 229// 230// 222//
f 222// 230// 231//
f 222// 231// 221//
f 232// 233// 133//
f 223// 234// 235//
f 235// 236// 223//
f 223// 236// 237//
f 223// 237// 224//
f 232// 133// 238//
f 239// 240// 223//
f 223// 240// 241//
f 223// 241// 242//
f 242// 243// 223//
f 223// 243// 244//
f 223// 244// 234//
f 245// 246// 221//
f 221// 246// 247//
f 221// 247// 248//
f 239// 249// 240//
f 240// 249// 250//
f 240// 250// 251//
f 251// 250// 252//
f 245// 221// 253//
f 253// 221// 254//
f 253// 254// 255//
f 248// 256// 221//
f 221// 256// 257//
f 221// 257// 133//
f 133// 257// 258//
f 133// 258// 238//
f 233// 259// 133//
f 133// 259// 260//
f 133// 260// 141//
f 261// 262// 263//
f 260// 264// 141//
f 141// 264// 265//
f 141// 265// 263//
f 263// 265// 266//
f 263// 266// 261//
f 267// 268// 269//
f 269// 268// 270//
f 269// 270// 271//
f 272// 273// 274//
f 274// 273// 275//
f 276// 277// 272//
f 272// 277// 278//
f 272// 278// 279//
f 267// 280// 268//
f 268// 280// 281//
f 268// 281// 274//
f 274// 281// 282//
f 274// 282// 283//
f 283// 284// 274//
f 274// 284// 285//
f 274// 285// 272//
f 272// 285// 286//
f 272// 286// 276//
f 275// 273// 287//
f 287// 273// 154//
f 287// 154// 288//
f 288// 154// 156//
f 288// 156// 289//
f 66// 68// 290//
f 290// 68// 291//
f 290// 291// 292//
f 156// 290// 289//
f 289// 290// 292//
f 289// 292// 293//
f 293// 292// 294//
f 293// 294// 295//
f 295// 294// 296//
f 297// 298// 296//
f 296// 298// 299//
f 299// 300// 296//
f 296// 300// 301//
f 296// 301// 295//
f 302// 303// 304//
f 304// 303// 305//
f 304// 305// 306//
f 297// 307// 298//
f 298// 307// 308//
f 298// 308// 309//
f 309// 308// 310//
f 309// 310// 311//
f 311// 310// 304//
f 311// 304// 312//
f 312// 304// 306//
f 313// 314// 83//
f 83// 314// 315//
f 83// 315// 81//
f 316// 317// 318//
f 272// 319// 273//
f 273// 319// 316//
f 273// 316// 320//
f 320// 316// 318//
f 321// 322// 323//
f 323// 322// 324//
f 325// 326// 327//
f 323// 325// 321//
f 321// 325// 327//
f 321// 327// 272//
f 272// 327// 328//
f 272// 328// 319//
f 319// 328// 329//
f 318// 322// 320//
f 320// 322// 321//
f 320// 321// 229//
f 229// 321// 3//
f 229// 3// 227//
f 227// 3// 2//
f 279// 314// 272//
f 272// 314// 313//
f 272// 313// 321//
f 321// 313// 330//
f 321// 330// 3//
f 3// 330// 263//
f 3// 263// 1//
f 1// 263// 262//
f 96// 157// 98//
f 98// 157// 25//
f 98// 25// 331//
f 331// 25// 6//
f 331// 6// 332//
f 332// 6// 9//
f 332// 9// 333//
f 333// 9// 11//
f 333// 11// 334//
f 334// 11// 54//
f 334// 54// 335//
f 335// 54// 130//
f 167// 152// 160//
f 160// 152// 154//
f 160// 154// 33//
f 33// 154// 273//
f 33// 273// 29//
f 29// 273// 320//
f 29// 320// 27//
f 27// 320// 229//
f 27// 229// 51//
f 51// 229// 222//
f 136// 138// 133//
f 133// 138// 336//
f 133// 336// 222//
f 222// 336// 44//
f 222// 44// 51//
f 51// 44// 43//
f 51// 43// 53//
f 337// 338// 339//
f 339// 338// 340//
f 339// 340// 341//
f 341// 342// 339//
f 339// 342// 343//
f 339// 343// 344//
f 344// 343// 345//
f 344// 345// 346//
f 347// 348// 349//
f 350// 351// 339//
f 339// 351// 352//
f 339// 352// 353//
f 349// 354// 347//
f 347// 354// 355//
f 347// 355// 356//
f 357// 358// 359//
f 359// 358// 360//
f 359// 360// 350//
f 350// 360// 361//
f 362// 363// 351//
f 351// 363// 364//
f 365// 359// 353//
f 353// 359// 366//
f 353// 366// 339//
f 339// 366// 367//
f 339// 367// 368//
f 368// 369// 339//
f 339// 369// 370//
f 339// 370// 337//
f 361// 371// 350//
f 350// 371// 372//
f 350// 372// 351//
f 351// 372// 373//
f 351// 373// 362//
f 356// 357// 347//
f 347// 357// 359//
f 347// 359// 374//
f 374// 359// 365//
f 374// 365// 375//
f 375// 365// 376//
f 364// 377// 351//
f 351// 377// 378//
f 351// 378// 347//
f 347// 378// 379//
f 347// 379// 348//
f 380// 381// 382//
f 382// 381// 383//
f 382// 383// 384//
f 385// 386// 387//
f 387// 386// 388//
f 387// 388// 382//
f 382// 388// 389//
f 382// 389// 380//
f 384// 390// 382//
f 382// 390// 391//
f 382// 391// 392//
f 393// 394// 395//
f 396// 397// 398//
f 398// 397// 399//
f 398// 399// 400//
f 394// 401// 395//
f 395// 401// 402//
f 395// 402// 398//
f 400// 403// 398//
f 398// 403// 404//
f 398// 404// 405//
f 405// 404// 406//
f 405// 406// 407//
f 408// 409// 398//
f 398// 409// 410//
f 398// 410// 396//
f 350// 411// 359//
f 359// 411// 412//
f 359// 412// 413//
f 414// 415// 416//
f 417// 418// 419//
f 420// 413// 421//
f 421// 413// 422//
f 392// 423// 382//
f 382// 423// 366//
f 382// 366// 395//
f 395// 366// 359//
f 395// 359// 393//
f 393// 359// 413//
f 393// 413// 424//
f 424// 413// 420//
f 425// 426// 427//
f 427// 426// 411//
f 427// 411// 428//
f 415// 429// 416//
f 416// 429// 430//
f 416// 430// 431//
f 432// 433// 434//
f 434// 433// 402//
f 419// 428// 417//
f 417// 428// 411//
f 417// 411// 435//
f 435// 411// 350//
f 435// 350// 422//
f 436// 437// 438//
f 438// 437// 439//
f 438// 439// 440//
f 441// 442// 438//
f 438// 442// 443//
f 444// 445// 446//
f 446// 445// 447//
f 443// 448// 438//
f 438// 448// 447//
f 438// 447// 449//
f 449// 447// 445//
f 433// 450// 402//
f 402// 450// 451//
f 402// 451// 398//
f 398// 451// 452//
f 398// 452// 408//
f 453// 454// 455//
f 456// 457// 458//
f 458// 457// 459//
f 458// 459// 416//
f 416// 459// 460//
f 416// 460// 414//
f 431// 461// 416//
f 416// 461// 462//
f 416// 462// 463//
f 440// 464// 438//
f 438// 464// 465//
f 438// 465// 441//
f 454// 466// 455//
f 455// 466// 350//
f 455// 350// 467//
f 467// 350// 416//
f 467// 416// 450//
f 450// 416// 463//
f 450// 463// 451//
f 432// 468// 433//
f 433// 468// 469//
f 433// 469// 470//
f 470// 469// 471//
f 470// 471// 472//
f 471// 473// 472//
f 472// 473// 474//
f 472// 474// 455//
f 455// 474// 475//
f 455// 475// 453//
f 466// 476// 350//
f 350// 476// 477//
f 350// 477// 478//
f 478// 479// 350//
f 350// 479// 480//
f 350// 480// 422//
f 422// 480// 481//
f 422// 481// 421//
f 421// 481// 482//
f 421// 482// 438//
f 438// 482// 483//
f 438// 483// 436//
f 484// 485// 486//
f 486// 485// 487//
f 487// 488// 486//
f 486// 488// 489//
f 486// 489// 490//
f 491// 492// 493//
f 493// 492// 490//
f 493// 490// 494//
f 494// 490// 489//
f 485// 484// 495//
f 495// 484// 496//
f 497// 495// 498//
f 498// 495// 496//
f 498// 496// 499//
f 499// 496// 500//
f 499// 500// 501//
f 501// 500// 502//
f 502// 500// 503//
f 502// 503// 504//
f 504// 503// 505//
f 505// 503// 506//
f 505// 506// 507//
f 507// 506// 508//
f 508// 506// 509//
f 508// 509// 510//
f 510// 509// 511//
f 511// 509// 512//
f 511// 512// 513//
f 492// 491// 514//
f 514// 491// 515//
f 516// 517// 518//
f 518// 517// 519//
f 518// 519// 520//
f 520// 519// 521//
f 521// 519// 522//
f 521// 522// 523//
f 523// 522// 524//
f 524// 522// 525//
f 524// 525// 526//
f 526// 525// 527//
f 527// 525// 528//
f 527// 528// 529//
f 529// 528// 530//
f 530// 528// 514//
f 530// 514// 531//
f 531// 514// 515//
f 531// 515// 532//
f 533// 511// 513//
f 511// 533// 510//
f 507// 508// 534//
f 501// 502// 535//
f 458// 536// 537//
f 497// 498// 538//
f 538// 498// 499//
f 538// 499// 539//
f 540// 541// 542//
f 542// 541// 543//
f 543// 544// 542//
f 542// 544// 545//
f 542// 545// 499//
f 499// 545// 546//
f 499// 546// 539//
f 547// 548// 540//
f 540// 548// 549//
f 540// 549// 541//
f 550// 551// 552//
f 552// 551// 553//
f 554// 555// 556//
f 556// 555// 557//
f 556// 557// 558//
f 558// 557// 559//
f 560// 537// 561//
f 536// 562// 537//
f 537// 562// 563//
f 537// 563// 561//
f 507// 534// 505//
f 499// 501// 542//
f 542// 501// 535//
f 542// 535// 540//
f 540// 535// 564//
f 540// 564// 547//
f 547// 564// 552//
f 547// 552// 565//
f 565// 552// 553//
f 513// 566// 533//
f 533// 566// 567//
f 533// 567// 568//
f 502// 504// 535//
f 535// 504// 569//
f 535// 569// 564//
f 564// 569// 570//
f 564// 570// 552//
f 552// 570// 571//
f 552// 571// 550//
f 550// 571// 558//
f 550// 558// 572//
f 572// 558// 559//
f 567// 573// 568//
f 568// 573// 574//
f 568// 574// 575//
f 574// 576// 575//
f 575// 576// 577//
f 575// 577// 578//
f 504// 505// 569//
f 569// 505// 534//
f 569// 534// 570//
f 570// 534// 579//
f 570// 579// 571//
f 571// 579// 580//
f 571// 580// 558//
f 558// 580// 581//
f 558// 581// 556//
f 556// 581// 560//
f 556// 560// 554//
f 554// 560// 561//
f 577// 582// 578//
f 578// 582// 583//
f 578// 583// 584//
f 508// 510// 534//
f 534// 510// 533//
f 534// 533// 579//
f 579// 533// 568//
f 579// 568// 580//
f 580// 568// 575//
f 580// 575// 581//
f 581// 575// 578//
f 581// 578// 560//
f 560// 578// 584//
f 560// 584// 537//
f 537// 584// 585//
f 537// 585// 458//
f 458// 585// 456//
f 583// 586// 584//
f 584// 586// 587//
f 584// 587// 585//
f 585// 587// 588//
f 585// 588// 456//
f 456// 588// 457//
f 529// 530// 589//
f 526// 527// 590//
f 520// 521// 591//
f 531// 532// 592//
f 344// 346// 593//
f 594// 595// 596//
f 596// 595// 597//
f 597// 595// 598//
f 598// 595// 599//
f 598// 599// 600//
f 601// 602// 603//
f 602// 601// 604//
f 604// 601// 605//
f 604// 605// 606//
f 607// 608// 609//
f 608// 607// 610//
f 610// 607// 611//
f 610// 611// 612//
f 589// 613// 614//
f 614// 613// 615//
f 614// 615// 616//
f 531// 592// 530//
f 530// 592// 617//
f 530// 617// 618//
f 618// 619// 530//
f 530// 619// 620//
f 530// 620// 589//
f 589// 620// 621//
f 589// 621// 613//
f 526// 590// 524//
f 527// 529// 590//
f 590// 529// 589//
f 590// 589// 611//
f 611// 589// 614//
f 611// 614// 612//
f 612// 614// 616//
f 523// 524// 622//
f 622// 524// 590//
f 622// 590// 623//
f 623// 590// 611//
f 623// 611// 605//
f 605// 611// 607//
f 605// 607// 606//
f 606// 607// 609//
f 521// 523// 591//
f 591// 523// 622//
f 591// 622// 624//
f 624// 622// 623//
f 624// 623// 625//
f 625// 623// 605//
f 625// 605// 599//
f 599// 605// 601//
f 599// 601// 600//
f 600// 601// 603//
f 518// 520// 626//
f 626// 520// 591//
f 626// 591// 627//
f 627// 591// 624//
f 627// 624// 628//
f 628// 624// 625//
f 628// 625// 629//
f 629// 625// 599//
f 629// 599// 593//
f 593// 599// 595//
f 593// 595// 344//
f 344// 595// 594//
f 516// 518// 630//
f 630// 518// 626//
f 630// 626// 631//
f 631// 626// 627//
f 631// 627// 632//
f 632// 627// 628//
f 632// 628// 633//
f 633// 628// 629//
f 633// 629// 634//
f 634// 629// 593//
f 634// 593// 345//
f 345// 593// 346//
f 635// 636// 637//
f 637// 636// 638//
f 639// 637// 640//
f 640// 637// 638//
f 640// 638// 641//
f 641// 638// 642//
f 641// 642// 643//
f 643// 642// 644//
f 644// 642// 645//
f 644// 645// 646//
f 646// 645// 647//
f 647// 645// 648//
f 647// 648// 649//
f 649// 648// 650//
f 650// 648// 651//
f 650// 651// 652//
f 652// 651// 653//
f 653// 651// 654//
f 653// 654// 655//
f 656// 657// 658//
f 658// 657// 659//
f 660// 661// 662//
f 662// 661// 663//
f 662// 663// 664//
f 664// 663// 665//
f 665// 663// 666//
f 665// 666// 667//
f 667// 666// 668//
f 668// 666// 669//
f 668// 669// 670//
f 670// 669// 671//
f 671// 669// 672//
f 671// 672// 673//
f 673// 672// 674//
f 674// 672// 658//
f 674// 658// 675//
f 675// 658// 659//
f 675// 659// 676//
f 673// 674// 677//
f 670// 671// 678//
f 664// 665// 679//
f 675// 676// 680//
f 405// 407// 681//
f 682// 683// 684//
f 684// 683// 685//
f 685// 683// 686//
f 686// 683// 687//
f 686// 687// 688//
f 689// 690// 691//
f 690// 689// 692//
f 692// 689// 693//
f 692// 693// 694//
f 695// 696// 697//
f 696// 695// 698//
f 698// 695// 699//
f 698// 699// 700//
f 677// 701// 702//
f 702// 701// 703//
f 702// 703// 704//
f 675// 680// 674//
f 674// 680// 705//
f 674// 705// 706//
f 706// 707// 674//
f 674// 707// 708//
f 674// 708// 677//
f 677// 708// 709//
f 677// 709// 701//
f 670// 678// 668//
f 671// 673// 678//
f 678// 673// 677//
f 678// 677// 699//
f 699// 677// 702//
f 699// 702// 700//
f 700// 702// 704//
f 667// 668// 710//
f 710// 668// 678//
f 710// 678// 711//
f 711// 678// 699//
f 711// 699// 693//
f 693// 699// 695//
f 693// 695// 694//
f 694// 695// 697//
f 665// 667// 679//
f 679// 667// 710//
f 679// 710// 712//
f 712// 710// 711//
f 712// 711// 713//
f 713// 711// 693//
f 713// 693// 687//
f 687// 693// 689//
f 687// 689// 688//
f 688// 689// 691//
f 662// 664// 714//
f 714// 664// 679//
f 714// 679// 715//
f 715// 679// 712//
f 715// 712// 716//
f 716// 712// 713//
f 716// 713// 717//
f 717// 713// 687//
f 717// 687// 681//
f 681// 687// 683//
f 681// 683// 405//
f 405// 683// 682//
f 660// 662// 718//
f 718// 662// 714//
f 718// 714// 719//
f 719// 714// 715//
f 719// 715// 720//
f 720// 715// 716//
f 720// 716// 721//
f 721// 716// 717//
f 721// 717// 722//
f 722// 717// 681//
f 722// 681// 406//
f 406// 681// 407//
f 652// 653// 723//
f 649// 650// 724//
f 643// 644// 725//
f 387// 726// 727//
f 728// 729// 730//
f 731// 732// 733//
f 639// 640// 734//
f 734// 640// 641//
f 734// 641// 735//
f 735// 641// 736//
f 737// 738// 739//
f 739// 740// 737//
f 737// 740// 741//
f 737// 741// 641//
f 641// 741// 742//
f 641// 742// 736//
f 743// 744// 738//
f 738// 744// 745//
f 738// 745// 739//
f 732// 746// 733//
f 733// 746// 747//
f 733// 747// 748//
f 729// 749// 730//
f 730// 749// 750//
f 730// 750// 751//
f 752// 727// 753//
f 726// 754// 727//
f 727// 754// 755//
f 727// 755// 753//
f 649// 724// 647//
f 641// 643// 737//
f 737// 643// 725//
f 737// 725// 738//
f 738// 725// 748//
f 738// 748// 743//
f 743// 748// 747//
f 644// 646// 725//
f 725// 646// 756//
f 725// 756// 748//
f 748// 756// 757//
f 748// 757// 733//
f 733// 757// 751//
f 733// 751// 731//
f 731// 751// 750//
f 646// 647// 756//
f 756// 647// 724//
f 756// 724// 757//
f 757// 724// 758//
f 757// 758// 751//
f 751// 758// 759//
f 751// 759// 730//
f 730// 759// 752//
f 730// 752// 728//
f 728// 752// 753//
f 650// 652// 724//
f 724// 652// 723//
f 724// 723// 758//
f 758// 723// 760//
f 758// 760// 759//
f 759// 760// 761//
f 759// 761// 752//
f 752// 761// 762//
f 752// 762// 727//
f 727// 762// 763//
f 727// 763// 387//
f 387// 763// 385//
f 653// 655// 723//
f 723// 655// 764//
f 723// 764// 760//
f 760// 764// 765//
f 760// 765// 761//
f 761// 765// 766//
f 761// 766// 762//
f 762// 766// 767//
f 762// 767// 763//
f 763// 767// 768//
f 763// 768// 385//
f 385// 768// 386//
f 486// 769// 484//
f 484// 769// 770//
f 770// 771// 484//
f 484// 771// 772//
f 484// 772// 496//
f 496// 772// 773//
f 496// 773// 500//
f 500// 773// 774//
f 500// 774// 503//
f 775// 512// 776//
f 776// 512// 509//
f 776// 509// 774//
f 774// 509// 506//
f 774// 506// 503//
f 777// 778// 779//
f 779// 778// 780//
f 779// 780// 781//
f 782// 783// 784//
f 784// 783// 785//
f 784// 785// 786//
f 517// 787// 788//
f 789// 790// 492//
f 492// 790// 791//
f 492// 514// 789//
f 789// 514// 528//
f 789// 528// 792//
f 528// 525// 792//
f 792// 525// 522//
f 792// 522// 788//
f 788// 522// 519//
f 788// 519// 517//
f 791// 793// 492//
f 492// 793// 794//
f 492// 794// 490//
f 795// 796// 636//
f 636// 796// 797//
f 797// 798// 636//
f 636// 798// 799//
f 636// 799// 638//
f 638// 799// 800//
f 638// 800// 642//
f 642// 800// 801//
f 642// 801// 645//
f 802// 654// 803//
f 803// 654// 651//
f 803// 651// 801//
f 801// 651// 648//
f 801// 648// 645//
f 804// 805// 806//
f 806// 805// 807//
f 806// 807// 808//
f 809// 810// 811//
f 811// 810// 812//
f 811// 812// 813//
f 814// 815// 816//
f 816// 815// 817//
f 816// 817// 818//
f 819// 820// 821//
f 821// 820// 822//
f 822// 820// 823//
f 823// 820// 824//
f 823// 824// 825//
f 825// 824// 826//
f 826// 824// 827//
f 826// 827// 828//
f 829// 830// 831//
f 831// 830// 832//
f 831// 832// 833//
f 828// 827// 831//
f 831// 827// 834//
f 831// 834// 829//
f 835// 836// 837//
f 837// 836// 838//
f 835// 839// 836//
f 836// 839// 840//
f 836// 840// 841//
f 841// 840// 842//
f 841// 842// 843//
f 843// 842// 844//
f 843// 844// 845//
f 846// 847// 848//
f 848// 847// 849//
f 848// 849// 844//
f 844// 849// 850//
f 844// 850// 845//
f 851// 852// 853//
f 853// 852// 854//
f 853// 854// 855//
f 856// 857// 858//
f 858// 857// 859//
f 858// 859// 860//
f 861// 862// 863//
f 864// 865// 866//
f 866// 865// 867//
f 867// 868// 866//
f 866// 868// 869//
f 866// 869// 870//
f 866// 871// 864//
f 864// 871// 872//
f 864// 872// 873//
f 872// 874// 873//
f 873// 874// 875//
f 873// 875// 863//
f 863// 875// 876//
f 863// 876// 861//
f 877// 878// 879//
f 879// 878// 880//
f 881// 882// 883//
f 883// 882// 884//
f 883// 884// 885//
f 885// 884// 886//
f 877// 887// 878//
f 878// 887// 888//
f 878// 888// 889//
f 889// 888// 890//
f 889// 890// 891//
f 891// 890// 885//
f 891// 885// 892//
f 892// 885// 886//
usemtl 2
f 859// 893// 860//
f 860// 893// 894//
f 860// 894// 895//
f 895// 894// 896//
f 897// 866// 870//
f 897// 870// 898//
f 898// 870// 838//
f 898// 838// 836//
f 817// 899// 818//
f 818// 899// 900//
f 818// 900// 851//
f 851// 900// 852//
f 901// 831// 833//
f 901// 833// 902//
f 902// 833// 880//
f 902// 880// 878//
usemtl 1
f 895// 896// 903//
f 903// 896// 904//
f 903// 904// 905//
f 906// 907// 656//
f 661// 908// 909//
f 910// 911// 656//
f 911// 912// 656//
f 656// 912// 913//
f 656// 913// 906//
f 914// 666// 909//
f 909// 666// 663//
f 909// 663// 661//
f 656// 658// 910//
f 910// 658// 672//
f 910// 672// 914//
f 914// 672// 669//
f 914// 669// 666//
f 915// 916// 917//
f 917// 916// 918//
f 919// 920// 921//
f 921// 920// 922//
f 923// 924// 925//
f 925// 924// 926//
f 927// 928// 929//
f 929// 928// 930//
f 636// 635// 795//
f 795// 635// 931//
f 931// 932// 795//
f 795// 932// 933//
f 795// 933// 907//
f 657// 656// 934//
f 934// 656// 907//
f 934// 907// 935//
f 935// 907// 933//
f 785// 936// 786//
f 786// 936// 937//
f 786// 937// 804//
f 804// 937// 805//
f 812// 938// 813//
f 813// 938// 939//
f 813// 939// 777//
f 777// 939// 778//
f 940// 941// 942//
f 943// 944// 945//
f 945// 944// 946//
f 945// 946// 942//
f 942// 946// 947//
f 942// 947// 940//
f 948// 949// 950//
f 950// 949// 951//
f 512// 775// 513//
f 513// 775// 952//
f 513// 952// 949//
f 949// 952// 953//
f 949// 953// 951//
f 954// 955// 956//
f 956// 955// 957//
f 958// 959// 960//
f 960// 959// 956//
f 960// 956// 961//
f 961// 956// 957//
f 908// 661// 660//
f 962// 963// 964//
f 964// 965// 962//
f 962// 965// 966//
f 962// 966// 660//
f 660// 966// 967//
f 660// 967// 908//
f 787// 517// 516//
f 968// 969// 970//
f 970// 971// 968//
f 968// 971// 972//
f 968// 972// 516//
f 516// 972// 973//
f 516// 973// 787//
f 974// 975// 976//
f 976// 977// 974//
f 974// 977// 978//
f 974// 978// 979//
f 979// 978// 980//
f 979// 980// 981//
f 982// 983// 984//
f 985// 986// 987//
f 987// 986// 988//
f 987// 988// 984//
f 984// 988// 989//
f 984// 989// 982//
f 990// 991// 992//
f 992// 991// 993//
f 654// 802// 655//
f 655// 802// 994//
f 655// 994// 991//
f 991// 994// 995//
f 991// 995// 993//
usemtl 2
f 996// 997// 998//
f 999// 1000// 1001//
f 1001// 1000// 1002//
f 1001// 1002// 998//
f 998// 1002// 1003//
f 998// 1003// 996//
f 1004// 1005// 1006//
f 1006// 1005// 1007//
f 1006// 1007// 1008//
f 1009// 847// 846//
f 1009// 846// 1006//
f 1006// 846// 1010//
f 1006// 1010// 1004//
f 862// 861// 1011//
f 1012// 1013// 1014//
f 1014// 1015// 1012//
f 1012// 1015// 1016//
f 1012// 1016// 1011//
f 1011// 1016// 1017//
f 1011// 1017// 862//
f 1018// 1019// 1020//
f 1020// 1019// 1021//
f 1022// 1023// 1024//
f 1024// 1023// 1020//
f 1024// 1020// 1025//
f 1025// 1020// 1021//
f 1026// 1027// 1028//
f 1028// 1027// 1029//
f 1028// 1029// 1030//
f 1031// 882// 881//
f 1031// 881// 1028//
f 1028// 881// 1032//
f 1028// 1032// 1026//
f 1033// 1034// 1035//
f 1035// 1036// 1033//
f 1033// 1036// 1037//
f 1033// 1037// 1038//
f 1038// 1037// 1039//
f 1038// 1039// 1040//
f 819// 821// 1041//
f 1042// 1043// 1044//
f 1044// 1045// 1042//
f 1042// 1045// 1046//
f 1042// 1046// 1041//
f 1041// 1046// 1047//
f 1041// 1047// 819//
f 1048// 1049// 1050//
f 1050// 1049// 1051//
f 1052// 1053// 1054//
f 1054// 1053// 1050//
f 1054// 1050// 1055//
f 1055// 1050// 1051//
usemtl 1
f 1056// 1057// 1058//
f 928// 927// 1059//
f 1059// 927// 1060//
f 1059// 1060// 1061//
f 1061// 1060// 1062//
f 1061// 1062// 1063//
f 1063// 1062// 1064//
f 1063// 1064// 1065//
f 1065// 1064// 1066//
f 1065// 1066// 1067//
f 1067// 1066// 1068//
f 1067// 1068// 1069//
f 1069// 1068// 1070//
f 1069// 1070// 1071//
f 1071// 1070// 1072//
f 1071// 1072// 1073//
f 1073// 1072// 1074//
f 1073// 1074// 1075//
f 1075// 1074// 1076//
f 1075// 1076// 1077//
f 1077// 1076// 1078//
f 1077// 1078// 1079//
f 1079// 1078// 1080//
f 1079// 1080// 1081//
f 1081// 1080// 1082//
f 1081// 1082// 1083//
f 1083// 1082// 1084//
f 1083// 1084// 1085//
f 1086// 1087// 1088//
f 1088// 1087// 1089//
f 1088// 1089// 1090//
f 1090// 1089// 1091//
f 1090// 1091// 1092//
f 1092// 1091// 1093//
f 1092// 1093// 1085//
f 1085// 1093// 1094//
f 1085// 1094// 1083//
f 1088// 1095// 1086//
f 1086// 1095// 1096//
f 1086// 1096// 1097//
f 1097// 1096// 1098//
f 1098// 1099// 1097//
f 1097// 1099// 1100//
f 1097// 1100// 1101//
f 1101// 1100// 1102//
f 1101// 1102// 1103//
f 1058// 1057// 1104//
f 1104// 1057// 1105//
f 1104// 1105// 1102//
f 1102// 1105// 1106//
f 1102// 1106// 1103//
f 1056// 1058// 1107//
f 1107// 1058// 1108//
f 1107// 1108// 1109//
f 1109// 1108// 1110//
f 1109// 1110// 1111//
f 1110// 1112// 1111//
f 1111// 1112// 1113//
f 1111// 1113// 1114//
f 1114// 1113// 1115//
f 1114// 1115// 1116//
f 1116// 1115// 1117//
f 1116// 1117// 1118//
f 1118// 1117// 1119//
f 1118// 1119// 1120//
f 1120// 1119// 1121//
f 1120// 1121// 926//
f 926// 1121// 925//
f 916// 915// 1122//
f 1122// 915// 1123//
f 1122// 1123// 1124//
f 1124// 1123// 1125//
f 1124// 1125// 1126//
f 1126// 1125// 1127//
f 1126// 1127// 1128//
f 1128// 1127// 1129//
f 1128// 1129// 1130//
f 1130// 1129// 1131//
f 1130// 1131// 1132//
f 1133// 1134// 1135//
f 1135// 1134// 1136//
f 1136// 1134// 1137//
f 1136// 1137// 1138//
f 1139// 1140// 1141//
f 1141// 1140// 1142//
f 1141// 1142// 1135//
f 1135// 1142// 1143//
f 1135// 1143// 1133//
f 1132// 1131// 1144//
f 1144// 1131// 1145//
f 1144// 1145// 1146//
f 1146// 1145// 1147//
f 1146// 1147// 1139//
f 1139// 1147// 1148//
f 1139// 1148// 1140//
f 1149// 1150// 1151//
f 1151// 1150// 1152//
f 1151// 1152// 1137//
f 1137// 1152// 1153//
f 1137// 1153// 1138//
f 1151// 1154// 1149//
f 1149// 1154// 1155//
f 1149// 1155// 1156//
f 1156// 1155// 1157//
f 1156// 1157// 1158//
f 1158// 1157// 1159//
f 1158// 1159// 1160//
f 1160// 1159// 1161//
f 1160// 1161// 1162//
f 929// 930// 1163//
f 1163// 930// 1164//
f 1163// 1164// 1165//
f 1165// 1164// 1166//
f 1165// 1166// 1167//
f 1167// 1166// 1168//
f 1167// 1168// 1169//
f 1169// 1168// 1170//
f 1169// 1170// 1171//
f 1171// 1170// 1172//
f 1171// 1172// 1173//
f 1173// 1172// 1174//
f 1173// 1174// 1175//
f 1175// 1174// 1176//
f 1175// 1176// 1177//
f 1177// 1176// 1178//
f 1177// 1178// 1179//
f 1179// 1178// 1180//
f 1179// 1180// 1181//
f 1181// 1180// 1182//
f 1181// 1182// 1183//
f 1183// 1182// 1184//
f 1183// 1184// 1185//
f 1185// 1184// 1186//
f 1185// 1186// 1162//
f 1162// 1186// 1187//
f 1162// 1187// 1160//
f 1188// 1189// 1190//
f 920// 919// 1191//
f 1191// 919// 1192//
f 1191// 1192// 1193//
f 1193// 1192// 1194//
f 1193// 1194// 1195//
f 1195// 1194// 1196//
f 1195// 1196// 1197//
f 1197// 1196// 1198//
f 1197// 1198// 1199//
f 1199// 1198// 1200//
f 1199// 1200// 1201//
f 1201// 1200// 1202//
f 1201// 1202// 1203//
f 1203// 1202// 1204//
f 1203// 1204// 1205//
f 1205// 1204// 1206//
f 1205// 1206// 1207//
f 1207// 1206// 1208//
f 1207// 1208// 1209//
f 1209// 1208// 1210//
f 1209// 1210// 1211//
f 1211// 1210// 1212//
f 1211// 1212// 1213//
f 1213// 1212// 1214//
f 1213// 1214// 1215//
f 1215// 1214// 1216//
f 1215// 1216// 1217//
f 1218// 1219// 1220//
f 1220// 1219// 1221//
f 1220// 1221// 1222//
f 1222// 1221// 1223//
f 1222// 1223// 1224//
f 1224// 1223// 1225//
f 1224// 1225// 1217//
f 1217// 1225// 1226//
f 1217// 1226// 1215//
f 1220// 1227// 1218//
f 1218// 1227// 1228//
f 1218// 1228// 1229//
f 1229// 1228// 1230//
f 1230// 1231// 1229//
f 1229// 1231// 1232//
f 1229// 1232// 1233//
f 1233// 1232// 1234//
f 1233// 1234// 1235//
f 1190// 1189// 1236//
f 1236// 1189// 1237//
f 1236// 1237// 1234//
f 1234// 1237// 1238//
f 1234// 1238// 1235//
f 1188// 1190// 1239//
f 1239// 1190// 1240//
f 1239// 1240// 1241//
f 1241// 1240// 1242//
f 1241// 1242// 1243//
f 1242// 1244// 1243//
f 1243// 1244// 1245//
f 1243// 1245// 1246//
f 1246// 1245// 1247//
f 1246// 1247// 1248//
f 1248// 1247// 1249//
f 1248// 1249// 1250//
f 1250// 1249// 1251//
f 1250// 1251// 1252//
f 1252// 1251// 1253//
f 1252// 1253// 918//
f 918// 1253// 917//
f 924// 923// 1254//
f 1254// 923// 1255//
f 1254// 1255// 1256//
f 1256// 1255// 1257//
f 1256// 1257// 1258//
f 1258// 1257// 1259//
f 1258// 1259// 1260//
f 1260// 1259// 1261//
f 1260// 1261// 1262//
f 1262// 1261// 1263//
f 1262// 1263// 1264//
f 1265// 1266// 1267//
f 1267// 1266// 1268//
f 1268// 1266// 1269//
f 1268// 1269// 1270//
f 1271// 1272// 1273//
f 1273// 1272// 1274//
f 1273// 1274// 1267//
f 1267// 1274// 1275//
f 1267// 1275// 1265//
f 1264// 1263// 1276//
f 1276// 1263// 1277//
f 1276// 1277// 1278//
f 1278// 1277// 1279//
f 1278// 1279// 1271//
f 1271// 1279// 1280//
f 1271// 1280// 1272//
f 1281// 1282// 1283//
f 1283// 1282// 1284//
f 1283// 1284// 1269//
f 1269// 1284// 1285//
f 1269// 1285// 1270//
f 1283// 1286// 1281//
f 1281// 1286// 1287//
f 1281// 1287// 1288//
f 1288// 1287// 1289//
f 1288// 1289// 1290//
f 1290// 1289// 1291//
f 1290// 1291// 1292//
f 1292// 1291// 1293//
f 1292// 1293// 1294//
f 921// 922// 1295//
f 1295// 922// 1296//
f 1295// 1296// 1297//
f 1297// 1296// 1298//
f 1297// 1298// 1299//
f 1299// 1298// 1300//
f 1299// 1300// 1301//
f 1301// 1300// 1302//
f 1301// 1302// 1303//
f 1303// 1302// 1304//
f 1303// 1304// 1305//
f 1305// 1304// 1306//
f 1305// 1306// 1307//
f 1307// 1306// 1308//
f 1307// 1308// 1309//
f 1309// 1308// 1310//
f 1309// 1310// 1311//
f 1311// 1310// 1312//
f 1311// 1312// 1313//
f 1313// 1312// 1314//
f 1313// 1314// 1315//
f 1315// 1314// 1316//
f 1315// 1316// 1317//
f 1317// 1316// 1318//
f 1317// 1318// 1294//
f 1294// 1318// 1319//
f 1294// 1319// 1292//
f 1023// 1022// 1320//
f 1023// 1320// 1321//
f 1320// 1322// 1321//
f 1321// 1322// 1323//
f 1321// 1323// 1324//
f 1323// 1325// 1324//
f 1324// 1325// 1326//
f 1324// 1326// 1327//
f 1327// 1326// 1328//
f 1327// 1328// 1012//
f 1012// 1328// 1013//
f 1008// 1329// 1006//
f 1006// 1329// 1330//
f 1329// 1331// 1330//
f 1330// 1331// 1332//
f 1330// 1332// 1333//
f 1332// 1334// 1333//
f 1333// 1334// 1335//
f 1333// 1335// 1336//
f 1336// 1335// 1337//
f 1336// 1337// 1001//
f 1001// 1337// 999//
f 900// 1338// 852//
f 852// 1338// 854//
f 854// 1338// 855//
f 855// 1338// 1339//
f 855// 1339// 1340//
f 1340// 1339// 1341//
f 1340// 1341// 1342//
f 1342// 1341// 1343//
f 1343// 1341// 998//
f 1343// 998// 997//
f 1050// 1344// 1048//
f 1048// 1344// 1345//
f 1345// 1344// 1346//
f 1346// 1344// 1347//
f 1346// 1347// 1348//
f 1348// 1347// 814//
f 814// 1347// 1349//
f 814// 1349// 815//
f 815// 1349// 899//
f 815// 899// 817//
f 1053// 1052// 1350//
f 1053// 1350// 1351//
f 1350// 1352// 1351//
f 1351// 1352// 1353//
f 1351// 1353// 1354//
f 1353// 1355// 1354//
f 1354// 1355// 1356//
f 1354// 1356// 1357//
f 1357// 1356// 1358//
f 1357// 1358// 1042//
f 1042// 1358// 1043//
f 1020// 1359// 1018//
f 1018// 1359// 1360//
f 1360// 1359// 1361//
f 1361// 1359// 1362//
f 1361// 1362// 1363//
f 1363// 1362// 856//
f 856// 1362// 1364//
f 856// 1364// 857//
f 857// 1364// 893//
f 857// 893// 859//
f 983// 1365// 984//
f 984// 1365// 1366//
f 1365// 1367// 1366//
f 1366// 1367// 1368//
f 1366// 1368// 1369//
f 1369// 1368// 808//
f 1369// 808// 1370//
f 808// 807// 1370//
f 1370// 807// 805//
f 1370// 805// 937//
f 936// 785// 783//
f 936// 783// 1371//
f 1371// 783// 782//
f 1371// 782// 1372//
f 782// 1373// 1372//
f 1372// 1373// 1374//
f 1372// 1374// 1375//
f 1374// 1376// 1375//
f 1375// 1376// 975//
f 1375// 975// 974//
f 969// 968// 1377//
f 1377// 968// 1378//
f 1377// 1378// 1379//
f 1379// 1378// 1380//
f 1379// 1380// 1381//
f 1381// 1380// 1382//
f 1382// 1380// 1383//
f 1382// 1383// 1384//
f 1384// 1383// 1385//
f 1385// 1383// 979//
f 1385// 979// 981//
f 943// 945// 1386//
f 1386// 945// 1387//
f 1386// 1387// 1388//
f 1388// 1387// 1389//
f 1388// 1389// 1390//
f 1390// 1389// 1391//
f 1391// 1389// 1392//
f 1391// 1392// 1393//
f 1393// 1392// 1394//
f 1394// 1392// 949//
f 1394// 949// 948//
f 985// 987// 1395//
f 1395// 987// 1396//
f 1395// 1396// 1397//
f 1397// 1396// 1398//
f 1397// 1398// 1399//
f 1399// 1398// 1400//
f 1400// 1398// 1401//
f 1400// 1401// 1402//
f 1402// 1401// 1403//
f 1403// 1401// 991//
f 1403// 991// 990//
f 941// 1404// 942//
f 942// 1404// 1405//
f 1404// 1406// 1405//
f 1405// 1406// 1407//
f 1405// 1407// 1408//
f 1408// 1407// 781//
f 1408// 781// 1409//
f 781// 780// 1409//
f 1409// 780// 778//
f 1409// 778// 939//
f 963// 962// 1410//
f 1410// 962// 1411//
f 1410// 1411// 1412//
f 1412// 1411// 1413//
f 1412// 1413// 1414//
f 1414// 1413// 1415//
f 1415// 1413// 1416//
f 1415// 1416// 1417//
f 1417// 1416// 1418//
f 1418// 1416// 959//
f 1418// 959// 958//
f 956// 1419// 954//
f 954// 1419// 1420//
f 1420// 1419// 1421//
f 1421// 1419// 1422//
f 1421// 1422// 1423//
f 1423// 1422// 809//
f 809// 1422// 1424//
f 809// 1424// 810//
f 810// 1424// 938//
f 810// 938// 812//
f 1038// 1040// 1425//
f 1425// 1040// 1426//
f 1425// 1426// 1427//
f 1427// 1426// 1428//
f 1427// 1428// 1429//
f 1429// 1428// 905//
f 1429// 905// 1430//
f 1430// 905// 904//
f 1430// 904// 1431//
f 1431// 904// 896//
f 1431// 896// 894//
f 1030// 1432// 1028//
f 1028// 1432// 1433//
f 1432// 1434// 1433//
f 1433// 1434// 1435//
f 1433// 1435// 1436//
f 1435// 1437// 1436//
f 1436// 1437// 1438//
f 1436// 1438// 1439//
f 1439// 1438// 1440//
f 1439// 1440// 1033//
f 1033// 1440// 1034//
f 1031// 1441// 882//
f 882// 1441// 884//
f 1441// 1442// 884//
f 884// 1442// 1443//
f 884// 1443// 886//
f 1443// 1444// 886//
f 886// 1444// 1445//
f 886// 1445// 892//
f 1445// 1446// 892//
f 892// 1446// 1447//
f 892// 1447// 891//
f 1447// 1448// 891//
f 891// 1448// 1449//
f 891// 1449// 889//
f 902// 878// 1450//
f 1450// 878// 889//
f 1450// 889// 1451//
f 1451// 889// 1449//
f 901// 1452// 831//
f 831// 1452// 828//
f 1452// 1453// 828//
f 828// 1453// 1454//
f 828// 1454// 826//
f 1454// 1455// 826//
f 826// 1455// 1456//
f 826// 1456// 825//
f 1456// 1457// 825//
f 825// 1457// 1458//
f 825// 1458// 823//
f 1458// 1459// 823//
f 823// 1459// 1460//
f 823// 1460// 822//
f 1041// 821// 1461//
f 1461// 821// 822//
f 1461// 822// 1462//
f 1462// 822// 1460//
f 897// 1463// 866//
f 866// 1463// 871//
f 1463// 1464// 871//
f 871// 1464// 1465//
f 871// 1465// 872//
f 1465// 1466// 872//
f 872// 1466// 1467//
f 872// 1467// 874//
f 1467// 1468// 874//
f 874// 1468// 1469//
f 874// 1469// 875//
f 1469// 1470// 875//
f 875// 1470// 1471//
f 875// 1471// 876//
f 1011// 861// 1472//
f 1472// 861// 876//
f 1472// 876// 1473//
f 1473// 876// 1471//
f 1009// 1474// 847//
f 847// 1474// 849//
f 1474// 1475// 849//
f 849// 1475// 1476//
f 849// 1476// 850//
f 1476// 1477// 850//
f 850// 1477// 1478//
f 850// 1478// 845//
f 1478// 1479// 845//
f 845// 1479// 1480//
f 845// 1480// 843//
f 1480// 1481// 843//
f 843// 1481// 1482//
f 843// 1482// 841//
f 898// 836// 1483//
f 1483// 836// 841//
f 1483// 841// 1484//
f 1484// 841// 1482//
f 838// 870// 1485//
f 1485// 870// 1486//
f 1485// 1486// 1487//
f 1487// 1486// 1488//
f 1487// 1488// 1489//
f 1489// 1488// 1490//
f 1489// 1490// 1491//
f 1491// 1490// 1492//
f 1491// 1492// 1493//
f 1493// 1492// 1494//
f 1493// 1494// 1495//
f 1495// 1494// 1496//
f 1495// 1496// 1497//
f 1497// 1496// 1498//
f 1497// 1498// 1499//
f 1499// 1498// 1500//
f 1499// 1500// 1501//
f 1501// 1500// 1502//
f 1501// 1502// 1503//
f 1503// 1502// 1504//
f 1503// 1504// 1505//
f 1505// 1504// 1506//
f 1505// 1506// 921//
f 921// 1506// 919//
f 837// 838// 1485//
f 835// 837// 1507//
f 839// 835// 1508//
f 840// 839// 1509//
f 842// 840// 1510//
f 844// 842// 1511//
f 848// 844// 1512//
f 846// 848// 1513//
f 1514// 1515// 1513//
f 1513// 1515// 1516//
f 1513// 1516// 846//
f 837// 1485// 1507//
f 1507// 1485// 1487//
f 1507// 1487// 1517//
f 1518// 1519// 1520//
f 1520// 1519// 1514//
f 1520// 1514// 1521//
f 1521// 1514// 1513//
f 1522// 1523// 1518//
f 1518// 1523// 1524//
f 1518// 1524// 1519//
f 1487// 1489// 1517//
f 1517// 1489// 1491//
f 1517// 1491// 1525//
f 1525// 1491// 1493//
f 1525// 1493// 1526//
f 1526// 1493// 1495//
f 1526// 1495// 1527//
f 1528// 1529// 1530//
f 1530// 1529// 1522//
f 1530// 1522// 1531//
f 1531// 1522// 1518//
f 1532// 1533// 1528//
f 1528// 1533// 1534//
f 1528// 1534// 1529//
f 839// 1508// 1509//
f 1509// 1508// 1535//
f 1509// 1535// 1536//
f 1536// 1535// 1537//
f 1536// 1537// 1538//
f 1538// 1537// 1539//
f 1538// 1539// 1540//
f 1540// 1539// 1541//
f 1540// 1541// 1542//
f 1542// 1541// 1543//
f 1542// 1543// 1544//
f 1544// 1543// 1545//
f 1544// 1545// 1546//
f 1546// 1545// 1547//
f 1546// 1547// 1548//
f 835// 1507// 1508//
f 1508// 1507// 1517//
f 1508// 1517// 1535//
f 1535// 1517// 1525//
f 1535// 1525// 1537//
f 1537// 1525// 1526//
f 1537// 1526// 1539//
f 1539// 1526// 1527//
f 1539// 1527// 1541//
f 1541// 1527// 1549//
f 1541// 1549// 1543//
f 1543// 1549// 1550//
f 1543// 1550// 1545//
f 1545// 1550// 1551//
f 1545// 1551// 1547//
f 1495// 1497// 1527//
f 1527// 1497// 1499//
f 1527// 1499// 1549//
f 1549// 1499// 1501//
f 1549// 1501// 1550//
f 1550// 1501// 1503//
f 1550// 1503// 1551//
f 1551// 1503// 1505//
f 1551// 1505// 921//
f 1528// 1552// 1532//
f 1532// 1552// 1315//
f 1532// 1315// 1317//
f 1553// 1311// 1313//
f 848// 1512// 1513//
f 1513// 1512// 1554//
f 1513// 1554// 1521//
f 1521// 1554// 1555//
f 1521// 1555// 1520//
f 1520// 1555// 1556//
f 1520// 1556// 1518//
f 1518// 1556// 1557//
f 1518// 1557// 1531//
f 1531// 1557// 1558//
f 1531// 1558// 1530//
f 1530// 1558// 1559//
f 1530// 1559// 1528//
f 1528// 1559// 1553//
f 1528// 1553// 1552//
f 1552// 1553// 1313//
f 1552// 1313// 1315//
f 1560// 1307// 1309//
f 844// 1511// 1512//
f 1512// 1511// 1561//
f 1512// 1561// 1554//
f 1554// 1561// 1562//
f 1554// 1562// 1555//
f 1555// 1562// 1563//
f 1555// 1563// 1556//
f 1556// 1563// 1564//
f 1556// 1564// 1557//
f 1557// 1564// 1565//
f 1557// 1565// 1558//
f 1558// 1565// 1566//
f 1558// 1566// 1559//
f 1559// 1566// 1560//
f 1559// 1560// 1553//
f 1553// 1560// 1309//
f 1553// 1309// 1311//
f 842// 1510// 1511//
f 1511// 1510// 1567//
f 1511// 1567// 1561//
f 1561// 1567// 1568//
f 1561// 1568// 1562//
f 1562// 1568// 1569//
f 1562// 1569// 1563//
f 1563// 1569// 1570//
f 1563// 1570// 1564//
f 1564// 1570// 1571//
f 1564// 1571// 1565//
f 1565// 1571// 1572//
f 1565// 1572// 1566//
f 1566// 1572// 1573//
f 1566// 1573// 1560//
f 1560// 1573// 1305//
f 1560// 1305// 1307//
f 840// 1509// 1510//
f 1510// 1509// 1536//
f 1510// 1536// 1567//
f 1567// 1536// 1538//
f 1567// 1538// 1568//
f 1568// 1538// 1540//
f 1568// 1540// 1569//
f 1569// 1540// 1542//
f 1569// 1542// 1570//
f 1570// 1542// 1544//
f 1570// 1544// 1571//
f 1571// 1544// 1546//
f 1571// 1546// 1572//
f 1572// 1546// 1548//
f 1572// 1548// 1573//
f 1573// 1548// 1303//
f 1573// 1303// 1305//
f 921// 1295// 1551//
f 1551// 1295// 1297//
f 1551// 1297// 1547//
f 1547// 1297// 1299//
f 1547// 1299// 1548//
f 1548// 1299// 1301//
f 1548// 1301// 1303//
f 863// 862// 1574//
f 873// 863// 1575//
f 864// 873// 1576//
f 865// 864// 1577//
f 867// 865// 1578//
f 868// 867// 1579//
f 869// 868// 1580//
f 869// 1581// 870//
f 870// 1581// 1486//
f 863// 1574// 1575//
f 1575// 1574// 1582//
f 1575// 1582// 1583//
f 1486// 1581// 1488//
f 1488// 1581// 1584//
f 1488// 1584// 1490//
f 1490// 1584// 1585//
f 1490// 1585// 1492//
f 1492// 1585// 1586//
f 1492// 1586// 1494//
f 1582// 1587// 1583//
f 1583// 1587// 1588//
f 1583// 1588// 1589//
f 1589// 1588// 1590//
f 1589// 1590// 1591//
f 1591// 1590// 1592//
f 1591// 1592// 1593//
f 1494// 1586// 1496//
f 1496// 1586// 1594//
f 1496// 1594// 1498//
f 1498// 1594// 1595//
f 1498// 1595// 1500//
f 1500// 1595// 1596//
f 1500// 1596// 1502//
f 873// 1575// 1576//
f 1576// 1575// 1583//
f 1576// 1583// 1597//
f 1597// 1583// 1589//
f 1597// 1589// 1598//
f 1598// 1589// 1591//
f 1598// 1591// 1599//
f 1599// 1591// 1593//
f 1599// 1593// 1600//
f 1600// 1593// 1601//
f 1600// 1601// 1602//
f 1602// 1601// 1603//
f 1602// 1603// 1604//
f 1604// 1603// 1605//
f 1604// 1605// 1606//
f 1592// 1607// 1593//
f 1593// 1607// 1608//
f 1593// 1608// 1601//
f 1601// 1608// 1609//
f 1601// 1609// 1603//
f 1603// 1609// 1610//
f 1603// 1610// 1605//
f 1605// 1610// 1611//
f 1605// 1611// 1214//
f 1502// 1596// 1504//
f 1504// 1596// 1612//
f 1504// 1612// 1506//
f 1506// 1612// 1192//
f 1506// 1192// 919//
f 1613// 1196// 1194//
f 869// 1580// 1581//
f 1581// 1580// 1614//
f 1581// 1614// 1584//
f 1584// 1614// 1615//
f 1584// 1615// 1585//
f 1585// 1615// 1616//
f 1585// 1616// 1586//
f 1586// 1616// 1617//
f 1586// 1617// 1594//
f 1594// 1617// 1618//
f 1594// 1618// 1595//
f 1595// 1618// 1619//
f 1595// 1619// 1596//
f 1596// 1619// 1613//
f 1596// 1613// 1612//
f 1612// 1613// 1194//
f 1612// 1194// 1192//
f 868// 1579// 1580//
f 1580// 1579// 1620//
f 1580// 1620// 1614//
f 1614// 1620// 1621//
f 1614// 1621// 1615//
f 1615// 1621// 1622//
f 1615// 1622// 1616//
f 1616// 1622// 1623//
f 1616// 1623// 1617//
f 1617// 1623// 1624//
f 1617// 1624// 1618//
f 1618// 1624// 1625//
f 1618// 1625// 1619//
f 1619// 1625// 1626//
f 1619// 1626// 1613//
f 1613// 1626// 1198//
f 1613// 1198// 1196//
f 1627// 1202// 1200//
f 867// 1578// 1579//
f 1579// 1578// 1628//
f 1579// 1628// 1620//
f 1620// 1628// 1629//
f 1620// 1629// 1621//
f 1621// 1629// 1630//
f 1621// 1630// 1622//
f 1622// 1630// 1631//
f 1622// 1631// 1623//
f 1623// 1631// 1632//
f 1623// 1632// 1624//
f 1624// 1632// 1633//
f 1624// 1633// 1625//
f 1625// 1633// 1627//
f 1625// 1627// 1626//
f 1626// 1627// 1200//
f 1626// 1200// 1198//
f 865// 1577// 1578//
f 1578// 1577// 1634//
f 1578// 1634// 1628//
f 1628// 1634// 1635//
f 1628// 1635// 1629//
f 1629// 1635// 1636//
f 1629// 1636// 1630//
f 1630// 1636// 1637//
f 1630// 1637// 1631//
f 1631// 1637// 1638//
f 1631// 1638// 1632//
f 1632// 1638// 1639//
f 1632// 1639// 1633//
f 1633// 1639// 1640//
f 1633// 1640// 1627//
f 1627// 1640// 1204//
f 1627// 1204// 1202//
f 864// 1576// 1577//
f 1577// 1576// 1597//
f 1577// 1597// 1634//
f 1634// 1597// 1598//
f 1634// 1598// 1635//
f 1635// 1598// 1599//
f 1635// 1599// 1636//
f 1636// 1599// 1600//
f 1636// 1600// 1637//
f 1637// 1600// 1602//
f 1637// 1602// 1638//
f 1638// 1602// 1604//
f 1638// 1604// 1639//
f 1639// 1604// 1606//
f 1639// 1606// 1640//
f 1640// 1606// 1206//
f 1640// 1206// 1204//
f 1214// 1212// 1605//
f 1605// 1212// 1210//
f 1605// 1210// 1606//
f 1606// 1210// 1208//
f 1606// 1208// 1206//
f 1641// 1642// 1643//
f 1644// 1645// 1646//
f 1516// 1515// 1647//
f 1524// 1523// 1648//
f 1522// 1529// 1649//
f 1317// 1294// 1532//
f 1532// 1294// 1650//
f 1529// 1534// 1650//
f 1650// 1534// 1533//
f 1650// 1533// 1532//
f 1524// 1648// 1519//
f 1010// 846// 1516//
f 1523// 1522// 1648//
f 1648// 1522// 1649//
f 1648// 1649// 1651//
f 1514// 1519// 1652//
f 1652// 1519// 1648//
f 1652// 1648// 1653//
f 1653// 1648// 1651//
f 1653// 1651// 1654//
f 1515// 1514// 1647//
f 1647// 1514// 1652//
f 1647// 1652// 1655//
f 1655// 1652// 1653//
f 1655// 1653// 1656//
f 1656// 1653// 1654//
f 1656// 1654// 1643//
f 1293// 1291// 1657//
f 1657// 1291// 1289//
f 1657// 1289// 1658//
f 1658// 1289// 1287//
f 1658// 1287// 1659//
f 1659// 1287// 1286//
f 1659// 1286// 1660//
f 1660// 1661// 1659//
f 1659// 1661// 1645//
f 1659// 1645// 1658//
f 1658// 1645// 1644//
f 1658// 1644// 1657//
f 1661// 1662// 1645//
f 1645// 1662// 1663//
f 1645// 1663// 1646//
f 1646// 1663// 1664//
f 1646// 1664// 1665//
f 1294// 1293// 1650//
f 1650// 1293// 1657//
f 1650// 1657// 1666//
f 1666// 1657// 1644//
f 1666// 1644// 1667//
f 1667// 1644// 1646//
f 1667// 1646// 1668//
f 1668// 1646// 1665//
f 1668// 1665// 1669//
f 1529// 1650// 1649//
f 1649// 1650// 1666//
f 1649// 1666// 1651//
f 1651// 1666// 1667//
f 1651// 1667// 1654//
f 1654// 1667// 1668//
f 1654// 1668// 1643//
f 1643// 1668// 1669//
f 1643// 1669// 1641//
f 1516// 1647// 1010//
f 1010// 1647// 1655//
f 1010// 1655// 1004//
f 1004// 1655// 1656//
f 1004// 1656// 1005//
f 1005// 1656// 1643//
f 1005// 1643// 1007//
f 1007// 1643// 1642//
f 1007// 1642// 1008//
f 1670// 1671// 1672//
f 1673// 1674// 1675//
f 1676// 1677// 1678//
f 1607// 1592// 1679//
f 862// 1017// 1574//
f 1574// 1017// 1680//
f 1588// 1587// 1680//
f 1680// 1587// 1582//
f 1680// 1582// 1574//
f 1607// 1679// 1608//
f 1216// 1214// 1681//
f 1681// 1214// 1611//
f 1681// 1611// 1610//
f 1590// 1588// 1682//
f 1682// 1588// 1680//
f 1682// 1680// 1683//
f 1592// 1590// 1679//
f 1679// 1590// 1682//
f 1679// 1682// 1684//
f 1684// 1682// 1683//
f 1684// 1683// 1685//
f 1686// 1677// 1687//
f 1687// 1677// 1676//
f 1687// 1676// 1688//
f 1609// 1608// 1689//
f 1689// 1608// 1679//
f 1689// 1679// 1690//
f 1690// 1679// 1684//
f 1690// 1684// 1691//
f 1691// 1684// 1685//
f 1691// 1685// 1675//
f 1013// 1686// 1014//
f 1014// 1686// 1687//
f 1014// 1687// 1015//
f 1015// 1687// 1688//
f 1015// 1688// 1016//
f 1013// 1692// 1686//
f 1686// 1692// 1693//
f 1686// 1693// 1677//
f 1677// 1693// 1694//
f 1677// 1694// 1678//
f 1678// 1694// 1695//
f 1678// 1695// 1696//
f 1017// 1016// 1680//
f 1680// 1016// 1688//
f 1680// 1688// 1683//
f 1683// 1688// 1676//
f 1683// 1676// 1685//
f 1685// 1676// 1678//
f 1685// 1678// 1675//
f 1675// 1678// 1696//
f 1675// 1696// 1673//
f 1674// 1670// 1675//
f 1675// 1670// 1672//
f 1675// 1672// 1691//
f 1691// 1672// 1697//
f 1691// 1697// 1690//
f 1690// 1697// 1698//
f 1690// 1698// 1689//
f 1689// 1698// 1681//
f 1689// 1681// 1609//
f 1609// 1681// 1610//
f 1216// 1681// 1217//
f 1217// 1681// 1698//
f 1217// 1698// 1224//
f 1224// 1698// 1697//
f 1224// 1697// 1222//
f 1222// 1697// 1672//
f 1222// 1672// 1220//
f 1220// 1672// 1671//
f 1220// 1671// 1227//
f 1334// 1332// 1699//
f 1669// 1665// 1700//
f 1664// 1663// 1701//
f 1283// 1269// 1702//
f 1286// 1283// 1660//
f 1660// 1283// 1702//
f 1660// 1702// 1661//
f 1661// 1702// 1662//
f 1669// 1700// 1641//
f 1329// 1008// 1703//
f 1703// 1008// 1642//
f 1663// 1662// 1701//
f 1701// 1662// 1702//
f 1701// 1702// 1704//
f 1699// 1332// 1703//
f 1703// 1332// 1331//
f 1703// 1331// 1329//
f 1266// 1265// 1705//
f 1705// 1265// 1706//
f 1705// 1706// 1707//
f 1665// 1664// 1700//
f 1700// 1664// 1701//
f 1700// 1701// 1708//
f 1708// 1701// 1704//
f 1708// 1704// 1709//
f 1709// 1710// 1708//
f 1708// 1710// 1699//
f 1708// 1699// 1700//
f 1700// 1699// 1703//
f 1700// 1703// 1641//
f 1641// 1703// 1642//
f 1265// 1275// 1711//
f 1265// 1711// 1706//
f 1706// 1711// 1712//
f 1706// 1712// 1707//
f 1707// 1712// 1713//
f 1707// 1713// 1714//
f 1269// 1266// 1702//
f 1702// 1266// 1705//
f 1702// 1705// 1704//
f 1704// 1705// 1707//
f 1704// 1707// 1709//
f 1709// 1707// 1714//
f 1709// 1714// 1715//
f 1715// 1716// 1709//
f 1709// 1716// 1717//
f 1709// 1717// 1710//
f 1710// 1717// 1718//
f 1710// 1718// 1719//
f 1334// 1699// 1335//
f 1335// 1699// 1710//
f 1335// 1710// 1337//
f 1337// 1710// 1719//
f 1337// 1719// 999//
f 1720// 1721// 1722//
f 1723// 1724// 1725//
f 1234// 1232// 1726//
f 1726// 1232// 1727//
f 1726// 1727// 1728//
f 1728// 1727// 1729//
f 1320// 1022// 1730//
f 1730// 1022// 1731//
f 1730// 1731// 1732//
f 1724// 1729// 1725//
f 1725// 1729// 1727//
f 1725// 1727// 1733//
f 1231// 1230// 1734//
f 1734// 1230// 1735//
f 1734// 1735// 1736//
f 1721// 1723// 1722//
f 1722// 1723// 1725//
f 1722// 1725// 1737//
f 1737// 1725// 1733//
f 1737// 1733// 1738//
f 1328// 1326// 1739//
f 1739// 1326// 1325//
f 1739// 1325// 1740//
f 1740// 1325// 1323//
f 1740// 1323// 1730//
f 1730// 1323// 1322//
f 1730// 1322// 1320//
f 1228// 1227// 1671//
f 1228// 1671// 1230//
f 1230// 1671// 1735//
f 1735// 1671// 1670//
f 1735// 1670// 1736//
f 1736// 1670// 1674//
f 1736// 1674// 1673//
f 1232// 1231// 1727//
f 1727// 1231// 1734//
f 1727// 1734// 1733//
f 1733// 1734// 1736//
f 1733// 1736// 1738//
f 1738// 1736// 1673//
f 1738// 1673// 1696//
f 1696// 1695// 1738//
f 1738// 1695// 1739//
f 1738// 1739// 1737//
f 1737// 1739// 1740//
f 1737// 1740// 1722//
f 1722// 1740// 1730//
f 1722// 1730// 1720//
f 1720// 1730// 1732//
f 1695// 1694// 1739//
f 1739// 1694// 1693//
f 1739// 1693// 1328//
f 1328// 1693// 1692//
f 1328// 1692// 1013//
f 1741// 1742// 1743//
f 1718// 1717// 1744//
f 1275// 1274// 1711//
f 1711// 1274// 1745//
f 1711// 1745// 1712//
f 1712// 1745// 1713//
f 1715// 1714// 1746//
f 999// 1719// 1747//
f 1714// 1713// 1746//
f 1746// 1713// 1745//
f 1746// 1745// 1748//
f 1716// 1715// 1749//
f 1749// 1715// 1746//
f 1749// 1746// 1750//
f 1750// 1746// 1748//
f 1750// 1748// 1751//
f 1752// 1742// 1753//
f 1753// 1742// 1741//
f 1753// 1741// 1754//
f 1717// 1716// 1744//
f 1744// 1716// 1749//
f 1744// 1749// 1755//
f 1755// 1749// 1750//
f 1755// 1750// 1756//
f 1756// 1750// 1751//
f 1756// 1751// 1757//
f 1263// 1758// 1277//
f 1277// 1758// 1752//
f 1277// 1752// 1279//
f 1279// 1752// 1753//
f 1279// 1753// 1280//
f 1280// 1753// 1754//
f 1280// 1754// 1272//
f 1758// 1759// 1752//
f 1752// 1759// 1760//
f 1752// 1760// 1742//
f 1742// 1760// 1761//
f 1742// 1761// 1743//
f 1743// 1761// 1762//
f 1743// 1762// 1763//
f 1274// 1272// 1745//
f 1745// 1272// 1754//
f 1745// 1754// 1748//
f 1748// 1754// 1741//
f 1748// 1741// 1751//
f 1751// 1741// 1743//
f 1751// 1743// 1757//
f 1757// 1743// 1763//
f 1757// 1763// 1764//
f 1764// 1765// 1757//
f 1757// 1765// 1766//
f 1757// 1766// 1756//
f 1756// 1766// 1767//
f 1756// 1767// 1755//
f 1755// 1767// 1768//
f 1755// 1768// 1744//
f 1744// 1768// 1747//
f 1744// 1747// 1718//
f 1718// 1747// 1719//
f 1765// 1769// 1766//
f 1766// 1769// 1770//
f 1766// 1770// 1771//
f 999// 1747// 1000//
f 1000// 1747// 1768//
f 1000// 1768// 1002//
f 1002// 1768// 1767//
f 1002// 1767// 1003//
f 1003// 1767// 1766//
f 1003// 1766// 996//
f 996// 1766// 1771//
f 996// 1771// 997//
f 1732// 1731// 1772//
f 1773// 1774// 1775//
f 1776// 1777// 1778//
f 1779// 1780// 1781//
f 1782// 1783// 1784//
f 1245// 1244// 1785//
f 1785// 1244// 1786//
f 1785// 1786// 1787//
f 1787// 1786// 1788//
f 1789// 1790// 1791//
f 1791// 1790// 1788//
f 1776// 1778// 1018//
f 1783// 1789// 1784//
f 1784// 1789// 1791//
f 1784// 1791// 1792//
f 1242// 1240// 1793//
f 1793// 1240// 1794//
f 1780// 1782// 1781//
f 1781// 1782// 1784//
f 1781// 1784// 1795//
f 1795// 1784// 1792//
f 1795// 1792// 1796//
f 1777// 1779// 1778//
f 1778// 1779// 1781//
f 1778// 1781// 1797//
f 1797// 1781// 1795//
f 1797// 1795// 1798//
f 1798// 1795// 1796//
f 1798// 1796// 1772//
f 1240// 1190// 1794//
f 1794// 1190// 1236//
f 1794// 1236// 1799//
f 1799// 1236// 1234//
f 1799// 1234// 1726//
f 1726// 1728// 1799//
f 1799// 1728// 1774//
f 1799// 1774// 1794//
f 1794// 1774// 1773//
f 1794// 1773// 1793//
f 1728// 1729// 1774//
f 1774// 1729// 1724//
f 1774// 1724// 1775//
f 1775// 1724// 1723//
f 1775// 1723// 1721//
f 1244// 1242// 1786//
f 1786// 1242// 1793//
f 1786// 1793// 1800//
f 1800// 1793// 1773//
f 1800// 1773// 1801//
f 1801// 1773// 1775//
f 1801// 1775// 1802//
f 1802// 1775// 1721//
f 1802// 1721// 1720//
f 1788// 1786// 1791//
f 1791// 1786// 1800//
f 1791// 1800// 1792//
f 1792// 1800// 1801//
f 1792// 1801// 1796//
f 1796// 1801// 1802//
f 1796// 1802// 1772//
f 1772// 1802// 1720//
f 1772// 1720// 1732//
f 1018// 1778// 1019//
f 1019// 1778// 1797//
f 1019// 1797// 1021//
f 1021// 1797// 1798//
f 1021// 1798// 1025//
f 1025// 1798// 1772//
f 1025// 1772// 1024//
f 1024// 1772// 1731//
f 1024// 1731// 1022//
f 1803// 1760// 1804//
f 1804// 1760// 1759//
f 1804// 1759// 1758//
f 1764// 1763// 1805//
f 1805// 1763// 1762//
f 1805// 1762// 1803//
f 1803// 1762// 1761//
f 1803// 1761// 1760//
f 1806// 1807// 1765//
f 997// 1771// 1808//
f 1808// 1771// 1770//
f 1808// 1770// 1807//
f 1807// 1770// 1769//
f 1807// 1769// 1765//
f 1259// 1804// 1261//
f 1261// 1804// 1758//
f 1261// 1758// 1263//
f 1809// 1803// 1810//
f 1810// 1803// 1804//
f 1810// 1804// 1811//
f 1811// 1804// 1259//
f 1811// 1259// 1257//
f 1809// 1812// 1803//
f 1803// 1812// 1813//
f 1803// 1813// 1805//
f 1805// 1813// 1814//
f 1805// 1814// 1815//
f 1815// 1816// 1805//
f 1805// 1816// 1806//
f 1805// 1806// 1764//
f 1764// 1806// 1765//
f 1816// 1817// 1806//
f 1806// 1817// 1818//
f 1806// 1818// 1807//
f 1807// 1818// 1819//
f 1807// 1819// 1808//
f 1819// 1820// 1808//
f 1808// 1820// 1821//
f 1808// 1821// 1822//
f 855// 1340// 1822//
f 1822// 1340// 1342//
f 1822// 1342// 1808//
f 1808// 1342// 1343//
f 1808// 1343// 997//
f 1823// 1824// 1825//
f 1826// 1251// 1249//
f 1827// 1828// 1829//
f 1829// 1828// 1830//
f 1829// 1830// 1826//
f 1831// 1832// 1827//
f 1827// 1832// 1833//
f 1827// 1833// 1828//
f 1834// 1835// 1836//
f 1836// 1835// 1837//
f 1838// 1839// 1840//
f 1840// 1839// 1841//
f 1840// 1841// 1837//
f 1837// 1841// 1842//
f 1837// 1842// 1836//
f 856// 1823// 1363//
f 1363// 1823// 1825//
f 1363// 1825// 1361//
f 1361// 1825// 1360//
f 1826// 1249// 1829//
f 1829// 1249// 1247//
f 1829// 1247// 1245//
f 1788// 1827// 1787//
f 1787// 1827// 1829//
f 1787// 1829// 1785//
f 1785// 1829// 1245//
f 1788// 1790// 1827//
f 1827// 1790// 1835//
f 1827// 1835// 1831//
f 1831// 1835// 1834//
f 1790// 1789// 1835//
f 1835// 1789// 1783//
f 1835// 1783// 1837//
f 1837// 1783// 1782//
f 1837// 1782// 1840//
f 1840// 1782// 1780//
f 1780// 1779// 1840//
f 1840// 1779// 1825//
f 1840// 1825// 1838//
f 1838// 1825// 1824//
f 1018// 1360// 1776//
f 1776// 1360// 1825//
f 1776// 1825// 1777//
f 1777// 1825// 1779//
f 853// 855// 1822//
f 853// 1843// 851//
f 851// 1843// 1844//
f 853// 1822// 1843//
f 1843// 1822// 1821//
f 1843// 1821// 1845//
f 1845// 1821// 1820//
f 1845// 1820// 1846//
f 1844// 1843// 1847//
f 1847// 1843// 1845//
f 1847// 1845// 1848//
f 1848// 1845// 1846//
f 1848// 1846// 1849//
f 1849// 1846// 1850//
f 1849// 1850// 1851//
f 1820// 1819// 1846//
f 1846// 1819// 1818//
f 1846// 1818// 1850//
f 1850// 1818// 1817//
f 1817// 1816// 1850//
f 1850// 1816// 1815//
f 1850// 1815// 1852//
f 1852// 1815// 1814//
f 1852// 1814// 1853//
f 1851// 1850// 1854//
f 1854// 1850// 1852//
f 1854// 1852// 1855//
f 1855// 1852// 1853//
f 1855// 1853// 1856//
f 1856// 1853// 1857//
f 1856// 1857// 1858//
f 1858// 1857// 1859//
f 1859// 1857// 1860//
f 1859// 1860// 1861//
f 1814// 1813// 1853//
f 1853// 1813// 1812//
f 1853// 1812// 1857//
f 1857// 1812// 1809//
f 1857// 1809// 1860//
f 1860// 1809// 1810//
f 1860// 1810// 1811//
f 1811// 1257// 1860//
f 1860// 1257// 1255//
f 1860// 1255// 1861//
f 1861// 1255// 923//
f 1833// 1832// 1862//
f 858// 860// 1863//
f 1824// 1823// 1864//
f 1864// 1823// 856//
f 1864// 856// 858//
f 858// 1863// 1864//
f 1864// 1863// 1865//
f 1864// 1865// 1866//
f 1824// 1864// 1838//
f 1838// 1864// 1866//
f 1838// 1866// 1839//
f 1839// 1866// 1867//
f 1839// 1867// 1841//
f 1841// 1867// 1842//
f 1842// 1867// 1868//
f 1842// 1868// 1836//
f 1836// 1868// 1869//
f 1836// 1869// 1834//
f 1865// 1870// 1866//
f 1866// 1870// 1871//
f 1866// 1871// 1867//
f 1867// 1871// 1872//
f 1867// 1872// 1868//
f 1868// 1872// 1873//
f 1868// 1873// 1869//
f 1862// 1832// 1869//
f 1869// 1832// 1831//
f 1869// 1831// 1834//
f 1833// 1862// 1828//
f 1828// 1862// 1874//
f 1828// 1874// 1830//
f 1830// 1874// 1875//
f 1830// 1875// 1826//
f 1876// 1875// 1877//
f 1877// 1875// 1874//
f 1877// 1874// 1878//
f 1878// 1874// 1862//
f 1878// 1862// 1879//
f 1879// 1862// 1869//
f 1879// 1869// 1880//
f 1880// 1869// 1873//
f 1876// 917// 1875//
f 1875// 917// 1253//
f 1875// 1253// 1826//
f 1826// 1253// 1251//
f 818// 851// 1881//
f 1881// 851// 1844//
f 1881// 1844// 1882//
f 1882// 1844// 1847//
f 1882// 1847// 1883//
f 1883// 1847// 1848//
f 1883// 1848// 1884//
f 1884// 1848// 1849//
f 1884// 1849// 1885//
f 1885// 1849// 1851//
f 1885// 1851// 1886//
f 1886// 1851// 1854//
f 1886// 1854// 1887//
f 1887// 1854// 1855//
f 1887// 1855// 1888//
f 1888// 1855// 1856//
f 1888// 1856// 1889//
f 1889// 1856// 1858//
f 1889// 1858// 1890//
f 1890// 1858// 1859//
f 1890// 1859// 1891//
f 1891// 1859// 1861//
f 1891// 1861// 925//
f 925// 1861// 923//
f 860// 895// 1863//
f 1863// 895// 1892//
f 1863// 1892// 1865//
f 1865// 1892// 1893//
f 1865// 1893// 1870//
f 1870// 1893// 1894//
f 1870// 1894// 1871//
f 1871// 1894// 1895//
f 1871// 1895// 1872//
f 1872// 1895// 1896//
f 1872// 1896// 1873//
f 1873// 1896// 1897//
f 1873// 1897// 1880//
f 1880// 1897// 1898//
f 1880// 1898// 1879//
f 1879// 1898// 1899//
f 1879// 1899// 1878//
f 1878// 1899// 1900//
f 1878// 1900// 1877//
f 1877// 1900// 1901//
f 1877// 1901// 1876//
f 1876// 1901// 1902//
f 1876// 1902// 917//
f 917// 1902// 915//
f 818// 1881// 816//
f 816// 1881// 1903//
f 816// 1903// 814//
f 1904// 1905// 1903//
f 1903// 1905// 1906//
f 1903// 1906// 814//
f 1907// 1908// 1909//
f 1909// 1908// 1904//
f 1909// 1904// 1910//
f 1910// 1904// 1903//
f 1910// 1903// 1882//
f 1882// 1903// 1881//
f 1882// 1883// 1910//
f 1910// 1883// 1884//
f 1910// 1884// 1909//
f 1909// 1884// 1885//
f 1909// 1885// 1907//
f 1911// 1912// 1907//
f 1907// 1912// 1913//
f 1907// 1913// 1908//
f 1885// 1886// 1907//
f 1907// 1886// 1914//
f 1907// 1914// 1911//
f 1911// 1914// 1915//
f 1911// 1915// 1916//
f 1916// 1915// 1917//
f 1916// 1917// 1918//
f 1886// 1887// 1914//
f 1914// 1887// 1888//
f 1914// 1888// 1915//
f 1915// 1888// 1889//
f 1915// 1889// 1917//
f 1917// 1889// 1890//
f 1917// 1890// 1919//
f 1919// 1890// 1891//
f 1919// 1891// 925//
f 1121// 1119// 1920//
f 925// 1121// 1919//
f 1919// 1121// 1920//
f 1919// 1920// 1917//
f 1917// 1920// 1921//
f 1917// 1921// 1918//
f 903// 905// 1922//
f 903// 1923// 895//
f 895// 1923// 1892//
f 903// 1922// 1923//
f 1923// 1922// 1924//
f 1923// 1924// 1925//
f 1892// 1923// 1893//
f 1893// 1923// 1925//
f 1893// 1925// 1894//
f 1894// 1925// 1926//
f 1894// 1926// 1895//
f 1895// 1926// 1927//
f 1895// 1927// 1896//
f 1924// 1928// 1925//
f 1925// 1928// 1929//
f 1925// 1929// 1926//
f 1926// 1929// 1930//
f 1926// 1930// 1927//
f 1927// 1930// 1931//
f 1927// 1931// 1932//
f 1896// 1927// 1897//
f 1897// 1927// 1932//
f 1897// 1932// 1898//
f 1898// 1932// 1933//
f 1898// 1933// 1899//
f 1899// 1933// 1934//
f 1899// 1934// 1900//
f 1900// 1934// 1901//
f 1901// 1934// 1935//
f 1901// 1935// 1902//
f 1936// 1935// 1937//
f 1937// 1935// 1934//
f 1937// 1934// 1938//
f 1938// 1934// 1933//
f 1938// 1933// 1939//
f 1939// 1933// 1932//
f 1939// 1932// 1940//
f 1940// 1932// 1931//
f 1936// 1125// 1935//
f 1935// 1125// 1123//
f 1935// 1123// 1902//
f 1902// 1123// 915//
f 1345// 1346// 1941//
f 1920// 1119// 1117//
f 1115// 1942// 1117//
f 1117// 1942// 1921//
f 1117// 1921// 1920//
f 1913// 1912// 1943//
f 1943// 1912// 1911//
f 1943// 1911// 1944//
f 1944// 1911// 1916//
f 1944// 1916// 1942//
f 1942// 1916// 1918//
f 1942// 1918// 1921//
f 1913// 1943// 1908//
f 1908// 1943// 1945//
f 1908// 1945// 1904//
f 1904// 1945// 1941//
f 1904// 1941// 1905//
f 1348// 814// 1906//
f 1905// 1941// 1906//
f 1906// 1941// 1346//
f 1906// 1346// 1348//
f 1048// 1345// 1946//
f 1946// 1345// 1941//
f 1946// 1941// 1947//
f 1947// 1941// 1945//
f 1947// 1945// 1948//
f 1948// 1945// 1943//
f 1948// 1943// 1949//
f 1949// 1943// 1944//
f 1949// 1944// 1950//
f 1950// 1944// 1942//
f 1950// 1942// 1113//
f 1113// 1942// 1115//
f 1940// 1931// 1951//
f 1952// 1953// 1954//
f 1954// 1953// 1955//
f 1954// 1955// 1956//
f 1426// 1040// 1957//
f 1957// 1040// 1958//
f 1957// 1958// 1959//
f 1125// 1936// 1127//
f 1127// 1936// 1953//
f 1127// 1953// 1129//
f 1129// 1953// 1952//
f 1129// 1952// 1131//
f 1939// 1955// 1938//
f 1938// 1955// 1953//
f 1938// 1953// 1937//
f 1937// 1953// 1936//
f 1939// 1940// 1955//
f 1955// 1940// 1951//
f 1955// 1951// 1956//
f 1956// 1951// 1960//
f 1931// 1930// 1951//
f 1951// 1930// 1959//
f 1951// 1959// 1960//
f 1960// 1959// 1958//
f 1930// 1929// 1959//
f 1959// 1929// 1928//
f 1959// 1928// 1957//
f 1957// 1928// 1924//
f 1957// 1924// 1426//
f 1426// 1924// 1922//
f 1426// 1922// 1428//
f 1428// 1922// 905//
f 1961// 1962// 1963//
f 1964// 1965// 1966//
f 1967// 1968// 1969//
f 1970// 1971// 1972//
f 1950// 1113// 1112//
f 1949// 1950// 1973//
f 1950// 1112// 1973//
f 1973// 1112// 1110//
f 1973// 1110// 1974//
f 1974// 1110// 1108//
f 1974// 1108// 1975//
f 1108// 1058// 1975//
f 1975// 1058// 1104//
f 1975// 1104// 1976//
f 1976// 1104// 1102//
f 1976// 1102// 1977//
f 1977// 1970// 1976//
f 1976// 1970// 1972//
f 1976// 1972// 1975//
f 1975// 1972// 1978//
f 1975// 1978// 1974//
f 1974// 1978// 1979//
f 1974// 1979// 1973//
f 1973// 1979// 1980//
f 1973// 1980// 1949//
f 1949// 1980// 1948//
f 1971// 1967// 1972//
f 1972// 1967// 1969//
f 1972// 1969// 1978//
f 1978// 1969// 1981//
f 1978// 1981// 1979//
f 1979// 1981// 1982//
f 1979// 1982// 1980//
f 1980// 1982// 1983//
f 1980// 1983// 1948//
f 1948// 1983// 1947//
f 1968// 1964// 1969//
f 1969// 1964// 1966//
f 1969// 1966// 1981//
f 1981// 1966// 1984//
f 1981// 1984// 1982//
f 1982// 1984// 1985//
f 1982// 1985// 1983//
f 1983// 1985// 1986//
f 1983// 1986// 1947//
f 1947// 1986// 1946//
f 1965// 1961// 1966//
f 1966// 1961// 1963//
f 1966// 1963// 1984//
f 1984// 1963// 1987//
f 1984// 1987// 1985//
f 1985// 1987// 1988//
f 1985// 1988// 1986//
f 1986// 1988// 1989//
f 1986// 1989// 1946//
f 1946// 1989// 1048//
f 1048// 1989// 1049//
f 1049// 1989// 1988//
f 1049// 1988// 1051//
f 1051// 1988// 1987//
f 1051// 1987// 1055//
f 1055// 1987// 1963//
f 1055// 1963// 1054//
f 1054// 1963// 1962//
f 1054// 1962// 1052//
f 1990// 1039// 1037//
f 1147// 1145// 1991//
f 1992// 1036// 1035//
f 1993// 1035// 1034//
f 1994// 1995// 1996//
f 1996// 1995// 1997//
f 1996// 1997// 1998//
f 1999// 2000// 2001//
f 2001// 2000// 2002//
f 2001// 2002// 1994//
f 1994// 2002// 2003//
f 1994// 2003// 1995//
f 1034// 2004// 1993//
f 1993// 2004// 2005//
f 1993// 2005// 1999//
f 1999// 2005// 2006//
f 1999// 2006// 2000//
f 1140// 1996// 1142//
f 1142// 1996// 1998//
f 1142// 1998// 1143//
f 1035// 1993// 1992//
f 1992// 1993// 1999//
f 1992// 1999// 2007//
f 2007// 1999// 2001//
f 2007// 2001// 2008//
f 2008// 2001// 1994//
f 2008// 1994// 2009//
f 2009// 1994// 1996//
f 2009// 1996// 2010//
f 2010// 1996// 1140//
f 2010// 1140// 1148//
f 1036// 1992// 2011//
f 2011// 1992// 2007//
f 2011// 2007// 2012//
f 2012// 2007// 2008//
f 2012// 2008// 2013//
f 2013// 2008// 2009//
f 2013// 2009// 2014//
f 2014// 2009// 2010//
f 2014// 2010// 2015//
f 2015// 2010// 1148//
f 2015// 1148// 1147//
f 1147// 1991// 2015//
f 2015// 1991// 2016//
f 2015// 2016// 2014//
f 2014// 2016// 2017//
f 2014// 2017// 2013//
f 2013// 2017// 2018//
f 2013// 2018// 2012//
f 2012// 2018// 1990//
f 2012// 1990// 2011//
f 2011// 1990// 1037//
f 2011// 1037// 1036//
f 1040// 1039// 1958//
f 1958// 1039// 1990//
f 1958// 1990// 1960//
f 1960// 1990// 2018//
f 1960// 2018// 1956//
f 1956// 2018// 2017//
f 1956// 2017// 1954//
f 1954// 2017// 2016//
f 1954// 2016// 1952//
f 1952// 2016// 1991//
f 1952// 1991// 1131//
f 1131// 1991// 1145//
f 2019// 2020// 2021//
f 1965// 1964// 2022//
f 1968// 1967// 2023//
f 1102// 1100// 1977//
f 1977// 1100// 2024//
f 1977// 2024// 1970//
f 1970// 2024// 1971//
f 1350// 1052// 2025//
f 2025// 1052// 1962//
f 2025// 1962// 1961//
f 1967// 1971// 2023//
f 2023// 1971// 2024//
f 2023// 2024// 2026//
f 2019// 1099// 1098//
f 1964// 1968// 2022//
f 2022// 1968// 2023//
f 2022// 2023// 2027//
f 2027// 2023// 2026//
f 2027// 2026// 2028//
f 1358// 1356// 2029//
f 2029// 1356// 1355//
f 2029// 1355// 2030//
f 2030// 1355// 1353//
f 2030// 1353// 2025//
f 2025// 1353// 1352//
f 2025// 1352// 1350//
f 1095// 2031// 1096//
f 1096// 2031// 2032//
f 1096// 2032// 1098//
f 2019// 1098// 2020//
f 2020// 1098// 2032//
f 2020// 2032// 2021//
f 2021// 2032// 2033//
f 2021// 2033// 2034//
f 1100// 1099// 2024//
f 2024// 1099// 2019//
f 2024// 2019// 2026//
f 2026// 2019// 2021//
f 2026// 2021// 2028//
f 2028// 2021// 2034//
f 2028// 2034// 2035//
f 2035// 2036// 2028//
f 2028// 2036// 2029//
f 2028// 2029// 2027//
f 2027// 2029// 2030//
f 2027// 2030// 2022//
f 2022// 2030// 2025//
f 2022// 2025// 1965//
f 1965// 2025// 1961//
f 2036// 2037// 2029//
f 2029// 2037// 2038//
f 2029// 2038// 1358//
f 1358// 2038// 2039//
f 1358// 2039// 1043//
f 1437// 1435// 2040//
f 2041// 2042// 2043//
f 2044// 2045// 2046//
f 2047// 2048// 2049//
f 1151// 1137// 2050//
f 2051// 1154// 1151//
f 2051// 1151// 2052//
f 2052// 1151// 2050//
f 2052// 2050// 2053//
f 2044// 2046// 2054//
f 1432// 1030// 2055//
f 2055// 1030// 2056//
f 2048// 2053// 2049//
f 2049// 2053// 2050//
f 2049// 2050// 2057//
f 2040// 1435// 2055//
f 2055// 1435// 1434//
f 2055// 1434// 1432//
f 2045// 2047// 2046//
f 2046// 2047// 2049//
f 2046// 2049// 2058//
f 2058// 2049// 2057//
f 2058// 2057// 2059//
f 2059// 2060// 2058//
f 2058// 2060// 2040//
f 2058// 2040// 2046//
f 2046// 2040// 2055//
f 2046// 2055// 2054//
f 2054// 2055// 2056//
f 1143// 2042// 1133//
f 1133// 2042// 2041//
f 1133// 2041// 1134//
f 1143// 1998// 2042//
f 2042// 1998// 1997//
f 2042// 1997// 2043//
f 2043// 1997// 1995//
f 2043// 1995// 2003//
f 1137// 1134// 2050//
f 2050// 1134// 2041//
f 2050// 2041// 2057//
f 2057// 2041// 2043//
f 2057// 2043// 2059//
f 2059// 2043// 2003//
f 2059// 2003// 2002//
f 2002// 2000// 2059//
f 2059// 2000// 2006//
f 2059// 2006// 2060//
f 2060// 2006// 2005//
f 2060// 2005// 2004//
f 1437// 2040// 1438//
f 1438// 2040// 2060//
f 1438// 2060// 1440//
f 1440// 2060// 2004//
f 1440// 2004// 1034//
f 2032// 2031// 2061//
f 2034// 2033// 2062//
f 2063// 2064// 2065//
f 2066// 2067// 2068//
f 2069// 2070// 2071//
f 819// 1047// 2072//
f 2072// 1047// 2073//
f 2070// 2074// 2073//
f 2073// 2074// 2075//
f 2073// 2075// 2072//
f 2066// 2068// 2076//
f 1084// 1082// 2077//
f 2077// 1082// 2078//
f 2077// 2078// 2079//
f 2067// 2069// 2068//
f 2068// 2069// 2071//
f 2068// 2071// 2080//
f 2081// 2076// 2082//
f 2082// 2076// 2068//
f 2082// 2068// 2083//
f 2083// 2068// 2080//
f 2083// 2080// 2084//
f 2085// 2064// 2086//
f 2086// 2064// 2063//
f 2086// 2063// 2087//
f 2079// 2081// 2077//
f 2077// 2081// 2082//
f 2077// 2082// 2088//
f 2088// 2082// 2083//
f 2088// 2083// 2089//
f 2089// 2083// 2084//
f 2089// 2084// 2061//
f 1043// 2085// 1044//
f 1044// 2085// 2086//
f 1044// 2086// 1045//
f 1045// 2086// 2087//
f 1045// 2087// 1046//
f 1043// 2039// 2085//
f 2085// 2039// 2038//
f 2085// 2038// 2064//
f 2064// 2038// 2037//
f 2064// 2037// 2065//
f 2065// 2037// 2036//
f 2065// 2036// 2035//
f 1047// 1046// 2073//
f 2073// 1046// 2087//
f 2073// 2087// 2090//
f 2090// 2087// 2063//
f 2090// 2063// 2091//
f 2091// 2063// 2065//
f 2091// 2065// 2062//
f 2062// 2065// 2035//
f 2062// 2035// 2034//
f 2070// 2073// 2071//
f 2071// 2073// 2090//
f 2071// 2090// 2080//
f 2080// 2090// 2091//
f 2080// 2091// 2084//
f 2084// 2091// 2062//
f 2084// 2062// 2061//
f 2061// 2062// 2033//
f 2061// 2033// 2032//
f 1084// 2077// 1085//
f 1085// 2077// 2088//
f 1085// 2088// 1092//
f 1092// 2088// 2089//
f 1092// 2089// 1090//
f 1090// 2089// 2061//
f 1090// 2061// 1088//
f 1088// 2061// 2031//
f 1088// 2031// 1095//
f 2054// 2056// 2092//
f 2093// 2094// 2095//
f 2096// 2097// 2098//
f 2099// 2100// 2101//
f 2102// 2103// 2104//
f 1185// 1162// 2105//
f 2105// 1162// 2106//
f 2103// 2107// 2106//
f 2106// 2107// 2108//
f 2106// 2108// 2105//
f 2099// 2101// 2109//
f 1032// 881// 2096//
f 2100// 2102// 2101//
f 2101// 2102// 2104//
f 2101// 2104// 2110//
f 2111// 2109// 2112//
f 2112// 2109// 2101//
f 2112// 2101// 2113//
f 2113// 2101// 2110//
f 2113// 2110// 2114//
f 2097// 2111// 2098//
f 2098// 2111// 2112//
f 2098// 2112// 2115//
f 2115// 2112// 2113//
f 2115// 2113// 2116//
f 2116// 2113// 2114//
f 2116// 2114// 2092//
f 1161// 1159// 2117//
f 2117// 1159// 1157//
f 2117// 1157// 2118//
f 2118// 1157// 1155//
f 2118// 1155// 2119//
f 2119// 1155// 1154//
f 2119// 1154// 2051//
f 2051// 2052// 2119//
f 2119// 2052// 2094//
f 2119// 2094// 2118//
f 2118// 2094// 2093//
f 2118// 2093// 2117//
f 2052// 2053// 2094//
f 2094// 2053// 2048//
f 2094// 2048// 2095//
f 2095// 2048// 2047//
f 2095// 2047// 2045//
f 1162// 1161// 2106//
f 2106// 1161// 2117//
f 2106// 2117// 2120//
f 2120// 2117// 2093//
f 2120// 2093// 2121//
f 2121// 2093// 2095//
f 2121// 2095// 2122//
f 2122// 2095// 2045//
f 2122// 2045// 2044//
f 2103// 2106// 2104//
f 2104// 2106// 2120//
f 2104// 2120// 2110//
f 2110// 2120// 2121//
f 2110// 2121// 2114//
f 2114// 2121// 2122//
f 2114// 2122// 2092//
f 2092// 2122// 2044//
f 2092// 2044// 2054//
f 2096// 2098// 1032//
f 1032// 2098// 2115//
f 1032// 2115// 1026//
f 1026// 2115// 2116//
f 1026// 2116// 1027//
f 1027// 2116// 2092//
f 1027// 2092// 1029//
f 1029// 2092// 2056//
f 1029// 2056// 1030//
f 820// 819// 2072//
f 824// 820// 2123//
f 827// 824// 2124//
f 834// 827// 2125//
f 829// 834// 2126//
f 830// 829// 2127//
f 832// 830// 2128//
f 832// 2129// 833//
f 833// 2129// 2130//
f 820// 2072// 2123//
f 2123// 2072// 2075//
f 2123// 2075// 2131//
f 2130// 2129// 2132//
f 2132// 2129// 2133//
f 2132// 2133// 2134//
f 2134// 2133// 2135//
f 2134// 2135// 2136//
f 2136// 2135// 2137//
f 2136// 2137// 2138//
f 2075// 2074// 2131//
f 2131// 2074// 2070//
f 2131// 2070// 2139//
f 2139// 2070// 2069//
f 2139// 2069// 2140//
f 2140// 2069// 2067//
f 2140// 2067// 2141//
f 2138// 2137// 2142//
f 2142// 2137// 2143//
f 2142// 2143// 2144//
f 2144// 2143// 2145//
f 2144// 2145// 2146//
f 2146// 2145// 2147//
f 2146// 2147// 2148//
f 824// 2123// 2124//
f 2124// 2123// 2131//
f 2124// 2131// 2149//
f 2149// 2131// 2139//
f 2149// 2139// 2150//
f 2150// 2139// 2140//
f 2150// 2140// 2151//
f 2151// 2140// 2141//
f 2151// 2141// 2152//
f 2152// 2141// 2153//
f 2152// 2153// 2154//
f 2154// 2153// 2155//
f 2154// 2155// 2156//
f 2156// 2155// 2157//
f 2156// 2157// 2158//
f 2067// 2066// 2141//
f 2141// 2066// 2076//
f 2141// 2076// 2153//
f 2153// 2076// 2081//
f 2153// 2081// 2155//
f 2155// 2081// 2079//
f 2155// 2079// 2157//
f 2157// 2079// 2078//
f 2157// 2078// 1082//
f 2148// 2147// 2159//
f 2159// 2147// 2160//
f 2159// 2160// 2161//
f 2161// 2160// 1060//
f 2161// 1060// 927//
f 2162// 1064// 1062//
f 832// 2128// 2129//
f 2129// 2128// 2163//
f 2129// 2163// 2133//
f 2133// 2163// 2164//
f 2133// 2164// 2135//
f 2135// 2164// 2165//
f 2135// 2165// 2137//
f 2137// 2165// 2166//
f 2137// 2166// 2143//
f 2143// 2166// 2167//
f 2143// 2167// 2145//
f 2145// 2167// 2168//
f 2145// 2168// 2147//
f 2147// 2168// 2162//
f 2147// 2162// 2160//
f 2160// 2162// 1062//
f 2160// 1062// 1060//
f 830// 2127// 2128//
f 2128// 2127// 2169//
f 2128// 2169// 2163//
f 2163// 2169// 2170//
f 2163// 2170// 2164//
f 2164// 2170// 2171//
f 2164// 2171// 2165//
f 2165// 2171// 2172//
f 2165// 2172// 2166//
f 2166// 2172// 2173//
f 2166// 2173// 2167//
f 2167// 2173// 2174//
f 2167// 2174// 2168//
f 2168// 2174// 2175//
f 2168// 2175// 2162//
f 2162// 2175// 1066//
f 2162// 1066// 1064//
f 2176// 1070// 1068//
f 829// 2126// 2127//
f 2127// 2126// 2177//
f 2127// 2177// 2169//
f 2169// 2177// 2178//
f 2169// 2178// 2170//
f 2170// 2178// 2179//
f 2170// 2179// 2171//
f 2171// 2179// 2180//
f 2171// 2180// 2172//
f 2172// 2180// 2181//
f 2172// 2181// 2173//
f 2173// 2181// 2182//
f 2173// 2182// 2174//
f 2174// 2182// 2176//
f 2174// 2176// 2175//
f 2175// 2176// 1068//
f 2175// 1068// 1066//
f 834// 2125// 2126//
f 2126// 2125// 2183//
f 2126// 2183// 2177//
f 2177// 2183// 2184//
f 2177// 2184// 2178//
f 2178// 2184// 2185//
f 2178// 2185// 2179//
f 2179// 2185// 2186//
f 2179// 2186// 2180//
f 2180// 2186// 2187//
f 2180// 2187// 2181//
f 2181// 2187// 2188//
f 2181// 2188// 2182//
f 2182// 2188// 2189//
f 2182// 2189// 2176//
f 2176// 2189// 1072//
f 2176// 1072// 1070//
f 827// 2124// 2125//
f 2125// 2124// 2149//
f 2125// 2149// 2183//
f 2183// 2149// 2150//
f 2183// 2150// 2184//
f 2184// 2150// 2151//
f 2184// 2151// 2185//
f 2185// 2151// 2152//
f 2185// 2152// 2186//
f 2186// 2152// 2154//
f 2186// 2154// 2187//
f 2187// 2154// 2156//
f 2187// 2156// 2188//
f 2188// 2156// 2158//
f 2188// 2158// 2189//
f 2189// 2158// 1074//
f 2189// 1074// 1072//
f 1082// 1080// 2157//
f 2157// 1080// 1078//
f 2157// 1078// 2158//
f 2158// 1078// 1076//
f 2158// 1076// 1074//
f 879// 880// 2190//
f 877// 879// 2191//
f 887// 877// 2192//
f 888// 887// 2193//
f 890// 888// 2194//
f 885// 890// 2195//
f 883// 885// 2196//
f 881// 883// 2197//
f 2111// 2097// 2197//
f 2197// 2097// 2096//
f 2197// 2096// 881//
f 879// 2190// 2191//
f 2191// 2190// 2198//
f 2191// 2198// 2199//
f 2200// 2109// 2201//
f 2201// 2109// 2111//
f 2201// 2111// 2202//
f 2202// 2111// 2197//
f 2102// 2100// 2200//
f 2200// 2100// 2099//
f 2200// 2099// 2109//
f 2198// 2203// 2199//
f 2199// 2203// 2204//
f 2199// 2204// 2205//
f 2205// 2204// 2206//
f 2205// 2206// 2207//
f 2207// 2206// 2208//
f 2207// 2208// 2209//
f 2210// 2103// 2211//
f 2211// 2103// 2102//
f 2211// 2102// 2212//
f 2212// 2102// 2200//
f 2105// 2108// 2210//
f 2210// 2108// 2107//
f 2210// 2107// 2103//
f 887// 2192// 2193//
f 2193// 2192// 2213//
f 2193// 2213// 2214//
f 2214// 2213// 2215//
f 2214// 2215// 2216//
f 2216// 2215// 2217//
f 2216// 2217// 2218//
f 2218// 2217// 2219//
f 2218// 2219// 2220//
f 2220// 2219// 2221//
f 2220// 2221// 2222//
f 2222// 2221// 2223//
f 2222// 2223// 2224//
f 2224// 2223// 2225//
f 2224// 2225// 2226//
f 877// 2191// 2192//
f 2192// 2191// 2199//
f 2192// 2199// 2213//
f 2213// 2199// 2205//
f 2213// 2205// 2215//
f 2215// 2205// 2207//
f 2215// 2207// 2217//
f 2217// 2207// 2209//
f 2217// 2209// 2219//
f 2219// 2209// 2227//
f 2219// 2227// 2221//
f 2221// 2227// 2228//
f 2221// 2228// 2223//
f 2223// 2228// 2229//
f 2223// 2229// 2225//
f 2208// 2230// 2209//
f 2209// 2230// 2231//
f 2209// 2231// 2227//
f 2227// 2231// 2232//
f 2227// 2232// 2228//
f 2228// 2232// 2233//
f 2228// 2233// 2229//
f 2229// 2233// 2234//
f 2229// 2234// 929//
f 2210// 2235// 2105//
f 2105// 2235// 1183//
f 2105// 1183// 1185//
f 2236// 1179// 1181//
f 883// 2196// 2197//
f 2197// 2196// 2237//
f 2197// 2237// 2202//
f 2202// 2237// 2238//
f 2202// 2238// 2201//
f 2201// 2238// 2239//
f 2201// 2239// 2200//
f 2200// 2239// 2240//
f 2200// 2240// 2212//
f 2212// 2240// 2241//
f 2212// 2241// 2211//
f 2211// 2241// 2242//
f 2211// 2242// 2210//
f 2210// 2242// 2236//
f 2210// 2236// 2235//
f 2235// 2236// 1181//
f 2235// 1181// 1183//
f 2243// 1175// 1177//
f 885// 2195// 2196//
f 2196// 2195// 2244//
f 2196// 2244// 2237//
f 2237// 2244// 2245//
f 2237// 2245// 2238//
f 2238// 2245// 2246//
f 2238// 2246// 2239//
f 2239// 2246// 2247//
f 2239// 2247// 2240//
f 2240// 2247// 2248//
f 2240// 2248// 2241//
f 2241// 2248// 2249//
f 2241// 2249// 2242//
f 2242// 2249// 2243//
f 2242// 2243// 2236//
f 2236// 2243// 1177//
f 2236// 1177// 1179//
f 890// 2194// 2195//
f 2195// 2194// 2250//
f 2195// 2250// 2244//
f 2244// 2250// 2251//
f 2244// 2251// 2245//
f 2245// 2251// 2252//
f 2245// 2252// 2246//
f 2246// 2252// 2253//
f 2246// 2253// 2247//
f 2247// 2253// 2254//
f 2247// 2254// 2248//
f 2248// 2254// 2255//
f 2248// 2255// 2249//
f 2249// 2255// 2256//
f 2249// 2256// 2243//
f 2243// 2256// 1173//
f 2243// 1173// 1175//
f 888// 2193// 2194//
f 2194// 2193// 2214//
f 2194// 2214// 2250//
f 2250// 2214// 2216//
f 2250// 2216// 2251//
f 2251// 2216// 2218//
f 2251// 2218// 2252//
f 2252// 2218// 2220//
f 2252// 2220// 2253//
f 2253// 2220// 2222//
f 2253// 2222// 2254//
f 2254// 2222// 2224//
f 2254// 2224// 2255//
f 2255// 2224// 2226//
f 2255// 2226// 2256//
f 2256// 2226// 1171//
f 2256// 1171// 1173//
f 929// 1163// 2229//
f 2229// 1163// 1165//
f 2229// 1165// 2225//
f 2225// 1165// 1167//
f 2225// 1167// 2226//
f 2226// 1167// 1169//
f 2226// 1169// 1171//
f 880// 833// 2190//
f 2190// 833// 2130//
f 2190// 2130// 2198//
f 2198// 2130// 2132//
f 2198// 2132// 2203//
f 2203// 2132// 2134//
f 2203// 2134// 2204//
f 2204// 2134// 2136//
f 2204// 2136// 2206//
f 2206// 2136// 2138//
f 2206// 2138// 2208//
f 2208// 2138// 2142//
f 2208// 2142// 2230//
f 2230// 2142// 2144//
f 2230// 2144// 2231//
f 2231// 2144// 2146//
f 2231// 2146// 2232//
f 2232// 2146// 2148//
f 2232// 2148// 2233//
f 2233// 2148// 2159//
f 2233// 2159// 2234//
f 2234// 2159// 2161//
f 2234// 2161// 929//
f 929// 2161// 927//
f 926// 924// 2257//
f 2257// 924// 2258//
f 2257// 2258// 2259//
f 2259// 2258// 2260//
f 2259// 2260// 2261//
f 2261// 2260// 2262//
f 2261// 2262// 2263//
f 2263// 2262// 2264//
f 2263// 2264// 2265//
f 2265// 2264// 2266//
f 2265// 2266// 2267//
f 2267// 2266// 2268//
f 2267// 2268// 2269//
f 2269// 2268// 2270//
f 2269// 2270// 2271//
f 2271// 2270// 2272//
f 2271// 2272// 2273//
f 2273// 2272// 2274//
f 2273// 2274// 2275//
f 2275// 2274// 2276//
f 2275// 2276// 2277//
f 2277// 2276// 2278//
f 2277// 2278// 804//
f 804// 2278// 786//
f 1120// 926// 2257//
f 1120// 2279// 1118//
f 1118// 2279// 2280//
f 1120// 2257// 2279//
f 2279// 2257// 2259//
f 2279// 2259// 2281//
f 2280// 2279// 2282//
f 2282// 2279// 2281//
f 2282// 2281// 2283//
f 2283// 2281// 2284//
f 2283// 2284// 2285//
f 2285// 2284// 2286//
f 2285// 2286// 2287//
f 2259// 2261// 2281//
f 2281// 2261// 2263//
f 2281// 2263// 2284//
f 2284// 2263// 2265//
f 2284// 2265// 2286//
f 2286// 2265// 2267//
f 2286// 2267// 2288//
f 2287// 2286// 2289//
f 2289// 2286// 2288//
f 2289// 2288// 2290//
f 2290// 2288// 2291//
f 2290// 2291// 2292//
f 2292// 2291// 2293//
f 2292// 2293// 2294//
f 2294// 2293// 2295//
f 2295// 2293// 2296//
f 2295// 2296// 2297//
f 2277// 2296// 2275//
f 2275// 2296// 2293//
f 2275// 2293// 2273//
f 2273// 2293// 2291//
f 2273// 2291// 2271//
f 2271// 2291// 2288//
f 2271// 2288// 2269//
f 2269// 2288// 2267//
f 2277// 804// 2296//
f 2296// 804// 806//
f 2296// 806// 2297//
f 2297// 806// 808//
f 2298// 2299// 2300//
f 2301// 2302// 2303//
f 1254// 1256// 2304//
f 2305// 2258// 924//
f 2258// 2305// 2260//
f 2260// 2305// 2306//
f 2260// 2306// 2262//
f 924// 1254// 2305//
f 2305// 1254// 2304//
f 2305// 2304// 2306//
f 2306// 2304// 2307//
f 2306// 2307// 2308//
f 2308// 2302// 2306//
f 2306// 2302// 2301//
f 2306// 2301// 2262//
f 2262// 2301// 2264//
f 2309// 2266// 2264//
f 2266// 2309// 2268//
f 2268// 2309// 2310//
f 2268// 2310// 2270//
f 2264// 2301// 2309//
f 2309// 2301// 2303//
f 2309// 2303// 2310//
f 2310// 2303// 2311//
f 2310// 2311// 2312//
f 2312// 2299// 2310//
f 2310// 2299// 2298//
f 2310// 2298// 2270//
f 2270// 2298// 2272//
f 2313// 2274// 2272//
f 2274// 2313// 2276//
f 2276// 2313// 2314//
f 2276// 2314// 2278//
f 2272// 2298// 2313//
f 2313// 2298// 2300//
f 2313// 2300// 2314//
f 2314// 2300// 2315//
f 2314// 2315// 2316//
f 2316// 782// 2314//
f 2314// 782// 784//
f 2314// 784// 2278//
f 2278// 784// 786//
f 2287// 2289// 2317//
f 1111// 1114// 2318//
f 2318// 1114// 2319//
f 2318// 2319// 2320//
f 2320// 2319// 2321//
f 2320// 2321// 2322//
f 1365// 983// 2323//
f 2323// 983// 2324//
f 2323// 2324// 2325//
f 2282// 1116// 2280//
f 2280// 1116// 1118//
f 2285// 2321// 2283//
f 2283// 2321// 2319//
f 2283// 2319// 2282//
f 2282// 2319// 1114//
f 2282// 1114// 1116//
f 2285// 2287// 2321//
f 2321// 2287// 2317//
f 2321// 2317// 2322//
f 2322// 2317// 2326//
f 2289// 2290// 2317//
f 2317// 2290// 2325//
f 2317// 2325// 2326//
f 2326// 2325// 2324//
f 2297// 808// 1368//
f 2290// 2292// 2325//
f 2325// 2292// 2294//
f 2325// 2294// 2323//
f 2323// 2294// 2295//
f 2323// 2295// 1365//
f 1365// 2295// 2297//
f 1365// 2297// 1367//
f 1367// 2297// 1368//
f 1376// 1374// 2327//
f 2304// 1256// 1258//
f 1260// 2328// 1258//
f 1258// 2328// 2307//
f 1258// 2307// 2304//
f 2312// 2311// 2329//
f 2329// 2311// 2303//
f 2329// 2303// 2330//
f 2330// 2303// 2302//
f 2330// 2302// 2328//
f 2328// 2302// 2308//
f 2328// 2308// 2307//
f 2312// 2329// 2299//
f 2299// 2329// 2331//
f 2299// 2331// 2300//
f 2300// 2331// 2327//
f 2300// 2327// 2315//
f 1373// 782// 2316//
f 2315// 2327// 2316//
f 2316// 2327// 1374//
f 2316// 1374// 1373//
f 975// 1376// 2332//
f 2332// 1376// 2327//
f 2332// 2327// 2333//
f 2333// 2327// 2331//
f 2333// 2331// 2334//
f 2334// 2331// 2329//
f 2334// 2329// 2335//
f 2335// 2329// 2330//
f 2335// 2330// 2336//
f 2336// 2330// 2328//
f 2336// 2328// 1262//
f 1262// 2328// 1260//
f 2337// 982// 989//
f 1107// 1109// 2338//
f 2339// 988// 986//
f 2340// 986// 985//
f 2341// 2342// 2343//
f 2343// 2342// 2344//
f 2343// 2344// 2345//
f 2346// 2347// 2348//
f 2348// 2347// 2349//
f 2348// 2349// 2341//
f 2341// 2349// 2350//
f 2341// 2350// 2342//
f 985// 2351// 2340//
f 2340// 2351// 2352//
f 2340// 2352// 2346//
f 2346// 2352// 2353//
f 2346// 2353// 2347//
f 1057// 2343// 1105//
f 1105// 2343// 2345//
f 1105// 2345// 1106//
f 986// 2340// 2339//
f 2339// 2340// 2346//
f 2339// 2346// 2354//
f 2354// 2346// 2348//
f 2354// 2348// 2355//
f 2355// 2348// 2341//
f 2355// 2341// 2356//
f 2356// 2341// 2343//
f 2356// 2343// 2357//
f 2357// 2343// 1057//
f 2357// 1057// 1056//
f 988// 2339// 2358//
f 2358// 2339// 2354//
f 2358// 2354// 2359//
f 2359// 2354// 2355//
f 2359// 2355// 2360//
f 2360// 2355// 2356//
f 2360// 2356// 2361//
f 2361// 2356// 2357//
f 2361// 2357// 2362//
f 2362// 2357// 1056//
f 2362// 1056// 1107//
f 1107// 2338// 2362//
f 2362// 2338// 2363//
f 2362// 2363// 2361//
f 2361// 2363// 2364//
f 2361// 2364// 2360//
f 2360// 2364// 2365//
f 2360// 2365// 2359//
f 2359// 2365// 2337//
f 2359// 2337// 2358//
f 2358// 2337// 989//
f 2358// 989// 988//
f 983// 982// 2324//
f 2324// 982// 2337//
f 2324// 2337// 2326//
f 2326// 2337// 2365//
f 2326// 2365// 2322//
f 2322// 2365// 2364//
f 2322// 2364// 2320//
f 2320// 2364// 2363//
f 2320// 2363// 2318//
f 2318// 2363// 2338//
f 2318// 2338// 1111//
f 1111// 2338// 1109//
f 2366// 2367// 2368//
f 2369// 2370// 2371//
f 2372// 2373// 2374//
f 2375// 2376// 2377//
f 2336// 1262// 1264//
f 2335// 2336// 2378//
f 2336// 1264// 2378//
f 2378// 1264// 1276//
f 2378// 1276// 2379//
f 2379// 1276// 1278//
f 2379// 1278// 2380//
f 1278// 1271// 2380//
f 2380// 1271// 1273//
f 2380// 1273// 2381//
f 2381// 1273// 1267//
f 2381// 1267// 2382//
f 2382// 2375// 2381//
f 2381// 2375// 2377//
f 2381// 2377// 2380//
f 2380// 2377// 2383//
f 2380// 2383// 2379//
f 2379// 2383// 2384//
f 2379// 2384// 2378//
f 2378// 2384// 2385//
f 2378// 2385// 2335//
f 2335// 2385// 2334//
f 2376// 2372// 2377//
f 2377// 2372// 2374//
f 2377// 2374// 2383//
f 2383// 2374// 2386//
f 2383// 2386// 2384//
f 2384// 2386// 2387//
f 2384// 2387// 2385//
f 2385// 2387// 2388//
f 2385// 2388// 2334//
f 2334// 2388// 2333//
f 2373// 2369// 2374//
f 2374// 2369// 2371//
f 2374// 2371// 2386//
f 2386// 2371// 2389//
f 2386// 2389// 2387//
f 2387// 2389// 2390//
f 2387// 2390// 2388//
f 2388// 2390// 2391//
f 2388// 2391// 2333//
f 2333// 2391// 2332//
f 2370// 2366// 2371//
f 2371// 2366// 2368//
f 2371// 2368// 2389//
f 2389// 2368// 2392//
f 2389// 2392// 2390//
f 2390// 2392// 2393//
f 2390// 2393// 2391//
f 2391// 2393// 2394//
f 2391// 2394// 2332//
f 2332// 2394// 975//
f 975// 2394// 976//
f 976// 2394// 2393//
f 976// 2393// 977//
f 977// 2393// 2392//
f 977// 2392// 978//
f 978// 2392// 2368//
f 978// 2368// 980//
f 980// 2368// 2367//
f 980// 2367// 981//
f 1399// 1400// 2395//
f 2396// 2397// 2398//
f 2399// 2400// 2401//
f 2402// 2403// 2404//
f 1086// 1097// 2405//
f 2406// 1087// 1086//
f 2406// 1086// 2407//
f 2407// 1086// 2405//
f 2407// 2405// 2408//
f 2399// 2401// 2409//
f 1403// 990// 2410//
f 2410// 990// 2411//
f 2403// 2408// 2404//
f 2404// 2408// 2405//
f 2404// 2405// 2412//
f 2395// 1400// 2410//
f 2410// 1400// 1402//
f 2410// 1402// 1403//
f 2400// 2402// 2401//
f 2401// 2402// 2404//
f 2401// 2404// 2413//
f 2413// 2404// 2412//
f 2413// 2412// 2414//
f 2414// 2415// 2413//
f 2413// 2415// 2395//
f 2413// 2395// 2401//
f 2401// 2395// 2410//
f 2401// 2410// 2409//
f 2409// 2410// 2411//
f 1106// 2397// 1103//
f 1103// 2397// 2396//
f 1103// 2396// 1101//
f 1106// 2345// 2397//
f 2397// 2345// 2344//
f 2397// 2344// 2398//
f 2398// 2344// 2342//
f 2398// 2342// 2350//
f 1097// 1101// 2405//
f 2405// 1101// 2396//
f 2405// 2396// 2412//
f 2412// 2396// 2398//
f 2412// 2398// 2414//
f 2414// 2398// 2350//
f 2414// 2350// 2349//
f 2349// 2347// 2414//
f 2414// 2347// 2353//
f 2414// 2353// 2415//
f 2415// 2353// 2352//
f 2415// 2352// 2351//
f 1399// 2395// 1397//
f 1397// 2395// 2415//
f 1397// 2415// 1395//
f 1395// 2415// 2351//
f 1395// 2351// 985//
f 2416// 2417// 2418//
f 2370// 2369// 2419//
f 2373// 2372// 2420//
f 1267// 1268// 2382//
f 2382// 1268// 2421//
f 2382// 2421// 2375//
f 2375// 2421// 2376//
f 1385// 981// 2422//
f 2422// 981// 2367//
f 2422// 2367// 2366//
f 2372// 2376// 2420//
f 2420// 2376// 2421//
f 2420// 2421// 2423//
f 2416// 1270// 1285//
f 2369// 2373// 2419//
f 2419// 2373// 2420//
f 2419// 2420// 2424//
f 2424// 2420// 2423//
f 2424// 2423// 2425//
f 1377// 1379// 2426//
f 2426// 1379// 1381//
f 2426// 1381// 2427//
f 2427// 1381// 1382//
f 2427// 1382// 2422//
f 2422// 1382// 1384//
f 2422// 1384// 1385//
f 1282// 2428// 1284//
f 1284// 2428// 2429//
f 1284// 2429// 1285//
f 2416// 1285// 2417//
f 2417// 1285// 2429//
f 2417// 2429// 2418//
f 2418// 2429// 2430//
f 2418// 2430// 2431//
f 1268// 1270// 2421//
f 2421// 1270// 2416//
f 2421// 2416// 2423//
f 2423// 2416// 2418//
f 2423// 2418// 2425//
f 2425// 2418// 2431//
f 2425// 2431// 2432//
f 2432// 2433// 2425//
f 2425// 2433// 2426//
f 2425// 2426// 2424//
f 2424// 2426// 2427//
f 2424// 2427// 2419//
f 2419// 2427// 2422//
f 2419// 2422// 2370//
f 2370// 2422// 2366//
f 2433// 2434// 2426//
f 2426// 2434// 2435//
f 2426// 2435// 1377//
f 1377// 2435// 2436//
f 1377// 2436// 969//
f 2409// 2411// 2437//
f 2438// 2439// 2440//
f 2441// 2442// 2443//
f 2444// 2445// 2446//
f 2447// 2448// 2449//
f 1081// 1083// 2450//
f 2450// 1083// 2451//
f 2448// 2452// 2451//
f 2451// 2452// 2453//
f 2451// 2453// 2450//
f 2444// 2446// 2454//
f 994// 802// 2441//
f 2445// 2447// 2446//
f 2446// 2447// 2449//
f 2446// 2449// 2455//
f 2456// 2454// 2457//
f 2457// 2454// 2446//
f 2457// 2446// 2458//
f 2458// 2446// 2455//
f 2458// 2455// 2459//
f 2442// 2456// 2443//
f 2443// 2456// 2457//
f 2443// 2457// 2460//
f 2460// 2457// 2458//
f 2460// 2458// 2461//
f 2461// 2458// 2459//
f 2461// 2459// 2437//
f 1094// 1093// 2462//
f 2462// 1093// 1091//
f 2462// 1091// 2463//
f 2463// 1091// 1089//
f 2463// 1089// 2464//
f 2464// 1089// 1087//
f 2464// 1087// 2406//
f 2406// 2407// 2464//
f 2464// 2407// 2439//
f 2464// 2439// 2463//
f 2463// 2439// 2438//
f 2463// 2438// 2462//
f 2407// 2408// 2439//
f 2439// 2408// 2403//
f 2439// 2403// 2440//
f 2440// 2403// 2402//
f 2440// 2402// 2400//
f 1083// 1094// 2451//
f 2451// 1094// 2462//
f 2451// 2462// 2465//
f 2465// 2462// 2438//
f 2465// 2438// 2466//
f 2466// 2438// 2440//
f 2466// 2440// 2467//
f 2467// 2440// 2400//
f 2467// 2400// 2399//
f 2448// 2451// 2449//
f 2449// 2451// 2465//
f 2449// 2465// 2455//
f 2455// 2465// 2466//
f 2455// 2466// 2459//
f 2459// 2466// 2467//
f 2459// 2467// 2437//
f 2437// 2467// 2399//
f 2437// 2399// 2409//
f 2441// 2443// 994//
f 994// 2443// 2460//
f 994// 2460// 995//
f 995// 2460// 2461//
f 995// 2461// 993//
f 993// 2461// 2437//
f 993// 2437// 992//
f 992// 2437// 2411//
f 992// 2411// 990//
f 2429// 2428// 2468//
f 2431// 2430// 2469//
f 2470// 2471// 2472//
f 2473// 2474// 2475//
f 2476// 2477// 2478//
f 787// 973// 2479//
f 2479// 973// 2480//
f 2477// 2481// 2480//
f 2480// 2481// 2482//
f 2480// 2482// 2479//
f 2473// 2475// 2483//
f 1319// 1318// 2484//
f 2484// 1318// 2485//
f 2484// 2485// 2486//
f 2474// 2476// 2475//
f 2475// 2476// 2478//
f 2475// 2478// 2487//
f 2488// 2483// 2489//
f 2489// 2483// 2475//
f 2489// 2475// 2490//
f 2490// 2475// 2487//
f 2490// 2487// 2491//
f 2492// 2471// 2493//
f 2493// 2471// 2470//
f 2493// 2470// 2494//
f 2486// 2488// 2484//
f 2484// 2488// 2489//
f 2484// 2489// 2495//
f 2495// 2489// 2490//
f 2495// 2490// 2496//
f 2496// 2490// 2491//
f 2496// 2491// 2468//
f 969// 2492// 970//
f 970// 2492// 2493//
f 970// 2493// 971//
f 971// 2493// 2494//
f 971// 2494// 972//
f 969// 2436// 2492//
f 2492// 2436// 2435//
f 2492// 2435// 2471//
f 2471// 2435// 2434//
f 2471// 2434// 2472//
f 2472// 2434// 2433//
f 2472// 2433// 2432//
f 973// 972// 2480//
f 2480// 972// 2494//
f 2480// 2494// 2497//
f 2497// 2494// 2470//
f 2497// 2470// 2498//
f 2498// 2470// 2472//
f 2498// 2472// 2469//
f 2469// 2472// 2432//
f 2469// 2432// 2431//
f 2477// 2480// 2478//
f 2478// 2480// 2497//
f 2478// 2497// 2487//
f 2487// 2497// 2498//
f 2487// 2498// 2491//
f 2491// 2498// 2469//
f 2491// 2469// 2468//
f 2468// 2469// 2430//
f 2468// 2430// 2429//
f 1319// 2484// 1292//
f 1292// 2484// 2495//
f 1292// 2495// 1290//
f 1290// 2495// 2496//
f 1290// 2496// 1288//
f 1288// 2496// 2468//
f 1288// 2468// 1281//
f 1281// 2468// 2428//
f 1281// 2428// 1282//
f 2499// 2500// 2501//
f 2502// 2444// 2454//
f 2503// 2504// 2505//
f 2506// 2452// 2448//
f 1079// 1081// 2450//
f 1073// 1075// 2507//
f 1069// 1071// 2508//
f 1063// 1065// 2509//
f 2510// 2511// 2512//
f 2512// 2511// 928//
f 2512// 928// 1059//
f 1075// 1077// 2507//
f 2507// 1077// 2513//
f 2507// 2513// 2506//
f 2514// 2510// 2515//
f 2515// 2510// 2512//
f 2515// 2512// 2516//
f 1077// 1079// 2513//
f 2513// 1079// 2450//
f 2513// 2450// 2506//
f 2506// 2450// 2453//
f 2506// 2453// 2452//
f 2517// 2514// 2518//
f 2518// 2514// 2515//
f 2518// 2515// 2519//
f 2519// 2515// 2516//
f 2519// 2516// 2520//
f 1071// 1073// 2508//
f 2508// 1073// 2507//
f 2508// 2507// 2521//
f 2521// 2507// 2506//
f 2521// 2506// 2522//
f 2522// 2506// 2448//
f 2522// 2448// 2447//
f 2504// 2517// 2505//
f 2505// 2517// 2518//
f 2505// 2518// 2523//
f 2523// 2518// 2519//
f 2523// 2519// 2524//
f 2524// 2519// 2520//
f 2524// 2520// 2525//
f 1065// 1067// 2509//
f 2509// 1067// 2526//
f 2509// 2526// 2527//
f 2527// 2526// 2528//
f 2527// 2528// 2529//
f 2529// 2528// 2530//
f 2529// 2530// 2531//
f 2531// 2530// 2532//
f 2531// 2532// 2502//
f 2533// 2503// 2534//
f 2534// 2503// 2505//
f 2534// 2505// 2535//
f 2535// 2505// 2523//
f 2535// 2523// 2536//
f 2536// 2523// 2524//
f 2536// 2524// 2537//
f 2537// 2524// 2525//
f 2537// 2525// 2538//
f 1067// 1069// 2526//
f 2526// 1069// 2508//
f 2526// 2508// 2528//
f 2528// 2508// 2521//
f 2528// 2521// 2530//
f 2530// 2521// 2522//
f 2530// 2522// 2532//
f 2532// 2522// 2447//
f 2532// 2447// 2502//
f 2502// 2447// 2445//
f 2502// 2445// 2444//
f 2539// 2533// 2540//
f 2540// 2533// 2534//
f 2540// 2534// 2541//
f 2541// 2534// 2535//
f 2541// 2535// 2542//
f 2542// 2535// 2536//
f 2542// 2536// 2543//
f 2543// 2536// 2537//
f 2543// 2537// 2544//
f 2544// 2537// 2538//
f 2544// 2538// 2545//
f 1061// 1063// 2546//
f 2546// 1063// 2509//
f 2546// 2509// 2547//
f 2547// 2509// 2527//
f 2547// 2527// 2548//
f 2548// 2527// 2529//
f 2548// 2529// 2549//
f 2549// 2529// 2531//
f 2549// 2531// 2550//
f 2550// 2531// 2502//
f 2550// 2502// 2551//
f 2551// 2502// 2454//
f 2551// 2454// 2456//
f 2500// 2539// 2501//
f 2501// 2539// 2540//
f 2501// 2540// 2552//
f 2552// 2540// 2541//
f 2552// 2541// 2553//
f 2553// 2541// 2542//
f 2553// 2542// 2554//
f 2554// 2542// 2543//
f 2554// 2543// 2555//
f 2555// 2543// 2544//
f 2555// 2544// 2556//
f 2556// 2544// 2545//
f 2556// 2545// 2557//
f 2557// 2558// 2556//
f 2556// 2558// 2559//
f 2556// 2559// 2555//
f 2555// 2559// 2560//
f 2555// 2560// 2554//
f 2554// 2560// 2561//
f 2554// 2561// 2553//
f 2553// 2561// 2562//
f 2553// 2562// 2552//
f 2552// 2562// 2563//
f 2552// 2563// 2501//
f 2501// 2563// 2564//
f 2501// 2564// 2499//
f 2499// 2564// 2565//
f 1059// 1061// 2512//
f 2512// 1061// 2546//
f 2512// 2546// 2516//
f 2516// 2546// 2547//
f 2516// 2547// 2520//
f 2520// 2547// 2548//
f 2520// 2548// 2525//
f 2525// 2548// 2549//
f 2525// 2549// 2538//
f 2538// 2549// 2550//
f 2538// 2550// 2545//
f 2545// 2550// 2551//
f 2545// 2551// 2557//
f 2557// 2551// 2456//
f 2557// 2456// 2558//
f 2558// 2456// 2442//
f 2558// 2442// 2441//
f 2441// 802// 2558//
f 2558// 802// 803//
f 2558// 803// 2559//
f 2559// 803// 801//
f 2559// 801// 2560//
f 2560// 801// 800//
f 2560// 800// 2561//
f 2561// 800// 799//
f 2561// 799// 2562//
f 2562// 799// 798//
f 2562// 798// 2563//
f 2563// 798// 797//
f 2563// 797// 2564//
f 2564// 797// 796//
f 2564// 796// 2565//
f 2565// 796// 795//
f 2566// 2567// 2568//
f 2482// 2481// 2569//
f 2570// 2571// 2572//
f 2474// 2473// 2573//
f 2574// 2575// 2576//
f 2486// 2485// 2577//
f 2577// 2485// 1318//
f 1318// 1316// 2577//
f 2577// 1316// 1314//
f 2577// 1314// 2578//
f 1314// 1312// 2578//
f 2578// 1312// 1310//
f 2578// 1310// 2579//
f 2579// 1310// 1308//
f 2579// 1308// 2580//
f 1308// 1306// 2580//
f 2580// 1306// 1304//
f 2580// 1304// 2581//
f 2581// 1304// 1302//
f 2581// 1302// 2582//
f 922// 2583// 1296//
f 1296// 2583// 2584//
f 1296// 2584// 1298//
f 1298// 2584// 2582//
f 1298// 2582// 1300//
f 1300// 2582// 1302//
f 2583// 2574// 2584//
f 2584// 2574// 2576//
f 2584// 2576// 2582//
f 2582// 2576// 2585//
f 2582// 2585// 2581//
f 2581// 2585// 2586//
f 2581// 2586// 2580//
f 2580// 2586// 2587//
f 2580// 2587// 2579//
f 2579// 2587// 2588//
f 2579// 2588// 2578//
f 2578// 2588// 2589//
f 2578// 2589// 2577//
f 2577// 2589// 2590//
f 2577// 2590// 2486//
f 2486// 2590// 2488//
f 2575// 2591// 2576//
f 2576// 2591// 2592//
f 2576// 2592// 2585//
f 2585// 2592// 2593//
f 2585// 2593// 2586//
f 2586// 2593// 2594//
f 2586// 2594// 2587//
f 2587// 2594// 2595//
f 2587// 2595// 2588//
f 2588// 2595// 2596//
f 2588// 2596// 2589//
f 2589// 2596// 2597//
f 2589// 2597// 2590//
f 2590// 2597// 2598//
f 2590// 2598// 2488//
f 2488// 2598// 2483//
f 2591// 2599// 2592//
f 2592// 2599// 2600//
f 2592// 2600// 2593//
f 2593// 2600// 2601//
f 2593// 2601// 2594//
f 2594// 2601// 2602//
f 2594// 2602// 2595//
f 2595// 2602// 2603//
f 2595// 2603// 2596//
f 2596// 2603// 2604//
f 2596// 2604// 2597//
f 2597// 2604// 2605//
f 2597// 2605// 2598//
f 2598// 2605// 2573//
f 2598// 2573// 2483//
f 2483// 2573// 2473//
f 2599// 2570// 2600//
f 2600// 2570// 2572//
f 2600// 2572// 2601//
f 2601// 2572// 2606//
f 2601// 2606// 2602//
f 2602// 2606// 2607//
f 2602// 2607// 2603//
f 2603// 2607// 2608//
f 2603// 2608// 2604//
f 2604// 2608// 2609//
f 2604// 2609// 2605//
f 2605// 2609// 2610//
f 2605// 2610// 2573//
f 2573// 2610// 2611//
f 2573// 2611// 2474//
f 2474// 2611// 2476//
f 2571// 2612// 2572//
f 2572// 2612// 2613//
f 2572// 2613// 2606//
f 2606// 2613// 2614//
f 2606// 2614// 2607//
f 2607// 2614// 2615//
f 2607// 2615// 2608//
f 2608// 2615// 2616//
f 2608// 2616// 2609//
f 2609// 2616// 2617//
f 2609// 2617// 2610//
f 2610// 2617// 2618//
f 2610// 2618// 2611//
f 2611// 2618// 2619//
f 2611// 2619// 2476//
f 2476// 2619// 2477//
f 2612// 2620// 2613//
f 2613// 2620// 2621//
f 2613// 2621// 2614//
f 2614// 2621// 2622//
f 2614// 2622// 2615//
f 2615// 2622// 2623//
f 2615// 2623// 2616//
f 2616// 2623// 2624//
f 2616// 2624// 2617//
f 2617// 2624// 2625//
f 2617// 2625// 2618//
f 2618// 2625// 2626//
f 2618// 2626// 2619//
f 2619// 2626// 2569//
f 2619// 2569// 2477//
f 2477// 2569// 2481//
f 2620// 2566// 2621//
f 2621// 2566// 2568//
f 2621// 2568// 2622//
f 2622// 2568// 2627//
f 2622// 2627// 2623//
f 2623// 2627// 2628//
f 2623// 2628// 2624//
f 2624// 2628// 2629//
f 2624// 2629// 2625//
f 2625// 2629// 2630//
f 2625// 2630// 2626//
f 2626// 2630// 2631//
f 2626// 2631// 2569//
f 2569// 2631// 2632//
f 2569// 2632// 2482//
f 2482// 2632// 2479//
f 2567// 490// 2568//
f 2568// 490// 794//
f 2568// 794// 2627//
f 2627// 794// 793//
f 2627// 793// 2628//
f 2628// 793// 791//
f 2628// 791// 2629//
f 2629// 791// 790//
f 2629// 790// 2630//
f 2630// 790// 789//
f 2630// 789// 2631//
f 2631// 789// 792//
f 2631// 792// 2632//
f 2632// 792// 788//
f 2632// 788// 2479//
f 2479// 788// 787//
f 930// 928// 2633//
f 2633// 928// 2511//
f 2633// 2511// 2634//
f 2634// 2511// 2510//
f 2634// 2510// 2635//
f 2635// 2510// 2514//
f 2635// 2514// 2636//
f 2636// 2514// 2517//
f 2636// 2517// 2637//
f 2637// 2517// 2504//
f 2637// 2504// 2638//
f 2638// 2504// 2503//
f 2638// 2503// 2639//
f 2639// 2503// 2533//
f 2639// 2533// 2640//
f 2640// 2533// 2539//
f 2640// 2539// 2641//
f 2641// 2539// 2500//
f 2641// 2500// 2642//
f 2642// 2500// 2499//
f 2642// 2499// 2643//
f 2643// 2499// 2565//
f 2643// 2565// 907//
f 907// 2565// 795//
f 486// 490// 2644//
f 2644// 490// 2567//
f 2644// 2567// 2645//
f 2645// 2567// 2566//
f 2645// 2566// 2646//
f 2646// 2566// 2620//
f 2646// 2620// 2647//
f 2647// 2620// 2612//
f 2647// 2612// 2648//
f 2648// 2612// 2571//
f 2648// 2571// 2649//
f 2649// 2571// 2570//
f 2649// 2570// 2650//
f 2650// 2570// 2599//
f 2650// 2599// 2651//
f 2651// 2599// 2591//
f 2651// 2591// 2652//
f 2652// 2591// 2575//
f 2652// 2575// 2653//
f 2653// 2575// 2574//
f 2653// 2574// 2654//
f 2654// 2574// 2583//
f 2654// 2583// 920//
f 920// 2583// 922//
f 2642// 2643// 2655//
f 2656// 2657// 2658//
f 2638// 2639// 2659//
f 2660// 2661// 2662//
f 2634// 2635// 2663//
f 2664// 2665// 2666//
f 2666// 2665// 1186//
f 1186// 1184// 2666//
f 2666// 1184// 1182//
f 2666// 1182// 2667//
f 1182// 1180// 2667//
f 2667// 1180// 1178//
f 2667// 1178// 2668//
f 2668// 1178// 1176//
f 2668// 1176// 2669//
f 1176// 1174// 2669//
f 2669// 1174// 1172//
f 2669// 1172// 2670//
f 2670// 1172// 1170//
f 2670// 1170// 2671//
f 930// 2633// 1164//
f 1164// 2633// 2672//
f 1164// 2672// 1166//
f 1166// 2672// 2671//
f 1166// 2671// 1168//
f 1168// 2671// 1170//
f 2633// 2634// 2672//
f 2672// 2634// 2663//
f 2672// 2663// 2671//
f 2671// 2663// 2673//
f 2671// 2673// 2670//
f 2670// 2673// 2674//
f 2670// 2674// 2669//
f 2669// 2674// 2675//
f 2669// 2675// 2668//
f 2668// 2675// 2676//
f 2668// 2676// 2667//
f 2667// 2676// 2677//
f 2667// 2677// 2666//
f 2666// 2677// 2678//
f 2666// 2678// 2664//
f 2664// 2678// 2679//
f 2635// 2636// 2663//
f 2663// 2636// 2680//
f 2663// 2680// 2673//
f 2673// 2680// 2681//
f 2673// 2681// 2674//
f 2674// 2681// 2682//
f 2674// 2682// 2675//
f 2675// 2682// 2683//
f 2675// 2683// 2676//
f 2676// 2683// 2684//
f 2676// 2684// 2677//
f 2677// 2684// 2685//
f 2677// 2685// 2678//
f 2678// 2685// 2686//
f 2678// 2686// 2679//
f 2679// 2686// 2687//
f 2636// 2637// 2680//
f 2680// 2637// 2688//
f 2680// 2688// 2681//
f 2681// 2688// 2689//
f 2681// 2689// 2682//
f 2682// 2689// 2690//
f 2682// 2690// 2683//
f 2683// 2690// 2691//
f 2683// 2691// 2684//
f 2684// 2691// 2692//
f 2684// 2692// 2685//
f 2685// 2692// 2693//
f 2685// 2693// 2686//
f 2686// 2693// 2662//
f 2686// 2662// 2687//
f 2687// 2662// 2661//
f 2637// 2638// 2688//
f 2688// 2638// 2659//
f 2688// 2659// 2689//
f 2689// 2659// 2694//
f 2689// 2694// 2690//
f 2690// 2694// 2695//
f 2690// 2695// 2691//
f 2691// 2695// 2696//
f 2691// 2696// 2692//
f 2692// 2696// 2697//
f 2692// 2697// 2693//
f 2693// 2697// 2698//
f 2693// 2698// 2662//
f 2662// 2698// 2699//
f 2662// 2699// 2660//
f 2660// 2699// 2700//
f 2639// 2640// 2659//
f 2659// 2640// 2701//
f 2659// 2701// 2694//
f 2694// 2701// 2702//
f 2694// 2702// 2695//
f 2695// 2702// 2703//
f 2695// 2703// 2696//
f 2696// 2703// 2704//
f 2696// 2704// 2697//
f 2697// 2704// 2705//
f 2697// 2705// 2698//
f 2698// 2705// 2706//
f 2698// 2706// 2699//
f 2699// 2706// 2707//
f 2699// 2707// 2700//
f 2700// 2707// 2708//
f 2640// 2641// 2701//
f 2701// 2641// 2709//
f 2701// 2709// 2702//
f 2702// 2709// 2710//
f 2702// 2710// 2703//
f 2703// 2710// 2711//
f 2703// 2711// 2704//
f 2704// 2711// 2712//
f 2704// 2712// 2705//
f 2705// 2712// 2713//
f 2705// 2713// 2706//
f 2706// 2713// 2714//
f 2706// 2714// 2707//
f 2707// 2714// 2658//
f 2707// 2658// 2708//
f 2708// 2658// 2657//
f 2641// 2642// 2709//
f 2709// 2642// 2655//
f 2709// 2655// 2710//
f 2710// 2655// 2715//
f 2710// 2715// 2711//
f 2711// 2715// 2716//
f 2711// 2716// 2712//
f 2712// 2716// 2717//
f 2712// 2717// 2713//
f 2713// 2717// 2718//
f 2713// 2718// 2714//
f 2714// 2718// 2719//
f 2714// 2719// 2658//
f 2658// 2719// 2720//
f 2658// 2720// 2656//
f 2656// 2720// 2721//
f 2643// 907// 2655//
f 2655// 907// 906//
f 2655// 906// 2715//
f 2715// 906// 913//
f 2715// 913// 2716//
f 2716// 913// 912//
f 2716// 912// 2717//
f 2717// 912// 911//
f 2717// 911// 2718//
f 2718// 911// 910//
f 2718// 910// 2719//
f 2719// 910// 914//
f 2719// 914// 2720//
f 2720// 914// 909//
f 2720// 909// 2721//
f 2721// 909// 908//
f 2645// 2646// 2722//
f 2723// 2724// 2725//
f 2649// 2650// 2726//
f 2727// 2728// 2729//
f 1211// 1213// 2730//
f 1205// 1207// 2731//
f 1201// 1203// 2732//
f 1195// 1197// 2733//
f 2653// 2654// 2734//
f 2734// 2654// 920//
f 2734// 920// 1191//
f 1207// 1209// 2731//
f 2731// 1209// 2735//
f 2731// 2735// 2727//
f 2652// 2653// 2736//
f 2736// 2653// 2734//
f 2736// 2734// 2737//
f 1209// 1211// 2735//
f 2735// 1211// 2730//
f 2735// 2730// 2727//
f 2727// 2730// 2738//
f 2727// 2738// 2728//
f 2651// 2652// 2739//
f 2739// 2652// 2736//
f 2739// 2736// 2740//
f 2740// 2736// 2737//
f 2740// 2737// 2741//
f 1203// 1205// 2732//
f 2732// 1205// 2731//
f 2732// 2731// 2742//
f 2742// 2731// 2727//
f 2742// 2727// 2743//
f 2743// 2727// 2729//
f 2743// 2729// 2744//
f 2650// 2651// 2726//
f 2726// 2651// 2739//
f 2726// 2739// 2745//
f 2745// 2739// 2740//
f 2745// 2740// 2746//
f 2746// 2740// 2741//
f 2746// 2741// 2747//
f 1197// 1199// 2733//
f 2733// 1199// 2748//
f 2733// 2748// 2749//
f 2749// 2748// 2750//
f 2749// 2750// 2751//
f 2751// 2750// 2752//
f 2751// 2752// 2753//
f 2753// 2752// 2754//
f 2753// 2754// 2723//
f 2648// 2649// 2755//
f 2755// 2649// 2726//
f 2755// 2726// 2756//
f 2756// 2726// 2745//
f 2756// 2745// 2757//
f 2757// 2745// 2746//
f 2757// 2746// 2758//
f 2758// 2746// 2747//
f 2758// 2747// 2759//
f 1199// 1201// 2748//
f 2748// 1201// 2732//
f 2748// 2732// 2750//
f 2750// 2732// 2742//
f 2750// 2742// 2752//
f 2752// 2742// 2743//
f 2752// 2743// 2754//
f 2754// 2743// 2744//
f 2754// 2744// 2723//
f 2723// 2744// 2760//
f 2723// 2760// 2724//
f 2647// 2648// 2761//
f 2761// 2648// 2755//
f 2761// 2755// 2762//
f 2762// 2755// 2756//
f 2762// 2756// 2763//
f 2763// 2756// 2757//
f 2763// 2757// 2764//
f 2764// 2757// 2758//
f 2764// 2758// 2765//
f 2765// 2758// 2759//
f 2765// 2759// 2766//
f 1193// 1195// 2767//
f 2767// 1195// 2733//
f 2767// 2733// 2768//
f 2768// 2733// 2749//
f 2768// 2749// 2769//
f 2769// 2749// 2751//
f 2769// 2751// 2770//
f 2770// 2751// 2753//
f 2770// 2753// 2771//
f 2771// 2753// 2723//
f 2771// 2723// 2772//
f 2772// 2723// 2725//
f 2772// 2725// 2773//
f 2646// 2647// 2722//
f 2722// 2647// 2761//
f 2722// 2761// 2774//
f 2774// 2761// 2762//
f 2774// 2762// 2775//
f 2775// 2762// 2763//
f 2775// 2763// 2776//
f 2776// 2763// 2764//
f 2776// 2764// 2777//
f 2777// 2764// 2765//
f 2777// 2765// 2778//
f 2778// 2765// 2766//
f 2778// 2766// 2779//
f 2779// 2780// 2778//
f 2778// 2780// 2781//
f 2778// 2781// 2777//
f 2777// 2781// 2782//
f 2777// 2782// 2776//
f 2776// 2782// 2783//
f 2776// 2783// 2775//
f 2775// 2783// 2784//
f 2775// 2784// 2774//
f 2774// 2784// 2785//
f 2774// 2785// 2722//
f 2722// 2785// 2786//
f 2722// 2786// 2645//
f 2645// 2786// 2644//
f 1191// 1193// 2734//
f 2734// 1193// 2767//
f 2734// 2767// 2737//
f 2737// 2767// 2768//
f 2737// 2768// 2741//
f 2741// 2768// 2769//
f 2741// 2769// 2747//
f 2747// 2769// 2770//
f 2747// 2770// 2759//
f 2759// 2770// 2771//
f 2759// 2771// 2766//
f 2766// 2771// 2772//
f 2766// 2772// 2779//
f 2779// 2772// 2773//
f 2779// 2773// 2780//
f 2780// 2773// 2787//
f 2780// 2787// 2788//
f 2788// 775// 2780//
f 2780// 775// 776//
f 2780// 776// 2781//
f 2781// 776// 774//
f 2781// 774// 2782//
f 2782// 774// 773//
f 2782// 773// 2783//
f 2783// 773// 772//
f 2783// 772// 2784//
f 2784// 772// 771//
f 2784// 771// 2785//
f 2785// 771// 770//
f 2785// 770// 2786//
f 2786// 770// 769//
f 2786// 769// 2644//
f 2644// 769// 486//
f 2789// 2790// 2791//
f 2792// 2793// 2794//
f 2795// 2796// 2797//
f 2661// 2660// 2798//
f 908// 967// 2721//
f 2721// 967// 2799//
f 2708// 2657// 2799//
f 2799// 2657// 2656//
f 2799// 2656// 2721//
f 2661// 2798// 2687//
f 1187// 1186// 2800//
f 2800// 1186// 2665//
f 2800// 2665// 2664//
f 2700// 2708// 2801//
f 2801// 2708// 2799//
f 2801// 2799// 2802//
f 2660// 2700// 2798//
f 2798// 2700// 2801//
f 2798// 2801// 2803//
f 2803// 2801// 2802//
f 2803// 2802// 2804//
f 2805// 2796// 2806//
f 2806// 2796// 2795//
f 2806// 2795// 2807//
f 2679// 2687// 2808//
f 2808// 2687// 2798//
f 2808// 2798// 2809//
f 2809// 2798// 2803//
f 2809// 2803// 2810//
f 2810// 2803// 2804//
f 2810// 2804// 2794//
f 963// 2805// 964//
f 964// 2805// 2806//
f 964// 2806// 965//
f 965// 2806// 2807//
f 965// 2807// 966//
f 963// 2811// 2805//
f 2805// 2811// 2812//
f 2805// 2812// 2796//
f 2796// 2812// 2813//
f 2796// 2813// 2797//
f 2797// 2813// 2814//
f 2797// 2814// 2815//
f 967// 966// 2799//
f 2799// 966// 2807//
f 2799// 2807// 2802//
f 2802// 2807// 2795//
f 2802// 2795// 2804//
f 2804// 2795// 2797//
f 2804// 2797// 2794//
f 2794// 2797// 2815//
f 2794// 2815// 2792//
f 2793// 2789// 2794//
f 2794// 2789// 2791//
f 2794// 2791// 2810//
f 2810// 2791// 2816//
f 2810// 2816// 2809//
f 2809// 2816// 2817//
f 2809// 2817// 2808//
f 2808// 2817// 2800//
f 2808// 2800// 2679//
f 2679// 2800// 2664//
f 1187// 2800// 1160//
f 1160// 2800// 2817//
f 1160// 2817// 1158//
f 1158// 2817// 2816//
f 1158// 2816// 1156//
f 1156// 2816// 2791//
f 1156// 2791// 1149//
f 1149// 2791// 2790//
f 1149// 2790// 1150//
f 2818// 2819// 2820//
f 2821// 2822// 2823//
f 2788// 2787// 2824//
f 2724// 2760// 2825//
f 2744// 2729// 2826//
f 1213// 1215// 2730//
f 2730// 1215// 2827//
f 2729// 2728// 2827//
f 2827// 2728// 2738//
f 2827// 2738// 2730//
f 2724// 2825// 2725//
f 952// 775// 2788//
f 2760// 2744// 2825//
f 2825// 2744// 2826//
f 2825// 2826// 2828//
f 2773// 2725// 2829//
f 2829// 2725// 2825//
f 2829// 2825// 2830//
f 2830// 2825// 2828//
f 2830// 2828// 2831//
f 2787// 2773// 2824//
f 2824// 2773// 2829//
f 2824// 2829// 2832//
f 2832// 2829// 2830//
f 2832// 2830// 2833//
f 2833// 2830// 2831//
f 2833// 2831// 2820//
f 1226// 1225// 2834//
f 2834// 1225// 1223//
f 2834// 1223// 2835//
f 2835// 1223// 1221//
f 2835// 1221// 2836//
f 2836// 1221// 1219//
f 2836// 1219// 2837//
f 2837// 2838// 2836//
f 2836// 2838// 2822//
f 2836// 2822// 2835//
f 2835// 2822// 2821//
f 2835// 2821// 2834//
f 2838// 2839// 2822//
f 2822// 2839// 2840//
f 2822// 2840// 2823//
f 2823// 2840// 2841//
f 2823// 2841// 2842//
f 1215// 1226// 2827//
f 2827// 1226// 2834//
f 2827// 2834// 2843//
f 2843// 2834// 2821//
f 2843// 2821// 2844//
f 2844// 2821// 2823//
f 2844// 2823// 2845//
f 2845// 2823// 2842//
f 2845// 2842// 2846//
f 2729// 2827// 2826//
f 2826// 2827// 2843//
f 2826// 2843// 2828//
f 2828// 2843// 2844//
f 2828// 2844// 2831//
f 2831// 2844// 2845//
f 2831// 2845// 2820//
f 2820// 2845// 2846//
f 2820// 2846// 2818//
f 2788// 2824// 952//
f 952// 2824// 2832//
f 952// 2832// 953//
f 953// 2832// 2833//
f 953// 2833// 951//
f 951// 2833// 2820//
f 951// 2820// 950//
f 950// 2820// 2819//
f 950// 2819// 948//
f 2847// 2848// 2849//
f 2850// 2851// 2852//
f 1135// 1136// 2853//
f 2853// 1136// 2854//
f 2853// 2854// 2855//
f 2855// 2854// 2856//
f 1418// 958// 2857//
f 2857// 958// 2858//
f 2857// 2858// 2859//
f 2851// 2856// 2852//
f 2852// 2856// 2854//
f 2852// 2854// 2860//
f 1138// 1153// 2861//
f 2861// 1153// 2862//
f 2861// 2862// 2863//
f 2848// 2850// 2849//
f 2849// 2850// 2852//
f 2849// 2852// 2864//
f 2864// 2852// 2860//
f 2864// 2860// 2865//
f 1410// 1412// 2866//
f 2866// 1412// 1414//
f 2866// 1414// 2867//
f 2867// 1414// 1415//
f 2867// 1415// 2857//
f 2857// 1415// 1417//
f 2857// 1417// 1418//
f 1152// 1150// 2790//
f 1152// 2790// 1153//
f 1153// 2790// 2862//
f 2862// 2790// 2789//
f 2862// 2789// 2863//
f 2863// 2789// 2793//
f 2863// 2793// 2792//
f 1136// 1138// 2854//
f 2854// 1138// 2861//
f 2854// 2861// 2860//
f 2860// 2861// 2863//
f 2860// 2863// 2865//
f 2865// 2863// 2792//
f 2865// 2792// 2815//
f 2815// 2814// 2865//
f 2865// 2814// 2866//
f 2865// 2866// 2864//
f 2864// 2866// 2867//
f 2864// 2867// 2849//
f 2849// 2867// 2857//
f 2849// 2857// 2847//
f 2847// 2857// 2859//
f 2814// 2813// 2866//
f 2866// 2813// 2812//
f 2866// 2812// 1410//
f 1410// 2812// 2811//
f 1410// 2811// 963//
f 1390// 1391// 2868//
f 2846// 2842// 2869//
f 2841// 2840// 2870//
f 1218// 1229// 2871//
f 1219// 1218// 2837//
f 2837// 1218// 2871//
f 2837// 2871// 2838//
f 2838// 2871// 2839//
f 2846// 2869// 2818//
f 1394// 948// 2872//
f 2872// 948// 2819//
f 2840// 2839// 2870//
f 2870// 2839// 2871//
f 2870// 2871// 2873//
f 2868// 1391// 2872//
f 2872// 1391// 1393//
f 2872// 1393// 1394//
f 1233// 1235// 2874//
f 2874// 1235// 2875//
f 2874// 2875// 2876//
f 2842// 2841// 2869//
f 2869// 2841// 2870//
f 2869// 2870// 2877//
f 2877// 2870// 2873//
f 2877// 2873// 2878//
f 2878// 2879// 2877//
f 2877// 2879// 2868//
f 2877// 2868// 2869//
f 2869// 2868// 2872//
f 2869// 2872// 2818//
f 2818// 2872// 2819//
f 1235// 1238// 2880//
f 1235// 2880// 2875//
f 2875// 2880// 2881//
f 2875// 2881// 2876//
f 2876// 2881// 2882//
f 2876// 2882// 2883//
f 1229// 1233// 2871//
f 2871// 1233// 2874//
f 2871// 2874// 2873//
f 2873// 2874// 2876//
f 2873// 2876// 2878//
f 2878// 2876// 2883//
f 2878// 2883// 2884//
f 2884// 2885// 2878//
f 2878// 2885// 2886//
f 2878// 2886// 2879//
f 2879// 2886// 2887//
f 2879// 2887// 2888//
f 1390// 2868// 1388//
f 1388// 2868// 2879//
f 1388// 2879// 1386//
f 1386// 2879// 2888//
f 1386// 2888// 943//
f 2859// 2858// 2889//
f 2890// 2891// 2892//
f 2893// 2894// 2895//
f 2896// 2897// 2898//
f 2899// 2900// 2901//
f 1130// 1132// 2902//
f 2902// 1132// 2903//
f 2902// 2903// 2904//
f 2904// 2903// 2905//
f 2906// 2907// 2908//
f 2908// 2907// 2905//
f 2893// 2895// 954//
f 2900// 2906// 2901//
f 2901// 2906// 2908//
f 2901// 2908// 2909//
f 1144// 1146// 2910//
f 2910// 1146// 2911//
f 2897// 2899// 2898//
f 2898// 2899// 2901//
f 2898// 2901// 2912//
f 2912// 2901// 2909//
f 2912// 2909// 2913//
f 2894// 2896// 2895//
f 2895// 2896// 2898//
f 2895// 2898// 2914//
f 2914// 2898// 2912//
f 2914// 2912// 2915//
f 2915// 2912// 2913//
f 2915// 2913// 2889//
f 1146// 1139// 2911//
f 2911// 1139// 1141//
f 2911// 1141// 2916//
f 2916// 1141// 1135//
f 2916// 1135// 2853//
f 2853// 2855// 2916//
f 2916// 2855// 2891//
f 2916// 2891// 2911//
f 2911// 2891// 2890//
f 2911// 2890// 2910//
f 2855// 2856// 2891//
f 2891// 2856// 2851//
f 2891// 2851// 2892//
f 2892// 2851// 2850//
f 2892// 2850// 2848//
f 1132// 1144// 2903//
f 2903// 1144// 2910//
f 2903// 2910// 2917//
f 2917// 2910// 2890//
f 2917// 2890// 2918//
f 2918// 2890// 2892//
f 2918// 2892// 2919//
f 2919// 2892// 2848//
f 2919// 2848// 2847//
f 2905// 2903// 2908//
f 2908// 2903// 2917//
f 2908// 2917// 2909//
f 2909// 2917// 2918//
f 2909// 2918// 2913//
f 2913// 2918// 2919//
f 2913// 2919// 2889//
f 2889// 2919// 2847//
f 2889// 2847// 2859//
f 954// 2895// 955//
f 955// 2895// 2914//
f 955// 2914// 957//
f 957// 2914// 2915//
f 957// 2915// 961//
f 961// 2915// 2889//
f 961// 2889// 960//
f 960// 2889// 2858//
f 960// 2858// 958//
f 2920// 2921// 2922//
f 2887// 2886// 2923//
f 1238// 1237// 2880//
f 2880// 1237// 2924//
f 2880// 2924// 2881//
f 2881// 2924// 2882//
f 2884// 2883// 2925//
f 943// 2888// 2926//
f 2883// 2882// 2925//
f 2925// 2882// 2924//
f 2925// 2924// 2927//
f 2885// 2884// 2928//
f 2928// 2884// 2925//
f 2928// 2925// 2929//
f 2929// 2925// 2927//
f 2929// 2927// 2930//
f 2931// 2921// 2932//
f 2932// 2921// 2920//
f 2932// 2920// 2933//
f 2886// 2885// 2923//
f 2923// 2885// 2928//
f 2923// 2928// 2934//
f 2934// 2928// 2929//
f 2934// 2929// 2935//
f 2935// 2929// 2930//
f 2935// 2930// 2936//
f 1243// 2937// 1241//
f 1241// 2937// 2931//
f 1241// 2931// 1239//
f 1239// 2931// 2932//
f 1239// 2932// 1188//
f 1188// 2932// 2933//
f 1188// 2933// 1189//
f 2937// 2938// 2931//
f 2931// 2938// 2939//
f 2931// 2939// 2921//
f 2921// 2939// 2940//
f 2921// 2940// 2922//
f 2922// 2940// 2941//
f 2922// 2941// 2942//
f 1237// 1189// 2924//
f 2924// 1189// 2933//
f 2924// 2933// 2927//
f 2927// 2933// 2920//
f 2927// 2920// 2930//
f 2930// 2920// 2922//
f 2930// 2922// 2936//
f 2936// 2922// 2942//
f 2936// 2942// 2943//
f 2943// 2944// 2936//
f 2936// 2944// 2945//
f 2936// 2945// 2935//
f 2935// 2945// 2946//
f 2935// 2946// 2934//
f 2934// 2946// 2947//
f 2934// 2947// 2923//
f 2923// 2947// 2926//
f 2923// 2926// 2887//
f 2887// 2926// 2888//
f 2944// 2948// 2945//
f 2945// 2948// 2949//
f 2945// 2949// 2950//
f 943// 2926// 944//
f 944// 2926// 2947//
f 944// 2947// 946//
f 946// 2947// 2946//
f 946// 2946// 947//
f 947// 2946// 2945//
f 947// 2945// 940//
f 940// 2945// 2950//
f 940// 2950// 941//
f 2951// 2952// 2953//
f 2954// 1124// 1126//
f 2955// 2956// 2957//
f 2957// 2956// 2958//
f 2957// 2958// 2954//
f 2959// 2960// 2955//
f 2955// 2960// 2961//
f 2955// 2961// 2956//
f 2962// 2963// 2964//
f 2964// 2963// 2965//
f 2966// 2967// 2968//
f 2968// 2967// 2969//
f 2968// 2969// 2964//
f 2964// 2969// 2970//
f 2964// 2970// 2962//
f 809// 2951// 1423//
f 1423// 2951// 2953//
f 1423// 2953// 1421//
f 1421// 2953// 1420//
f 2954// 1126// 2957//
f 2957// 1126// 1128//
f 2957// 1128// 1130//
f 2905// 2955// 2904//
f 2904// 2955// 2957//
f 2904// 2957// 2902//
f 2902// 2957// 1130//
f 2905// 2907// 2955//
f 2955// 2907// 2965//
f 2955// 2965// 2959//
f 2959// 2965// 2963//
f 2907// 2906// 2965//
f 2965// 2906// 2900//
f 2965// 2900// 2964//
f 2964// 2900// 2899//
f 2964// 2899// 2968//
f 2968// 2899// 2897//
f 2897// 2896// 2968//
f 2968// 2896// 2953//
f 2968// 2953// 2966//
f 2966// 2953// 2952//
f 954// 1420// 2893//
f 2893// 1420// 2953//
f 2893// 2953// 2894//
f 2894// 2953// 2896//
f 2971// 2939// 2972//
f 2972// 2939// 2938//
f 2972// 2938// 2937//
f 2943// 2942// 2973//
f 2973// 2942// 2941//
f 2973// 2941// 2971//
f 2971// 2941// 2940//
f 2971// 2940// 2939//
f 2974// 2975// 2944//
f 941// 2950// 2976//
f 2976// 2950// 2949//
f 2976// 2949// 2975//
f 2975// 2949// 2948//
f 2975// 2948// 2944//
f 1248// 2972// 1246//
f 1246// 2972// 2937//
f 1246// 2937// 1243//
f 2977// 2971// 2978//
f 2978// 2971// 2972//
f 2978// 2972// 2979//
f 2979// 2972// 1248//
f 2979// 1248// 1250//
f 2977// 2980// 2971//
f 2971// 2980// 2981//
f 2971// 2981// 2973//
f 2973// 2981// 2982//
f 2973// 2982// 2983//
f 2983// 2984// 2973//
f 2973// 2984// 2974//
f 2973// 2974// 2943//
f 2943// 2974// 2944//
f 2984// 2985// 2974//
f 2974// 2985// 2986//
f 2974// 2986// 2975//
f 2975// 2986// 2987//
f 2975// 2987// 2976//
f 2987// 2988// 2976//
f 2976// 2988// 2989//
f 2976// 2989// 2990//
f 781// 1407// 2990//
f 2990// 1407// 1406//
f 2990// 1406// 2976//
f 2976// 1406// 1404//
f 2976// 1404// 941//
f 1122// 1124// 2954//
f 1122// 2991// 916//
f 916// 2991// 2992//
f 1122// 2954// 2991//
f 2991// 2954// 2958//
f 2991// 2958// 2993//
f 2993// 2958// 2956//
f 2993// 2956// 2994//
f 2992// 2991// 2995//
f 2995// 2991// 2993//
f 2995// 2993// 2996//
f 2996// 2993// 2994//
f 2996// 2994// 2997//
f 2997// 2994// 2998//
f 2997// 2998// 2999//
f 2956// 2961// 2994//
f 2994// 2961// 2960//
f 2994// 2960// 2998//
f 2998// 2960// 2959//
f 2959// 2963// 2998//
f 2998// 2963// 2962//
f 2998// 2962// 3000//
f 3000// 2962// 2970//
f 3000// 2970// 3001//
f 2999// 2998// 3002//
f 3002// 2998// 3000//
f 3002// 3000// 3003//
f 3003// 3000// 3001//
f 3003// 3001// 3004//
f 3004// 3001// 3005//
f 3004// 3005// 3006//
f 3006// 3005// 3007//
f 3007// 3005// 3008//
f 3007// 3008// 3009//
f 2970// 2969// 3001//
f 3001// 2969// 2967//
f 3001// 2967// 3005//
f 3005// 2967// 2966//
f 3005// 2966// 3008//
f 3008// 2966// 2952//
f 3008// 2952// 2951//
f 2951// 809// 3008//
f 3008// 809// 811//
f 3008// 811// 3009//
f 3009// 811// 813//
f 2987// 2986// 3010//
f 1252// 918// 3011//
f 2978// 2979// 3012//
f 3012// 2979// 1250//
f 3012// 1250// 1252//
f 1252// 3011// 3012//
f 3012// 3011// 3013//
f 3012// 3013// 3014//
f 2978// 3012// 2977//
f 2977// 3012// 3014//
f 2977// 3014// 2980//
f 2980// 3014// 3015//
f 2980// 3015// 2981//
f 2981// 3015// 2982//
f 2982// 3015// 3016//
f 2982// 3016// 2983//
f 2983// 3016// 3017//
f 2983// 3017// 2984//
f 3013// 3018// 3014//
f 3014// 3018// 3019//
f 3014// 3019// 3015//
f 3015// 3019// 3020//
f 3015// 3020// 3016//
f 3016// 3020// 3021//
f 3016// 3021// 3017//
f 3010// 2986// 3017//
f 3017// 2986// 2985//
f 3017// 2985// 2984//
f 2987// 3010// 2988//
f 2988// 3010// 3022//
f 2988// 3022// 2989//
f 2989// 3022// 3023//
f 2989// 3023// 2990//
f 3024// 3023// 3025//
f 3025// 3023// 3022//
f 3025// 3022// 3026//
f 3026// 3022// 3010//
f 3026// 3010// 3027//
f 3027// 3010// 3017//
f 3027// 3017// 3028//
f 3028// 3017// 3021//
f 3024// 777// 3023//
f 3023// 777// 779//
f 3023// 779// 2990//
f 2990// 779// 781//
f 813// 777// 3009//
f 3009// 777// 3024//
f 3009// 3024// 3007//
f 3007// 3024// 3025//
f 3007// 3025// 3006//
f 3006// 3025// 3026//
f 3006// 3026// 3004//
f 3004// 3026// 3027//
f 3004// 3027// 3003//
f 3003// 3027// 3028//
f 3003// 3028// 3002//
f 3002// 3028// 3021//
f 3002// 3021// 2999//
f 2999// 3021// 3020//
f 2999// 3020// 2997//
f 2997// 3020// 3019//
f 2997// 3019// 2996//
f 2996// 3019// 3018//
f 2996// 3018// 2995//
f 2995// 3018// 3013//
f 2995// 3013// 2992//
f 2992// 3013// 3011//
f 2992// 3011// 916//
f 916// 3011// 918//
f 429// 415// 3029//
f 3029// 415// 3030//
f 3029// 3030// 3031//
f 3031// 3030// 3032//
f 3031// 3032// 3033//
f 3033// 3032// 3034//
f 3033// 3034// 3035//
f 3035// 3034// 3036//
f 3035// 3036// 3037//
f 3037// 3036// 3038//
f 3037// 3038// 945//
f 945// 3038// 1387//
f 415// 414// 3030//
f 3030// 414// 3039//
f 3030// 3039// 3032//
f 3032// 3039// 3040//
f 3032// 3040// 3034//
f 3034// 3040// 3041//
f 3034// 3041// 3036//
f 3036// 3041// 3042//
f 3036// 3042// 3038//
f 3038// 3042// 3043//
f 3038// 3043// 1387//
f 1387// 3043// 1389//
f 414// 460// 3039//
f 3039// 460// 3044//
f 3039// 3044// 3040//
f 3040// 3044// 3045//
f 3040// 3045// 3041//
f 3041// 3045// 3046//
f 3041// 3046// 3042//
f 3042// 3046// 3047//
f 3042// 3047// 3043//
f 3043// 3047// 3048//
f 3043// 3048// 1389//
f 1389// 3048// 1392//
f 460// 459// 3044//
f 3044// 459// 3049//
f 3044// 3049// 3045//
f 3045// 3049// 3050//
f 3045// 3050// 3046//
f 3046// 3050// 3051//
f 3046// 3051// 3047//
f 3047// 3051// 3052//
f 3047// 3052// 3048//
f 3048// 3052// 3053//
f 3048// 3053// 1392//
f 1392// 3053// 949//
f 945// 942// 3054//
f 945// 3054// 3037//
f 3037// 3054// 3055//
f 3037// 3055// 3035//
f 3035// 3055// 3056//
f 3035// 3056// 3033//
f 3033// 3056// 3057//
f 3033// 3057// 3031//
f 3031// 3057// 3058//
f 3031// 3058// 3029//
f 3029// 3058// 430//
f 3029// 430// 429//
f 513// 949// 566//
f 566// 949// 3053//
f 566// 3053// 567//
f 567// 3053// 573//
f 573// 3053// 3052//
f 573// 3052// 574//
f 574// 3052// 576//
f 576// 3052// 3051//
f 576// 3051// 577//
f 577// 3051// 582//
f 582// 3051// 3050//
f 582// 3050// 583//
f 583// 3050// 586//
f 586// 3050// 3049//
f 586// 3049// 587//
f 587// 3049// 588//
f 588// 3049// 459//
f 588// 459// 457//
f 942// 1405// 3054//
f 3054// 1405// 3059//
f 3054// 3059// 3055//
f 3055// 3059// 3060//
f 3055// 3060// 3056//
f 3056// 3060// 3061//
f 3056// 3061// 3057//
f 3057// 3061// 3062//
f 3057// 3062// 3058//
f 3058// 3062// 3063//
f 3058// 3063// 430//
f 430// 3063// 431//
f 1405// 1408// 3059//
f 3059// 1408// 3064//
f 3059// 3064// 3060//
f 3060// 3064// 3065//
f 3060// 3065// 3061//
f 3061// 3065// 3066//
f 3061// 3066// 3062//
f 3062// 3066// 3067//
f 3062// 3067// 3063//
f 3063// 3067// 3068//
f 3063// 3068// 431//
f 431// 3068// 461//
f 1408// 1409// 3064//
f 3064// 1409// 3069//
f 3064// 3069// 3065//
f 3065// 3069// 3070//
f 3065// 3070// 3066//
f 3066// 3070// 3071//
f 3066// 3071// 3067//
f 3067// 3071// 3072//
f 3067// 3072// 3068//
f 3068// 3072// 3073//
f 3068// 3073// 461//
f 461// 3073// 462//
f 1409// 939// 3069//
f 3069// 939// 3074//
f 3069// 3074// 3070//
f 3070// 3074// 3075//
f 3070// 3075// 3071//
f 3071// 3075// 3076//
f 3071// 3076// 3072//
f 3072// 3076// 3077//
f 3072// 3077// 3073//
f 3073// 3077// 3078//
f 3073// 3078// 462//
f 462// 3078// 463//
f 451// 463// 3078//
f 3079// 452// 451//
f 451// 3078// 3079//
f 3079// 3078// 3077//
f 3079// 3077// 3080//
f 3080// 3077// 3076//
f 3080// 3076// 3081//
f 3081// 3076// 3075//
f 3081// 3075// 3082//
f 3082// 3075// 3074//
f 3082// 3074// 3083//
f 3083// 3074// 939//
f 3083// 939// 938//
f 938// 1424// 3083//
f 3083// 1424// 3084//
f 3083// 3084// 3082//
f 3082// 3084// 3085//
f 3082// 3085// 3081//
f 3081// 3085// 3086//
f 3081// 3086// 3080//
f 3080// 3086// 3087//
f 3080// 3087// 3079//
f 3079// 3087// 3088//
f 3079// 3088// 452//
f 452// 3088// 408//
f 1424// 1422// 3084//
f 3084// 1422// 3089//
f 3084// 3089// 3085//
f 3085// 3089// 3090//
f 3085// 3090// 3086//
f 3086// 3090// 3091//
f 3086// 3091// 3087//
f 3087// 3091// 3092//
f 3087// 3092// 3088//
f 3088// 3092// 3093//
f 3088// 3093// 408//
f 408// 3093// 409//
f 1422// 1419// 3089//
f 3089// 1419// 3094//
f 3089// 3094// 3090//
f 3090// 3094// 3095//
f 3090// 3095// 3091//
f 3091// 3095// 3096//
f 3091// 3096// 3092//
f 3092// 3096// 3097//
f 3092// 3097// 3093//
f 3093// 3097// 3098//
f 3093// 3098// 409//
f 409// 3098// 410//
f 1419// 956// 3094//
f 3094// 956// 3099//
f 3094// 3099// 3095//
f 3095// 3099// 3100//
f 3095// 3100// 3096//
f 3096// 3100// 3101//
f 3096// 3101// 3097//
f 3097// 3101// 3102//
f 3097// 3102// 3098//
f 3098// 3102// 3103//
f 3098// 3103// 410//
f 410// 3103// 396//
f 956// 959// 3104//
f 956// 3104// 3099//
f 3099// 3104// 3105//
f 3099// 3105// 3100//
f 3100// 3105// 3106//
f 3100// 3106// 3101//
f 3101// 3106// 3107//
f 3101// 3107// 3102//
f 3102// 3107// 3108//
f 3102// 3108// 3103//
f 3103// 3108// 397//
f 3103// 397// 396//
f 968// 516// 630//
f 968// 630// 3109//
f 3109// 630// 631//
f 3109// 631// 3110//
f 3110// 631// 632//
f 3110// 632// 3111//
f 3111// 632// 633//
f 3111// 633// 3112//
f 3112// 633// 634//
f 3112// 634// 3113//
f 3113// 634// 345//
f 3113// 345// 343//
f 404// 403// 3114//
f 3114// 403// 3115//
f 3114// 3115// 3116//
f 3116// 3115// 3117//
f 3116// 3117// 3118//
f 3118// 3117// 3119//
f 3118// 3119// 3120//
f 3120// 3119// 3121//
f 3120// 3121// 3122//
f 3122// 3121// 3123//
f 3122// 3123// 962//
f 962// 3123// 1411//
f 403// 400// 3115//
f 3115// 400// 3124//
f 3115// 3124// 3117//
f 3117// 3124// 3125//
f 3117// 3125// 3119//
f 3119// 3125// 3126//
f 3119// 3126// 3121//
f 3121// 3126// 3127//
f 3121// 3127// 3123//
f 3123// 3127// 3128//
f 3123// 3128// 1411//
f 1411// 3128// 1413//
f 400// 399// 3124//
f 3124// 399// 3129//
f 3124// 3129// 3125//
f 3125// 3129// 3130//
f 3125// 3130// 3126//
f 3126// 3130// 3131//
f 3126// 3131// 3127//
f 3127// 3131// 3132//
f 3127// 3132// 3128//
f 3128// 3132// 3133//
f 3128// 3133// 1413//
f 1413// 3133// 1416//
f 399// 397// 3129//
f 3129// 397// 3108//
f 3129// 3108// 3130//
f 3130// 3108// 3107//
f 3130// 3107// 3131//
f 3131// 3107// 3106//
f 3131// 3106// 3132//
f 3132// 3106// 3105//
f 3132// 3105// 3133//
f 3133// 3105// 3104//
f 3133// 3104// 1416//
f 1416// 3104// 959//
f 343// 342// 3113//
f 3113// 342// 3134//
f 3113// 3134// 3112//
f 3112// 3134// 3135//
f 3112// 3135// 3111//
f 3111// 3135// 3136//
f 3111// 3136// 3110//
f 3110// 3136// 3137//
f 3110// 3137// 3109//
f 3109// 3137// 3138//
f 3109// 3138// 968//
f 968// 3138// 1378//
f 342// 341// 3134//
f 3134// 341// 3139//
f 3134// 3139// 3135//
f 3135// 3139// 3140//
f 3135// 3140// 3136//
f 3136// 3140// 3141//
f 3136// 3141// 3137//
f 3137// 3141// 3142//
f 3137// 3142// 3138//
f 3138// 3142// 3143//
f 3138// 3143// 1378//
f 1378// 3143// 1380//
f 341// 340// 3139//
f 3139// 340// 3144//
f 3139// 3144// 3140//
f 3140// 3144// 3145//
f 3140// 3145// 3141//
f 3141// 3145// 3146//
f 3141// 3146// 3142//
f 3142// 3146// 3147//
f 3142// 3147// 3143//
f 3143// 3147// 3148//
f 3143// 3148// 1380//
f 1380// 3148// 1383//
f 340// 338// 3144//
f 3144// 338// 3149//
f 3144// 3149// 3145//
f 3145// 3149// 3150//
f 3145// 3150// 3146//
f 3146// 3150// 3151//
f 3146// 3151// 3147//
f 3147// 3151// 3152//
f 3147// 3152// 3148//
f 3148// 3152// 3153//
f 3148// 3153// 1383//
f 1383// 3153// 979//
f 962// 660// 718//
f 962// 718// 3122//
f 3122// 718// 719//
f 3122// 719// 3120//
f 3120// 719// 720//
f 3120// 720// 3118//
f 3118// 720// 721//
f 3118// 721// 3116//
f 3116// 721// 722//
f 3116// 722// 3114//
f 3114// 722// 406//
f 3114// 406// 404//
f 974// 979// 3153//
f 974// 3153// 3154//
f 3154// 3153// 3152//
f 3154// 3152// 3155//
f 3155// 3152// 3151//
f 3155// 3151// 3156//
f 3156// 3151// 3150//
f 3156// 3150// 3157//
f 3157// 3150// 3149//
f 3157// 3149// 3158//
f 3158// 3149// 338//
f 3158// 338// 337//
f 936// 1371// 3159//
f 3159// 1371// 3160//
f 3159// 3160// 3161//
f 3161// 3160// 3162//
f 3161// 3162// 3163//
f 3163// 3162// 3164//
f 3163// 3164// 3165//
f 3165// 3164// 3166//
f 3165// 3166// 3167//
f 3167// 3166// 3168//
f 3167// 3168// 367//
f 367// 3168// 368//
f 1371// 1372// 3160//
f 3160// 1372// 3169//
f 3160// 3169// 3162//
f 3162// 3169// 3170//
f 3162// 3170// 3164//
f 3164// 3170// 3171//
f 3164// 3171// 3166//
f 3166// 3171// 3172//
f 3166// 3172// 3168//
f 3168// 3172// 3173//
f 3168// 3173// 368//
f 368// 3173// 369//
f 1372// 1375// 3169//
f 3169// 1375// 3174//
f 3169// 3174// 3170//
f 3170// 3174// 3175//
f 3170// 3175// 3171//
f 3171// 3175// 3176//
f 3171// 3176// 3172//
f 3172// 3176// 3177//
f 3172// 3177// 3173//
f 3173// 3177// 3178//
f 3173// 3178// 369//
f 369// 3178// 370//
f 1375// 974// 3174//
f 3174// 974// 3154//
f 3174// 3154// 3175//
f 3175// 3154// 3155//
f 3175// 3155// 3176//
f 3176// 3155// 3156//
f 3176// 3156// 3177//
f 3177// 3156// 3157//
f 3177// 3157// 3178//
f 3178// 3157// 3158//
f 3178// 3158// 370//
f 370// 3158// 337//
f 366// 423// 3179//
f 3167// 367// 366//
f 366// 3179// 3167//
f 3167// 3179// 3180//
f 3167// 3180// 3165//
f 3165// 3180// 3181//
f 3165// 3181// 3163//
f 3163// 3181// 3182//
f 3163// 3182// 3161//
f 3161// 3182// 3183//
f 3161// 3183// 3159//
f 3159// 3183// 937//
f 3159// 937// 936//
f 984// 1366// 3184//
f 3184// 1366// 3185//
f 3184// 3185// 3186//
f 3186// 3185// 3187//
f 3186// 3187// 3188//
f 3188// 3187// 3189//
f 3188// 3189// 3190//
f 3190// 3189// 3191//
f 3190// 3191// 3192//
f 3192// 3191// 3193//
f 3192// 3193// 384//
f 384// 3193// 390//
f 1366// 1369// 3185//
f 3185// 1369// 3194//
f 3185// 3194// 3187//
f 3187// 3194// 3195//
f 3187// 3195// 3189//
f 3189// 3195// 3196//
f 3189// 3196// 3191//
f 3191// 3196// 3197//
f 3191// 3197// 3193//
f 3193// 3197// 3198//
f 3193// 3198// 390//
f 390// 3198// 391//
f 1369// 1370// 3194//
f 3194// 1370// 3199//
f 3194// 3199// 3195//
f 3195// 3199// 3200//
f 3195// 3200// 3196//
f 3196// 3200// 3201//
f 3196// 3201// 3197//
f 3197// 3201// 3202//
f 3197// 3202// 3198//
f 3198// 3202// 3203//
f 3198// 3203// 391//
f 391// 3203// 392//
f 1370// 937// 3199//
f 3199// 937// 3183//
f 3199// 3183// 3200//
f 3200// 3183// 3182//
f 3200// 3182// 3201//
f 3201// 3182// 3181//
f 3201// 3181// 3202//
f 3202// 3181// 3180//
f 3202// 3180// 3203//
f 3203// 3180// 3179//
f 3203// 3179// 392//
f 392// 3179// 423//
f 991// 3204// 655//
f 655// 3204// 764//
f 3204// 3205// 764//
f 764// 3205// 3206//
f 764// 3206// 765//
f 3206// 3207// 765//
f 765// 3207// 3208//
f 765// 3208// 766//
f 3208// 3209// 766//
f 766// 3209// 3210//
f 766// 3210// 767//
f 3210// 3211// 767//
f 767// 3211// 3212//
f 767// 3212// 768//
f 388// 386// 3213//
f 3213// 386// 768//
f 3213// 768// 3214//
f 3214// 768// 3212//
f 987// 984// 3215//
f 3215// 984// 3184//
f 3215// 3184// 3216//
f 3216// 3184// 3217//
f 3217// 3184// 3186//
f 3217// 3186// 3218//
f 3218// 3186// 3219//
f 3219// 3186// 3188//
f 3219// 3188// 3220//
f 3220// 3188// 3221//
f 3221// 3188// 3190//
f 3221// 3190// 3222//
f 3222// 3190// 3223//
f 3223// 3190// 3192//
f 3223// 3192// 3224//
f 3224// 3192// 3225//
f 3225// 3192// 384//
f 3225// 384// 383//
f 3226// 389// 388//
f 383// 381// 3225//
f 3225// 381// 3227//
f 3225// 3227// 3224//
f 3224// 3227// 3228//
f 388// 3213// 3226//
f 3226// 3213// 3214//
f 3226// 3214// 3229//
f 3230// 3222// 3228//
f 3228// 3222// 3223//
f 3228// 3223// 3224//
f 3214// 3212// 3229//
f 3229// 3212// 3211//
f 3229// 3211// 3231//
f 3232// 3220// 3230//
f 3230// 3220// 3221//
f 3230// 3221// 3222//
f 3211// 3210// 3231//
f 3231// 3210// 3209//
f 3231// 3209// 3233//
f 3216// 3217// 3234//
f 3234// 3217// 3218//
f 3234// 3218// 3232//
f 3232// 3218// 3219//
f 3232// 3219// 3220//
f 381// 380// 3227//
f 3227// 380// 3235//
f 3227// 3235// 3228//
f 3228// 3235// 3236//
f 3228// 3236// 3230//
f 3230// 3236// 3237//
f 3230// 3237// 3232//
f 3232// 3237// 3238//
f 3232// 3238// 3234//
f 3234// 3238// 3239//
f 380// 389// 3235//
f 3235// 389// 3226//
f 3235// 3226// 3236//
f 3236// 3226// 3229//
f 3236// 3229// 3237//
f 3237// 3229// 3231//
f 3237// 3231// 3238//
f 3238// 3231// 3233//
f 3238// 3233// 3239//
f 3239// 3233// 3240//
f 987// 3215// 3241//
f 3241// 3215// 3216//
f 3209// 3208// 3233//
f 3233// 3208// 3207//
f 3233// 3207// 3240//
f 3240// 3207// 3206//
f 3240// 3206// 3205//
f 3216// 3234// 3241//
f 3241// 3234// 3239//
f 3241// 3239// 3242//
f 3242// 3239// 3240//
f 3242// 3240// 3243//
f 3243// 3240// 3205//
f 3243// 3205// 3204//
f 987// 3241// 1396//
f 1396// 3241// 3242//
f 1396// 3242// 1398//
f 1398// 3242// 3243//
f 1398// 3243// 1401//
f 1401// 3243// 3204//
f 1401// 3204// 991//
f 1028// 1433// 3244//
f 3244// 1433// 3245//
f 3244// 3245// 3246//
f 3246// 3245// 3247//
f 3246// 3247// 3248//
f 3248// 3247// 3249//
f 3248// 3249// 3250//
f 3250// 3249// 3251//
f 3250// 3251// 3252//
f 3252// 3251// 3253//
f 3252// 3253// 114//
f 114// 3253// 116//
f 1433// 1436// 3245//
f 3245// 1436// 3254//
f 3245// 3254// 3247//
f 3247// 3254// 3255//
f 3247// 3255// 3249//
f 3249// 3255// 3256//
f 3249// 3256// 3251//
f 3251// 3256// 3257//
f 3251// 3257// 3253//
f 3253// 3257// 3258//
f 3253// 3258// 116//
f 116// 3258// 117//
f 1436// 1439// 3254//
f 3254// 1439// 3259//
f 3254// 3259// 3255//
f 3255// 3259// 3260//
f 3255// 3260// 3256//
f 3256// 3260// 3261//
f 3256// 3261// 3257//
f 3257// 3261// 3262//
f 3257// 3262// 3258//
f 3258// 3262// 3263//
f 3258// 3263// 117//
f 117// 3263// 118//
f 1439// 1033// 3259//
f 3259// 1033// 3264//
f 3259// 3264// 3260//
f 3260// 3264// 3265//
f 3260// 3265// 3261//
f 3261// 3265// 3266//
f 3261// 3266// 3262//
f 3262// 3266// 3267//
f 3262// 3267// 3263//
f 3263// 3267// 3268//
f 3263// 3268// 118//
f 118// 3268// 119//
f 1033// 1038// 3269//
f 1033// 3269// 3264//
f 3264// 3269// 3270//
f 3264// 3270// 3265//
f 3265// 3270// 3271//
f 3265// 3271// 3266//
f 3266// 3271// 3272//
f 3266// 3272// 3267//
f 3267// 3272// 3273//
f 3267// 3273// 3268//
f 3268// 3273// 120//
f 3268// 120// 119//
f 1031// 1028// 3244//
f 1031// 3244// 3274//
f 3274// 3244// 3246//
f 3274// 3246// 3275//
f 3275// 3246// 3248//
f 3275// 3248// 3276//
f 3276// 3248// 3250//
f 3276// 3250// 3277//
f 3277// 3250// 3252//
f 3277// 3252// 3278//
f 3278// 3252// 114//
f 3278// 114// 123//
f 1427// 1429// 3279//
f 130// 129// 3280//
f 3280// 129// 3281//
f 3280// 3281// 3282//
f 3282// 3281// 3283//
f 3282// 3283// 3284//
f 3284// 3283// 3285//
f 3284// 3285// 3286//
f 3286// 3285// 3287//
f 3286// 3287// 3288//
f 3288// 3287// 3279//
f 335// 130// 3289//
f 3289// 130// 3280//
f 3289// 3280// 3290//
f 3290// 3280// 3282//
f 3290// 3282// 3291//
f 3291// 3282// 3284//
f 3291// 3284// 3292//
f 3292// 3284// 3286//
f 3292// 3286// 3293//
f 3293// 3286// 3288//
f 3293// 3288// 894//
f 894// 3288// 1431//
f 3279// 1429// 3288//
f 3288// 1429// 1430//
f 3288// 1430// 1431//
f 1425// 1427// 3294//
f 3294// 1427// 3279//
f 3294// 3279// 3295//
f 3295// 3279// 3287//
f 3295// 3287// 3296//
f 3296// 3287// 3285//
f 3296// 3285// 3297//
f 3297// 3285// 3283//
f 3297// 3283// 3298//
f 3298// 3283// 3281//
f 3298// 3281// 128//
f 128// 3281// 129//
f 128// 120// 3298//
f 3298// 120// 3273//
f 3298// 3273// 3297//
f 3297// 3273// 3272//
f 3297// 3272// 3296//
f 3296// 3272// 3271//
f 3296// 3271// 3295//
f 3295// 3271// 3270//
f 3295// 3270// 3294//
f 3294// 3270// 3269//
f 3294// 3269// 1425//
f 1425// 3269// 1038//
f 1451// 1449// 3299//
f 1442// 1441// 3300//
f 125// 124// 3301//
f 3301// 124// 3302//
f 3301// 3302// 3303//
f 3303// 3302// 3304//
f 3303// 3304// 3305//
f 3305// 3304// 3306//
f 3305// 3306// 3307//
f 3307// 3306// 3308//
f 3307// 3308// 3309//
f 3309// 3308// 3310//
f 123// 122// 3278//
f 3278// 122// 3311//
f 3278// 3311// 3277//
f 3277// 3311// 3312//
f 3277// 3312// 3276//
f 3276// 3312// 3313//
f 3276// 3313// 3275//
f 3275// 3313// 3314//
f 3275// 3314// 3274//
f 3274// 3314// 3300//
f 3274// 3300// 1031//
f 1031// 3300// 1441//
f 1443// 1442// 3309//
f 3309// 1442// 3300//
f 3309// 3300// 3307//
f 3307// 3300// 3314//
f 3307// 3314// 3305//
f 3305// 3314// 3313//
f 3305// 3313// 3303//
f 3303// 3313// 3312//
f 3303// 3312// 3301//
f 3301// 3312// 3311//
f 3301// 3311// 125//
f 125// 3311// 122//
f 1448// 1447// 3315//
f 3315// 1447// 3310//
f 3315// 3310// 3316//
f 3316// 3310// 3308//
f 3316// 3308// 3317//
f 3317// 3308// 3306//
f 3317// 3306// 3318//
f 3318// 3306// 3304//
f 3318// 3304// 3319//
f 3319// 3304// 3302//
f 3319// 3302// 126//
f 126// 3302// 124//
f 1447// 1446// 3310//
f 3310// 1446// 1445//
f 3310// 1445// 3309//
f 3309// 1445// 1444//
f 3309// 1444// 1443//
f 1449// 1448// 3299//
f 3299// 1448// 3315//
f 3299// 3315// 3320//
f 3320// 3315// 3316//
f 3320// 3316// 3321//
f 3321// 3316// 3317//
f 3321// 3317// 3322//
f 3322// 3317// 3318//
f 3322// 3318// 3323//
f 3323// 3318// 3319//
f 3323// 3319// 127//
f 127// 3319// 126//
f 1450// 1451// 3324//
f 3324// 1451// 3299//
f 3324// 3299// 3325//
f 3325// 3299// 3320//
f 3325// 3320// 3326//
f 3326// 3320// 3321//
f 3326// 3321// 3327//
f 3327// 3321// 3322//
f 3327// 3322// 3328//
f 3328// 3322// 3323//
f 3328// 3323// 121//
f 121// 3323// 127//
f 121// 115// 3328//
f 3328// 115// 3329//
f 3328// 3329// 3327//
f 3327// 3329// 3330//
f 3327// 3330// 3326//
f 3326// 3330// 3331//
f 3326// 3331// 3325//
f 3325// 3331// 3332//
f 3325// 3332// 3324//
f 3324// 3332// 3333//
f 3324// 3333// 1450//
f 1450// 3333// 902//
f 99// 98// 3334//
f 3334// 98// 331//
f 3334// 331// 332//
f 332// 333// 3289//
f 3289// 333// 334//
f 3289// 334// 335//
f 332// 3289// 3334//
f 3334// 3289// 3290//
f 3334// 3290// 3335//
f 3335// 3290// 3291//
f 3335// 3291// 3336//
f 3336// 3291// 3292//
f 3336// 3292// 3337//
f 3337// 3292// 3293//
f 3337// 3293// 3338//
f 3338// 3293// 894//
f 3338// 894// 893//
f 115// 46// 3329//
f 3329// 46// 44//
f 44// 336// 3339//
f 3339// 336// 138//
f 3339// 138// 3340//
f 3340// 138// 140//
f 44// 3339// 3329//
f 3329// 3339// 3341//
f 3329// 3341// 3330//
f 3341// 3342// 3330//
f 3330// 3342// 3343//
f 3330// 3343// 3331//
f 3331// 3343// 3344//
f 3331// 3344// 3332//
f 3344// 3345// 3332//
f 3332// 3345// 3346//
f 3332// 3346// 3333//
f 3346// 3347// 3333//
f 3333// 3347// 3348//
f 3333// 3348// 902//
f 902// 3348// 3349//
f 902// 3349// 901//
f 97// 102// 3350//
f 3350// 102// 3351//
f 3350// 3351// 3352//
f 3352// 3351// 3353//
f 3352// 3353// 3354//
f 3354// 3353// 3355//
f 3354// 3355// 3356//
f 3356// 3355// 3357//
f 3356// 3357// 3358//
f 3358// 3357// 3359//
f 3358// 3359// 1020//
f 1020// 3359// 1359//
f 102// 101// 3351//
f 3351// 101// 3360//
f 3351// 3360// 3353//
f 3353// 3360// 3361//
f 3353// 3361// 3355//
f 3355// 3361// 3362//
f 3355// 3362// 3357//
f 3357// 3362// 3363//
f 3357// 3363// 3359//
f 3359// 3363// 3364//
f 3359// 3364// 1359//
f 1359// 3364// 1362//
f 101// 100// 3360//
f 3360// 100// 3365//
f 3360// 3365// 3361//
f 3361// 3365// 3366//
f 3361// 3366// 3362//
f 3362// 3366// 3367//
f 3362// 3367// 3363//
f 3363// 3367// 3368//
f 3363// 3368// 3364//
f 3364// 3368// 3369//
f 3364// 3369// 1362//
f 1362// 3369// 1364//
f 100// 99// 3365//
f 3365// 99// 3334//
f 3365// 3334// 3366//
f 3366// 3334// 3335//
f 3366// 3335// 3367//
f 3367// 3335// 3336//
f 3367// 3336// 3368//
f 3368// 3336// 3337//
f 3368// 3337// 3369//
f 3369// 3337// 3338//
f 3369// 3338// 1364//
f 1364// 3338// 893//
f 1462// 1460// 3370//
f 1459// 1458// 3371//
f 1457// 1456// 3372//
f 1453// 1452// 3373//
f 3374// 148// 139//
f 140// 149// 3340//
f 3340// 149// 3375//
f 3340// 3375// 3339//
f 3339// 3375// 3376//
f 139// 3377// 3374//
f 3374// 3377// 3378//
f 3374// 3378// 3379//
f 3380// 3342// 3376//
f 3376// 3342// 3341//
f 3376// 3341// 3339//
f 3378// 3381// 3379//
f 3379// 3381// 3382//
f 3379// 3382// 3383//
f 3384// 3344// 3380//
f 3380// 3344// 3343//
f 3380// 3343// 3342//
f 3382// 3385// 3383//
f 3383// 3385// 3386//
f 3383// 3386// 3387//
f 3388// 3346// 3384//
f 3384// 3346// 3345//
f 3384// 3345// 3344//
f 3386// 3389// 3387//
f 3387// 3389// 3390//
f 3387// 3390// 3391//
f 3373// 3348// 3388//
f 3388// 3348// 3347//
f 3388// 3347// 3346//
f 145// 144// 3392//
f 3392// 144// 3393//
f 3392// 3393// 3394//
f 3394// 3393// 3395//
f 3394// 3395// 3396//
f 3396// 3395// 3397//
f 3396// 3397// 3398//
f 3398// 3397// 3399//
f 3398// 3399// 3400//
f 3400// 3399// 3401//
f 3400// 3401// 3402//
f 3402// 3401// 3372//
f 1452// 901// 3373//
f 3373// 901// 3349//
f 3373// 3349// 3348//
f 1454// 1453// 3402//
f 3402// 1453// 3373//
f 3402// 3373// 3400//
f 3400// 3373// 3388//
f 3400// 3388// 3398//
f 3398// 3388// 3384//
f 3398// 3384// 3396//
f 3396// 3384// 3380//
f 3396// 3380// 3394//
f 3394// 3380// 3376//
f 3394// 3376// 3392//
f 3392// 3376// 3375//
f 3392// 3375// 145//
f 145// 3375// 149//
f 3372// 1456// 3402//
f 3402// 1456// 1455//
f 3402// 1455// 1454//
f 1458// 1457// 3371//
f 3371// 1457// 3372//
f 3371// 3372// 3403//
f 3403// 3372// 3401//
f 3403// 3401// 3404//
f 3404// 3401// 3399//
f 3404// 3399// 3405//
f 3405// 3399// 3397//
f 3405// 3397// 3406//
f 3406// 3397// 3395//
f 3406// 3395// 3407//
f 3407// 3395// 3393//
f 3407// 3393// 146//
f 146// 3393// 144//
f 1460// 1459// 3370//
f 3370// 1459// 3371//
f 3370// 3371// 3408//
f 3408// 3371// 3403//
f 3408// 3403// 3409//
f 3409// 3403// 3404//
f 3409// 3404// 3410//
f 3410// 3404// 3405//
f 3410// 3405// 3411//
f 3411// 3405// 3406//
f 3411// 3406// 3412//
f 3412// 3406// 3407//
f 3412// 3407// 147//
f 147// 3407// 146//
f 1461// 1462// 3413//
f 3413// 1462// 3370//
f 3413// 3370// 3391//
f 3391// 3370// 3408//
f 3391// 3408// 3387//
f 3387// 3408// 3409//
f 3387// 3409// 3383//
f 3383// 3409// 3410//
f 3383// 3410// 3379//
f 3379// 3410// 3411//
f 3379// 3411// 3374//
f 3374// 3411// 3412//
f 3374// 3412// 148//
f 148// 3412// 147//
f 3390// 3414// 3391//
f 3391// 3414// 3415//
f 3391// 3415// 3413//
f 3413// 3415// 3416//
f 3413// 3416// 1461//
f 1461// 3416// 1041//
f 1020// 1023// 3417//
f 1020// 3417// 3358//
f 3358// 3417// 3418//
f 3358// 3418// 3356//
f 3356// 3418// 3419//
f 3356// 3419// 3354//
f 3354// 3419// 3420//
f 3354// 3420// 3352//
f 3352// 3420// 3421//
f 3352// 3421// 3350//
f 3350// 3421// 95//
f 3350// 95// 97//
f 1042// 1041// 3422//
f 3422// 1041// 3416//
f 3422// 3416// 3423//
f 3423// 3416// 3415//
f 3423// 3415// 3424//
f 3424// 3415// 3414//
f 3424// 3414// 3425//
f 3425// 3414// 3390//
f 3425// 3390// 3426//
f 3426// 3390// 3389//
f 3426// 3389// 3427//
f 3427// 3389// 3386//
f 3427// 3386// 3428//
f 3428// 3386// 3385//
f 3428// 3385// 3429//
f 3429// 3385// 3382//
f 3429// 3382// 3430//
f 3430// 3382// 3381//
f 3430// 3381// 3431//
f 3431// 3381// 3378//
f 3431// 3378// 3432//
f 3432// 3378// 3377//
f 3432// 3377// 137//
f 137// 3377// 139//
f 1023// 1321// 3417//
f 3417// 1321// 3433//
f 3417// 3433// 3418//
f 3418// 3433// 3434//
f 3418// 3434// 3419//
f 3419// 3434// 3435//
f 3419// 3435// 3420//
f 3420// 3435// 3436//
f 3420// 3436// 3421//
f 3421// 3436// 3437//
f 3421// 3437// 95//
f 95// 3437// 93//
f 1321// 1324// 3433//
f 3433// 1324// 3438//
f 3433// 3438// 3434//
f 3434// 3438// 3439//
f 3434// 3439// 3435//
f 3435// 3439// 3440//
f 3435// 3440// 3436//
f 3436// 3440// 3441//
f 3436// 3441// 3437//
f 3437// 3441// 3442//
f 3437// 3442// 93//
f 93// 3442// 91//
f 1324// 1327// 3438//
f 3438// 1327// 3443//
f 3438// 3443// 3439//
f 3439// 3443// 3444//
f 3439// 3444// 3440//
f 3440// 3444// 3445//
f 3440// 3445// 3441//
f 3441// 3445// 3446//
f 3441// 3446// 3442//
f 3442// 3446// 3447//
f 3442// 3447// 91//
f 91// 3447// 103//
f 1327// 1012// 3443//
f 3443// 1012// 3448//
f 3443// 3448// 3444//
f 3444// 3448// 3449//
f 3444// 3449// 3445//
f 3445// 3449// 3450//
f 3445// 3450// 3446//
f 3446// 3450// 3451//
f 3446// 3451// 3447//
f 3447// 3451// 3452//
f 3447// 3452// 103//
f 103// 3452// 104//
f 3453// 1357// 1042//
f 1053// 1351// 3454//
f 3454// 1351// 3455//
f 3454// 3455// 3456//
f 3456// 3455// 3457//
f 1042// 3422// 3453//
f 3453// 3422// 3423//
f 3453// 3423// 3458//
f 3459// 3460// 3457//
f 3457// 3460// 3461//
f 3457// 3461// 3456//
f 3423// 3424// 3458//
f 3458// 3424// 3425//
f 3458// 3425// 3462//
f 3463// 3464// 3459//
f 3459// 3464// 3465//
f 3459// 3465// 3460//
f 3425// 3426// 3462//
f 3462// 3426// 3427//
f 3462// 3427// 3466//
f 3467// 3468// 3469//
f 3469// 3468// 3470//
f 3469// 3470// 3463//
f 3463// 3470// 3471//
f 3463// 3471// 3464//
f 1351// 1354// 3455//
f 3455// 1354// 3472//
f 3455// 3472// 3457//
f 3457// 3472// 3473//
f 3457// 3473// 3459//
f 3459// 3473// 3474//
f 3459// 3474// 3463//
f 3463// 3474// 3475//
f 3463// 3475// 3469//
f 3469// 3475// 3476//
f 1354// 1357// 3472//
f 3472// 1357// 3453//
f 3472// 3453// 3473//
f 3473// 3453// 3458//
f 3473// 3458// 3474//
f 3474// 3458// 3462//
f 3474// 3462// 3475//
f 3475// 3462// 3466//
f 3475// 3466// 3476//
f 3476// 3466// 3477//
f 132// 3478// 3479//
f 3479// 3478// 3467//
f 3427// 3428// 3466//
f 3466// 3428// 3429//
f 3466// 3429// 3477//
f 3477// 3429// 3430//
f 3477// 3430// 3431//
f 3467// 3469// 3479//
f 3479// 3469// 3476//
f 3479// 3476// 3480//
f 3480// 3476// 3477//
f 3480// 3477// 3481//
f 3481// 3477// 3431//
f 3481// 3431// 3432//
f 132// 3479// 134//
f 134// 3479// 3480//
f 134// 3480// 135//
f 135// 3480// 3481//
f 135// 3481// 136//
f 136// 3481// 3432//
f 136// 3432// 137//
f 1012// 1011// 3482//
f 1012// 3482// 3448//
f 3448// 3482// 3483//
f 3448// 3483// 3449//
f 3449// 3483// 3484//
f 3449// 3484// 3450//
f 3450// 3484// 3485//
f 3450// 3485// 3451//
f 3451// 3485// 3486//
f 3451// 3486// 3452//
f 3452// 3486// 106//
f 3452// 106// 104//
f 1053// 3454// 1050//
f 1050// 3454// 3487//
f 3454// 3456// 3487//
f 3487// 3456// 3461//
f 3487// 3461// 3488//
f 3461// 3460// 3488//
f 3488// 3460// 3465//
f 3488// 3465// 3489//
f 3465// 3464// 3489//
f 3489// 3464// 3471//
f 3489// 3471// 3490//
f 3471// 3470// 3490//
f 3490// 3470// 3468//
f 3490// 3468// 3491//
f 132// 131// 3478//
f 3478// 131// 3491//
f 3478// 3491// 3467//
f 3467// 3491// 3468//
f 1473// 1471// 3492//
f 1470// 1469// 3493//
f 1468// 1467// 3494//
f 1464// 1463// 3495//
f 113// 112// 3496//
f 3496// 112// 3497//
f 3496// 3497// 3498//
f 3498// 3497// 3499//
f 3498// 3499// 3500//
f 3500// 3499// 3501//
f 3500// 3501// 3502//
f 3502// 3501// 3503//
f 3502// 3503// 3504//
f 3504// 3503// 3494//
f 107// 111// 3505//
f 3505// 111// 3506//
f 3505// 3506// 3507//
f 3507// 3506// 3508//
f 3507// 3508// 3509//
f 3509// 3508// 3510//
f 3509// 3510// 3511//
f 3511// 3510// 3512//
f 3511// 3512// 3513//
f 3513// 3512// 3495//
f 3513// 3495// 897//
f 897// 3495// 1463//
f 1465// 1464// 3504//
f 3504// 1464// 3495//
f 3504// 3495// 3502//
f 3502// 3495// 3512//
f 3502// 3512// 3500//
f 3500// 3512// 3510//
f 3500// 3510// 3498//
f 3498// 3510// 3508//
f 3498// 3508// 3496//
f 3496// 3508// 3506//
f 3496// 3506// 113//
f 113// 3506// 111//
f 3494// 1467// 3504//
f 3504// 1467// 1466//
f 3504// 1466// 1465//
f 1469// 1468// 3493//
f 3493// 1468// 3494//
f 3493// 3494// 3514//
f 3514// 3494// 3503//
f 3514// 3503// 3515//
f 3515// 3503// 3501//
f 3515// 3501// 3516//
f 3516// 3501// 3499//
f 3516// 3499// 3517//
f 3517// 3499// 3497//
f 3517// 3497// 110//
f 110// 3497// 112//
f 1471// 1470// 3492//
f 3492// 1470// 3493//
f 3492// 3493// 3518//
f 3518// 3493// 3514//
f 3518// 3514// 3519//
f 3519// 3514// 3515//
f 3519// 3515// 3520//
f 3520// 3515// 3516//
f 3520// 3516// 3521//
f 3521// 3516// 3517//
f 3521// 3517// 109//
f 109// 3517// 110//
f 1472// 1473// 3522//
f 3522// 1473// 3492//
f 3522// 3492// 3523//
f 3523// 3492// 3518//
f 3523// 3518// 3524//
f 3524// 3518// 3519//
f 3524// 3519// 3525//
f 3525// 3519// 3520//
f 3525// 3520// 3526//
f 3526// 3520// 3521//
f 3526// 3521// 108//
f 108// 3521// 109//
f 108// 106// 3526//
f 3526// 106// 3486//
f 3526// 3486// 3525//
f 3525// 3486// 3485//
f 3525// 3485// 3524//
f 3524// 3485// 3484//
f 3524// 3484// 3523//
f 3523// 3484// 3483//
f 3523// 3483// 3522//
f 3522// 3483// 3482//
f 3522// 3482// 1472//
f 1472// 3482// 1011//
f 131// 151// 3491//
f 3491// 151// 3527//
f 3491// 3527// 3490//
f 3490// 3527// 3528//
f 3490// 3528// 3489//
f 3489// 3528// 3529//
f 3489// 3529// 3488//
f 3488// 3529// 3530//
f 3488// 3530// 3487//
f 3487// 3530// 3531//
f 3487// 3531// 1050//
f 1050// 3531// 1344//
f 151// 150// 3527//
f 3527// 150// 3532//
f 3527// 3532// 3528//
f 3528// 3532// 3533//
f 3528// 3533// 3529//
f 3529// 3533// 3534//
f 3529// 3534// 3530//
f 3530// 3534// 3535//
f 3530// 3535// 3531//
f 3531// 3535// 3536//
f 3531// 3536// 1344//
f 1344// 3536// 1347//
f 150// 143// 3532//
f 3532// 143// 3537//
f 3532// 3537// 3533//
f 3533// 3537// 3538//
f 3533// 3538// 3534//
f 3534// 3538// 3539//
f 3534// 3539// 3535//
f 3535// 3539// 3540//
f 3535// 3540// 3536//
f 3536// 3540// 3541//
f 3536// 3541// 1347//
f 1347// 3541// 1349//
f 143// 142// 3537//
f 3537// 142// 3542//
f 3537// 3542// 3538//
f 3538// 3542// 3543//
f 3538// 3543// 3539//
f 3539// 3543// 3544//
f 3539// 3544// 3540//
f 3540// 3544// 3545//
f 3540// 3545// 3541//
f 3541// 3545// 3546//
f 3541// 3546// 1349//
f 1349// 3546// 899//
f 66// 290// 3547//
f 3547// 290// 156//
f 3547// 156// 193//
f 107// 3505// 105//
f 105// 3505// 193//
f 193// 3505// 3547//
f 3547// 3505// 3507//
f 3547// 3507// 3548//
f 3548// 3507// 3509//
f 3548// 3509// 3549//
f 3549// 3509// 3511//
f 3549// 3511// 3550//
f 3550// 3511// 3513//
f 3550// 3513// 3551//
f 3551// 3513// 897//
f 3551// 897// 898//
f 142// 141// 3542//
f 3542// 141// 263//
f 3542// 263// 330//
f 330// 313// 3552//
f 3552// 313// 83//
f 3552// 83// 85//
f 330// 3552// 3542//
f 3542// 3552// 3553//
f 3542// 3553// 3543//
f 3543// 3553// 3554//
f 3543// 3554// 3544//
f 3544// 3554// 3555//
f 3544// 3555// 3545//
f 3545// 3555// 3556//
f 3545// 3556// 3546//
f 3546// 3556// 900//
f 3546// 900// 899//
f 1484// 1482// 3557//
f 1475// 1474// 3558//
f 88// 87// 3559//
f 3559// 87// 3560//
f 3559// 3560// 3561//
f 3561// 3560// 3562//
f 3561// 3562// 3563//
f 3563// 3562// 3564//
f 3563// 3564// 3565//
f 3565// 3564// 3566//
f 3565// 3566// 3567//
f 3567// 3566// 3568//
f 76// 75// 3569//
f 3569// 75// 3570//
f 3569// 3570// 3571//
f 3571// 3570// 3572//
f 3571// 3572// 3573//
f 3573// 3572// 3574//
f 3573// 3574// 3575//
f 3575// 3574// 3576//
f 3575// 3576// 3577//
f 3577// 3576// 3558//
f 3577// 3558// 1009//
f 1009// 3558// 1474//
f 1476// 1475// 3567//
f 3567// 1475// 3558//
f 3567// 3558// 3565//
f 3565// 3558// 3576//
f 3565// 3576// 3563//
f 3563// 3576// 3574//
f 3563// 3574// 3561//
f 3561// 3574// 3572//
f 3561// 3572// 3559//
f 3559// 3572// 3570//
f 3559// 3570// 88//
f 88// 3570// 75//
f 1481// 1480// 3578//
f 3578// 1480// 3568//
f 3578// 3568// 3579//
f 3579// 3568// 3566//
f 3579// 3566// 3580//
f 3580// 3566// 3564//
f 3580// 3564// 3581//
f 3581// 3564// 3562//
f 3581// 3562// 3582//
f 3582// 3562// 3560//
f 3582// 3560// 70//
f 70// 3560// 87//
f 1480// 1479// 3568//
f 3568// 1479// 1478//
f 3568// 1478// 3567//
f 3567// 1478// 1477//
f 3567// 1477// 1476//
f 1482// 1481// 3557//
f 3557// 1481// 3578//
f 3557// 3578// 3583//
f 3583// 3578// 3579//
f 3583// 3579// 3584//
f 3584// 3579// 3580//
f 3584// 3580// 3585//
f 3585// 3580// 3581//
f 3585// 3581// 3586//
f 3586// 3581// 3582//
f 3586// 3582// 69//
f 69// 3582// 70//
f 1483// 1484// 3587//
f 3587// 1484// 3557//
f 3587// 3557// 3588//
f 3588// 3557// 3583//
f 3588// 3583// 3589//
f 3589// 3583// 3584//
f 3589// 3584// 3590//
f 3590// 3584// 3585//
f 3590// 3585// 3591//
f 3591// 3585// 3586//
f 3591// 3586// 67//
f 67// 3586// 69//
f 67// 66// 3591//
f 3591// 66// 3547//
f 3591// 3547// 3590//
f 3590// 3547// 3548//
f 3590// 3548// 3589//
f 3589// 3548// 3549//
f 3589// 3549// 3588//
f 3588// 3549// 3550//
f 3588// 3550// 3587//
f 3587// 3550// 3551//
f 3587// 3551// 1483//
f 1483// 3551// 898//
f 85// 90// 3552//
f 3552// 90// 3592//
f 3552// 3592// 3553//
f 3553// 3592// 3593//
f 3553// 3593// 3554//
f 3554// 3593// 3594//
f 3554// 3594// 3555//
f 3555// 3594// 3595//
f 3555// 3595// 3556//
f 3556// 3595// 3596//
f 3556// 3596// 900//
f 900// 3596// 1338//
f 90// 89// 3592//
f 3592// 89// 3597//
f 3592// 3597// 3593//
f 3593// 3597// 3598//
f 3593// 3598// 3594//
f 3594// 3598// 3599//
f 3594// 3599// 3595//
f 3595// 3599// 3600//
f 3595// 3600// 3596//
f 3596// 3600// 3601//
f 3596// 3601// 1338//
f 1338// 3601// 1339//
f 89// 80// 3597//
f 3597// 80// 3602//
f 3597// 3602// 3598//
f 3598// 3602// 3603//
f 3598// 3603// 3599//
f 3599// 3603// 3604//
f 3599// 3604// 3600//
f 3600// 3604// 3605//
f 3600// 3605// 3601//
f 3601// 3605// 3606//
f 3601// 3606// 1339//
f 1339// 3606// 1341//
f 80// 79// 3602//
f 3602// 79// 3607//
f 3602// 3607// 3603//
f 3603// 3607// 3608//
f 3603// 3608// 3604//
f 3604// 3608// 3609//
f 3604// 3609// 3605//
f 3605// 3609// 3610//
f 3605// 3610// 3606//
f 3606// 3610// 3611//
f 3606// 3611// 1341//
f 1341// 3611// 998//
f 1009// 1006// 3612//
f 1009// 3612// 3577//
f 3577// 3612// 3613//
f 3577// 3613// 3575//
f 3575// 3613// 3614//
f 3575// 3614// 3573//
f 3573// 3614// 3615//
f 3573// 3615// 3571//
f 3571// 3615// 3616//
f 3571// 3616// 3569//
f 3569// 3616// 77//
f 3569// 77// 76//
f 1001// 998// 3611//
f 1001// 3611// 3617//
f 3617// 3611// 3610//
f 3617// 3610// 3618//
f 3618// 3610// 3609//
f 3618// 3609// 3619//
f 3619// 3609// 3608//
f 3619// 3608// 3620//
f 3620// 3608// 3607//
f 3620// 3607// 3621//
f 3621// 3607// 79//
f 3621// 79// 78//
f 1006// 1330// 3612//
f 3612// 1330// 3622//
f 3612// 3622// 3613//
f 3613// 3622// 3623//
f 3613// 3623// 3614//
f 3614// 3623// 3624//
f 3614// 3624// 3615//
f 3615// 3624// 3625//
f 3615// 3625// 3616//
f 3616// 3625// 3626//
f 3616// 3626// 77//
f 77// 3626// 71//
f 1330// 1333// 3622//
f 3622// 1333// 3627//
f 3622// 3627// 3623//
f 3623// 3627// 3628//
f 3623// 3628// 3624//
f 3624// 3628// 3629//
f 3624// 3629// 3625//
f 3625// 3629// 3630//
f 3625// 3630// 3626//
f 3626// 3630// 3631//
f 3626// 3631// 71//
f 71// 3631// 72//
f 1333// 1336// 3627//
f 3627// 1336// 3632//
f 3627// 3632// 3628//
f 3628// 3632// 3633//
f 3628// 3633// 3629//
f 3629// 3633// 3634//
f 3629// 3634// 3630//
f 3630// 3634// 3635//
f 3630// 3635// 3631//
f 3631// 3635// 3636//
f 3631// 3636// 72//
f 72// 3636// 73//
f 1336// 1001// 3632//
f 3632// 1001// 3617//
f 3632// 3617// 3633//
f 3633// 3617// 3618//
f 3633// 3618// 3634//
f 3634// 3618// 3619//
f 3634// 3619// 3635//
f 3635// 3619// 3620//
f 3635// 3620// 3636//
f 3636// 3620// 3621//
f 3636// 3621// 73//
f 73// 3621// 78//
usemtl 3
f 3637// 3638// 352//
f 352// 3638// 353//
f 3638// 3639// 353//
f 353// 3639// 365//
f 3639// 3640// 365//
f 365// 3640// 376//
f 3640// 3641// 376//
f 376// 3641// 375//
f 3641// 3642// 375//
f 375// 3642// 374//
f 3642// 3643// 374//
f 374// 3643// 347//
f 3643// 3644// 347//
f 347// 3644// 351//
f 3644// 3637// 351//
f 351// 3637// 352//
f 3645// 3641// 3646//
f 3646// 3641// 3640//
f 3647// 3644// 3645//
f 3645// 3644// 3643//
f 3645// 3643// 3641//
f 3641// 3643// 3642//
f 3647// 3648// 3644//
f 3644// 3648// 3649//
f 3644// 3649// 3637//
f 3637// 3649// 3650//
f 3637// 3650// 3651//
f 3651// 3652// 3637//
f 3637// 3652// 3646//
f 3637// 3646// 3638//
f 3638// 3646// 3640//
f 3638// 3640// 3639//
f 3645// 3646// 3653//
f 3653// 3646// 3654//
f 3647// 3645// 3655//
f 3655// 3645// 3653//
f 3647// 3655// 3656//
f 3647// 3656// 3648//
f 3648// 3656// 3657//
f 3648// 3657// 3649//
f 3650// 3649// 3658//
f 3658// 3649// 3657//
f 3650// 3658// 3659//
f 3650// 3659// 3651//
f 3651// 3659// 3660//
f 3651// 3660// 3652//
f 3646// 3652// 3654//
f 3654// 3652// 3660//
f 3661// 3662// 357//
f 357// 3662// 358//
f 3662// 3663// 358//
f 358// 3663// 360//
f 3663// 3664// 360//
f 360// 3664// 361//
f 3665// 378// 377//
f 3665// 377// 3666//
f 3666// 377// 364//
f 3666// 364// 3667//
f 3667// 364// 363//
f 3667// 363// 3668//
f 3668// 363// 362//
f 3668// 362// 3669//
f 3669// 362// 373//
f 3669// 373// 3670//
f 3670// 373// 372//
f 3670// 372// 3671//
f 3671// 372// 371//
f 3671// 371// 3672//
f 3672// 371// 361//
f 3672// 361// 3664//
f 3661// 357// 356//
f 3661// 356// 3673//
f 3673// 356// 355//
f 3673// 355// 3674//
f 3674// 355// 354//
f 3674// 354// 3675//
f 3675// 354// 349//
f 3675// 349// 3676//
f 3676// 349// 348//
f 3676// 348// 3677//
f 3677// 348// 379//
f 3677// 379// 3678//
f 3678// 379// 378//
f 3678// 378// 3665//
f 3667// 3668// 3679//
f 3679// 3668// 3669//
f 3679// 3669// 3680//
f 3680// 3669// 3670//
f 3680// 3670// 3681//
f 3681// 3670// 3671//
f 3681// 3671// 3682//
f 3682// 3671// 3672//
f 3682// 3672// 3683//
f 3683// 3672// 3664//
f 3683// 3664// 3684//
f 3684// 3664// 3663//
f 3684// 3663// 3685//
f 3685// 3663// 3662//
f 3685// 3662// 3686//
f 3686// 3662// 3661//
f 3686// 3661// 3687//
f 3687// 3661// 3673//
f 3687// 3673// 3688//
f 3688// 3673// 3674//
f 3688// 3674// 3689//
f 3689// 3674// 3675//
f 3689// 3675// 3690//
f 3690// 3675// 3676//
f 3690// 3676// 3691//
f 3691// 3676// 3677//
f 3691// 3677// 3692//
f 3692// 3677// 3678//
f 3692// 3678// 3693//
f 3693// 3678// 3665//
f 3693// 3665// 3694//
f 3694// 3665// 3666//
f 3694// 3666// 3695//
f 3695// 3666// 3667//
f 3695// 3667// 3679//
f 3683// 3684// 3696//
f 3696// 3684// 3697//
f 3683// 3696// 3698//
f 3683// 3698// 3682//
f 3682// 3698// 3699//
f 3682// 3699// 3681//
f 3681// 3699// 3700//
f 3681// 3700// 3680//
f 3680// 3700// 3701//
f 3680// 3701// 3679//
f 3679// 3701// 3702//
f 3679// 3702// 3695//
f 3695// 3702// 3703//
f 3695// 3703// 3694//
f 3694// 3703// 3704//
f 3694// 3704// 3693//
f 3693// 3704// 3705//
f 3693// 3705// 3692//
f 3692// 3705// 3706//
f 3692// 3706// 3691//
f 3691// 3706// 3707//
f 3691// 3707// 3690//
f 3690// 3707// 3708//
f 3690// 3708// 3689//
f 3689// 3708// 3709//
f 3689// 3709// 3688//
f 3688// 3709// 3710//
f 3688// 3710// 3687//
f 3687// 3710// 3711//
f 3687// 3711// 3686//
f 3685// 3686// 3712//
f 3712// 3686// 3711//
f 3684// 3685// 3697//
f 3697// 3685// 3712//
f 3713// 3714// 411//
f 411// 3714// 412//
f 3714// 3715// 412//
f 412// 3715// 413//
f 3715// 3716// 413//
f 413// 3716// 422//
f 3716// 3717// 422//
f 422// 3717// 435//
f 3717// 3718// 435//
f 435// 3718// 417//
f 3718// 3719// 417//
f 417// 3719// 418//
f 3719// 3720// 418//
f 418// 3720// 419//
f 3720// 3721// 419//
f 419// 3721// 428//
f 3721// 3722// 428//
f 428// 3722// 427//
f 3722// 3723// 427//
f 427// 3723// 425//
f 3723// 3724// 425//
f 425// 3724// 426//
f 3724// 3713// 426//
f 426// 3713// 411//
f 3715// 3714// 3713//
f 3713// 3724// 3715//
f 3715// 3724// 3723//
f 3715// 3723// 3716//
f 3718// 3717// 3719//
f 3719// 3717// 3716//
f 3719// 3716// 3720//
f 3720// 3716// 3723//
f 3720// 3723// 3721//
f 3721// 3723// 3722//
f 3725// 3726// 421//
f 421// 3726// 420//
f 420// 3726// 3727//
f 3728// 401// 394//
f 3728// 394// 3729//
f 3729// 394// 393//
f 3729// 393// 3727//
f 3727// 393// 424//
f 3727// 424// 420//
f 3730// 474// 473//
f 3730// 473// 3731//
f 3731// 473// 471//
f 3731// 471// 3732//
f 3732// 471// 469//
f 3732// 469// 3733//
f 3733// 469// 468//
f 3733// 468// 3734//
f 3734// 468// 432//
f 3734// 432// 3735//
f 3735// 432// 434//
f 3735// 434// 3736//
f 3736// 434// 3728//
f 3728// 434// 402//
f 3728// 402// 401//
f 3737// 478// 477//
f 3737// 477// 3738//
f 3738// 477// 476//
f 3738// 476// 3739//
f 3739// 476// 466//
f 3739// 466// 3740//
f 3740// 466// 454//
f 3740// 454// 3741//
f 3741// 454// 453//
f 3741// 453// 3742//
f 3742// 453// 475//
f 3742// 475// 3743//
f 3743// 475// 474//
f 3743// 474// 3730//
f 3744// 480// 479//
f 3744// 479// 3745//
f 3745// 479// 478//
f 3745// 478// 3737//
f 3744// 3746// 480//
f 480// 3746// 481//
f 3747// 483// 482//
f 3747// 482// 3748//
f 3748// 482// 481//
f 3748// 481// 3746//
f 3749// 441// 465//
f 3749// 465// 3750//
f 3750// 465// 464//
f 3750// 464// 3751//
f 3751// 464// 440//
f 3751// 440// 3752//
f 3752// 440// 439//
f 3752// 439// 3753//
f 3753// 439// 437//
f 3753// 437// 3754//
f 3754// 437// 436//
f 3754// 436// 3755//
f 3755// 436// 483//
f 3755// 483// 3747//
f 3756// 445// 444//
f 3756// 444// 3757//
f 3757// 444// 446//
f 3757// 446// 3758//
f 3758// 446// 447//
f 3758// 447// 3759//
f 3759// 447// 448//
f 3759// 448// 3760//
f 3760// 448// 443//
f 3760// 443// 3761//
f 3761// 443// 442//
f 3761// 442// 3762//
f 3762// 442// 441//
f 3762// 441// 3749//
f 3725// 421// 438//
f 3725// 438// 3763//
f 3763// 438// 449//
f 3763// 449// 3764//
f 3764// 449// 445//
f 3764// 445// 3756//
f 3757// 3728// 3756//
f 3756// 3728// 3729//
f 3756// 3729// 3764//
f 3764// 3729// 3727//
f 3764// 3727// 3763//
f 3763// 3727// 3726//
f 3763// 3726// 3725//
f 3746// 3744// 3748//
f 3748// 3744// 3745//
f 3748// 3745// 3747//
f 3747// 3745// 3737//
f 3747// 3737// 3755//
f 3755// 3737// 3738//
f 3755// 3738// 3754//
f 3754// 3738// 3739//
f 3754// 3739// 3753//
f 3753// 3739// 3740//
f 3753// 3740// 3752//
f 3752// 3740// 3741//
f 3752// 3741// 3751//
f 3751// 3741// 3742//
f 3751// 3742// 3750//
f 3750// 3742// 3743//
f 3750// 3743// 3749//
f 3749// 3743// 3730//
f 3749// 3730// 3762//
f 3762// 3730// 3731//
f 3762// 3731// 3761//
f 3761// 3731// 3732//
f 3761// 3732// 3760//
f 3760// 3732// 3733//
f 3760// 3733// 3759//
f 3759// 3733// 3734//
f 3759// 3734// 3758//
f 3758// 3734// 3735//
f 3758// 3735// 3757//
f 3757// 3735// 3736//
f 3757// 3736// 3728//
f 3765// 3766// 470//
f 470// 3766// 433//
f 3766// 3767// 433//
f 433// 3767// 450//
f 3767// 3768// 450//
f 450// 3768// 467//
f 3768// 3769// 467//
f 467// 3769// 455//
f 3769// 3770// 455//
f 455// 3770// 472//
f 3770// 3765// 472//
f 472// 3765// 470//
f 3769// 3768// 3770//
f 3770// 3768// 3767//
f 3770// 3767// 3765//
f 3765// 3767// 3766//
usemtl 1
f 3653// 3654// 3655//
f 3655// 3654// 3660//
f 3655// 3660// 3656//
f 3656// 3660// 3659//
f 3656// 3659// 3657//
f 3657// 3659// 3658//
f 3697// 3712// 3696//
f 3696// 3712// 3711//
f 3696// 3711// 3710//
f 3704// 3703// 3696//
f 3696// 3703// 3702//
f 3696// 3702// 3698//
f 3710// 3709// 3696//
f 3696// 3709// 3708//
f 3696// 3708// 3707//
f 3707// 3706// 3696//
f 3696// 3706// 3705//
f 3696// 3705// 3704//
f 3701// 3700// 3702//
f 3702// 3700// 3699//
f 3702// 3699// 3698//
usemtl 4
f 398// 3771// 395//
f 395// 3771// 3772//
f 395// 3772// 382//
f 3771// 398// 405//
f 3771// 405// 3773//
f 3773// 405// 682//
f 3773// 682// 684//
f 3774// 755// 754//
f 382// 3772// 387//
f 387// 3772// 3774//
f 387// 3774// 726//
f 726// 3774// 754//
f 676// 659// 3775//
f 706// 705// 3776//
f 3776// 705// 680//
f 3776// 680// 676//
f 3777// 3778// 700//
f 700// 704// 3777//
f 3777// 704// 703//
f 3777// 703// 701//
f 701// 709// 3777//
f 3777// 709// 708//
f 3777// 708// 3776//
f 3776// 708// 707//
f 3776// 707// 706//
f 694// 697// 3779//
f 3779// 697// 696//
f 3779// 696// 3778//
f 3778// 696// 698//
f 3778// 698// 700//
f 688// 691// 3780//
f 3780// 691// 690//
f 3780// 690// 3779//
f 3779// 690// 692//
f 3779// 692// 694//
f 3773// 684// 685//
f 3773// 685// 3780//
f 3780// 685// 686//
f 3780// 686// 688//
f 676// 3775// 3776//
f 3776// 3775// 3781//
f 3776// 3781// 3782//
f 3783// 3784// 3785//
f 3782// 3781// 3786//
f 3786// 3787// 3782//
f 3782// 3787// 3788//
f 3782// 3788// 3785//
f 3785// 3788// 3789//
f 3785// 3789// 3783//
f 749// 729// 3790//
f 3790// 729// 728//
f 3790// 728// 3774//
f 3774// 728// 753//
f 3774// 753// 755//
f 746// 732// 3791//
f 3791// 732// 731//
f 3791// 731// 3790//
f 3790// 731// 750//
f 3790// 750// 749//
f 746// 3791// 747//
f 747// 3791// 3792//
f 747// 3792// 743//
f 741// 740// 3793//
f 740// 739// 3793//
f 3793// 739// 745//
f 3793// 745// 3792//
f 3792// 745// 744//
f 3792// 744// 743//
f 639// 734// 3794//
f 639// 3794// 637//
f 734// 735// 3794//
f 3794// 735// 736//
f 3794// 736// 3793//
f 3793// 736// 742//
f 3793// 742// 741//
f 637// 3794// 3795//
f 3795// 3794// 3785//
f 3795// 3785// 3784//
f 3772// 3771// 3774//
f 3774// 3771// 3773//
f 3782// 3773// 3780//
f 3773// 3782// 3774//
f 3774// 3782// 3785//
f 3774// 3785// 3790//
f 3793// 3792// 3791//
f 3780// 3779// 3778//
f 3778// 3777// 3780//
f 3780// 3777// 3776//
f 3780// 3776// 3782//
f 3790// 3785// 3791//
f 3791// 3785// 3794//
f 3791// 3794// 3793//
f 3786// 3781// 657//
f 657// 3781// 3775//
f 657// 3775// 659//
f 637// 3795// 635//
f 635// 3795// 3784//
f 635// 3784// 931//
f 3784// 3783// 931//
f 931// 3783// 3789//
f 931// 3789// 932//
f 932// 3789// 3788//
f 932// 3788// 933//
f 933// 3788// 3787//
f 933// 3787// 935//
f 935// 3787// 3786//
f 935// 3786// 934//
f 934// 3786// 657//
f 339// 3796// 350//
f 350// 3796// 3797//
f 350// 3797// 416//
f 3798// 563// 562//
f 416// 3797// 458//
f 458// 3797// 3798//
f 458// 3798// 536//
f 536// 3798// 562//
f 3796// 339// 344//
f 3796// 344// 3799//
f 3799// 344// 594//
f 3799// 594// 596//
f 532// 515// 3800//
f 618// 617// 3801//
f 3801// 617// 592//
f 3801// 592// 532//
f 3802// 3803// 612//
f 612// 616// 3802//
f 3802// 616// 615//
f 3802// 615// 613//
f 613// 621// 3802//
f 3802// 621// 620//
f 3802// 620// 3801//
f 3801// 620// 619//
f 3801// 619// 618//
f 606// 609// 3804//
f 3804// 609// 608//
f 3804// 608// 3803//
f 3803// 608// 610//
f 3803// 610// 612//
f 600// 603// 3805//
f 3805// 603// 602//
f 3805// 602// 3804//
f 3804// 602// 604//
f 3804// 604// 606//
f 3799// 596// 597//
f 3799// 597// 3805//
f 3805// 597// 598//
f 3805// 598// 600//
f 532// 3800// 3801//
f 3801// 3800// 3806//
f 3801// 3806// 3807//
f 3808// 3809// 3810//
f 3807// 3806// 3811//
f 3811// 3812// 3807//
f 3807// 3812// 3813//
f 3807// 3813// 3810//
f 3810// 3813// 3814//
f 3810// 3814// 3808//
f 557// 555// 3815//
f 3815// 555// 554//
f 3815// 554// 3798//
f 3798// 554// 561//
f 3798// 561// 563//
f 3816// 553// 551//
f 551// 550// 3816//
f 3816// 550// 572//
f 3816// 572// 3815//
f 3815// 572// 559//
f 3815// 559// 557//
f 553// 3816// 565//
f 565// 3816// 3817//
f 565// 3817// 547//
f 543// 541// 3818//
f 3818// 541// 549//
f 3818// 549// 3817//
f 3817// 549// 548//
f 3817// 548// 547//
f 495// 497// 3819//
f 3819// 497// 538//
f 3819// 538// 539//
f 539// 546// 3819//
f 3819// 546// 545//
f 3819// 545// 3818//
f 3818// 545// 544//
f 3818// 544// 543//
f 495// 3819// 3820//
f 3820// 3819// 3810//
f 3820// 3810// 3809//
f 3797// 3796// 3798//
f 3798// 3796// 3799//
f 3798// 3819// 3818//
f 3818// 3817// 3798//
f 3798// 3817// 3816//
f 3798// 3816// 3815//
f 3805// 3801// 3799//
f 3799// 3801// 3807//
f 3799// 3807// 3798//
f 3798// 3807// 3810//
f 3798// 3810// 3819//
f 3805// 3804// 3801//
f 3801// 3804// 3803//
f 3801// 3803// 3802//
f 3800// 515// 491//
f 495// 3820// 485//
f 485// 3820// 3809//
f 485// 3809// 487//
f 487// 3809// 3808//
f 487// 3808// 488//
f 488// 3808// 3814//
f 488// 3814// 489//
f 489// 3814// 3813//
f 489// 3813// 494//
f 494// 3813// 3812//
f 494// 3812// 493//
f 493// 3812// 3811//
f 493// 3811// 491//
f 491// 3811// 3806//
f 491// 3806// 3800//
usemtl 1
f 3821// 3822// 202//
f 202// 3822// 192//
f 3823// 210// 206//
f 3823// 206// 3824//
f 3824// 206// 204//
f 3824// 204// 3825//
f 3825// 204// 192//
f 3825// 192// 3822//
f 3826// 217// 216//
f 3826// 216// 3827//
f 3827// 216// 215//
f 3827// 215// 3828//
f 3828// 215// 214//
f 3828// 214// 3829//
f 3829// 214// 213//
f 3829// 213// 3830//
f 3830// 213// 212//
f 3830// 212// 3831//
f 3831// 212// 211//
f 3831// 211// 3832//
f 3832// 211// 210//
f 3832// 210// 3823//
f 3833// 203// 205//
f 3833// 205// 3834//
f 3834// 205// 207//
f 3834// 207// 3835//
f 3835// 207// 218//
f 3835// 218// 3836//
f 3836// 218// 220//
f 3836// 220// 3837//
f 3837// 220// 219//
f 3837// 219// 3838//
f 3838// 219// 217//
f 3838// 217// 3826//
f 3839// 198// 197//
f 3839// 197// 3840//
f 3840// 197// 196//
f 3840// 196// 3841//
f 3841// 196// 191//
f 3841// 191// 3842//
f 3842// 191// 190//
f 3842// 190// 3843//
f 3843// 190// 203//
f 3843// 203// 3833//
f 3844// 94// 3845//
f 3845// 94// 92//
f 92// 189// 3845//
f 3845// 189// 209//
f 3845// 209// 3846//
f 3846// 209// 208//
f 3846// 208// 3847//
f 3847// 208// 201//
f 3847// 201// 3848//
f 3848// 201// 200//
f 3848// 200// 3849//
f 3849// 200// 199//
f 3849// 199// 3850//
f 3850// 199// 198//
f 3850// 198// 3839//
f 94// 3844// 3851//
f 3852// 158// 157//
f 3852// 157// 3851//
f 3851// 157// 96//
f 3851// 96// 94//
f 3852// 3853// 158//
f 158// 3853// 161//
f 3854// 174// 173//
f 3854// 173// 3855//
f 3855// 173// 171//
f 3855// 171// 3856//
f 3856// 171// 161//
f 3856// 161// 3853//
f 3857// 179// 178//
f 3857// 178// 3858//
f 3858// 178// 188//
f 3858// 188// 3859//
f 3859// 188// 183//
f 3859// 183// 3860//
f 3860// 183// 182//
f 3860// 182// 3861//
f 3861// 182// 181//
f 3861// 181// 3862//
f 3862// 181// 180//
f 3862// 180// 3863//
f 3863// 180// 174//
f 3863// 174// 3854//
f 3864// 170// 172//
f 3864// 172// 3865//
f 3865// 172// 187//
f 3865// 187// 3866//
f 3866// 187// 186//
f 3866// 186// 3867//
f 3867// 186// 185//
f 3867// 185// 3868//
f 3868// 185// 184//
f 3868// 184// 3869//
f 3869// 184// 179//
f 3869// 179// 3857//
f 3870// 177// 176//
f 3870// 176// 3871//
f 3871// 176// 175//
f 3871// 175// 3872//
f 3872// 175// 163//
f 3872// 163// 3873//
f 3873// 163// 162//
f 3873// 162// 3874//
f 3874// 162// 170//
f 3874// 170// 3864//
f 3875// 153// 3876//
f 3876// 153// 152//
f 152// 167// 3876//
f 3876// 167// 166//
f 3876// 166// 3877//
f 3877// 166// 169//
f 3877// 169// 3878//
f 3878// 169// 168//
f 3878// 168// 3879//
f 3879// 168// 165//
f 3879// 165// 3880//
f 3880// 165// 164//
f 3880// 164// 3881//
f 3881// 164// 177//
f 3881// 177// 3870//
f 3821// 202// 195//
f 3821// 195// 3882//
f 3882// 195// 194//
f 3882// 194// 3883//
f 3883// 194// 3875//
f 3875// 194// 155//
f 3875// 155// 153//
f 3822// 3821// 3825//
f 3825// 3821// 3882//
f 3825// 3882// 3824//
f 3824// 3882// 3883//
f 3824// 3883// 3823//
f 3823// 3883// 3875//
f 3823// 3875// 3832//
f 3832// 3875// 3876//
f 3832// 3876// 3831//
f 3831// 3876// 3877//
f 3831// 3877// 3830//
f 3830// 3877// 3878//
f 3830// 3878// 3829//
f 3829// 3878// 3879//
f 3829// 3879// 3828//
f 3828// 3879// 3880//
f 3828// 3880// 3827//
f 3827// 3880// 3881//
f 3827// 3881// 3826//
f 3826// 3881// 3870//
f 3826// 3870// 3838//
f 3838// 3870// 3871//
f 3838// 3871// 3837//
f 3837// 3871// 3872//
f 3837// 3872// 3836//
f 3836// 3872// 3873//
f 3836// 3873// 3835//
f 3835// 3873// 3874//
f 3835// 3874// 3834//
f 3834// 3874// 3864//
f 3834// 3864// 3833//
f 3833// 3864// 3865//
f 3833// 3865// 3843//
f 3843// 3865// 3866//
f 3843// 3866// 3842//
f 3842// 3866// 3867//
f 3842// 3867// 3841//
f 3841// 3867// 3868//
f 3841// 3868// 3840//
f 3840// 3868// 3869//
f 3840// 3869// 3839//
f 3839// 3869// 3857//
f 3839// 3857// 3850//
f 3850// 3857// 3858//
f 3850// 3858// 3849//
f 3849// 3858// 3859//
f 3849// 3859// 3848//
f 3848// 3859// 3860//
f 3848// 3860// 3847//
f 3847// 3860// 3861//
f 3847// 3861// 3846//
f 3846// 3861// 3862//
f 3846// 3862// 3845//
f 3845// 3862// 3863//
f 3845// 3863// 3844//
f 3844// 3863// 3854//
f 3844// 3854// 3851//
f 3851// 3854// 3855//
f 3851// 3855// 3852//
f 3852// 3855// 3856//
f 3852// 3856// 3853//
f 3884// 258// 257//
f 3884// 257// 3885//
f 3885// 257// 256//
f 3885// 256// 3886//
f 3886// 256// 248//
f 3886// 248// 3887//
f 3887// 248// 247//
f 3887// 247// 3888//
f 3888// 247// 246//
f 3888// 246// 3889//
f 3889// 246// 245//
f 3889// 245// 3890//
f 3890// 245// 253//
f 3890// 253// 3891//
f 3892// 266// 265//
f 3892// 265// 3893//
f 3893// 265// 264//
f 3893// 264// 3894//
f 3894// 264// 260//
f 3894// 260// 3895//
f 260// 259// 3895//
f 3895// 259// 233//
f 3895// 233// 3896//
f 3896// 233// 232//
f 3896// 232// 3897//
f 3897// 232// 238//
f 3897// 238// 3898//
f 3898// 238// 258//
f 3898// 258// 3884//
f 3899// 1// 262//
f 3899// 262// 3900//
f 3900// 262// 261//
f 3900// 261// 3901//
f 3901// 261// 266//
f 3901// 266// 3892//
f 3902// 227// 3899//
f 3899// 227// 2//
f 3899// 2// 1//
f 3903// 223// 225//
f 3903// 225// 3904//
f 3904// 225// 227//
f 3904// 227// 3902//
f 3905// 241// 240//
f 3905// 240// 3906//
f 3906// 240// 251//
f 3906// 251// 3907//
f 3907// 251// 252//
f 3907// 252// 3908//
f 3908// 252// 250//
f 3908// 250// 3909//
f 3909// 250// 249//
f 3909// 249// 3910//
f 3910// 249// 239//
f 3910// 239// 3911//
f 3911// 239// 223//
f 3911// 223// 3903//
f 3912// 224// 237//
f 3912// 237// 3913//
f 3913// 237// 236//
f 3913// 236// 3914//
f 3914// 236// 235//
f 3914// 235// 3915//
f 3915// 235// 234//
f 3915// 234// 3916//
f 3916// 234// 244//
f 3916// 244// 3917//
f 3917// 244// 243//
f 3917// 243// 3918//
f 3918// 243// 242//
f 3918// 242// 3919//
f 3919// 242// 241//
f 3919// 241// 3905//
f 3920// 228// 226//
f 3920// 226// 3921//
f 3921// 226// 224//
f 3921// 224// 3912//
f 3920// 3922// 228//
f 228// 3922// 230//
f 3922// 3923// 230//
f 230// 3923// 231//
f 3923// 3924// 231//
f 231// 3924// 221//
f 3924// 3925// 221//
f 221// 3925// 254//
f 3925// 3926// 254//
f 254// 3926// 255//
f 3926// 3891// 255//
f 255// 3891// 253//
f 3924// 3923// 3925//
f 3925// 3923// 3922//
f 3925// 3922// 3926//
f 3922// 3920// 3926//
f 3926// 3920// 3921//
f 3926// 3921// 3891//
f 3921// 3912// 3891//
f 3891// 3912// 3913//
f 3891// 3913// 3890//
f 3890// 3913// 3914//
f 3890// 3914// 3889//
f 3889// 3914// 3915//
f 3889// 3915// 3888//
f 3888// 3915// 3916//
f 3888// 3916// 3887//
f 3887// 3916// 3917//
f 3887// 3917// 3886//
f 3886// 3917// 3918//
f 3886// 3918// 3885//
f 3885// 3918// 3919//
f 3885// 3919// 3884//
f 3884// 3919// 3905//
f 3884// 3905// 3898//
f 3898// 3905// 3906//
f 3898// 3906// 3897//
f 3897// 3906// 3907//
f 3897// 3907// 3896//
f 3896// 3907// 3908//
f 3896// 3908// 3895//
f 3895// 3908// 3909//
f 3895// 3909// 3894//
f 3894// 3909// 3910//
f 3894// 3910// 3893//
f 3893// 3910// 3911//
f 3893// 3911// 3892//
f 3892// 3911// 3903//
f 3892// 3903// 3901//
f 3901// 3903// 3904//
f 3901// 3904// 3900//
f 3900// 3904// 3902//
f 3900// 3902// 3899//
f 3927// 3928// 324//
f 324// 3928// 323//
f 3928// 3929// 323//
f 323// 3929// 325//
f 3929// 3930// 325//
f 325// 3930// 326//
f 3930// 3931// 326//
f 326// 3931// 327//
f 3931// 3932// 327//
f 327// 3932// 328//
f 3932// 3933// 328//
f 328// 3933// 329//
f 3933// 3934// 329//
f 329// 3934// 319//
f 3934// 3935// 319//
f 319// 3935// 316//
f 3935// 3936// 316//
f 316// 3936// 317//
f 3936// 3937// 317//
f 317// 3937// 318//
f 3937// 3938// 318//
f 318// 3938// 322//
f 3938// 3927// 322//
f 322// 3927// 324//
f 3929// 3928// 3930//
f 3930// 3928// 3927//
f 3935// 3934// 3936//
f 3936// 3934// 3933//
f 3938// 3937// 3927//
f 3927// 3937// 3936//
f 3927// 3936// 3930//
f 3930// 3936// 3933//
f 3930// 3933// 3931//
f 3931// 3933// 3932//
f 282// 3939// 283//
f 283// 3939// 3940//
f 283// 3940// 284//
f 284// 3940// 3941//
f 284// 3941// 285//
f 285// 3941// 3942//
f 285// 3942// 286//
f 281// 3943// 282//
f 282// 3943// 3944//
f 282// 3944// 3939//
f 281// 280// 3943//
f 3943// 280// 267//
f 3943// 267// 3945//
f 3945// 267// 269//
f 3945// 269// 3946//
f 3947// 84// 82//
f 3947// 82// 3948//
f 3948// 82// 81//
f 3948// 81// 3949//
f 3949// 81// 3950//
f 3950// 81// 315//
f 3950// 315// 314//
f 314// 279// 3950//
f 3950// 279// 278//
f 3950// 278// 3951//
f 3951// 278// 277//
f 3951// 277// 3952//
f 3952// 277// 276//
f 3952// 276// 3953//
f 3953// 276// 286//
f 3953// 286// 3942//
f 3954// 68// 74//
f 3954// 74// 3955//
f 3955// 74// 86//
f 3955// 86// 3956//
f 3956// 86// 84//
f 3956// 84// 3947//
f 3957// 292// 3954//
f 3954// 292// 291//
f 3954// 291// 68//
f 3958// 296// 294//
f 3958// 294// 3959//
f 3959// 294// 292//
f 3959// 292// 3957//
f 3960// 305// 303//
f 3960// 303// 3961//
f 3961// 303// 302//
f 3961// 302// 3962//
f 3962// 302// 304//
f 3962// 304// 3963//
f 304// 310// 3963//
f 3963// 310// 308//
f 3963// 308// 3964//
f 3964// 308// 307//
f 3964// 307// 3965//
f 3965// 307// 297//
f 3965// 297// 3966//
f 3966// 297// 296//
f 3966// 296// 3958//
f 3967// 295// 301//
f 3967// 301// 3968//
f 3968// 301// 300//
f 3968// 300// 3969//
f 3969// 300// 299//
f 3969// 299// 3970//
f 3970// 299// 298//
f 3970// 298// 3971//
f 3971// 298// 309//
f 3971// 309// 3972//
f 3972// 309// 311//
f 3972// 311// 3973//
f 311// 312// 3973//
f 3973// 312// 306//
f 3973// 306// 3974//
f 3974// 306// 305//
f 3974// 305// 3960//
f 3975// 289// 293//
f 3975// 293// 3976//
f 3976// 293// 295//
f 3976// 295// 3967//
f 3975// 3977// 289//
f 289// 3977// 288//
f 288// 3977// 287//
f 287// 3977// 3978//
f 287// 3978// 275//
f 3978// 3979// 275//
f 275// 3979// 274//
f 274// 3979// 268//
f 268// 3979// 3980//
f 268// 3980// 270//
f 3980// 3981// 270//
f 270// 3981// 271//
f 3981// 3946// 271//
f 271// 3946// 269//
f 3979// 3978// 3980//
f 3980// 3978// 3977//
f 3980// 3977// 3981//
f 3977// 3975// 3981//
f 3981// 3975// 3976//
f 3981// 3976// 3946//
f 3976// 3967// 3946//
f 3946// 3967// 3968//
f 3946// 3968// 3945//
f 3945// 3968// 3969//
f 3945// 3969// 3943//
f 3943// 3969// 3970//
f 3943// 3970// 3944//
f 3944// 3970// 3971//
f 3944// 3971// 3939//
f 3939// 3971// 3972//
f 3939// 3972// 3940//
f 3940// 3972// 3973//
f 3940// 3973// 3941//
f 3941// 3973// 3974//
f 3941// 3974// 3942//
f 3942// 3974// 3960//
f 3942// 3960// 3953//
f 3953// 3960// 3961//
f 3953// 3961// 3952//
f 3952// 3961// 3962//
f 3952// 3962// 3951//
f 3951// 3962// 3963//
f 3951// 3963// 3950//
f 3950// 3963// 3964//
f 3950// 3964// 3949//
f 3949// 3964// 3965//
f 3949// 3965// 3948//
f 3948// 3965// 3966//
f 3948// 3966// 3947//
f 3947// 3966// 3958//
f 3947// 3958// 3956//
f 3956// 3958// 3959//
f 3956// 3959// 3955//
f 3955// 3959// 3957//
f 3955// 3957// 3954//
f 3982// 3983// 63//
f 63// 3983// 64//
f 3983// 3984// 64//
f 64// 3984// 65//
f 3984// 3985// 65//
f 65// 3985// 57//
f 3986// 49// 48//
f 3986// 48// 3987//
f 3987// 48// 47//
f 3987// 47// 3988//
f 3988// 47// 61//
f 3988// 61// 3989//
f 3989// 61// 60//
f 3989// 60// 3990//
f 60// 59// 3990//
f 3990// 59// 56//
f 3990// 56// 3991//
f 3991// 56// 55//
f 3991// 55// 3992//
f 3992// 55// 58//
f 3992// 58// 3993//
f 3993// 58// 57//
f 3993// 57// 3985//
f 52// 3994// 50//
f 50// 3994// 3995//
f 50// 3995// 62//
f 62// 3995// 3982//
f 62// 3982// 63//
f 53// 3996// 52//
f 52// 3996// 3997//
f 52// 3997// 3994//
f 53// 43// 3996//
f 3996// 43// 42//
f 3996// 42// 3998//
f 3998// 42// 45//
f 3998// 45// 3999//
f 3999// 45// 49//
f 3999// 49// 3986//
f 3988// 3989// 4000//
f 4000// 3989// 3990//
f 4000// 3990// 4001//
f 4001// 3990// 3991//
f 4001// 3991// 4002//
f 4002// 3991// 3992//
f 4002// 3992// 4003//
f 4003// 3992// 3993//
f 4003// 3993// 4004//
f 4004// 3993// 3985//
f 4004// 3985// 4005//
f 4005// 3985// 3984//
f 4005// 3984// 4006//
f 4006// 3984// 3983//
f 4006// 3983// 4007//
f 4007// 3983// 3982//
f 4007// 3982// 4008//
f 4008// 3982// 3995//
f 4008// 3995// 4009//
f 4009// 3995// 3994//
f 4009// 3994// 4010//
f 4010// 3994// 3997//
f 4010// 3997// 4011//
f 4011// 3997// 3996//
f 4011// 3996// 4012//
f 4012// 3996// 3998//
f 4012// 3998// 4013//
f 4013// 3998// 3999//
f 4013// 3999// 4014//
f 4014// 3999// 3986//
f 4014// 3986// 4015//
f 4015// 3986// 3987//
f 4015// 3987// 4016//
f 4016// 3987// 3988//
f 4016// 3988// 4000//
f 4004// 4005// 4017//
f 4017// 4005// 4018//
f 4004// 4017// 4019//
f 4004// 4019// 4003//
f 4003// 4019// 4020//
f 4003// 4020// 4002//
f 4002// 4020// 4021//
f 4002// 4021// 4001//
f 4001// 4021// 4022//
f 4001// 4022// 4000//
f 4000// 4022// 4023//
f 4000// 4023// 4016//
f 4016// 4023// 4024//
f 4016// 4024// 4015//
f 4015// 4024// 4025//
f 4015// 4025// 4014//
f 4014// 4025// 4026//
f 4014// 4026// 4013//
f 4013// 4026// 4027//
f 4013// 4027// 4012//
f 4012// 4027// 4028//
f 4012// 4028// 4011//
f 4011// 4028// 4029//
f 4011// 4029// 4010//
f 4010// 4029// 4030//
f 4010// 4030// 4009//
f 4009// 4030// 4031//
f 4009// 4031// 4008//
f 4008// 4031// 4032//
f 4008// 4032// 4007//
f 4006// 4007// 4033//
f 4033// 4007// 4032//
f 4005// 4006// 4018//
f 4018// 4006// 4033//
f 4034// 31// 4035//
f 4035// 31// 30//
f 4035// 30// 28//
f 4034// 4036// 31//
f 31// 4036// 41//
f 4037// 37// 36//
f 4037// 36// 4038//
f 4038// 36// 41//
f 4038// 41// 4036//
f 4037// 4039// 37//
f 37// 4039// 38//
f 4040// 40// 39//
f 4040// 39// 4041//
f 4041// 39// 38//
f 4041// 38// 4039//
f 4040// 4042// 40//
f 40// 4042// 35//
f 4042// 4043// 35//
f 35// 4043// 34//
f 34// 4043// 23//
f 23// 4043// 4044//
f 23// 4044// 22//
f 4045// 18// 20//
f 4045// 20// 4046//
f 4046// 20// 22//
f 4046// 22// 4044//
f 4045// 4047// 18//
f 18// 4047// 19//
f 4048// 32// 21//
f 4048// 21// 4049//
f 4049// 21// 19//
f 4049// 19// 4047//
f 4048// 4050// 32//
f 32// 4050// 159//
f 4050// 4051// 159//
f 159// 4051// 26//
f 4051// 4052// 26//
f 26// 4052// 24//
f 4052// 4053// 24//
f 24// 4053// 4//
f 4054// 16// 4053//
f 4053// 16// 5//
f 4053// 5// 4//
f 4055// 12// 14//
f 4055// 14// 4056//
f 4056// 14// 16//
f 4056// 16// 4054//
f 4055// 4057// 12//
f 12// 4057// 13//
f 4058// 17// 15//
f 4058// 15// 4059//
f 4059// 15// 13//
f 4059// 13// 4057//
f 4058// 4060// 17//
f 17// 4060// 7//
f 7// 4060// 8//
f 8// 4060// 4061//
f 8// 4061// 10//
f 4061// 4035// 10//
f 10// 4035// 28//
f 4034// 4035// 4036//
f 4036// 4035// 4061//
f 4036// 4061// 4038//
f 4038// 4061// 4037//
f 4051// 4050// 4052//
f 4052// 4050// 4048//
f 4048// 4049// 4052//
f 4052// 4049// 4047//
f 4052// 4047// 4053//
f 4053// 4047// 4045//
f 4055// 4043// 4057//
f 4057// 4043// 4042//
f 4057// 4042// 4059//
f 4059// 4042// 4058//
f 4037// 4061// 4039//
f 4039// 4061// 4060//
f 4039// 4060// 4041//
f 4055// 4056// 4043//
f 4043// 4056// 4054//
f 4043// 4054// 4044//
f 4044// 4054// 4053//
f 4044// 4053// 4046//
f 4046// 4053// 4045//
f 4058// 4042// 4060//
f 4060// 4042// 4040//
f 4060// 4040// 4041//
usemtl 2
f 4018// 4033// 4017//
f 4017// 4033// 4032//
f 4026// 4025// 4017//
f 4025// 4024// 4017//
f 4017// 4024// 4023//
f 4017// 4023// 4019//
f 4032// 4031// 4017//
f 4017// 4031// 4030//
f 4017// 4030// 4029//
f 4022// 4021// 4023//
f 4023// 4021// 4020//
f 4023// 4020// 4019//
f 4029// 4028// 4017//
f 4017// 4028// 4027//
f 4017// 4027// 4026//
