v 0.775842 -0.941182 0.76
v 0.775842 -0.038968 0.76
v 0.697539 -0.038968 0.76
newmtl 1
Ka 0.2235294117647059 0.2235294117647059 0.2235294117647059
Kd 0.2235294117647059 0.2235294117647059 0.2235294117647059
Ks 0.11372549019607843 0.11372549019607843 0.11372549019607843
d 0.0
endmtl
v 0.775842 1.5 0.76
v 0.697539 1.5 0.76
v 1.5 -0.038968 0.76
v 1.5 1.5 0.76
v 1.007583 1.5 0.76
v 0.869798 -1.152558 0.76
v 0.866404 -1.15296 0.76
v 0.886742 -1.15296 0.76
v 0.806922 -0.941932 0.76
v 0.813079 -0.941182 0.76
v 0.780718 -0.941182 0.76
v 0.549932 -0.932772 0.76
v 0.562441 -0.941182 0.76
v 0.697539 -0.941182 0.76
v 0.627045 -1.005326 0.76
v 0.642727 -1.018601 0.76
v 0.697539 -1.023905 0.76
v 0.575732 -0.950118 0.76
v 0.578197 -0.952437 0.76
v 0.596562 -0.974846 0.76
v 0.606966 -0.995811 0.76
v 0.609836 -0.996777 0.76
v 0.44556 -0.931931 0.76
v 0.472494 -0.922627 0.76
v -0.236474 -0.038968 0.76
v 0.49707 -0.920041 0.76
v 0.520906 -0.922545 0.76
v -0.236474 -0.941182 0.76
v -0.236474 -1.023905 0.76
v 0.303409 -1.023905 0.76
v 0.43004 -0.941182 0.76
v 0.427663 -0.942599 0.76
v 0.308896 -1.011808 0.76
v 0.322395 -0.994654 0.76
v 0.327016 -0.990324 0.76
v 0.345538 -0.977579 0.76
v 0.367025 -0.969485 0.76
v 0.388911 -0.966891 0.76
v 0.414071 -0.954239 0.76
v 0.395562 -0.967253 0.76
v 0.402214 -0.968048 0.76
v 0.33654 -1.138355 0.76
v 0.319503 -1.123636 0.76
v -0.236474 -1.15296 0.76
v 0.357296 -1.148804 0.76
v 0.305859 -1.10395 0.76
v 0.297794 -1.082367 0.76
v -0.236474 -1.047758 0.76
v 0.295211 -1.060591 0.76
v 0.295425 -1.054242 0.76
v 0.296641 -1.047758 0.76
v 0.299497 -1.032528 0.76
v 0.365775 -1.151399 0.76
v 0.366504 -1.15296 0.76
v 0.371568 -1.163797 0.76
v 0.380167 -1.174415 0.76
v 0.444672 -1.185185 0.76
v 0.434709 -1.189009 0.76
v 0.697539 -1.5 0.76
v 0.420722 -1.19073 0.76
v -0.236474 -1.5 0.76
v 0.418478 -1.190688 0.76
v 0.404822 -1.188555 0.76
v -0.236474 -1.185185 0.76
v 0.396807 -1.185185 0.76
v 0.391479 -1.182945 0.76
v 0.474925 -1.15296 0.76
v 0.474882 -1.153142 0.76
v 0.697539 -1.185185 0.76
v 0.468049 -1.166041 0.76
v 0.459132 -1.176043 0.76
v 0.44761 -1.184057 0.76
v 0.661589 -1.052728 0.76
v 0.664227 -1.071581 0.76
v 0.697539 -1.047758 0.76
v 0.548773 -1.118839 0.76
v 0.552741 -1.117271 0.76
v 0.559537 -1.084305 0.76
v 0.642826 -1.126528 0.76
v 0.627078 -1.139857 0.76
v 0.697539 -1.15296 0.76
v 0.464102 -1.094138 0.76
v 0.541607 -1.05365 0.76
v 0.454004 -1.084942 0.76
v 0.441733 -1.078361 0.76
v 0.545216 -1.121359 0.76
v 0.654296 -1.110555 0.76
v 0.628087 -1.06713 0.76
v 0.62538 -1.056018 0.76
v 0.620937 -1.047758 0.76
v 0.333086 -1.047758 0.76
v 0.661567 -1.092247 0.76
v 0.557224 -1.116696 0.76
v 0.557786 -1.116736 0.76
v 0.559522 -1.117121 0.76
v 0.33647 -1.082461 0.76
v 0.343388 -1.094242 0.76
v 0.372757 -1.100196 0.76
v 0.353761 -1.104893 0.76
v 0.366353 -1.112647 0.76
v 0.394152 -1.081053 0.76
v 0.382323 -1.089266 0.76
v 0.33165 -1.059434 0.76
v 0.332334 -1.0683 0.76
v 0.406929 -1.07617 0.76
v 0.420722 -1.074473 0.76
v 0.427772 -1.074892 0.76
v 0.539293 -1.134626 0.76
v 0.53944 -1.132343 0.76
v 0.478562 -1.127107 0.76
v 0.540602 -1.127941 0.76
v 0.542826 -1.123995 0.76
v 0.616633 -1.102744 0.76
v 0.622995 -1.093721 0.76
v 0.62698 -1.083412 0.76
v 0.628366 -1.072159 0.76
v 0.552808 -1.152031 0.76
v 0.548983 -1.150525 0.76
v 0.545231 -1.147858 0.76
v 0.543887 -1.146489 0.76
v 0.541366 -1.142856 0.76
v 0.539842 -1.138934 0.76
v 0.478254 -1.138861 0.76
v 0.478562 -1.132891 0.76
v 0.609429 -1.14849 0.76
v 0.590192 -1.152556 0.76
v 0.556067 -1.152556 0.76
v 0.560694 -1.117274 0.76
v 0.586722 -1.117274 0.76
v 0.597073 -1.115295 0.76
v 0.607282 -1.110574 0.76
v 0.615839 -1.103596 0.76
v 0.578624 -1.027044 0.76
v 0.338322 -1.032547 0.76
v 0.333371 -1.045447 0.76
v 0.583251 -1.027044 0.76
v 0.620009 -1.046033 0.76
v 0.613308 -1.038546 0.76
v 0.604336 -1.032284 0.76
v 0.594241 -1.028399 0.76
v 0.566187 -0.992344 0.76
v 0.55315 -0.97675 0.76
v 0.420144 -1.010271 0.76
v 0.551636 -0.975371 0.76
v 0.535384 -0.964097 0.76
v 0.428972 -0.991988 0.76
v 0.344333 -1.023905 0.76
v 0.415958 -1.007985 0.76
v 0.577935 -1.023905 0.76
v 0.5751 -1.010986 0.76
v 0.402987 -1.003259 0.76
v 0.389489 -1.001595 0.76
v 0.383519 -1.001903 0.76
v 0.441941 -0.976488 0.76
v 0.517245 -0.957152 0.76
v 0.457474 -0.965138 0.76
v 0.497649 -0.954745 0.76
v 0.476372 -0.957483 0.76
v 0.369237 -1.005275 0.76
v 0.356339 -1.012108 0.76
v 0.346336 -1.021025 0.76
v 0.646529 -1.023905 0.76
v 0.654526 -1.035061 0.76
v 0.659602 -1.047758 0.76
v 1.037434 -1.000968 0.76
v 1.007583 -1.000968 0.76
v 1.045731 -1.023219 0.76
v 1.007583 -1.023905 0.76
v 1.057335 -1.023219 0.76
v 1.5 -1.023905 0.76
v 1.5 -0.941182 0.76
v 1.02635 -0.941868 0.76
v 1.007583 -0.941182 0.76
v 1.003559 -1.000968 0.76
v 0.99574 -1.023219 0.76
v 0.98188 -1.023905 0.76
v 0.984136 -1.023219 0.76
v 0.98188 -0.941182 0.76
v 1.007583 -0.96166 0.76
v 1.015121 -0.941868 0.76
v 0.886742 -0.986578 0.76
v 0.864772 -0.986578 0.76
v 0.886742 -1.013945 0.76
v 0.864772 -1.013945 0.76
v 0.905707 -0.941182 0.76
v 0.886742 -0.941182 0.76
v 0.896173 -0.941868 0.76
v 0.886742 -0.941868 0.76
v 0.893865 -0.986578 0.76
v 0.898023 -1.013945 0.76
v 0.893865 -0.977262 0.76
v 0.896173 -0.951226 0.76
v 0.886742 -0.977262 0.76
v 0.886742 -0.951226 0.76
v 0.864772 -0.951226 0.76
v 0.864772 -0.977262 0.76
v 0.85427 -1.023219 0.76
v 0.84956 -1.023905 0.76
v 0.886742 -1.023905 0.76
v 0.905707 -1.023905 0.76
v 0.898023 -1.023219 0.76
v 0.886742 -1.023219 0.76
v 0.85427 -0.941868 0.76
v 0.84956 -0.941182 0.76
v 0.827429 -0.941182 0.76
v 0.829383 -0.941336 0.76
v 0.837988 -0.943823 0.76
v 0.837988 -0.954803 0.76
v 0.837988 -1.009785 0.76
v 0.837988 -1.01985 0.76
v 0.8366 -1.020542 0.76
v 0.827866 -1.023406 0.76
v 0.822645 -1.023905 0.76
v 0.82883 -0.951174 0.76
v 0.818815 -0.949979 0.76
v 0.837082 -0.954314 0.76
v 0.814554 -0.950213 0.76
v 0.807628 -0.95179 0.76
v 0.801339 -0.954987 0.76
v 0.796647 -0.959004 0.76
v 0.796124 -0.959576 0.76
v 0.792184 -0.965222 0.76
v 0.789452 -0.972238 0.76
v 0.7881 -0.983459 0.76
v 0.788275 -0.987645 0.76
v 0.789758 -0.995518 0.76
v 0.82079 -1.015092 0.76
v 0.82999 -1.013378 0.76
v 0.803024 -1.012019 0.76
v 0.808825 -1.014254 0.76
v 0.816985 -1.015234 0.76
v 0.792552 -1.00192 0.76
v 0.796086 -1.006666 0.76
v 0.797704 -1.008265 0.76
v 0.780718 -0.038968 0.76
v 0.818711 -0.940496 0.76
v 0.84956 -0.038968 0.76
v 0.818735 -0.940496 0.76
v 0.779067 -0.969216 0.76
v 0.780718 -0.965353 0.76
v 0.78293 -0.960179 0.76
v 0.788828 -0.952474 0.76
v 0.790813 -0.950578 0.76
v 0.798425 -0.945238 0.76
v 0.780718 -1.002538 0.76
v 0.778696 -0.997373 0.76
v 0.775842 -1.023905 0.76
v 0.777079 -0.984083 0.76
v 0.777222 -0.979836 0.76
v 0.801736 -1.022543 0.76
v 0.794059 -1.018922 0.76
v 0.780718 -1.023905 0.76
v 0.787518 -1.013487 0.76
v 0.782015 -1.005851 0.76
v 0.808348 -1.023905 0.76
v 0.780718 -1.047758 0.76
v 0.810551 -1.024359 0.76
v 0.815467 -1.024592 0.76
v 0.84956 -1.047758 0.76
v 0.97741 -0.996206 0.76
v 0.973405 -1.00462 0.76
v 0.950656 -0.941182 0.76
v 0.950656 -0.943838 0.76
v 0.958837 -0.946826 0.76
v 0.950656 -1.021122 0.76
v 0.950656 -1.023905 0.76
v 0.958887 -1.0179 0.76
v 0.967355 -1.011823 0.76
v 0.967355 -0.95264 0.76
v 0.970205 -0.955426 0.76
v 0.975245 -0.962513 0.76
v 0.978261 -0.970266 0.76
v 0.979624 -0.981504 0.76
v 0.97938 -0.98668 0.76
v 0.936599 -0.941868 0.76
v 0.949019 -0.94324 0.76
v 0.94962 -1.021527 0.76
v 0.935767 -1.023219 0.76
v 0.913391 -1.023219 0.76
v 0.913391 -0.941868 0.76
v 0.812354 -1.151476 0.76
v 0.808395 -1.15296 0.76
v 0.820853 -1.152274 0.76
v 0.788154 -1.124945 0.76
v 0.790034 -1.108147 0.76
v 0.786053 -1.128257 0.76
v 0.784822 -1.131991 0.76
v 0.812545 -1.101482 0.76
v 0.809083 -1.101118 0.76
v 0.803634 -1.117754 0.76
v 0.815282 -1.149578 0.76
v 0.791134 -1.122192 0.76
v 0.795231 -1.119933 0.76
v 0.797059 -1.10373 0.76
v 0.803441 -1.101661 0.76
v 0.790034 -1.098248 0.76
v 0.792123 -1.097037 0.76
v 0.796686 -1.152938 0.76
v 0.792779 -1.151466 0.76
v 0.780718 -1.15296 0.76
v 0.789348 -1.149071 0.76
v 0.784357 -1.136719 0.76
v 0.78499 -1.141861 0.76
v 0.820853 -1.14329 0.76
v 0.820582 -1.14329 0.76
v 0.818557 -1.146277 0.76
v 0.788492 -1.148227 0.76
v 0.786308 -1.145202 0.76
v 0.847803 -1.119043 0.76
v 0.846479 -1.116928 0.76
v 0.831042 -1.114884 0.76
v 0.845353 -1.113818 0.76
v 0.830052 -1.106343 0.76
v 0.844913 -1.109852 0.76
v 0.820853 -1.115342 0.76
v 0.820501 -1.11085 0.76
v 0.819448 -1.107216 0.76
v 0.818252 -1.105116 0.76
v 0.821123 -1.094994 0.76
v 0.824369 -1.097031 0.76
v 0.848411 -1.100185 0.76
v 0.84947 -1.120787 0.76
v 0.84485 -1.139714 0.76
v 0.84956 -1.120846 0.76
v 0.849282 -1.142405 0.76
v 0.84956 -1.142505 0.76
v 0.799698 -1.094098 0.76
v 0.810039 -1.092841 0.76
v 0.817032 -1.09358 0.76
v 0.845312 -1.106221 0.76
v 0.846522 -1.10294 0.76
v 0.828378 -1.101969 0.76
v 0.826225 -1.098818 0.76
v 0.816713 -1.103476 0.76
v 0.814905 -1.102309 0.76
v 0.80826 -1.15301 0.76
v 0.84956 -1.185185 0.76
v 0.780718 -1.185185 0.76
v 0.802782 -1.153646 0.76
v 0.796872 -1.15296 0.76
v 0.84485 -1.150236 0.76
v 0.831042 -1.152274 0.76
v 0.84956 -1.15189 0.76
v 0.84956 -1.15296 0.76
v 0.852022 -1.152754 0.76
v 0.854004 -1.15296 0.76
v 0.860613 -1.153646 0.76
v 0.881304 -1.09542 0.76
v 0.881304 -1.105318 0.76
v 0.851442 -1.097458 0.76
v 0.853959 -1.095913 0.76
v 0.84956 -1.099151 0.76
v 0.883607 -1.14056 0.76
v 0.882356 -1.14379 0.76
v 0.880458 -1.146477 0.76
v 0.859423 -1.09381 0.76
v 0.867538 -1.092841 0.76
v 0.886742 -1.047758 0.76
v 0.874686 -1.093476 0.76
v 0.88068 -1.126862 0.76
v 0.882581 -1.129666 0.76
v 0.883669 -1.13267 0.76
v 0.884091 -1.136469 0.76
v 0.87754 -1.14903 0.76
v 0.875161 -1.150492 0.76
v 0.86654 -1.101118 0.76
v 0.863523 -1.101344 0.76
v 0.855414 -1.108937 0.76
v 0.860798 -1.102065 0.76
v 0.858513 -1.10328 0.76
v 0.855507 -1.110292 0.76
v 0.855911 -1.111875 0.76
v 0.856646 -1.11325 0.76
v 0.857639 -1.114344 0.76
v 0.861232 -1.116589 0.76
v 0.872698 -1.101757 0.76
v 0.867538 -1.119334 0.76
v 0.878496 -1.103747 0.76
v 0.871483 -1.120931 0.76
v 0.878251 -1.124694 0.76
v 0.856975 -1.104639 0.76
v 0.856102 -1.105936 0.76
v 0.855599 -1.107312 0.76
v 0.855694 -1.14469 0.76
v 0.860343 -1.126737 0.76
v 0.854269 -1.123953 0.76
v 0.861611 -1.145328 0.76
v 0.862061 -1.145326 0.76
v 0.867034 -1.12954 0.76
v 0.867285 -1.14474 0.76
v 0.873631 -1.137468 0.76
v 0.873531 -1.1362 0.76
v 0.869914 -1.143778 0.76
v 0.870843 -1.143214 0.76
v 0.872012 -1.142176 0.76
v 0.872902 -1.140861 0.76
v 0.87342 -1.139412 0.76
v 0.873068 -1.134609 0.76
v 0.87228 -1.133258 0.76
v 0.871011 -1.131936 0.76
v 0.934602 -1.094172 0.76
v 0.945166 -1.094172 0.76
v 0.950656 -1.047758 0.76
v 0.91597 -1.137842 0.76
v 0.917217 -1.142625 0.76
v 0.917488 -1.142625 0.76
v 0.905707 -1.047758 0.76
v 0.905707 -1.10832 0.76
v 0.918735 -1.137925 0.76
v 0.917956 -1.140634 0.76
v 0.905707 -1.15296 0.76
v 0.905707 -1.135671 0.76
v 0.889394 -1.094172 0.76
v 0.900789 -1.094172 0.76
v 0.912185 -1.152149 0.76
v 0.911842 -1.15296 0.76
v 0.907714 -1.162713 0.76
v 0.886742 -1.185185 0.76
v 0.891494 -1.178808 0.76
v 0.891494 -1.169742 0.76
v 0.903766 -1.168547 0.76
v 0.905664 -1.166449 0.76
v 0.905707 -1.166371 0.76
v 0.893578 -1.170425 0.76
v 0.897275 -1.170906 0.76
v 0.905707 -1.177824 0.76
v 0.902183 -1.179167 0.76
v 0.905707 -1.185185 0.76
v 0.898065 -1.17964 0.76
v 0.895816 -1.17956 0.76
v 0.899936 -1.170579 0.76
v 0.902145 -1.169691 0.76
v 0.918798 -1.161049 0.76
v 0.914183 -1.170036 0.76
v 0.950656 -1.185185 0.76
v 0.921987 -1.15296 0.76
v 0.910454 -1.174513 0.76
v 0.909762 -1.175147 0.76
v 0.906203 -1.177635 0.76
v 0.98188 -1.115633 0.76
v 0.966648 -1.115633 0.76
v 0.98188 -1.142999 0.76
v 0.966648 -1.142999 0.76
v 0.998048 -1.070923 0.76
v 0.998048 -1.080281 0.76
v 1.007583 -1.047758 0.76
v 0.999899 -1.142999 0.76
v 1.007583 -1.15296 0.76
v 0.999899 -1.152274 0.76
v 0.98188 -1.15296 0.76
v 0.99574 -1.115633 0.76
v 0.99574 -1.106317 0.76
v 0.98188 -1.106317 0.76
v 0.98188 -1.080281 0.76
v 0.966648 -1.080281 0.76
v 0.966648 -1.106317 0.76
v 0.98188 -1.152274 0.76
v 0.956146 -1.152274 0.76
v 0.950656 -1.15296 0.76
v 0.956146 -1.070923 0.76
v 0.98188 -1.070923 0.76
v 0.98188 -1.047758 0.76
v 1.007583 -0.038968 0.76
v 0.98188 1.5 0.76
v 0.98188 -0.038968 0.76
v 0.950656 1.5 0.76
v 0.950656 -0.038968 0.76
v 0.905707 1.5 0.76
v 0.905707 -0.038968 0.76
v 0.886742 1.5 0.76
v 0.886742 -0.038968 0.76
v 0.84956 1.5 0.76
v 0.780718 1.5 0.76
v -1.07044 1.035663 0.76
v -1.05508 1.072747 0.76
v -1.5 1.5 0.76
v -1.030644 1.104591 0.76
v -0.998799 1.129027 0.76
v -0.773398 0.95607 0.76
v -0.788759 0.918986 0.76
v -0.813194 0.887142 0.76
v -0.845039 0.862706 0.76
v -0.845039 1.129027 0.76
v -0.813194 1.104591 0.76
v -0.236474 1.5 0.76
v -0.768159 0.995867 0.76
v -1.5 -0.038968 0.76
v -0.998799 0.862706 0.76
v -1.030644 0.887142 0.76
v -0.788759 1.072747 0.76
v -0.773398 1.035663 0.76
v -1.05508 0.918986 0.76
v -1.07044 0.95607 0.76
v -1.07568 0.995867 0.76
v -0.961715 1.144387 0.76
v -0.921919 1.149627 0.76
v -0.882123 1.144387 0.76
v -0.882123 0.847346 0.76
v -0.921919 0.842106 0.76
v -0.961715 0.847346 0.76
v 0.773752 -1.013945 0.76
v 0.773752 -1.023219 0.76
v 0.730851 -1.023219 0.76
v 0.730851 -0.941868 0.76
v 0.741353 -0.941868 0.76
v 0.741353 -1.013945 0.76
v 0.775842 -1.047758 0.76
v 1.097615 -1.152274 0.76
v 1.086012 -1.152274 0.76
v 1.147607 -1.152274 0.76
v 1.13931 -1.130023 0.76
v 1.105434 -1.130023 0.76
v 1.159211 -1.152274 0.76
v 1.5 -1.15296 0.76
v 1.128226 -1.070923 0.76
v 1.5 -1.047758 0.76
v 1.116997 -1.070923 0.76
v 1.079285 -1.12526 0.76
v 1.081256 -1.115735 0.76
v 1.081499 -1.110559 0.76
v 1.080136 -1.099321 0.76
v 1.07528 -1.133675 0.76
v 1.06923 -1.140878 0.76
v 1.060762 -1.146955 0.76
v 1.015267 -1.070923 0.76
v 1.015267 -1.152274 0.76
v 1.037642 -1.152274 0.76
v 1.051496 -1.150582 0.76
v 1.06923 -1.081695 0.76
v 1.07208 -1.084481 0.76
v 1.077121 -1.091568 0.76
v 1.038474 -1.070923 0.76
v 1.050895 -1.072295 0.76
v 1.060713 -1.075881 0.76
v 0.775842 -1.15296 0.76
v 0.730851 -1.152274 0.76
v 0.774604 -1.152274 0.76
v 0.774604 -1.142999 0.76
v 0.772753 -1.080281 0.76
v 0.730851 -1.070923 0.76
v 0.772753 -1.070923 0.76
v 0.741353 -1.115633 0.76
v 0.741353 -1.142999 0.76
v 0.770445 -1.115633 0.76
v 0.770445 -1.106317 0.76
v 0.741353 -1.106317 0.76
v 0.741353 -1.080281 0.76
v 0.98188 -1.185185 0.76
v 1.007583 -1.185185 0.76
v 1.5 -1.185185 0.76
v 0.775842 -1.185185 0.76
v 0.775842 -1.5 0.76
v 0.780718 -1.5 0.76
v 0.84956 -1.5 0.76
v 0.886742 -1.5 0.76
v 0.905707 -1.5 0.76
v 0.950656 -1.5 0.76
v 0.98188 -1.5 0.76
v 1.007583 -1.5 0.76
v 1.5 -1.5 0.76
v -1.5 -0.941182 0.76
v -1.5 -1.023905 0.76
v -1.5 -1.047758 0.76
v -1.5 -1.15296 0.76
v -1.5 -1.185185 0.76
v -1.5 -1.5 0.76
v -0.625 -1.5 0.2
v -0.625 -1.5 0.01
v -0.375 -1.5 0.01
v -0.375 -1.5 0.2
v -0.875 -1.5 0.2
v -0.875 -1.5 0.01
v -1.5 -1.5 0.01
v -0.125 -1.5 0.01
v 0.125 -1.5 0.01
v -0.125 -1.5 0.2
v 0.125 -1.5 0.2
v 0.375 -1.5 0.01
v 0.625 -1.5 0.01
v 0.375 -1.5 0.2
v 0.625 -1.5 0.2
v 0.875 -1.5 0.01
v 1.5 -1.5 0.01
v 0.875 -1.5 0.2
v 1.5 -0.125 0.2
v 1.5 -0.125 0.01
v 1.5 0.125 0.01
v 1.5 -0.625 0.2
v 1.5 -0.875 0.2
v 1.5 -0.625 0.01
v 1.5 -0.375 0.01
v 1.5 -0.375 0.2
v 1.5 0.125 0.2
v 1.5 0.375 0.01
v 1.5 0.625 0.01
v 1.5 0.375 0.2
v 1.5 0.625 0.2
v 1.5 0.875 0.01
v 1.5 1.5 0.01
v 1.5 0.875 0.2
v 1.5 -0.875 0.01
v 0.125 1.5 0.2
v 0.125 1.5 0.01
v -0.125 1.5 0.01
v 0.875 1.5 0.2
v 0.625 1.5 0.2
v -0.375 1.5 0.01
v -0.625 1.5 0.01
v -0.375 1.5 0.2
v -0.625 1.5 0.2
v -0.125 1.5 0.2
v 0.375 1.5 0.2
v 0.375 1.5 0.01
v 0.625 1.5 0.01
v -0.875 1.5 0.01
v -1.5 1.5 0.01
v -0.875 1.5 0.2
v 0.875 1.5 0.01
v -1.5 -0.875 0.01
v -1.235 -0.875 0.01
v 1.126747 0.8125 0.01
v 1.114259 0.782352 0.01
v 0.85 0.85 0.01
v -0.641747 1.1725 0.01
v -0.629259 1.202648 0.01
v -0.282352 1.114259 0.01
v -1.202648 0.629259 0.01
v -1.1725 0.641747 0.01
v -0.85 0.5 0.01
v -1.146612 0.661612 0.01
v -1.126747 0.6875 0.01
v -0.717648 1.114259 0.01
v -0.6875 1.126747 0.01
v -0.5 0.85 0.01
v -0.661612 1.146612 0.01
v -1.202648 -0.870741 0.01
v -1.1725 -0.858253 0.01
v -0.85 -0.85 0.01
v -0.75 -1.11 0.01
v -0.782352 -1.114259 0.01
v -1.146612 -0.838388 0.01
v -1.126747 -0.8125 0.01
v -1.114259 -0.782352 0.01
v 0.875 -1.235 0.01
v 0.870741 -1.202648 0.01
v 0.858253 -1.1725 0.01
v 0.85 -0.85 0.01
v 0.838388 -1.146612 0.01
v 0.8125 -1.126747 0.01
v 0.782352 -1.114259 0.01
v 0.75 -1.11 0.01
v -0.25 -1.11 0.01
v -0.282352 -1.114259 0.01
v 1.202648 0.629259 0.01
v 1.146612 0.338388 0.01
v 1.1725 0.641747 0.01
v 1.146612 0.661612 0.01
v 0.661612 1.146612 0.01
v 0.6875 1.126747 0.01
v 0.75 1.11 0.01
v 0.782352 1.114259 0.01
v 0.875 1.235 0.01
v 0.870741 1.202648 0.01
v -1.5 0.875 0.01
v -0.875 1.235 0.01
v -0.870741 1.202648 0.01
v -1.146612 0.338388 0.01
v -1.1725 0.358253 0.01
v 1.235 0.875 0.01
v 1.11 0.75 0.01
v 1.114259 0.717648 0.01
v 1.126747 0.6875 0.01
v 1.114259 0.217648 0.01
v 1.235 -0.125 0.01
v 1.202648 -0.129259 0.01
v -0.358253 1.1725 0.01
v -0.338388 1.146612 0.01
v -0.3125 1.126747 0.01
v 0.161612 1.146612 0.01
v 0.1875 1.126747 0.01
v -0.1875 1.126747 0.01
v 0.217648 1.114259 0.01
v -0.217648 1.114259 0.01
v 0.717648 1.114259 0.01
v 0.8125 1.126747 0.01
v 0.838388 1.146612 0.01
v 0.858253 1.1725 0.01
v -0.75 1.11 0.01
v -0.782352 1.114259 0.01
v -1.11 -0.75 0.01
v -1.114259 -0.717648 0.01
v -1.126747 -0.3125 0.01
v -1.126747 -0.6875 0.01
v -1.146612 -0.661612 0.01
v -1.1725 -0.641747 0.01
v -1.202648 -0.629259 0.01
v -1.146612 -0.338388 0.01
v -1.1725 -0.358253 0.01
v -1.114259 -0.217648 0.01
v -1.11 -0.25 0.01
v -1.114259 -0.282352 0.01
v -1.114259 0.217648 0.01
v -1.126747 0.1875 0.01
v -1.146612 0.161612 0.01
v -1.11 0.25 0.01
v -1.114259 0.282352 0.01
v -1.126747 0.3125 0.01
v 0.358253 -1.1725 0.01
v 0.338388 -1.146612 0.01
v 0.3125 -1.126747 0.01
v -0.858253 -1.1725 0.01
v -0.838388 -1.146612 0.01
v -0.8125 -1.126747 0.01
v -0.870741 -1.202648 0.01
v -0.875 -1.235 0.01
v 1.202648 0.870741 0.01
v 1.1725 0.858253 0.01
v 1.146612 0.838388 0.01
v 1.235 0.625 0.01
v 1.126747 0.1875 0.01
v 1.146612 0.161612 0.01
v 1.1725 0.141747 0.01
v 1.235 -0.875 0.01
v 1.202648 -0.870741 0.01
v -0.625 1.235 0.01
v -0.375 1.235 0.01
v -0.370741 1.202648 0.01
v -0.25 1.11 0.01
v -1.5 -0.625 0.01
v -1.5 -0.375 0.01
v -1.235 -0.625 0.01
v -1.235 -0.375 0.01
v -1.202648 -0.370741 0.01
v -1.126747 -0.1875 0.01
v -1.146612 -0.161612 0.01
v -1.202648 0.129259 0.01
v -1.1725 -0.141747 0.01
v -1.1725 0.141747 0.01
v -0.3125 -1.126747 0.01
v -0.338388 -1.146612 0.01
v -0.661612 -1.146612 0.01
v -0.358253 -1.1725 0.01
v -0.370741 -1.202648 0.01
v 1.235 0.375 0.01
v 1.202648 0.370741 0.01
v 1.1725 0.358253 0.01
v 1.1725 -0.141747 0.01
v 1.146612 -0.161612 0.01
v 1.11 0.25 0.01
v 1.126747 -0.1875 0.01
v 0.25 1.11 0.01
v 0.282352 1.114259 0.01
v -0.858253 1.1725 0.01
v -1.202648 0.870741 0.01
v -1.235 0.875 0.01
v -1.235 0.375 0.01
v -1.5 0.375 0.01
v -1.5 0.625 0.01
v 0.661612 -1.146612 0.01
v 0.6875 -1.126747 0.01
v 0.717648 -1.114259 0.01
v 0.1875 -1.126747 0.01
v -0.161612 -1.146612 0.01
v 0.217648 -1.114259 0.01
v -0.1875 -1.126747 0.01
v -0.217648 -1.114259 0.01
v -0.6875 -1.126747 0.01
v -0.717648 -1.114259 0.01
v 1.114259 -0.217648 0.01
v 1.11 -0.25 0.01
v 1.114259 -0.282352 0.01
v 1.126747 -0.3125 0.01
v 1.146612 -0.338388 0.01
v 1.114259 -0.782352 0.01
v 1.11 -0.75 0.01
v 1.114259 -0.717648 0.01
v 1.126747 -0.8125 0.01
v 1.146612 -0.838388 0.01
v 1.1725 -0.858253 0.01
v 0.129259 1.202648 0.01
v -0.161612 1.146612 0.01
v -0.141747 1.1725 0.01
v 0.141747 1.1725 0.01
v 0.641747 1.1725 0.01
v 0.629259 1.202648 0.01
v 0.3125 1.126747 0.01
v 0.338388 1.146612 0.01
v -1.202648 0.370741 0.01
v -1.235 0.625 0.01
v 0.625 -1.235 0.01
v 0.25 -1.11 0.01
v 0.282352 -1.114259 0.01
v 1.235 0.125 0.01
v 1.202648 0.129259 0.01
v 0.375 1.235 0.01
v 0.625 1.235 0.01
v 0.370741 1.202648 0.01
v 0.358253 1.1725 0.01
v -1.114259 0.717648 0.01
v -1.11 0.75 0.01
v -1.114259 0.782352 0.01
v -0.8125 1.126747 0.01
v -1.126747 0.8125 0.01
v -0.838388 1.146612 0.01
v -1.146612 0.838388 0.01
v -1.1725 0.858253 0.01
v -1.235 -0.125 0.01
v -1.5 -0.125 0.01
v -1.5 0.125 0.01
v 0.641747 -1.1725 0.01
v 0.629259 -1.202648 0.01
v 0.370741 -1.202648 0.01
v 0.375 -1.235 0.01
v 1.114259 0.282352 0.01
v 1.126747 0.3125 0.01
v 1.202648 -0.629259 0.01
v 1.1725 -0.358253 0.01
v 1.1725 -0.641747 0.01
v 1.146612 -0.661612 0.01
v 1.126747 -0.6875 0.01
v -1.202648 -0.129259 0.01
v -1.235 0.125 0.01
v -0.375 -1.235 0.01
v -0.125 1.235 0.01
v 0.125 -1.235 0.01
v -0.625 -1.235 0.01
v -0.629259 -1.202648 0.01
v -0.641747 -1.1725 0.01
v -0.129259 1.202648 0.01
v 0.125 1.235 0.01
v 0.161612 -1.146612 0.01
v 0.141747 -1.1725 0.01
v -0.141747 -1.1725 0.01
v 0.129259 -1.202648 0.01
v -0.129259 -1.202648 0.01
v -0.125 -1.235 0.01
v 1.235 -0.375 0.01
v 1.202648 -0.370741 0.01
v 1.235 -0.625 0.01
v -1.5 -0.875 0.2
v -1.5 0.875 0.2
v -1.5 0.625 0.2
v -1.5 0.375 0.2
v -1.5 0.125 0.2
v -1.5 -0.125 0.2
v -1.5 -0.375 0.2
v -1.5 -0.625 0.2
v -1.51 0.875 0.2
v -1.51 0.625 0.2
newmtl 2
Ka 0.8509803921568627 0.8509803921568627 0.8509803921568627
Kd 0.8509803921568627 0.8509803921568627 0.8509803921568627
Ks 0.4235294117647059 0.4235294117647059 0.4235294117647059
d 0.0
endmtl
v -1.235 0.875 0.0
v -1.51 0.875 0.0
v -1.51 0.625 0.0
v -1.235 0.625 0.0
v -1.202648 0.629259 0.0
v -1.1725 0.641747 0.0
v -1.146612 0.661612 0.0
v -1.126747 0.6875 0.0
v -1.114259 0.717648 0.0
v -1.11 0.75 0.0
v -1.114259 0.782352 0.0
v -1.126747 0.8125 0.0
v -1.146612 0.838388 0.0
v -1.1725 0.858253 0.0
v -1.202648 0.870741 0.0
v -1.51 0.375 0.2
v -1.51 0.125 0.2
v -1.235 0.375 0.0
v -1.51 0.375 0.0
v -1.51 0.125 0.0
v -1.235 0.125 0.0
v -1.202648 0.129259 0.0
v -1.1725 0.141747 0.0
v -1.146612 0.161612 0.0
v -1.126747 0.1875 0.0
v -1.114259 0.217648 0.0
v -1.11 0.25 0.0
v -1.114259 0.282352 0.0
v -1.126747 0.3125 0.0
v -1.146612 0.338388 0.0
v -1.1725 0.358253 0.0
v -1.202648 0.370741 0.0
v -1.51 -0.125 0.2
v -1.51 -0.375 0.2
v -1.235 -0.125 0.0
v -1.51 -0.125 0.0
v -1.51 -0.375 0.0
v -1.235 -0.375 0.0
v -1.202648 -0.370741 0.0
v -1.1725 -0.358253 0.0
v -1.146612 -0.338388 0.0
v -1.126747 -0.3125 0.0
v -1.114259 -0.282352 0.0
v -1.11 -0.25 0.0
v -1.114259 -0.217648 0.0
v -1.126747 -0.1875 0.0
v -1.146612 -0.161612 0.0
v -1.1725 -0.141747 0.0
v -1.202648 -0.129259 0.0
v -1.51 -0.625 0.2
v -1.51 -0.875 0.2
v -1.235 -0.625 0.0
v -1.51 -0.625 0.0
v -1.51 -0.875 0.0
v -1.235 -0.875 0.0
v -1.202648 -0.870741 0.0
v -1.1725 -0.858253 0.0
v -1.146612 -0.838388 0.0
v -1.126747 -0.8125 0.0
v -1.114259 -0.782352 0.0
v -1.11 -0.75 0.0
v -1.114259 -0.717648 0.0
v -1.126747 -0.6875 0.0
v -1.146612 -0.661612 0.0
v -1.1725 -0.641747 0.0
v -1.202648 -0.629259 0.0
v 0.85 -0.85 0.0
v 0.85 0.85 0.0
v -0.5 0.85 0.0
v -0.85 0.5 0.0
v -0.85 -0.85 0.0
v 0.625 1.235 0.0
v 0.629259 1.202648 0.0
v 0.641747 1.1725 0.0
v 0.661612 1.146612 0.0
v 0.6875 1.126747 0.0
v 0.717648 1.114259 0.0
v 0.75 1.11 0.0
v 0.782352 1.114259 0.0
v 0.8125 1.126747 0.0
v 0.838388 1.146612 0.0
v 0.858253 1.1725 0.0
v 0.870741 1.202648 0.0
v 0.875 1.235 0.0
v 0.875 1.51 0.0
v 0.875 1.51 0.2
v 0.625 1.51 0.2
v 0.625 1.51 0.0
v 0.375 1.51 0.2
v 0.125 1.51 0.2
v 0.375 1.235 0.0
v 0.375 1.51 0.0
v 0.125 1.51 0.0
v 0.125 1.235 0.0
v 0.129259 1.202648 0.0
v 0.141747 1.1725 0.0
v 0.161612 1.146612 0.0
v 0.1875 1.126747 0.0
v 0.217648 1.114259 0.0
v 0.25 1.11 0.0
v 0.282352 1.114259 0.0
v 0.3125 1.126747 0.0
v 0.338388 1.146612 0.0
v 0.358253 1.1725 0.0
v 0.370741 1.202648 0.0
v -0.125 1.51 0.2
v -0.375 1.51 0.2
v -0.125 1.235 0.0
v -0.125 1.51 0.0
v -0.375 1.51 0.0
v -0.375 1.235 0.0
v -0.370741 1.202648 0.0
v -0.358253 1.1725 0.0
v -0.338388 1.146612 0.0
v -0.3125 1.126747 0.0
v -0.282352 1.114259 0.0
v -0.25 1.11 0.0
v -0.217648 1.114259 0.0
v -0.1875 1.126747 0.0
v -0.161612 1.146612 0.0
v -0.141747 1.1725 0.0
v -0.129259 1.202648 0.0
v -0.625 1.51 0.2
v -0.875 1.51 0.2
v -0.625 1.235 0.0
v -0.625 1.51 0.0
v -0.875 1.51 0.0
v -0.875 1.235 0.0
v -0.870741 1.202648 0.0
v -0.858253 1.1725 0.0
v -0.838388 1.146612 0.0
v -0.8125 1.126747 0.0
v -0.782352 1.114259 0.0
v -0.75 1.11 0.0
v -0.717648 1.114259 0.0
v -0.6875 1.126747 0.0
v -0.661612 1.146612 0.0
v -0.641747 1.1725 0.0
v -0.629259 1.202648 0.0
v 1.235 -0.625 0.0
v 1.202648 -0.629259 0.0
v 1.1725 -0.641747 0.0
v 1.146612 -0.661612 0.0
v 1.126747 -0.6875 0.0
v 1.114259 -0.717648 0.0
v 1.11 -0.75 0.0
v 1.114259 -0.782352 0.0
v 1.126747 -0.8125 0.0
v 1.146612 -0.838388 0.0
v 1.1725 -0.858253 0.0
v 1.202648 -0.870741 0.0
v 1.235 -0.875 0.0
v 1.51 -0.875 0.0
v 1.51 -0.875 0.2
v 1.51 -0.625 0.2
v 1.51 -0.625 0.0
v 1.51 -0.375 0.2
v 1.51 -0.125 0.2
v 1.235 -0.375 0.0
v 1.51 -0.375 0.0
v 1.51 -0.125 0.0
v 1.235 -0.125 0.0
v 1.202648 -0.129259 0.0
v 1.1725 -0.141747 0.0
v 1.146612 -0.161612 0.0
v 1.126747 -0.1875 0.0
v 1.114259 -0.217648 0.0
v 1.11 -0.25 0.0
v 1.114259 -0.282352 0.0
v 1.126747 -0.3125 0.0
v 1.146612 -0.338388 0.0
v 1.1725 -0.358253 0.0
v 1.202648 -0.370741 0.0
v 1.51 0.125 0.2
v 1.51 0.375 0.2
v 1.235 0.125 0.0
v 1.51 0.125 0.0
v 1.51 0.375 0.0
v 1.235 0.375 0.0
v 1.202648 0.370741 0.0
v 1.1725 0.358253 0.0
v 1.146612 0.338388 0.0
v 1.126747 0.3125 0.0
v 1.114259 0.282352 0.0
v 1.11 0.25 0.0
v 1.114259 0.217648 0.0
v 1.126747 0.1875 0.0
v 1.146612 0.161612 0.0
v 1.1725 0.141747 0.0
v 1.202648 0.129259 0.0
v 1.51 0.625 0.2
v 1.51 0.875 0.2
v 1.235 0.625 0.0
v 1.51 0.625 0.0
v 1.51 0.875 0.0
v 1.235 0.875 0.0
v 1.202648 0.870741 0.0
v 1.1725 0.858253 0.0
v 1.146612 0.838388 0.0
v 1.126747 0.8125 0.0
v 1.114259 0.782352 0.0
v 1.11 0.75 0.0
v 1.114259 0.717648 0.0
v 1.126747 0.6875 0.0
v 1.146612 0.661612 0.0
v 1.1725 0.641747 0.0
v 1.202648 0.629259 0.0
v -0.625 -1.235 0.0
v -0.629259 -1.202648 0.0
v -0.641747 -1.1725 0.0
v -0.661612 -1.146612 0.0
v -0.6875 -1.126747 0.0
v -0.717648 -1.114259 0.0
v -0.75 -1.11 0.0
v -0.782352 -1.114259 0.0
v -0.8125 -1.126747 0.0
v -0.838388 -1.146612 0.0
v -0.858253 -1.1725 0.0
v -0.870741 -1.202648 0.0
v -0.875 -1.235 0.0
v -0.875 -1.51 0.0
v -0.875 -1.51 0.2
v -0.625 -1.51 0.2
v -0.625 -1.51 0.0
v -0.375 -1.51 0.2
v -0.125 -1.51 0.2
v -0.375 -1.235 0.0
v -0.375 -1.51 0.0
v -0.125 -1.51 0.0
v -0.125 -1.235 0.0
v -0.129259 -1.202648 0.0
v -0.141747 -1.1725 0.0
v -0.161612 -1.146612 0.0
v -0.1875 -1.126747 0.0
v -0.217648 -1.114259 0.0
v -0.25 -1.11 0.0
v -0.282352 -1.114259 0.0
v -0.3125 -1.126747 0.0
v -0.338388 -1.146612 0.0
v -0.358253 -1.1725 0.0
v -0.370741 -1.202648 0.0
v 0.125 -1.51 0.2
v 0.375 -1.51 0.2
v 0.125 -1.235 0.0
v 0.125 -1.51 0.0
v 0.375 -1.51 0.0
v 0.375 -1.235 0.0
v 0.370741 -1.202648 0.0
v 0.358253 -1.1725 0.0
v 0.338388 -1.146612 0.0
v 0.3125 -1.126747 0.0
v 0.282352 -1.114259 0.0
v 0.25 -1.11 0.0
v 0.217648 -1.114259 0.0
v 0.1875 -1.126747 0.0
v 0.161612 -1.146612 0.0
v 0.141747 -1.1725 0.0
v 0.129259 -1.202648 0.0
v 0.625 -1.51 0.2
v 0.875 -1.51 0.2
v 0.625 -1.235 0.0
v 0.625 -1.51 0.0
v 0.875 -1.51 0.0
v 0.875 -1.235 0.0
v 0.870741 -1.202648 0.0
v 0.858253 -1.1725 0.0
v 0.838388 -1.146612 0.0
v 0.8125 -1.126747 0.0
v 0.782352 -1.114259 0.0
v 0.75 -1.11 0.0
v 0.717648 -1.114259 0.0
v 0.6875 -1.126747 0.0
v 0.661612 -1.146612 0.0
v 0.641747 -1.1725 0.0
v 0.629259 -1.202648 0.0
v -0.768159 0.995867 0.75
v -0.773398 1.035663 0.75
newmtl 3
Ka 1.0 1.0 1.0
Kd 1.0 1.0 1.0
Ks 0.5019607843137255 0.5019607843137255 0.5019607843137255
d 0.0
endmtl
v -0.788759 1.072747 0.75
v -0.813194 1.104591 0.75
v -0.845039 1.129027 0.75
v -0.882123 1.144387 0.75
v -0.921919 1.149627 0.75
v -0.961715 1.144387 0.75
v -0.998799 1.129027 0.75
v -1.030644 1.104591 0.75
v -1.05508 1.072747 0.75
v -1.07044 1.035663 0.75
v -1.07568 0.995867 0.75
v -1.07044 0.95607 0.75
v -1.05508 0.918986 0.75
v -1.030644 0.887142 0.75
v -0.998799 0.862706 0.75
v -0.961715 0.847346 0.75
v -0.921919 0.842106 0.75
v -0.882123 0.847346 0.75
v -0.845039 0.862706 0.75
v -0.813194 0.887142 0.75
v -0.788759 0.918986 0.75
v -0.773398 0.95607 0.75
v -0.921919 0.995867 0.75
v 0.773752 -1.013945 0.7601
v 0.773752 -1.023219 0.7601
v 0.741353 -1.013945 0.7601
v 0.741353 -0.941868 0.7601
v 0.730851 -0.941868 0.7601
v 0.730851 -1.023219 0.7601
v 0.827866 -1.023406 0.7601
v 0.815467 -1.024592 0.7601
v 0.8366 -1.020542 0.7601
v 0.837988 -1.01985 0.7601
v 0.837988 -1.009785 0.7601
v 0.82999 -1.013378 0.7601
v 0.82079 -1.015092 0.7601
v 0.816985 -1.015234 0.7601
v 0.808825 -1.014254 0.7601
v 0.803024 -1.012019 0.7601
v 0.797704 -1.008265 0.7601
v 0.796086 -1.006666 0.7601
v 0.792552 -1.00192 0.7601
v 0.789758 -0.995518 0.7601
v 0.788275 -0.987645 0.7601
v 0.7881 -0.983459 0.7601
v 0.789452 -0.972238 0.7601
v 0.792184 -0.965222 0.7601
v 0.796124 -0.959576 0.7601
v 0.796647 -0.959004 0.7601
v 0.801339 -0.954987 0.7601
v 0.807628 -0.95179 0.7601
v 0.814554 -0.950213 0.7601
v 0.818815 -0.949979 0.7601
v 0.82883 -0.951174 0.7601
v 0.837082 -0.954314 0.7601
v 0.837988 -0.954803 0.7601
v 0.837988 -0.943823 0.7601
v 0.818711 -0.940496 0.7601
v 0.818735 -0.940496 0.7601
v 0.829383 -0.941336 0.7601
v 0.806922 -0.941932 0.7601
v 0.798425 -0.945238 0.7601
v 0.790813 -0.950578 0.7601
v 0.788828 -0.952474 0.7601
v 0.78293 -0.960179 0.7601
v 0.779067 -0.969216 0.7601
v 0.777222 -0.979836 0.7601
v 0.777079 -0.984083 0.7601
v 0.787518 -1.013487 0.7601
v 0.782015 -1.005851 0.7601
v 0.778696 -0.997373 0.7601
v 0.810551 -1.024359 0.7601
v 0.794059 -1.018922 0.7601
v 0.801736 -1.022543 0.7601
v 0.898023 -1.013945 0.7601
v 0.898023 -1.023219 0.7601
v 0.864772 -1.013945 0.7601
v 0.864772 -0.986578 0.7601
v 0.893865 -0.986578 0.7601
v 0.893865 -0.977262 0.7601
v 0.864772 -0.977262 0.7601
v 0.864772 -0.951226 0.7601
v 0.896173 -0.951226 0.7601
v 0.896173 -0.941868 0.7601
v 0.85427 -0.941868 0.7601
v 0.85427 -1.023219 0.7601
v 0.967355 -1.011823 0.7601
v 0.95897 -1.006318 0.7601
v 0.958887 -1.0179 0.7601
v 0.953731 -1.009971 0.7601
v 0.94962 -1.021527 0.7601
v 0.947026 -1.012585 0.7601
v 0.935767 -1.023219 0.7601
v 0.935704 -1.013945 0.7601
v 0.913391 -1.023219 0.7601
v 0.923893 -1.013945 0.7601
v 0.913391 -0.941868 0.7601
v 0.923893 -0.951226 0.7601
v 0.936599 -0.941868 0.7601
v 0.936183 -0.951226 0.7601
v 0.939311 -0.951318 0.7601
v 0.949019 -0.94324 0.7601
v 0.947817 -0.952682 0.7601
v 0.958837 -0.946826 0.7601
v 0.954673 -0.95543 0.7601
v 0.967355 -0.95264 0.7601
v 0.95966 -0.958879 0.7601
v 0.970205 -0.955426 0.7601
v 0.961904 -0.961086 0.7601
v 0.975245 -0.962513 0.7601
v 0.965063 -0.965639 0.7601
v 0.978261 -0.970266 0.7601
v 0.967362 -0.971566 0.7601
v 0.979624 -0.981504 0.7601
v 0.968581 -0.981795 0.7601
v 0.97938 -0.98668 0.7601
v 0.968206 -0.98784 0.7601
v 0.97741 -0.996206 0.7601
v 0.966495 -0.995095 0.7601
v 0.973405 -1.00462 0.7601
v 0.963568 -1.001015 0.7601
v 0.959889 -1.00546 0.7601
v 0.936183 -0.951226 0.76
v 0.923893 -0.951226 0.76
v 0.923893 -1.013945 0.76
v 0.935704 -1.013945 0.76
v 0.959889 -1.00546 0.76
v 0.95897 -1.006318 0.76
v 0.953731 -1.009971 0.76
v 0.947026 -1.012585 0.76
v 0.968581 -0.981795 0.76
v 0.968206 -0.98784 0.76
v 0.966495 -0.995095 0.76
v 0.963568 -1.001015 0.76
v 0.95966 -0.958879 0.76
v 0.961904 -0.961086 0.76
v 0.965063 -0.965639 0.76
v 0.967362 -0.971566 0.76
v 0.939311 -0.951318 0.76
v 0.947817 -0.952682 0.76
v 0.954673 -0.95543 0.76
v 1.006886 -0.991777 0.7601
v 1.003559 -1.000968 0.7601
v 1.03419 -0.991777 0.7601
v 1.037434 -1.000968 0.7601
v 1.019051 -0.957964 0.7601
v 1.015121 -0.941868 0.7601
v 0.984136 -1.023219 0.7601
v 0.99574 -1.023219 0.7601
v 1.019756 -0.955536 0.7601
v 1.020382 -0.952266 0.7601
v 1.02635 -0.941868 0.7601
v 1.020632 -0.952266 0.7601
v 1.021289 -0.955708 0.7601
v 1.0219 -0.957964 0.7601
v 1.057335 -1.023219 0.7601
v 1.045731 -1.023219 0.7601
v 1.006886 -0.991777 0.76
v 1.03419 -0.991777 0.76
v 1.0219 -0.957964 0.76
v 1.020632 -0.952266 0.76
v 1.021289 -0.955708 0.76
v 1.020382 -0.952266 0.76
v 1.019051 -0.957964 0.76
v 1.019756 -0.955536 0.76
v 0.774604 -1.142999 0.7601
v 0.774604 -1.152274 0.7601
v 0.741353 -1.142999 0.7601
v 0.741353 -1.115633 0.7601
v 0.770445 -1.115633 0.7601
v 0.770445 -1.106317 0.7601
v 0.741353 -1.106317 0.7601
v 0.741353 -1.080281 0.7601
v 0.772753 -1.080281 0.7601
v 0.772753 -1.070923 0.7601
v 0.730851 -1.070923 0.7601
v 0.730851 -1.152274 0.7601
v 0.820853 -1.152274 0.7601
v 0.831042 -1.152274 0.7601
v 0.820853 -1.14329 0.7601
v 0.831042 -1.114884 0.7601
v 0.820582 -1.14329 0.7601
v 0.815209 -1.141793 0.7601
v 0.818557 -1.146277 0.7601
v 0.81233 -1.143736 0.7601
v 0.800665 -1.126542 0.7601
v 0.807253 -1.124949 0.7601
v 0.820853 -1.123119 0.7601
v 0.820853 -1.128692 0.7601
v 0.820843 -1.129368 0.7601
v 0.820187 -1.133915 0.7601
v 0.818692 -1.13755 0.7601
v 0.816486 -1.140545 0.7601
v 0.817032 -1.09358 0.7601
v 0.814905 -1.102309 0.7601
v 0.821123 -1.094994 0.7601
v 0.816713 -1.103476 0.7601
v 0.798442 -1.127688 0.7601
v 0.820853 -1.115342 0.7601
v 0.820501 -1.11085 0.7601
v 0.830052 -1.106343 0.7601
v 0.819448 -1.107216 0.7601
v 0.828378 -1.101969 0.7601
v 0.818252 -1.105116 0.7601
v 0.826225 -1.098818 0.7601
v 0.824369 -1.097031 0.7601
v 0.790034 -1.098248 0.7601
v 0.790034 -1.108147 0.7601
v 0.792123 -1.097037 0.7601
v 0.797059 -1.10373 0.7601
v 0.799698 -1.094098 0.7601
v 0.803441 -1.101661 0.7601
v 0.810039 -1.092841 0.7601
v 0.809083 -1.101118 0.7601
v 0.812545 -1.101482 0.7601
v 0.796779 -1.141796 0.7601
v 0.789348 -1.149071 0.7601
v 0.797645 -1.142667 0.7601
v 0.792779 -1.151466 0.7601
v 0.799676 -1.144053 0.7601
v 0.796686 -1.152938 0.7601
v 0.801981 -1.144899 0.7601
v 0.802782 -1.153646 0.7601
v 0.805423 -1.145287 0.7601
v 0.80826 -1.15301 0.7601
v 0.809239 -1.14486 0.7601
v 0.812354 -1.151476 0.7601
v 0.815282 -1.149578 0.7601
v 0.803634 -1.117754 0.7601
v 0.795231 -1.119933 0.7601
v 0.797396 -1.128526 0.7601
v 0.791134 -1.122192 0.7601
v 0.796176 -1.130036 0.7601
v 0.788154 -1.124945 0.7601
v 0.795282 -1.131936 0.7601
v 0.786053 -1.128257 0.7601
v 0.794779 -1.13427 0.7601
v 0.784822 -1.131991 0.7601
v 0.794692 -1.135887 0.7601
v 0.784357 -1.136719 0.7601
v 0.794951 -1.138227 0.7601
v 0.78499 -1.141861 0.7601
v 0.795621 -1.140078 0.7601
v 0.786308 -1.145202 0.7601
v 0.788492 -1.148227 0.7601
v 0.797396 -1.128526 0.76
v 0.798442 -1.127688 0.76
v 0.800665 -1.126542 0.76
v 0.807253 -1.124949 0.76
v 0.794692 -1.135887 0.76
v 0.794779 -1.13427 0.76
v 0.795282 -1.131936 0.76
v 0.796176 -1.130036 0.76
v 0.797645 -1.142667 0.76
v 0.796779 -1.141796 0.76
v 0.795621 -1.140078 0.76
v 0.794951 -1.138227 0.76
v 0.805423 -1.145287 0.76
v 0.801981 -1.144899 0.76
v 0.799676 -1.144053 0.76
v 0.816486 -1.140545 0.76
v 0.815209 -1.141793 0.76
v 0.81233 -1.143736 0.76
v 0.809239 -1.14486 0.76
v 0.820853 -1.128692 0.76
v 0.820843 -1.129368 0.76
v 0.820187 -1.133915 0.76
v 0.818692 -1.13755 0.76
v 0.820853 -1.123119 0.76
v 0.861611 -1.145328 0.7601
v 0.849282 -1.142405 0.7601
v 0.855694 -1.14469 0.7601
v 0.84485 -1.139714 0.7601
v 0.84485 -1.150236 0.7601
v 0.852022 -1.152754 0.7601
v 0.860613 -1.153646 0.7601
v 0.869798 -1.152558 0.7601
v 0.875161 -1.150492 0.7601
v 0.87754 -1.14903 0.7601
v 0.880458 -1.146477 0.7601
v 0.882356 -1.14379 0.7601
v 0.883607 -1.14056 0.7601
v 0.884091 -1.136469 0.7601
v 0.883669 -1.13267 0.7601
v 0.882581 -1.129666 0.7601
v 0.88068 -1.126862 0.7601
v 0.878251 -1.124694 0.7601
v 0.871483 -1.120931 0.7601
v 0.867538 -1.119334 0.7601
v 0.861232 -1.116589 0.7601
v 0.857639 -1.114344 0.7601
v 0.856646 -1.11325 0.7601
v 0.855911 -1.111875 0.7601
v 0.855507 -1.110292 0.7601
v 0.855414 -1.108937 0.7601
v 0.855599 -1.107312 0.7601
v 0.856102 -1.105936 0.7601
v 0.856975 -1.104639 0.7601
v 0.858513 -1.10328 0.7601
v 0.860798 -1.102065 0.7601
v 0.863523 -1.101344 0.7601
v 0.86654 -1.101118 0.7601
v 0.872698 -1.101757 0.7601
v 0.878496 -1.103747 0.7601
v 0.881304 -1.105318 0.7601
v 0.881304 -1.09542 0.7601
v 0.874686 -1.093476 0.7601
v 0.867538 -1.092841 0.7601
v 0.859423 -1.09381 0.7601
v 0.853959 -1.095913 0.7601
v 0.851442 -1.097458 0.7601
v 0.848411 -1.100185 0.7601
v 0.846522 -1.10294 0.7601
v 0.845312 -1.106221 0.7601
v 0.844913 -1.109852 0.7601
v 0.845353 -1.113818 0.7601
v 0.846479 -1.116928 0.7601
v 0.847803 -1.119043 0.7601
v 0.860343 -1.126737 0.7601
v 0.854269 -1.123953 0.7601
v 0.84947 -1.120787 0.7601
v 0.867034 -1.12954 0.7601
v 0.871011 -1.131936 0.7601
v 0.87228 -1.133258 0.7601
v 0.873068 -1.134609 0.7601
v 0.873531 -1.1362 0.7601
v 0.873631 -1.137468 0.7601
v 0.87342 -1.139412 0.7601
v 0.872902 -1.140861 0.7601
v 0.872012 -1.142176 0.7601
v 0.870843 -1.143214 0.7601
v 0.869914 -1.143778 0.7601
v 0.867285 -1.14474 0.7601
v 0.862061 -1.145326 0.7601
v 0.934602 -1.094172 0.7601
v 0.945166 -1.094172 0.7601
v 0.918735 -1.137925 0.7601
v 0.917956 -1.140634 0.7601
v 0.917488 -1.142625 0.7601
v 0.917217 -1.142625 0.7601
v 0.91597 -1.137842 0.7601
v 0.900789 -1.094172 0.7601
v 0.889394 -1.094172 0.7601
v 0.912185 -1.152149 0.7601
v 0.907714 -1.162713 0.7601
v 0.905664 -1.166449 0.7601
v 0.903766 -1.168547 0.7601
v 0.902145 -1.169691 0.7601
v 0.899936 -1.170579 0.7601
v 0.897275 -1.170906 0.7601
v 0.893578 -1.170425 0.7601
v 0.891494 -1.169742 0.7601
v 0.891494 -1.178808 0.7601
v 0.895816 -1.17956 0.7601
v 0.898065 -1.17964 0.7601
v 0.902183 -1.179167 0.7601
v 0.906203 -1.177635 0.7601
v 0.909762 -1.175147 0.7601
v 0.910454 -1.174513 0.7601
v 0.914183 -1.170036 0.7601
v 0.918798 -1.161049 0.7601
v 0.999899 -1.142999 0.7601
v 0.999899 -1.152274 0.7601
v 0.966648 -1.142999 0.7601
v 0.966648 -1.115633 0.7601
v 0.99574 -1.115633 0.7601
v 0.99574 -1.106317 0.7601
v 0.966648 -1.106317 0.7601
v 0.966648 -1.080281 0.7601
v 0.998048 -1.080281 0.7601
v 0.998048 -1.070923 0.7601
v 0.956146 -1.070923 0.7601
v 0.956146 -1.152274 0.7601
v 1.06923 -1.140878 0.7601
v 1.060846 -1.135373 0.7601
v 1.060762 -1.146955 0.7601
v 1.055607 -1.139026 0.7601
v 1.051496 -1.150582 0.7601
v 1.048902 -1.141639 0.7601
v 1.037642 -1.152274 0.7601
v 1.03758 -1.142999 0.7601
v 1.015267 -1.152274 0.7601
v 1.025768 -1.142999 0.7601
v 1.015267 -1.070923 0.7601
v 1.025768 -1.080281 0.7601
v 1.038474 -1.070923 0.7601
v 1.038058 -1.080281 0.7601
v 1.041186 -1.080373 0.7601
v 1.050895 -1.072295 0.7601
v 1.049693 -1.081736 0.7601
v 1.060713 -1.075881 0.7601
v 1.056548 -1.084484 0.7601
v 1.06923 -1.081695 0.7601
v 1.061536 -1.087934 0.7601
v 1.07208 -1.084481 0.7601
v 1.063779 -1.090141 0.7601
v 1.077121 -1.091568 0.7601
v 1.066939 -1.094694 0.7601
v 1.080136 -1.099321 0.7601
v 1.069238 -1.100621 0.7601
v 1.081499 -1.110559 0.7601
v 1.070457 -1.11085 0.7601
v 1.081256 -1.115735 0.7601
v 1.070081 -1.116895 0.7601
v 1.079285 -1.12526 0.7601
v 1.068371 -1.12415 0.7601
v 1.07528 -1.133675 0.7601
v 1.065444 -1.13007 0.7601
v 1.061765 -1.134515 0.7601
v 1.038058 -1.080281 0.76
v 1.025768 -1.080281 0.76
v 1.025768 -1.142999 0.76
v 1.03758 -1.142999 0.76
v 1.061765 -1.134515 0.76
v 1.060846 -1.135373 0.76
v 1.055607 -1.139026 0.76
v 1.048902 -1.141639 0.76
v 1.070457 -1.11085 0.76
v 1.070081 -1.116895 0.76
v 1.068371 -1.12415 0.76
v 1.065444 -1.13007 0.76
v 1.061536 -1.087934 0.76
v 1.063779 -1.090141 0.76
v 1.066939 -1.094694 0.76
v 1.069238 -1.100621 0.76
v 1.041186 -1.080373 0.76
v 1.049693 -1.081736 0.76
v 1.056548 -1.084484 0.76
v 1.108762 -1.120832 0.7601
v 1.105434 -1.130023 0.7601
v 1.136066 -1.120832 0.7601
v 1.13931 -1.130023 0.7601
v 1.120927 -1.087019 0.7601
v 1.116997 -1.070923 0.7601
v 1.086012 -1.152274 0.7601
v 1.097615 -1.152274 0.7601
v 1.121631 -1.084591 0.7601
v 1.122258 -1.081321 0.7601
v 1.128226 -1.070923 0.7601
v 1.122507 -1.081321 0.7601
v 1.123165 -1.084762 0.7601
v 1.123776 -1.087019 0.7601
v 1.159211 -1.152274 0.7601
v 1.147607 -1.152274 0.7601
v 1.108762 -1.120832 0.76
v 1.136066 -1.120832 0.76
v 1.123776 -1.087019 0.76
v 1.122507 -1.081321 0.76
v 1.123165 -1.084762 0.76
v 1.122258 -1.081321 0.76
v 1.120927 -1.087019 0.76
v 1.121631 -1.084591 0.76
v 0.371568 -1.163797 0.7601
v 0.380167 -1.174415 0.7601
v 0.366353 -1.112647 0.7601
v 0.5751 -1.010986 0.7601
v 0.578624 -1.027044 0.7601
v 0.606966 -0.995811 0.7601
v 0.356339 -1.012108 0.7601
v 0.369237 -1.005275 0.7601
v 0.367025 -0.969485 0.7601
v 0.478562 -1.132891 0.7601
v 0.478562 -1.127107 0.7601
v 0.429784 -1.113089 0.7601
v 0.424358 -1.111311 0.7601
v 0.388911 -0.966891 0.7601
v 0.438361 -1.120169 0.7601
v 0.441001 -1.124851 0.7601
v 0.478254 -1.138861 0.7601
v 0.559537 -1.084305 0.7601
v 0.541607 -1.05365 0.7601
v 0.464102 -1.094138 0.7601
v 0.420144 -1.110912 0.7601
v 0.405049 -1.150213 0.7601
v 0.409647 -1.15342 0.7601
v 0.391479 -1.182945 0.7601
v 0.414984 -1.155425 0.7601
v 0.414959 -1.11152 0.7601
v 0.406929 -1.07617 0.7601
v 0.409875 -1.1134 0.7601
v 0.394152 -1.081053 0.7601
v 0.405293 -1.116508 0.7601
v 0.382323 -1.089266 0.7601
v 0.401701 -1.120482 0.7601
v 0.372757 -1.100196 0.7601
v 0.399029 -1.125504 0.7601
v 0.397712 -1.131067 0.7601
v 0.353761 -1.104893 0.7601
v 0.357296 -1.148804 0.7601
v 0.365775 -1.151399 0.7601
v 0.43453 -1.116113 0.7601
v 0.441733 -1.078361 0.7601
v 0.427772 -1.074892 0.7601
v 0.420722 -1.074473 0.7601
v 0.583251 -1.027044 0.7601
v 0.594241 -1.028399 0.7601
v 0.609836 -0.996777 0.7601
v 0.604336 -1.032284 0.7601
v 0.627045 -1.005326 0.7601
v 0.642727 -1.018601 0.7601
v 0.457474 -0.965138 0.7601
v 0.427663 -0.942599 0.7601
v 0.441941 -0.976488 0.7601
v 0.414071 -0.954239 0.7601
v 0.428972 -0.991988 0.7601
v 0.402214 -0.968048 0.7601
v 0.420144 -1.010271 0.7601
v 0.383519 -1.001903 0.7601
v 0.389489 -1.001595 0.7601
v 0.395562 -0.967253 0.7601
v 0.402987 -1.003259 0.7601
v 0.415958 -1.007985 0.7601
v 0.642826 -1.126528 0.7601
v 0.615839 -1.103596 0.7601
v 0.627078 -1.139857 0.7601
v 0.607282 -1.110574 0.7601
v 0.609429 -1.14849 0.7601
v 0.597073 -1.115295 0.7601
v 0.590192 -1.152556 0.7601
v 0.586722 -1.117274 0.7601
v 0.556067 -1.152556 0.7601
v 0.560694 -1.117274 0.7601
v 0.552808 -1.152031 0.7601
v 0.333371 -1.045447 0.7601
v 0.295425 -1.054242 0.7601
v 0.33165 -1.059434 0.7601
v 0.295211 -1.060591 0.7601
v 0.332334 -1.0683 0.7601
v 0.297794 -1.082367 0.7601
v 0.33647 -1.082461 0.7601
v 0.305859 -1.10395 0.7601
v 0.343388 -1.094242 0.7601
v 0.319503 -1.123636 0.7601
v 0.33654 -1.138355 0.7601
v 0.454004 -1.084942 0.7601
v 0.613308 -1.038546 0.7601
v 0.620009 -1.046033 0.7601
v 0.654526 -1.035061 0.7601
v 0.62538 -1.056018 0.7601
v 0.661589 -1.052728 0.7601
v 0.628087 -1.06713 0.7601
v 0.664227 -1.071581 0.7601
v 0.628366 -1.072159 0.7601
v 0.661567 -1.092247 0.7601
v 0.62698 -1.083412 0.7601
v 0.654296 -1.110555 0.7601
v 0.622995 -1.093721 0.7601
v 0.616633 -1.102744 0.7601
v 0.345538 -0.977579 0.7601
v 0.327016 -0.990324 0.7601
v 0.346336 -1.021025 0.7601
v 0.322395 -0.994654 0.7601
v 0.338322 -1.032547 0.7601
v 0.308896 -1.011808 0.7601
v 0.299497 -1.032528 0.7601
v 0.401384 -1.145996 0.7601
v 0.398945 -1.141209 0.7601
v 0.397712 -1.135871 0.7601
v 0.566187 -0.992344 0.7601
v 0.596562 -0.974846 0.7601
v 0.55315 -0.97675 0.7601
v 0.578197 -0.952437 0.7601
v 0.551636 -0.975371 0.7601
v 0.575732 -0.950118 0.7601
v 0.535384 -0.964097 0.7601
v 0.549932 -0.932772 0.7601
v 0.517245 -0.957152 0.7601
v 0.520906 -0.922545 0.7601
v 0.497649 -0.954745 0.7601
v 0.49707 -0.920041 0.7601
v 0.476372 -0.957483 0.7601
v 0.472494 -0.922627 0.7601
v 0.44556 -0.931931 0.7601
v 0.442461 -1.13015 0.7601
v 0.442584 -1.135761 0.7601
v 0.474882 -1.153142 0.7601
v 0.441277 -1.141332 0.7601
v 0.468049 -1.166041 0.7601
v 0.438644 -1.146349 0.7601
v 0.459132 -1.176043 0.7601
v 0.434901 -1.15052 0.7601
v 0.44761 -1.184057 0.7601
v 0.430436 -1.15355 0.7601
v 0.434709 -1.189009 0.7601
v 0.425375 -1.15542 0.7601
v 0.420722 -1.19073 0.7601
v 0.420144 -1.156026 0.7601
v 0.418478 -1.190688 0.7601
v 0.404822 -1.188555 0.7601
v 0.557786 -1.116736 0.7601
v 0.543887 -1.146489 0.7601
v 0.545231 -1.147858 0.7601
v 0.559522 -1.117121 0.7601
v 0.548983 -1.150525 0.7601
v 0.539293 -1.134626 0.7601
v 0.539842 -1.138934 0.7601
v 0.541366 -1.142856 0.7601
v 0.552741 -1.117271 0.7601
v 0.548773 -1.118839 0.7601
v 0.53944 -1.132343 0.7601
v 0.545216 -1.121359 0.7601
v 0.542826 -1.123995 0.7601
v 0.540602 -1.127941 0.7601
v 0.557224 -1.116696 0.7601
v 0.420144 -1.110912 0.76
v 0.424358 -1.111311 0.76
v 0.429784 -1.113089 0.76
v 0.43453 -1.116113 0.76
v 0.438361 -1.120169 0.76
v 0.441001 -1.124851 0.76
v 0.442461 -1.13015 0.76
v 0.442584 -1.135761 0.76
v 0.441277 -1.141332 0.76
v 0.438644 -1.146349 0.76
v 0.434901 -1.15052 0.76
v 0.430436 -1.15355 0.76
v 0.425375 -1.15542 0.76
v 0.420144 -1.156026 0.76
v 0.414984 -1.155425 0.76
v 0.409647 -1.15342 0.76
v 0.405049 -1.150213 0.76
v 0.401384 -1.145996 0.76
v 0.398945 -1.141209 0.76
v 0.397712 -1.135871 0.76
v 0.397712 -1.131067 0.76
v 0.399029 -1.125504 0.76
v 0.401701 -1.120482 0.76
v 0.405293 -1.116508 0.76
v 0.409875 -1.1134 0.76
v 0.414959 -1.11152 0.76
usemtl 1
f 1// 2// 3//
f 2// 4// 5//
f 6// 7// 8//
f 9// 10// 11//
f 12// 13// 14//
f 15// 16// 17//
f 18// 19// 17//
f 17// 19// 20//
f 16// 21// 17//
f 17// 21// 22//
f 17// 22// 23//
f 23// 24// 17//
f 17// 24// 25//
f 17// 25// 18//
f 26// 27// 28//
f 28// 27// 3//
f 3// 27// 29//
f 3// 29// 30//
f 31// 32// 33//
f 26// 28// 34//
f 34// 28// 31//
f 34// 31// 35//
f 33// 36// 31//
f 31// 36// 37//
f 31// 37// 38//
f 38// 39// 31//
f 31// 39// 40//
f 31// 40// 35//
f 35// 40// 41//
f 35// 41// 42//
f 42// 41// 43//
f 42// 43// 44//
f 45// 46// 47//
f 45// 47// 48//
f 46// 49// 47//
f 47// 49// 50//
f 47// 50// 51//
f 51// 50// 52//
f 52// 53// 51//
f 51// 53// 54//
f 51// 54// 32//
f 32// 54// 55//
f 32// 55// 33//
f 56// 48// 57//
f 57// 48// 47//
f 57// 47// 58//
f 58// 47// 59//
f 60// 61// 62//
f 62// 61// 63//
f 62// 63// 64//
f 63// 65// 64//
f 64// 65// 66//
f 64// 66// 67//
f 67// 66// 68//
f 67// 68// 47//
f 47// 68// 69//
f 47// 69// 59//
f 70// 71// 72//
f 72// 71// 73//
f 73// 74// 72//
f 72// 74// 75//
f 72// 75// 60//
f 76// 77// 78//
f 79// 80// 81//
f 82// 83// 84//
f 85// 86// 87//
f 87// 86// 88//
f 79// 81// 89//
f 82// 84// 90//
f 91// 92// 86//
f 86// 92// 93//
f 86// 93// 94//
f 78// 77// 84//
f 84// 77// 95//
f 84// 95// 90//
f 80// 96// 81//
f 81// 96// 97//
f 81// 97// 98//
f 99// 100// 101//
f 101// 100// 102//
f 101// 102// 103//
f 104// 94// 105//
f 105// 94// 106//
f 105// 106// 101//
f 101// 106// 107//
f 101// 107// 99//
f 104// 108// 94//
f 94// 108// 109//
f 94// 109// 86//
f 86// 109// 110//
f 86// 110// 88//
f 111// 112// 113//
f 113// 112// 114//
f 113// 114// 81//
f 81// 114// 115//
f 81// 115// 89//
f 116// 117// 81//
f 81// 117// 118//
f 81// 118// 86//
f 86// 118// 119//
f 86// 119// 91//
f 120// 121// 70//
f 70// 121// 122//
f 70// 122// 123//
f 123// 124// 70//
f 70// 124// 125//
f 70// 125// 126//
f 126// 125// 111//
f 126// 111// 127//
f 127// 111// 113//
f 83// 128// 84//
f 84// 128// 129//
f 84// 129// 70//
f 70// 129// 130//
f 70// 130// 120//
f 98// 131// 81//
f 81// 131// 132//
f 81// 132// 133//
f 133// 134// 81//
f 81// 134// 135//
f 81// 135// 116//
f 136// 137// 138//
f 138// 94// 136//
f 136// 94// 93//
f 136// 93// 139//
f 139// 93// 140//
f 140// 141// 139//
f 139// 141// 142//
f 139// 142// 143//
f 144// 145// 146//
f 145// 147// 146//
f 146// 147// 148//
f 146// 148// 149//
f 150// 146// 151//
f 137// 136// 150//
f 150// 136// 152//
f 150// 152// 146//
f 146// 152// 153//
f 146// 153// 144//
f 151// 154// 150//
f 150// 154// 155//
f 150// 155// 156//
f 149// 148// 157//
f 157// 148// 158//
f 157// 158// 159//
f 159// 158// 160//
f 159// 160// 161//
f 162// 163// 156//
f 156// 163// 164//
f 156// 164// 150//
f 19// 165// 20//
f 20// 165// 166//
f 20// 166// 78//
f 78// 166// 167//
f 78// 167// 76//
f 168// 169// 170//
f 170// 169// 171//
f 170// 171// 172//
f 173// 174// 175//
f 175// 174// 176//
f 169// 177// 171//
f 171// 177// 178//
f 171// 178// 179//
f 179// 178// 180//
f 179// 180// 181//
f 181// 180// 182//
f 181// 182// 176//
f 176// 182// 183//
f 176// 183// 175//
f 184// 185// 186//
f 186// 185// 187//
f 188// 189// 190//
f 190// 189// 191//
f 184// 186// 192//
f 192// 186// 193//
f 192// 193// 194//
f 194// 193// 195//
f 194// 195// 196//
f 195// 197// 196//
f 196// 197// 198//
f 196// 198// 199//
f 200// 201// 202//
f 190// 195// 188//
f 188// 195// 193//
f 188// 193// 203//
f 203// 193// 204//
f 203// 204// 202//
f 202// 204// 205//
f 202// 205// 200//
f 191// 189// 206//
f 206// 189// 207//
f 206// 207// 200//
f 208// 209// 207//
f 207// 209// 210//
f 207// 210// 211//
f 212// 213// 201//
f 213// 214// 201//
f 201// 214// 215//
f 201// 215// 216//
f 217// 218// 212//
f 200// 207// 201//
f 201// 207// 211//
f 201// 211// 212//
f 212// 211// 219//
f 212// 219// 217//
f 218// 220// 212//
f 212// 220// 221//
f 212// 221// 222//
f 222// 223// 212//
f 212// 223// 224//
f 212// 224// 225//
f 225// 226// 212//
f 212// 226// 227//
f 212// 227// 228//
f 229// 230// 228//
f 228// 230// 231//
f 228// 231// 212//
f 232// 233// 234//
f 229// 235// 230//
f 230// 235// 236//
f 230// 236// 234//
f 234// 236// 237//
f 234// 237// 232//
f 14// 13// 238//
f 238// 13// 239//
f 238// 239// 240//
f 240// 239// 241//
f 240// 241// 208//
f 242// 243// 14//
f 14// 243// 244//
f 14// 244// 245//
f 245// 246// 14//
f 14// 246// 247//
f 14// 247// 12//
f 248// 249// 250//
f 250// 249// 251//
f 251// 252// 1//
f 253// 254// 255//
f 255// 254// 256//
f 255// 256// 257//
f 253// 255// 258//
f 258// 255// 259//
f 258// 259// 260//
f 260// 259// 261//
f 261// 259// 262//
f 261// 262// 216//
f 263// 264// 179//
f 265// 266// 181//
f 181// 266// 267//
f 268// 269// 270//
f 270// 269// 179//
f 270// 179// 271//
f 271// 179// 264//
f 267// 272// 181//
f 181// 272// 273//
f 181// 273// 274//
f 274// 275// 181//
f 181// 275// 276//
f 181// 276// 179//
f 179// 276// 277//
f 179// 277// 263//
f 188// 278// 265//
f 265// 278// 279//
f 265// 279// 266//
f 268// 280// 269//
f 269// 280// 281//
f 269// 281// 203//
f 203// 281// 282//
f 203// 282// 188//
f 188// 282// 283//
f 188// 283// 278//
f 284// 285// 286//
f 287// 288// 289//
f 289// 288// 290//
f 291// 292// 293//
f 284// 286// 294//
f 287// 295// 288//
f 288// 295// 296//
f 288// 296// 297//
f 297// 296// 293//
f 297// 293// 298//
f 298// 293// 292//
f 259// 299// 300//
f 301// 302// 303//
f 303// 302// 304//
f 288// 299// 290//
f 290// 299// 259//
f 290// 259// 305//
f 305// 259// 303//
f 305// 303// 306//
f 307// 308// 286//
f 286// 308// 309//
f 286// 309// 294//
f 304// 310// 303//
f 303// 310// 311//
f 303// 311// 306//
f 312// 313// 314//
f 314// 313// 315//
f 314// 315// 316//
f 316// 315// 317//
f 318// 319// 293//
f 293// 319// 320//
f 293// 320// 321//
f 322// 323// 324//
f 325// 326// 327//
f 327// 326// 328//
f 327// 328// 329//
f 300// 330// 259//
f 259// 330// 331//
f 259// 331// 332//
f 317// 333// 316//
f 316// 333// 334//
f 316// 334// 335//
f 335// 334// 324//
f 335// 324// 336//
f 336// 324// 323//
f 321// 337// 293//
f 293// 337// 338//
f 293// 338// 291//
f 285// 339// 340//
f 340// 339// 341//
f 341// 339// 342//
f 341// 342// 343//
f 325// 312// 326//
f 326// 312// 314//
f 326// 314// 344//
f 344// 314// 345//
f 344// 345// 346//
f 346// 345// 347//
f 346// 347// 348//
f 348// 347// 349//
f 350// 349// 340//
f 340// 349// 347//
f 340// 347// 285//
f 285// 347// 345//
f 285// 345// 286//
f 351// 352// 11//
f 353// 354// 262//
f 332// 322// 259//
f 259// 322// 324//
f 259// 324// 262//
f 262// 324// 355//
f 262// 355// 353//
f 356// 357// 11//
f 11// 357// 358//
f 354// 359// 262//
f 262// 359// 360//
f 262// 360// 361//
f 361// 360// 362//
f 361// 362// 351//
f 363// 364// 352//
f 352// 364// 365//
f 352// 365// 11//
f 11// 365// 366//
f 11// 366// 356//
f 358// 367// 11//
f 11// 367// 368//
f 11// 368// 9//
f 369// 370// 371//
f 371// 370// 372//
f 371// 372// 373//
f 371// 374// 369//
f 369// 374// 375//
f 369// 375// 376//
f 376// 377// 369//
f 369// 377// 378//
f 369// 378// 379//
f 379// 378// 380//
f 379// 380// 381//
f 381// 380// 382//
f 381// 382// 352//
f 352// 382// 383//
f 352// 383// 363//
f 384// 385// 373//
f 373// 385// 386//
f 373// 386// 371//
f 387// 388// 329//
f 329// 388// 389//
f 329// 389// 327//
f 387// 390// 388//
f 388// 390// 391//
f 388// 391// 392//
f 392// 391// 393//
f 392// 394// 395//
f 393// 396// 392//
f 392// 396// 397//
f 392// 397// 398//
f 398// 399// 392//
f 392// 399// 400//
f 392// 400// 394//
f 395// 401// 392//
f 392// 401// 402//
f 392// 402// 403//
f 404// 405// 406//
f 407// 408// 409//
f 406// 410// 404//
f 404// 410// 411//
f 404// 411// 412//
f 412// 411// 407//
f 412// 407// 413//
f 413// 407// 409//
f 414// 415// 11//
f 11// 415// 416//
f 351// 11// 361//
f 361// 11// 416//
f 361// 416// 410//
f 410// 416// 417//
f 410// 417// 411//
f 418// 415// 419//
f 419// 415// 414//
f 419// 414// 420//
f 421// 422// 423//
f 424// 425// 414//
f 414// 425// 426//
f 414// 426// 420//
f 350// 340// 10//
f 10// 340// 421//
f 10// 421// 11//
f 11// 421// 423//
f 11// 423// 414//
f 414// 423// 427//
f 414// 427// 428//
f 429// 430// 431//
f 431// 430// 432//
f 431// 432// 421//
f 421// 432// 433//
f 421// 433// 422//
f 428// 434// 414//
f 414// 434// 435//
f 414// 435// 424//
f 436// 437// 438//
f 436// 438// 439//
f 437// 440// 438//
f 438// 440// 441//
f 438// 441// 431//
f 431// 441// 442//
f 431// 442// 429//
f 443// 444// 445//
f 445// 444// 446//
f 447// 448// 449//
f 449// 448// 450//
f 449// 450// 451//
f 451// 450// 452//
f 451// 452// 453//
f 443// 445// 454//
f 454// 445// 450//
f 454// 450// 455//
f 455// 450// 448//
f 455// 448// 456//
f 448// 457// 456//
f 456// 457// 458//
f 456// 458// 459//
f 452// 460// 453//
f 453// 460// 461//
f 453// 461// 462//
f 462// 461// 463//
f 447// 449// 464//
f 464// 449// 465//
f 464// 465// 463//
f 463// 465// 406//
f 463// 406// 462//
f 462// 406// 405//
f 462// 405// 439//
f 6// 8// 466//
f 466// 8// 467//
f 466// 467// 468//
f 468// 467// 469//
f 468// 469// 470//
f 470// 469// 471//
f 470// 471// 472//
f 472// 471// 473//
f 472// 473// 474//
f 474// 473// 475//
f 474// 475// 240//
f 240// 475// 476//
f 240// 476// 238//
f 477// 478// 479//
f 479// 478// 480//
f 479// 480// 481//
f 482// 483// 28//
f 28// 483// 484//
f 28// 484// 485//
f 486// 487// 488//
f 2// 5// 3//
f 3// 5// 488//
f 3// 488// 28//
f 28// 488// 489//
f 28// 489// 482//
f 490// 491// 492//
f 487// 493// 488//
f 488// 493// 494//
f 488// 494// 489//
f 492// 495// 490//
f 490// 495// 496//
f 490// 496// 479//
f 479// 496// 497//
f 479// 497// 477//
f 481// 498// 479//
f 479// 498// 499//
f 479// 499// 488//
f 488// 499// 500//
f 488// 500// 486//
f 501// 502// 490//
f 490// 502// 503//
f 490// 503// 491//
f 208// 207// 240//
f 240// 207// 189//
f 240// 189// 474//
f 474// 189// 188//
f 474// 188// 472//
f 472// 188// 265//
f 472// 265// 470//
f 470// 265// 181//
f 470// 181// 468//
f 468// 181// 176//
f 468// 176// 466//
f 466// 176// 174//
f 466// 174// 6//
f 476// 4// 238//
f 238// 4// 2//
f 238// 2// 14//
f 14// 2// 1//
f 14// 1// 242//
f 242// 1// 252//
f 251// 1// 250//
f 250// 1// 504//
f 250// 504// 505//
f 20// 506// 17//
f 17// 506// 507//
f 17// 507// 508//
f 509// 504// 508//
f 508// 504// 1//
f 508// 1// 17//
f 17// 1// 3//
f 17// 3// 15//
f 15// 3// 30//
f 216// 262// 201//
f 201// 262// 361//
f 201// 361// 202//
f 202// 361// 410//
f 202// 410// 203//
f 203// 410// 406//
f 203// 406// 269//
f 269// 406// 465//
f 269// 465// 179//
f 179// 465// 449//
f 179// 449// 171//
f 505// 506// 250//
f 250// 506// 20//
f 250// 20// 510//
f 510// 20// 78//
f 511// 512// 451//
f 513// 514// 515//
f 515// 511// 513//
f 513// 511// 451//
f 513// 451// 516//
f 516// 451// 517//
f 516// 517// 518//
f 518// 517// 519//
f 175// 172// 173//
f 173// 172// 171//
f 173// 171// 519//
f 519// 171// 449//
f 519// 449// 518//
f 518// 449// 520//
f 521// 512// 522//
f 522// 512// 520//
f 522// 520// 523//
f 523// 520// 524//
f 521// 525// 512//
f 512// 525// 526//
f 512// 526// 527//
f 528// 449// 529//
f 529// 449// 451//
f 529// 451// 530//
f 530// 451// 512//
f 530// 512// 531//
f 531// 512// 527//
f 532// 533// 520//
f 520// 533// 534//
f 520// 534// 524//
f 528// 535// 449//
f 449// 535// 536//
f 449// 536// 520//
f 520// 536// 537//
f 520// 537// 532//
f 257// 248// 255//
f 255// 248// 250//
f 255// 250// 259//
f 259// 250// 510//
f 259// 510// 303//
f 303// 510// 538//
f 84// 538// 539//
f 539// 538// 540//
f 540// 538// 541//
f 541// 538// 510//
f 541// 510// 542//
f 84// 539// 78//
f 78// 539// 543//
f 78// 543// 510//
f 510// 543// 544//
f 510// 544// 542//
f 545// 546// 547//
f 547// 546// 541//
f 547// 541// 548//
f 548// 541// 542//
f 548// 542// 549//
f 549// 542// 550//
f 439// 438// 462//
f 462// 438// 551//
f 462// 551// 453//
f 453// 551// 552//
f 453// 552// 451//
f 451// 552// 553//
f 451// 553// 517//
f 70// 72// 84//
f 84// 72// 554//
f 84// 554// 538//
f 538// 554// 341//
f 538// 341// 303//
f 303// 341// 343//
f 303// 343// 301//
f 60// 62// 72//
f 72// 62// 555//
f 72// 555// 554//
f 554// 555// 556//
f 554// 556// 341//
f 341// 556// 557//
f 341// 557// 340//
f 340// 557// 558//
f 340// 558// 421//
f 421// 558// 559//
f 421// 559// 431//
f 431// 559// 560//
f 431// 560// 438//
f 438// 560// 561//
f 438// 561// 551//
f 551// 561// 562//
f 551// 562// 552//
f 552// 562// 563//
f 552// 563// 553//
f 485// 501// 28//
f 28// 501// 490//
f 28// 490// 31//
f 31// 490// 564//
f 31// 564// 32//
f 32// 564// 565//
f 32// 565// 51//
f 51// 565// 566//
f 51// 566// 47//
f 47// 566// 567//
f 47// 567// 67//
f 67// 567// 568//
f 67// 568// 64//
f 64// 568// 569//
f 570// 571// 572//
f 572// 573// 570//
f 570// 573// 64//
f 570// 64// 574//
f 574// 64// 569//
f 574// 569// 575//
f 575// 569// 576//
f 577// 578// 579//
f 579// 578// 580//
f 581// 582// 583//
f 583// 582// 584//
f 585// 586// 587//
f 587// 586// 563//
f 558// 557// 583//
f 583// 557// 556//
f 563// 562// 587//
f 587// 562// 561//
f 587// 561// 584//
f 584// 561// 560//
f 584// 560// 583//
f 583// 560// 559//
f 583// 559// 558//
f 573// 579// 64//
f 64// 579// 580//
f 64// 580// 62//
f 62// 580// 583//
f 62// 583// 555//
f 555// 583// 556//
f 588// 589// 590//
f 591// 6// 592//
f 592// 6// 174//
f 174// 173// 592//
f 592// 173// 519//
f 592// 519// 517//
f 593// 594// 591//
f 591// 594// 595//
f 591// 595// 6//
f 6// 595// 588//
f 6// 588// 596//
f 596// 588// 590//
f 597// 598// 599//
f 599// 598// 600//
f 601// 602// 603//
f 603// 602// 7//
f 603// 7// 600//
f 600// 7// 6//
f 600// 6// 599//
f 599// 6// 596//
f 586// 604// 563//
f 563// 604// 592//
f 563// 592// 553//
f 553// 592// 517//
f 605// 606// 607//
f 4// 608// 5//
f 5// 608// 609//
f 5// 609// 488//
f 610// 611// 612//
f 612// 611// 613//
f 4// 476// 608//
f 608// 476// 475//
f 608// 475// 473//
f 607// 614// 605//
f 605// 614// 488//
f 605// 488// 615//
f 615// 488// 609//
f 615// 609// 616//
f 616// 609// 617//
f 618// 619// 620//
f 620// 619// 479//
f 620// 479// 613//
f 613// 479// 488//
f 613// 488// 612//
f 612// 488// 614//
f 473// 471// 608//
f 608// 471// 469//
f 608// 469// 467//
f 602// 621// 7//
f 7// 621// 608//
f 7// 608// 8//
f 8// 608// 467//
f 576// 622// 623//
f 624// 625// 626//
f 627// 628// 629//
f 630// 631// 632//
f 632// 631// 633//
f 632// 633// 634//
f 635// 636// 637//
f 637// 636// 638//
f 637// 638// 627//
f 623// 639// 576//
f 576// 639// 640//
f 576// 640// 641//
f 642// 643// 641//
f 640// 644// 641//
f 641// 644// 645//
f 641// 645// 646//
f 586// 585// 647//
f 647// 648// 586//
f 586// 648// 649//
f 586// 649// 650//
f 650// 649// 651//
f 651// 652// 650//
f 650// 652// 653//
f 650// 653// 654//
f 655// 656// 641//
f 657// 658// 659//
f 659// 658// 660//
f 661// 662// 637//
f 663// 664// 626//
f 621// 602// 665//
f 665// 602// 666//
f 619// 618// 667//
f 667// 618// 668//
f 667// 668// 669//
f 630// 670// 671//
f 602// 601// 672//
f 625// 673// 626//
f 626// 673// 674//
f 626// 674// 650//
f 650// 674// 675//
f 650// 675// 660//
f 676// 677// 678//
f 679// 680// 628//
f 628// 680// 681//
f 628// 681// 629//
f 682// 683// 684//
f 684// 683// 685//
f 684// 685// 686//
f 637// 662// 626//
f 626// 662// 687//
f 626// 687// 663//
f 664// 688// 626//
f 626// 688// 689//
f 626// 689// 602//
f 602// 689// 690//
f 602// 690// 666//
f 635// 637// 691//
f 691// 637// 632//
f 691// 632// 692//
f 646// 693// 641//
f 641// 693// 694//
f 641// 694// 695//
f 695// 694// 696//
f 695// 696// 697//
f 697// 698// 695//
f 695// 698// 699//
f 695// 699// 700//
f 700// 699// 701//
f 702// 632// 703//
f 703// 632// 641//
f 703// 641// 704//
f 704// 641// 695//
f 705// 632// 706//
f 706// 632// 702//
f 706// 702// 707//
f 705// 708// 632//
f 632// 708// 709//
f 632// 709// 630//
f 630// 709// 710//
f 630// 710// 670//
f 711// 712// 650//
f 650// 712// 713//
f 714// 576// 715//
f 715// 576// 641//
f 715// 641// 716//
f 716// 641// 643//
f 714// 717// 576//
f 576// 717// 718//
f 576// 718// 575//
f 672// 719// 602//
f 602// 719// 720//
f 602// 720// 626//
f 626// 720// 721//
f 626// 721// 624//
f 722// 598// 597//
f 676// 723// 677//
f 677// 723// 724//
f 677// 724// 725//
f 604// 586// 726//
f 726// 586// 727//
f 611// 610// 728//
f 728// 610// 729//
f 728// 729// 628//
f 628// 729// 730//
f 628// 730// 679//
f 627// 629// 637//
f 637// 629// 731//
f 637// 731// 686//
f 732// 733// 734//
f 734// 733// 735//
f 734// 735// 699//
f 699// 735// 736//
f 699// 736// 701//
f 737// 738// 739//
f 739// 738// 740//
f 737// 739// 702//
f 702// 739// 741//
f 702// 741// 707//
f 742// 743// 744//
f 744// 743// 745//
f 744// 745// 746//
f 597// 747// 722//
f 722// 747// 748//
f 722// 748// 657//
f 657// 748// 749//
f 657// 749// 658//
f 678// 750// 676//
f 676// 750// 751//
f 676// 751// 752//
f 752// 751// 753//
f 686// 685// 637//
f 637// 685// 754//
f 637// 754// 755//
f 756// 757// 669//
f 669// 757// 758//
f 669// 758// 667//
f 759// 760// 761//
f 762// 711// 763//
f 763// 711// 650//
f 763// 650// 764//
f 764// 650// 654//
f 765// 766// 767//
f 767// 766// 768//
f 655// 641// 769//
f 742// 744// 656//
f 656// 744// 770//
f 656// 770// 641//
f 641// 770// 771//
f 641// 771// 642//
f 772// 773// 650//
f 773// 774// 650//
f 650// 774// 775//
f 650// 775// 776//
f 777// 650// 778//
f 778// 650// 779//
f 777// 780// 650//
f 650// 780// 781//
f 650// 781// 586//
f 586// 781// 782//
f 586// 782// 727//
f 783// 784// 785//
f 784// 783// 684//
f 684// 783// 786//
f 684// 786// 682//
f 661// 637// 787//
f 787// 637// 755//
f 787// 755// 788//
f 788// 755// 789//
f 788// 789// 790//
f 671// 791// 630//
f 630// 791// 759//
f 630// 759// 792//
f 792// 759// 761//
f 793// 582// 581//
f 768// 769// 767//
f 767// 769// 641//
f 767// 641// 794//
f 794// 641// 650//
f 794// 650// 795//
f 795// 650// 713//
f 590// 589// 796//
f 796// 589// 677//
f 796// 677// 797//
f 797// 677// 725//
f 616// 617// 798//
f 798// 617// 799//
f 798// 799// 800//
f 800// 799// 788//
f 800// 788// 801//
f 801// 788// 790//
f 634// 802// 632//
f 632// 802// 803//
f 632// 803// 692//
f 692// 803// 804//
f 692// 804// 805//
f 805// 804// 806//
f 805// 806// 807//
f 807// 806// 808//
f 807// 808// 756//
f 756// 808// 809//
f 756// 809// 757//
f 810// 811// 812//
f 762// 813// 711//
f 711// 813// 814//
f 711// 814// 815//
f 815// 814// 793//
f 815// 793// 816//
f 816// 793// 581//
f 753// 772// 752//
f 752// 772// 650//
f 752// 650// 817//
f 817// 650// 660//
f 817// 660// 818//
f 818// 660// 658//
f 819// 776// 820//
f 819// 821// 776//
f 776// 821// 822//
f 776// 822// 650//
f 650// 822// 823//
f 650// 823// 779//
f 740// 824// 739//
f 739// 824// 810//
f 739// 810// 825//
f 825// 810// 812//
f 826// 572// 571//
f 827// 607// 606//
f 828// 578// 577//
f 571// 829// 826//
f 826// 829// 830//
f 826// 830// 746//
f 746// 830// 831//
f 746// 831// 744//
f 785// 832// 783//
f 783// 832// 827//
f 783// 827// 833//
f 833// 827// 606//
f 765// 834// 766//
f 766// 834// 835//
f 766// 835// 836//
f 836// 835// 837//
f 836// 837// 838//
f 838// 837// 828//
f 838// 828// 839//
f 839// 828// 577//
f 840// 594// 593//
f 820// 841// 819//
f 819// 841// 840//
f 819// 840// 842//
f 842// 840// 593//
f 843// 622// 576//
f 619// 667// 479//
f 479// 667// 844//
f 761// 760// 845//
f 845// 760// 846//
f 812// 811// 847//
f 847// 811// 848//
f 844// 845// 479//
f 479// 845// 846//
f 479// 846// 490//
f 490// 846// 847//
f 490// 847// 564//
f 564// 847// 848//
f 733// 732// 849//
f 849// 732// 850//
f 576// 569// 843//
f 843// 569// 568//
f 843// 568// 567//
f 567// 566// 843//
f 843// 566// 565//
f 843// 565// 850//
f 850// 565// 564//
f 850// 564// 849//
f 849// 564// 848//
usemtl 2
f 851// 852// 844//
f 844// 852// 845//
f 758// 853// 667//
f 667// 853// 854//
f 667// 854// 844//
f 844// 854// 851//
f 845// 852// 761//
f 761// 852// 855//
f 761// 855// 792//
f 792// 855// 856//
f 792// 856// 857//
f 792// 857// 630//
f 630// 857// 858//
f 630// 858// 631//
f 631// 858// 859//
f 631// 859// 633//
f 633// 859// 860//
f 633// 860// 634//
f 634// 860// 861//
f 634// 861// 802//
f 802// 861// 862//
f 802// 862// 803//
f 803// 862// 863//
f 803// 863// 804//
f 804// 863// 864//
f 804// 864// 806//
f 806// 864// 865//
f 806// 865// 808//
f 808// 865// 866//
f 808// 866// 809//
f 809// 866// 867//
f 809// 867// 757//
f 757// 867// 853//
f 757// 853// 758//
f 852// 851// 855//
f 855// 851// 854//
f 864// 863// 862//
f 855// 854// 856//
f 856// 854// 853//
f 856// 853// 857//
f 857// 853// 858//
f 861// 860// 853//
f 853// 860// 859//
f 853// 859// 858//
f 853// 867// 861//
f 861// 867// 866//
f 861// 866// 862//
f 862// 866// 865//
f 862// 865// 864//
f 868// 869// 846//
f 846// 869// 847//
f 759// 870// 760//
f 760// 870// 871//
f 760// 871// 846//
f 846// 871// 868//
f 847// 869// 812//
f 812// 869// 872//
f 812// 872// 825//
f 825// 872// 873//
f 825// 873// 874//
f 825// 874// 739//
f 739// 874// 875//
f 739// 875// 741//
f 741// 875// 876//
f 741// 876// 707//
f 707// 876// 877//
f 707// 877// 706//
f 706// 877// 878//
f 706// 878// 705//
f 705// 878// 879//
f 705// 879// 708//
f 708// 879// 880//
f 708// 880// 709//
f 709// 880// 881//
f 709// 881// 710//
f 710// 881// 882//
f 710// 882// 670//
f 670// 882// 883//
f 670// 883// 671//
f 671// 883// 884//
f 671// 884// 791//
f 791// 884// 870//
f 791// 870// 759//
f 869// 868// 872//
f 872// 868// 871//
f 873// 872// 871//
f 871// 870// 873//
f 873// 870// 884//
f 873// 884// 883//
f 883// 882// 873//
f 873// 882// 881//
f 873// 881// 880//
f 875// 878// 876//
f 876// 878// 877//
f 880// 879// 873//
f 873// 879// 878//
f 873// 878// 874//
f 874// 878// 875//
f 885// 886// 848//
f 848// 886// 849//
f 810// 887// 811//
f 811// 887// 888//
f 811// 888// 848//
f 848// 888// 885//
f 849// 886// 733//
f 733// 886// 889//
f 733// 889// 735//
f 735// 889// 890//
f 735// 890// 891//
f 735// 891// 736//
f 736// 891// 892//
f 736// 892// 701//
f 701// 892// 893//
f 701// 893// 700//
f 700// 893// 894//
f 700// 894// 695//
f 695// 894// 895//
f 695// 895// 704//
f 704// 895// 896//
f 704// 896// 703//
f 703// 896// 897//
f 703// 897// 702//
f 702// 897// 898//
f 702// 898// 737//
f 737// 898// 899//
f 737// 899// 738//
f 738// 899// 900//
f 738// 900// 740//
f 740// 900// 901//
f 740// 901// 824//
f 824// 901// 887//
f 824// 887// 810//
f 886// 885// 889//
f 889// 885// 888//
f 890// 889// 888//
f 888// 887// 890//
f 890// 887// 901//
f 890// 901// 900//
f 892// 898// 893//
f 893// 898// 897//
f 897// 896// 893//
f 893// 896// 895//
f 893// 895// 894//
f 900// 899// 890//
f 890// 899// 898//
f 890// 898// 891//
f 891// 898// 892//
f 902// 903// 850//
f 850// 903// 843//
f 734// 904// 732//
f 732// 904// 905//
f 732// 905// 850//
f 850// 905// 902//
f 843// 903// 622//
f 622// 903// 906//
f 622// 906// 623//
f 623// 906// 907//
f 623// 907// 908//
f 623// 908// 639//
f 639// 908// 909//
f 639// 909// 640//
f 640// 909// 910//
f 640// 910// 644//
f 644// 910// 911//
f 644// 911// 645//
f 645// 911// 912//
f 645// 912// 646//
f 646// 912// 913//
f 646// 913// 693//
f 693// 913// 914//
f 693// 914// 694//
f 694// 914// 915//
f 694// 915// 696//
f 696// 915// 916//
f 696// 916// 697//
f 697// 916// 917//
f 697// 917// 698//
f 698// 917// 918//
f 698// 918// 699//
f 699// 918// 904//
f 699// 904// 734//
f 903// 902// 906//
f 906// 902// 905//
f 912// 911// 904//
f 904// 911// 910//
f 904// 910// 909//
f 906// 905// 907//
f 907// 905// 904//
f 907// 904// 908//
f 908// 904// 909//
f 915// 914// 913//
f 904// 918// 912//
f 912// 918// 917//
f 912// 917// 913//
f 913// 917// 916//
f 913// 916// 915//
f 650// 919// 626//
f 626// 919// 920//
f 626// 920// 637//
f 637// 920// 921//
f 637// 921// 632//
f 632// 921// 922//
f 632// 922// 641//
f 641// 922// 923//
f 641// 923// 650//
f 650// 923// 919//
f 921// 920// 922//
f 922// 920// 919//
f 922// 919// 923//
f 799// 924// 925//
f 799// 925// 788//
f 788// 925// 926//
f 788// 926// 787//
f 787// 926// 927//
f 787// 927// 661//
f 661// 927// 928//
f 661// 928// 662//
f 662// 928// 929//
f 662// 929// 687//
f 687// 929// 930//
f 687// 930// 663//
f 663// 930// 931//
f 663// 931// 664//
f 664// 931// 932//
f 664// 932// 688//
f 688// 932// 933//
f 688// 933// 689//
f 689// 933// 934//
f 689// 934// 690//
f 690// 934// 935//
f 690// 935// 666//
f 666// 935// 936//
f 666// 936// 665//
f 665// 936// 621//
f 621// 936// 937//
f 621// 937// 608//
f 608// 937// 938//
f 609// 939// 617//
f 617// 939// 940//
f 617// 940// 799//
f 799// 940// 924//
f 938// 939// 608//
f 608// 939// 609//
f 939// 938// 940//
f 940// 938// 937//
f 940// 937// 924//
f 924// 937// 936//
f 924// 936// 935//
f 929// 928// 930//
f 930// 928// 927//
f 930// 927// 926//
f 935// 934// 924//
f 924// 934// 933//
f 924// 933// 932//
f 932// 931// 924//
f 924// 931// 930//
f 924// 930// 925//
f 925// 930// 926//
f 941// 942// 615//
f 615// 942// 605//
f 798// 943// 616//
f 616// 943// 944//
f 616// 944// 615//
f 615// 944// 941//
f 605// 942// 606//
f 606// 942// 945//
f 606// 945// 833//
f 833// 945// 946//
f 833// 946// 947//
f 833// 947// 783//
f 783// 947// 948//
f 783// 948// 786//
f 786// 948// 949//
f 786// 949// 682//
f 682// 949// 950//
f 682// 950// 683//
f 683// 950// 951//
f 683// 951// 685//
f 685// 951// 952//
f 685// 952// 754//
f 754// 952// 953//
f 754// 953// 755//
f 755// 953// 954//
f 755// 954// 789//
f 789// 954// 955//
f 789// 955// 790//
f 790// 955// 956//
f 790// 956// 801//
f 801// 956// 957//
f 801// 957// 800//
f 800// 957// 943//
f 800// 943// 798//
f 942// 941// 945//
f 945// 941// 944//
f 945// 944// 946//
f 946// 944// 943//
f 949// 952// 950//
f 950// 952// 951//
f 949// 948// 952//
f 952// 948// 947//
f 952// 947// 946//
f 943// 957// 946//
f 946// 957// 956//
f 946// 956// 955//
f 955// 954// 946//
f 946// 954// 953//
f 946// 953// 952//
f 958// 959// 614//
f 614// 959// 612//
f 827// 960// 607//
f 607// 960// 961//
f 607// 961// 614//
f 614// 961// 958//
f 612// 959// 610//
f 610// 959// 962//
f 610// 962// 729//
f 729// 962// 963//
f 729// 963// 964//
f 729// 964// 730//
f 730// 964// 965//
f 730// 965// 679//
f 679// 965// 966//
f 679// 966// 680//
f 680// 966// 967//
f 680// 967// 681//
f 681// 967// 968//
f 681// 968// 629//
f 629// 968// 969//
f 629// 969// 731//
f 731// 969// 970//
f 731// 970// 686//
f 686// 970// 971//
f 686// 971// 684//
f 684// 971// 972//
f 684// 972// 784//
f 784// 972// 973//
f 784// 973// 785//
f 785// 973// 974//
f 785// 974// 832//
f 832// 974// 960//
f 832// 960// 827//
f 959// 958// 962//
f 962// 958// 961//
f 962// 961// 963//
f 963// 961// 960//
f 966// 969// 967//
f 967// 969// 968//
f 966// 965// 969//
f 969// 965// 964//
f 969// 964// 963//
f 960// 974// 963//
f 963// 974// 973//
f 963// 973// 972//
f 972// 971// 963//
f 963// 971// 970//
f 963// 970// 969//
f 975// 976// 613//
f 613// 976// 620//
f 728// 977// 611//
f 611// 977// 978//
f 611// 978// 613//
f 613// 978// 975//
f 620// 976// 618//
f 618// 976// 979//
f 618// 979// 668//
f 668// 979// 980//
f 668// 980// 981//
f 668// 981// 669//
f 669// 981// 982//
f 669// 982// 756//
f 756// 982// 983//
f 756// 983// 807//
f 807// 983// 984//
f 807// 984// 805//
f 805// 984// 985//
f 805// 985// 692//
f 692// 985// 986//
f 692// 986// 691//
f 691// 986// 987//
f 691// 987// 635//
f 635// 987// 988//
f 635// 988// 636//
f 636// 988// 989//
f 636// 989// 638//
f 638// 989// 990//
f 638// 990// 627//
f 627// 990// 991//
f 627// 991// 628//
f 628// 991// 977//
f 628// 977// 728//
f 976// 975// 979//
f 979// 975// 978//
f 979// 978// 980//
f 980// 978// 977//
f 980// 977// 991//
f 985// 984// 986//
f 986// 984// 983//
f 986// 983// 982//
f 991// 990// 980//
f 980// 990// 989//
f 980// 989// 988//
f 988// 987// 980//
f 980// 987// 986//
f 980// 986// 981//
f 981// 986// 982//
f 842// 992// 993//
f 842// 993// 819//
f 819// 993// 994//
f 819// 994// 821//
f 821// 994// 995//
f 821// 995// 822//
f 822// 995// 996//
f 822// 996// 823//
f 823// 996// 997//
f 823// 997// 779//
f 779// 997// 998//
f 779// 998// 778//
f 778// 998// 999//
f 778// 999// 777//
f 777// 999// 1000//
f 777// 1000// 780//
f 780// 1000// 1001//
f 780// 1001// 781//
f 781// 1001// 1002//
f 781// 1002// 782//
f 782// 1002// 1003//
f 782// 1003// 727//
f 727// 1003// 1004//
f 727// 1004// 726//
f 726// 1004// 604//
f 604// 1004// 1005//
f 604// 1005// 592//
f 592// 1005// 1006//
f 591// 1007// 593//
f 593// 1007// 1008//
f 593// 1008// 842//
f 842// 1008// 992//
f 1006// 1007// 592//
f 592// 1007// 591//
f 1007// 1006// 1008//
f 1008// 1006// 1005//
f 1008// 1005// 992//
f 992// 1005// 1004//
f 992// 1004// 993//
f 1002// 1001// 1000//
f 999// 1004// 1000//
f 1000// 1004// 1003//
f 1000// 1003// 1002//
f 999// 998// 1004//
f 1004// 998// 997//
f 1004// 997// 996//
f 996// 995// 1004//
f 1004// 995// 994//
f 1004// 994// 993//
f 1009// 1010// 595//
f 595// 1010// 588//
f 840// 1011// 594//
f 594// 1011// 1012//
f 594// 1012// 595//
f 595// 1012// 1009//
f 588// 1010// 589//
f 589// 1010// 1013//
f 589// 1013// 677//
f 677// 1013// 1014//
f 677// 1014// 1015//
f 677// 1015// 678//
f 678// 1015// 1016//
f 678// 1016// 750//
f 750// 1016// 1017//
f 750// 1017// 751//
f 751// 1017// 1018//
f 751// 1018// 753//
f 753// 1018// 1019//
f 753// 1019// 772//
f 772// 1019// 1020//
f 772// 1020// 773//
f 773// 1020// 1021//
f 773// 1021// 774//
f 774// 1021// 1022//
f 774// 1022// 775//
f 775// 1022// 1023//
f 775// 1023// 776//
f 776// 1023// 1024//
f 776// 1024// 820//
f 820// 1024// 1025//
f 820// 1025// 841//
f 841// 1025// 1011//
f 841// 1011// 840//
f 1010// 1009// 1013//
f 1013// 1009// 1012//
f 1013// 1012// 1014//
f 1014// 1012// 1011//
f 1018// 1017// 1016//
f 1011// 1025// 1014//
f 1014// 1025// 1024//
f 1014// 1024// 1023//
f 1023// 1022// 1014//
f 1014// 1022// 1021//
f 1014// 1021// 1020//
f 1020// 1019// 1014//
f 1014// 1019// 1018//
f 1014// 1018// 1015//
f 1015// 1018// 1016//
f 1026// 1027// 596//
f 596// 1027// 599//
f 796// 1028// 590//
f 590// 1028// 1029//
f 590// 1029// 596//
f 596// 1029// 1026//
f 599// 1027// 597//
f 597// 1027// 1030//
f 597// 1030// 747//
f 747// 1030// 1031//
f 747// 1031// 1032//
f 747// 1032// 748//
f 748// 1032// 1033//
f 748// 1033// 749//
f 749// 1033// 1034//
f 749// 1034// 658//
f 658// 1034// 1035//
f 658// 1035// 818//
f 818// 1035// 1036//
f 818// 1036// 817//
f 817// 1036// 1037//
f 817// 1037// 752//
f 752// 1037// 1038//
f 752// 1038// 676//
f 676// 1038// 1039//
f 676// 1039// 723//
f 723// 1039// 1040//
f 723// 1040// 724//
f 724// 1040// 1041//
f 724// 1041// 725//
f 725// 1041// 1042//
f 725// 1042// 797//
f 797// 1042// 1028//
f 797// 1028// 796//
f 1027// 1026// 1030//
f 1030// 1026// 1029//
f 1030// 1029// 1031//
f 1031// 1029// 1028//
f 1035// 1034// 1033//
f 1028// 1042// 1031//
f 1031// 1042// 1041//
f 1031// 1041// 1040//
f 1040// 1039// 1031//
f 1031// 1039// 1038//
f 1031// 1038// 1037//
f 1037// 1036// 1031//
f 1031// 1036// 1035//
f 1031// 1035// 1032//
f 1032// 1035// 1033//
f 1043// 1044// 600//
f 600// 1044// 603//
f 722// 1045// 598//
f 598// 1045// 1046//
f 598// 1046// 600//
f 600// 1046// 1043//
f 603// 1044// 601//
f 601// 1044// 1047//
f 601// 1047// 672//
f 672// 1047// 1048//
f 672// 1048// 1049//
f 672// 1049// 719//
f 719// 1049// 1050//
f 719// 1050// 720//
f 720// 1050// 1051//
f 720// 1051// 721//
f 721// 1051// 1052//
f 721// 1052// 624//
f 624// 1052// 1053//
f 624// 1053// 625//
f 625// 1053// 1054//
f 625// 1054// 673//
f 673// 1054// 1055//
f 673// 1055// 674//
f 674// 1055// 1056//
f 674// 1056// 675//
f 675// 1056// 1057//
f 675// 1057// 660//
f 660// 1057// 1058//
f 660// 1058// 659//
f 659// 1058// 1059//
f 659// 1059// 657//
f 657// 1059// 1045//
f 657// 1045// 722//
f 1044// 1043// 1047//
f 1047// 1043// 1046//
f 1047// 1046// 1048//
f 1048// 1046// 1045//
f 1048// 1045// 1049//
f 1058// 1057// 1056//
f 1055// 1045// 1056//
f 1056// 1045// 1059//
f 1056// 1059// 1058//
f 1055// 1054// 1045//
f 1045// 1054// 1053//
f 1045// 1053// 1052//
f 1052// 1051// 1045//
f 1045// 1051// 1050//
f 1045// 1050// 1049//
f 829// 1060// 1061//
f 829// 1061// 830//
f 830// 1061// 1062//
f 830// 1062// 831//
f 831// 1062// 1063//
f 831// 1063// 744//
f 744// 1063// 1064//
f 744// 1064// 770//
f 770// 1064// 1065//
f 770// 1065// 771//
f 771// 1065// 1066//
f 771// 1066// 642//
f 642// 1066// 1067//
f 642// 1067// 643//
f 643// 1067// 1068//
f 643// 1068// 716//
f 716// 1068// 1069//
f 716// 1069// 715//
f 715// 1069// 1070//
f 715// 1070// 714//
f 714// 1070// 1071//
f 714// 1071// 717//
f 717// 1071// 1072//
f 717// 1072// 718//
f 718// 1072// 575//
f 575// 1072// 1073//
f 575// 1073// 574//
f 574// 1073// 1074//
f 570// 1075// 571//
f 571// 1075// 1076//
f 571// 1076// 829//
f 829// 1076// 1060//
f 1074// 1075// 574//
f 574// 1075// 570//
f 1075// 1074// 1076//
f 1076// 1074// 1073//
f 1076// 1073// 1060//
f 1060// 1073// 1072//
f 1060// 1072// 1071//
f 1060// 1068// 1067//
f 1067// 1066// 1060//
f 1060// 1066// 1065//
f 1060// 1065// 1061//
f 1071// 1070// 1060//
f 1060// 1070// 1069//
f 1060// 1069// 1068//
f 1061// 1065// 1062//
f 1062// 1065// 1064//
f 1062// 1064// 1063//
f 1077// 1078// 573//
f 573// 1078// 579//
f 826// 1079// 572//
f 572// 1079// 1080//
f 572// 1080// 573//
f 573// 1080// 1077//
f 579// 1078// 577//
f 577// 1078// 1081//
f 577// 1081// 839//
f 839// 1081// 1082//
f 839// 1082// 1083//
f 839// 1083// 838//
f 838// 1083// 1084//
f 838// 1084// 836//
f 836// 1084// 1085//
f 836// 1085// 766//
f 766// 1085// 1086//
f 766// 1086// 768//
f 768// 1086// 1087//
f 768// 1087// 769//
f 769// 1087// 1088//
f 769// 1088// 655//
f 655// 1088// 1089//
f 655// 1089// 656//
f 656// 1089// 1090//
f 656// 1090// 742//
f 742// 1090// 1091//
f 742// 1091// 743//
f 743// 1091// 1092//
f 743// 1092// 745//
f 745// 1092// 1093//
f 745// 1093// 746//
f 746// 1093// 1079//
f 746// 1079// 826//
f 1078// 1077// 1081//
f 1081// 1077// 1080//
f 1092// 1091// 1083//
f 1091// 1090// 1083//
f 1083// 1090// 1089//
f 1083// 1089// 1088//
f 1081// 1080// 1082//
f 1082// 1080// 1079//
f 1082// 1079// 1083//
f 1083// 1079// 1093//
f 1083// 1093// 1092//
f 1088// 1087// 1083//
f 1083// 1087// 1086//
f 1083// 1086// 1084//
f 1084// 1086// 1085//
f 1094// 1095// 580//
f 580// 1095// 583//
f 828// 1096// 578//
f 578// 1096// 1097//
f 578// 1097// 580//
f 580// 1097// 1094//
f 583// 1095// 581//
f 581// 1095// 1098//
f 581// 1098// 816//
f 816// 1098// 1099//
f 816// 1099// 1100//
f 816// 1100// 815//
f 815// 1100// 1101//
f 815// 1101// 711//
f 711// 1101// 1102//
f 711// 1102// 712//
f 712// 1102// 1103//
f 712// 1103// 713//
f 713// 1103// 1104//
f 713// 1104// 795//
f 795// 1104// 1105//
f 795// 1105// 794//
f 794// 1105// 1106//
f 794// 1106// 767//
f 767// 1106// 1107//
f 767// 1107// 765//
f 765// 1107// 1108//
f 765// 1108// 834//
f 834// 1108// 1109//
f 834// 1109// 835//
f 835// 1109// 1110//
f 835// 1110// 837//
f 837// 1110// 1096//
f 837// 1096// 828//
f 1095// 1094// 1098//
f 1098// 1094// 1097//
f 1098// 1097// 1099//
f 1099// 1097// 1096//
f 1096// 1110// 1099//
f 1099// 1110// 1109//
f 1099// 1109// 1108//
f 1108// 1107// 1099//
f 1099// 1107// 1106//
f 1099// 1106// 1105//
f 1105// 1104// 1099//
f 1099// 1104// 1103//
f 1099// 1103// 1100//
f 1100// 1103// 1102//
f 1100// 1102// 1101//
f 1111// 1112// 584//
f 584// 1112// 587//
f 793// 1113// 582//
f 582// 1113// 1114//
f 582// 1114// 584//
f 584// 1114// 1111//
f 587// 1112// 585//
f 585// 1112// 1115//
f 585// 1115// 647//
f 647// 1115// 1116//
f 647// 1116// 1117//
f 647// 1117// 648//
f 648// 1117// 1118//
f 648// 1118// 649//
f 649// 1118// 1119//
f 649// 1119// 651//
f 651// 1119// 1120//
f 651// 1120// 652//
f 652// 1120// 1121//
f 652// 1121// 653//
f 653// 1121// 1122//
f 653// 1122// 654//
f 654// 1122// 1123//
f 654// 1123// 764//
f 764// 1123// 1124//
f 764// 1124// 763//
f 763// 1124// 1125//
f 763// 1125// 762//
f 762// 1125// 1126//
f 762// 1126// 813//
f 813// 1126// 1127//
f 813// 1127// 814//
f 814// 1127// 1113//
f 814// 1113// 793//
f 1112// 1111// 1115//
f 1115// 1111// 1114//
f 1115// 1114// 1116//
f 1116// 1114// 1113//
f 1116// 1113// 1127//
f 1122// 1116// 1123//
f 1123// 1116// 1124//
f 1122// 1121// 1116//
f 1116// 1121// 1120//
f 1116// 1120// 1117//
f 1117// 1120// 1119//
f 1117// 1119// 1118//
f 1127// 1126// 1116//
f 1116// 1126// 1125//
f 1116// 1125// 1124//
usemtl 3
f 1128// 489// 1129//
f 1129// 489// 494//
f 1129// 494// 1130//
f 1130// 494// 493//
f 1130// 493// 1131//
f 1131// 493// 487//
f 1131// 487// 1132//
f 1132// 487// 486//
f 1132// 486// 1133//
f 1133// 486// 500//
f 1133// 500// 1134//
f 1134// 500// 499//
f 1134// 499// 1135//
f 1135// 499// 498//
f 1135// 498// 1136//
f 1136// 498// 481//
f 1136// 481// 1137//
f 1137// 481// 480//
f 1137// 480// 1138//
f 1138// 480// 478//
f 1138// 478// 1139//
f 1139// 478// 477//
f 1139// 477// 1140//
f 1140// 477// 497//
f 1140// 497// 1141//
f 1141// 497// 496//
f 1141// 496// 1142//
f 1142// 496// 495//
f 1142// 495// 1143//
f 1143// 495// 492//
f 1143// 492// 1144//
f 1144// 492// 491//
f 1144// 491// 1145//
f 1145// 491// 503//
f 1145// 503// 1146//
f 1146// 503// 502//
f 1146// 502// 1147//
f 1147// 502// 501//
f 1147// 501// 1148//
f 1148// 501// 485//
f 1148// 485// 1149//
f 1149// 485// 484//
f 1149// 484// 1150//
f 1150// 484// 483//
f 1150// 483// 1151//
f 1151// 483// 482//
f 1151// 482// 1128//
f 1128// 482// 489//
f 1150// 1151// 1152//
f 1152// 1151// 1128//
f 1152// 1128// 1129//
f 1147// 1148// 1152//
f 1152// 1148// 1149//
f 1152// 1149// 1150//
f 1144// 1145// 1152//
f 1152// 1145// 1146//
f 1152// 1146// 1147//
f 1141// 1142// 1152//
f 1152// 1142// 1143//
f 1152// 1143// 1144//
f 1138// 1139// 1152//
f 1152// 1139// 1140//
f 1152// 1140// 1141//
f 1135// 1136// 1152//
f 1152// 1136// 1137//
f 1152// 1137// 1138//
f 1132// 1133// 1152//
f 1152// 1133// 1134//
f 1152// 1134// 1135//
f 1129// 1130// 1152//
f 1152// 1130// 1131//
f 1152// 1131// 1132//
f 1153// 1154// 504//
f 504// 1154// 505//
f 1155// 1153// 509//
f 509// 1153// 504//
f 1156// 1155// 508//
f 508// 1155// 509//
f 1157// 1156// 507//
f 507// 1156// 508//
f 1158// 1157// 506//
f 506// 1157// 507//
f 1154// 1158// 505//
f 505// 1158// 506//
f 1156// 1157// 1155//
f 1155// 1157// 1158//
f 1155// 1158// 1153//
f 1153// 1158// 1154//
f 1159// 1160// 216//
f 216// 1160// 261//
f 216// 215// 1159//
f 1159// 215// 214//
f 1159// 214// 1161//
f 1161// 214// 213//
f 1161// 213// 1162//
f 1163// 1162// 212//
f 212// 1162// 213//
f 1163// 212// 231//
f 1163// 231// 1164//
f 1164// 231// 230//
f 1164// 230// 1165//
f 1165// 230// 234//
f 1165// 234// 1166//
f 1166// 234// 233//
f 1166// 233// 1167//
f 1167// 233// 232//
f 1167// 232// 1168//
f 1168// 232// 237//
f 1168// 237// 1169//
f 1169// 237// 236//
f 1169// 236// 1170//
f 1170// 236// 235//
f 1170// 235// 1171//
f 1171// 235// 229//
f 1171// 229// 1172//
f 1172// 229// 228//
f 1172// 228// 1173//
f 1173// 228// 227//
f 1173// 227// 1174//
f 1174// 227// 226//
f 1174// 226// 1175//
f 1175// 226// 225//
f 1175// 225// 1176//
f 1176// 225// 224//
f 1176// 224// 1177//
f 1177// 224// 223//
f 1177// 223// 1178//
f 1178// 223// 222//
f 1178// 222// 1179//
f 1179// 222// 221//
f 1179// 221// 1180//
f 1180// 221// 220//
f 1180// 220// 1181//
f 1181// 220// 218//
f 1181// 218// 1182//
f 1182// 218// 217//
f 1182// 217// 1183//
f 1183// 217// 219//
f 1183// 219// 1184//
f 1184// 219// 211//
f 1184// 211// 1185//
f 1186// 1185// 210//
f 210// 1185// 211//
f 239// 1187// 1188//
f 1186// 210// 209//
f 1186// 209// 1189//
f 1189// 209// 208//
f 1189// 208// 1188//
f 1188// 208// 241//
f 1188// 241// 239//
f 1187// 239// 13//
f 1187// 13// 1190//
f 13// 12// 1190//
f 1190// 12// 247//
f 1190// 247// 1191//
f 1191// 247// 246//
f 1191// 246// 1192//
f 1192// 246// 245//
f 1192// 245// 1193//
f 1193// 245// 244//
f 1193// 244// 1194//
f 1194// 244// 243//
f 1194// 243// 1195//
f 243// 242// 1195//
f 1195// 242// 252//
f 1195// 252// 1196//
f 1196// 252// 251//
f 1196// 251// 1197//
f 256// 1198// 1199//
f 1197// 251// 249//
f 1197// 249// 1200//
f 1200// 249// 248//
f 1200// 248// 1199//
f 1199// 248// 257//
f 1199// 257// 256//
f 261// 1160// 1201//
f 1198// 256// 254//
f 1198// 254// 1202//
f 1202// 254// 253//
f 1202// 253// 1203//
f 1203// 253// 258//
f 1203// 258// 1201//
f 1201// 258// 260//
f 1201// 260// 261//
f 1184// 1185// 1186//
f 1175// 1176// 1194//
f 1194// 1176// 1193//
f 1184// 1186// 1183//
f 1183// 1186// 1189//
f 1183// 1189// 1182//
f 1182// 1189// 1188//
f 1182// 1188// 1181//
f 1181// 1188// 1187//
f 1181// 1187// 1180//
f 1180// 1187// 1190//
f 1180// 1190// 1179//
f 1197// 1174// 1196//
f 1196// 1174// 1175//
f 1196// 1175// 1195//
f 1195// 1175// 1194//
f 1176// 1177// 1193//
f 1193// 1177// 1178//
f 1193// 1178// 1192//
f 1192// 1178// 1179//
f 1192// 1179// 1191//
f 1191// 1179// 1190//
f 1162// 1163// 1161//
f 1161// 1163// 1164//
f 1161// 1164// 1159//
f 1159// 1164// 1165//
f 1159// 1165// 1160//
f 1160// 1165// 1166//
f 1160// 1166// 1201//
f 1201// 1166// 1167//
f 1201// 1167// 1203//
f 1203// 1167// 1168//
f 1203// 1168// 1202//
f 1202// 1168// 1169//
f 1202// 1169// 1198//
f 1198// 1169// 1170//
f 1198// 1170// 1199//
f 1199// 1170// 1171//
f 1199// 1171// 1200//
f 1200// 1171// 1172//
f 1200// 1172// 1197//
f 1197// 1172// 1173//
f 1197// 1173// 1174//
f 1204// 1205// 193//
f 193// 1205// 204//
f 187// 1206// 186//
f 186// 1206// 1204//
f 186// 1204// 193//
f 1207// 1206// 185//
f 185// 1206// 187//
f 192// 1208// 184//
f 184// 1208// 1207//
f 184// 1207// 185//
f 1209// 1208// 194//
f 194// 1208// 192//
f 199// 1210// 196//
f 196// 1210// 1209//
f 196// 1209// 194//
f 1211// 1210// 198//
f 198// 1210// 199//
f 195// 1212// 197//
f 197// 1212// 1211//
f 197// 1211// 198//
f 1213// 1212// 190//
f 190// 1212// 195//
f 206// 1214// 191//
f 191// 1214// 1213//
f 191// 1213// 190//
f 1215// 1214// 200//
f 200// 1214// 206//
f 204// 1205// 205//
f 205// 1205// 1215//
f 205// 1215// 200//
f 1215// 1205// 1204//
f 1204// 1206// 1215//
f 1215// 1206// 1207//
f 1215// 1207// 1214//
f 1212// 1213// 1211//
f 1211// 1213// 1214//
f 1211// 1214// 1210//
f 1210// 1214// 1207//
f 1210// 1207// 1209//
f 1209// 1207// 1208//
f 1216// 1217// 1218//
f 1218// 1217// 1219//
f 1218// 1219// 1220//
f 1220// 1219// 1221//
f 1220// 1221// 1222//
f 1222// 1221// 1223//
f 1222// 1223// 1224//
f 1224// 1223// 1225//
f 1224// 1225// 1226//
f 1226// 1225// 1227//
f 1226// 1227// 1228//
f 1227// 1229// 1228//
f 1228// 1229// 1230//
f 1228// 1230// 1231//
f 1231// 1230// 1232//
f 1231// 1232// 1233//
f 1233// 1232// 1234//
f 1233// 1234// 1235//
f 1235// 1234// 1236//
f 1235// 1236// 1237//
f 1237// 1236// 1238//
f 1237// 1238// 1239//
f 1239// 1238// 1240//
f 1239// 1240// 1241//
f 1241// 1240// 1242//
f 1241// 1242// 1243//
f 1243// 1242// 1244//
f 1243// 1244// 1245//
f 1245// 1244// 1246//
f 1245// 1246// 1247//
f 1247// 1246// 1248//
f 1247// 1248// 1249//
f 1249// 1248// 1250//
f 1249// 1250// 1216//
f 1216// 1250// 1251//
f 1216// 1251// 1217//
f 1222// 1224// 281//
f 281// 1224// 282//
f 271// 1216// 1218//
f 1222// 281// 280//
f 1222// 280// 1220//
f 1220// 280// 268//
f 1220// 268// 1218//
f 1218// 268// 270//
f 1218// 270// 271//
f 1216// 271// 264//
f 1216// 264// 1249//
f 1249// 264// 263//
f 1249// 263// 1247//
f 1247// 263// 277//
f 1247// 277// 1245//
f 1245// 277// 276//
f 1245// 276// 1243//
f 1243// 276// 275//
f 1243// 275// 1241//
f 1241// 275// 274//
f 1241// 274// 1239//
f 1239// 274// 273//
f 1239// 273// 1237//
f 1237// 273// 272//
f 1237// 272// 1235//
f 278// 1228// 1231//
f 1235// 272// 267//
f 1235// 267// 1233//
f 1233// 267// 266//
f 1233// 266// 1231//
f 1231// 266// 279//
f 1231// 279// 278//
f 1226// 1228// 283//
f 283// 1228// 278//
f 1224// 1226// 282//
f 282// 1226// 283//
f 1229// 1227// 1252//
f 1252// 1227// 1253//
f 1227// 1225// 1253//
f 1253// 1225// 1254//
f 1225// 1223// 1254//
f 1254// 1223// 1255//
f 1251// 1256// 1257//
f 1251// 1257// 1217//
f 1217// 1257// 1258//
f 1217// 1258// 1219//
f 1219// 1258// 1259//
f 1219// 1259// 1221//
f 1221// 1259// 1255//
f 1221// 1255// 1223//
f 1244// 1260// 1261//
f 1244// 1261// 1246//
f 1246// 1261// 1262//
f 1246// 1262// 1248//
f 1248// 1262// 1263//
f 1248// 1263// 1250//
f 1250// 1263// 1256//
f 1250// 1256// 1251//
f 1236// 1264// 1265//
f 1236// 1265// 1238//
f 1238// 1265// 1266//
f 1238// 1266// 1240//
f 1240// 1266// 1267//
f 1240// 1267// 1242//
f 1242// 1267// 1260//
f 1242// 1260// 1244//
f 1229// 1252// 1268//
f 1229// 1268// 1230//
f 1230// 1268// 1269//
f 1230// 1269// 1232//
f 1232// 1269// 1270//
f 1232// 1270// 1234//
f 1234// 1270// 1264//
f 1234// 1264// 1236//
usemtl 1
f 1252// 1253// 1254//
f 1262// 1261// 1268//
f 1254// 1255// 1252//
f 1252// 1255// 1259//
f 1252// 1259// 1258//
f 1258// 1257// 1252//
f 1252// 1257// 1256//
f 1252// 1256// 1268//
f 1268// 1256// 1263//
f 1268// 1263// 1262//
f 1264// 1261// 1260//
f 1264// 1270// 1261//
f 1261// 1270// 1269//
f 1261// 1269// 1268//
f 1267// 1266// 1260//
f 1260// 1266// 1265//
f 1260// 1265// 1264//
usemtl 3
f 1271// 1272// 1273//
f 1273// 1272// 1274//
f 1275// 1276// 1271//
f 1271// 1276// 1277//
f 1271// 1277// 1272//
f 1272// 1277// 1278//
f 1275// 1279// 1276//
f 1276// 1279// 1280//
f 1276// 1280// 1281//
f 1281// 1280// 1282//
f 1281// 1282// 1283//
f 1283// 1284// 1281//
f 1281// 1284// 1273//
f 1281// 1273// 1285//
f 1285// 1273// 1274//
f 1285// 1274// 1286//
f 1281// 1285// 175//
f 175// 1285// 172//
f 1276// 1281// 183//
f 183// 1281// 175//
f 180// 1277// 182//
f 182// 1277// 1276//
f 182// 1276// 183//
f 1278// 1277// 178//
f 178// 1277// 180//
f 1272// 1278// 177//
f 177// 1278// 178//
f 168// 1274// 169//
f 169// 1274// 1272//
f 169// 1272// 177//
f 1286// 1274// 170//
f 170// 1274// 168//
f 1285// 1286// 172//
f 172// 1286// 170//
f 1271// 1273// 1287//
f 1287// 1273// 1288//
f 1273// 1284// 1288//
f 1288// 1284// 1289//
f 1282// 1290// 1291//
f 1282// 1291// 1283//
f 1283// 1291// 1289//
f 1283// 1289// 1284//
f 1282// 1280// 1290//
f 1290// 1280// 1292//
f 1275// 1293// 1294//
f 1275// 1294// 1279//
f 1279// 1294// 1292//
f 1279// 1292// 1280//
f 1275// 1271// 1293//
f 1293// 1271// 1287//
usemtl 1
f 1290// 1292// 1291//
f 1291// 1292// 1294//
f 1291// 1294// 1289//
f 1289// 1294// 1293//
f 1289// 1293// 1288//
f 1288// 1293// 1287//
usemtl 3
f 1295// 1296// 541//
f 541// 1296// 540//
f 1297// 1295// 546//
f 546// 1295// 541//
f 1298// 1297// 545//
f 545// 1297// 546//
f 1299// 1298// 547//
f 547// 1298// 545//
f 1300// 1299// 548//
f 548// 1299// 547//
f 1301// 1300// 549//
f 549// 1300// 548//
f 1302// 1301// 550//
f 550// 1301// 549//
f 1303// 1302// 542//
f 542// 1302// 550//
f 1304// 1303// 544//
f 544// 1303// 542//
f 1305// 1304// 543//
f 543// 1304// 544//
f 1306// 1305// 539//
f 539// 1305// 543//
f 1296// 1306// 540//
f 540// 1306// 539//
f 1306// 1296// 1295//
f 1295// 1297// 1306//
f 1306// 1297// 1298//
f 1306// 1298// 1305//
f 1303// 1304// 1302//
f 1302// 1304// 1305//
f 1302// 1305// 1301//
f 1301// 1305// 1298//
f 1301// 1298// 1300//
f 1300// 1298// 1299//
f 1307// 1308// 1309//
f 1309// 1308// 1310//
f 1311// 1312// 1313//
f 1313// 1312// 1314//
f 1315// 1316// 1310//
f 1310// 1316// 1317//
f 1310// 1317// 1318//
f 1318// 1319// 1310//
f 1310// 1319// 1320//
f 1310// 1320// 1309//
f 1309// 1320// 1321//
f 1309// 1321// 1311//
f 1311// 1321// 1322//
f 1311// 1322// 1312//
f 1323// 1324// 1325//
f 1325// 1324// 1326//
f 1327// 1315// 1328//
f 1328// 1315// 1310//
f 1328// 1310// 1329//
f 1329// 1310// 1330//
f 1329// 1330// 1331//
f 1331// 1330// 1332//
f 1331// 1332// 1333//
f 1333// 1332// 1334//
f 1333// 1334// 1326//
f 1326// 1334// 1335//
f 1326// 1335// 1325//
f 1336// 1337// 1338//
f 1338// 1337// 1339//
f 1338// 1339// 1340//
f 1340// 1339// 1341//
f 1340// 1341// 1342//
f 1342// 1341// 1343//
f 1342// 1343// 1323//
f 1323// 1343// 1344//
f 1323// 1344// 1324//
f 1345// 1346// 1347//
f 1347// 1346// 1348//
f 1347// 1348// 1349//
f 1349// 1348// 1350//
f 1349// 1350// 1351//
f 1351// 1350// 1352//
f 1351// 1352// 1353//
f 1353// 1352// 1354//
f 1353// 1354// 1355//
f 1355// 1354// 1356//
f 1355// 1356// 1314//
f 1314// 1356// 1357//
f 1314// 1357// 1313//
f 1328// 1358// 1327//
f 1327// 1358// 1359//
f 1327// 1359// 1360//
f 1360// 1359// 1361//
f 1360// 1361// 1362//
f 1362// 1361// 1363//
f 1362// 1363// 1364//
f 1364// 1363// 1365//
f 1364// 1365// 1366//
f 1366// 1365// 1367//
f 1366// 1367// 1368//
f 1368// 1367// 1369//
f 1368// 1369// 1370//
f 1370// 1369// 1371//
f 1370// 1371// 1372//
f 1372// 1371// 1373//
f 1372// 1373// 1345//
f 1345// 1373// 1374//
f 1345// 1374// 1346//
f 1342// 331// 330//
f 1342// 330// 1340//
f 1340// 330// 300//
f 1340// 300// 1338//
f 1338// 300// 299//
f 1338// 299// 1336//
f 1337// 1336// 288//
f 288// 1336// 299//
f 1337// 288// 297//
f 1337// 297// 1339//
f 1339// 297// 298//
f 1339// 298// 1341//
f 1341// 298// 292//
f 1341// 292// 1343//
f 1343// 292// 291//
f 1343// 291// 1344//
f 1344// 291// 338//
f 1344// 338// 1324//
f 1324// 338// 337//
f 1324// 337// 1326//
f 1326// 337// 321//
f 1326// 321// 1333//
f 1333// 321// 320//
f 1333// 320// 1331//
f 1331// 320// 319//
f 1331// 319// 1329//
f 1329// 319// 318//
f 1329// 318// 1328//
f 1358// 1328// 293//
f 293// 1328// 318//
f 1358// 293// 296//
f 1358// 296// 1359//
f 1359// 296// 295//
f 1359// 295// 1361//
f 1361// 295// 287//
f 1361// 287// 1363//
f 1363// 287// 289//
f 1363// 289// 1365//
f 1365// 289// 290//
f 1365// 290// 1367//
f 1367// 290// 305//
f 1367// 305// 1369//
f 1369// 305// 306//
f 1369// 306// 1371//
f 1371// 306// 311//
f 1371// 311// 1373//
f 1373// 311// 310//
f 1373// 310// 1374//
f 1374// 310// 304//
f 1374// 304// 1346//
f 342// 1352// 343//
f 343// 1352// 1350//
f 343// 1350// 301//
f 301// 1350// 1348//
f 301// 1348// 302//
f 302// 1348// 1346//
f 302// 1346// 304//
f 1352// 342// 339//
f 1352// 339// 1354//
f 1354// 339// 285//
f 1354// 285// 1356//
f 285// 284// 1356//
f 1356// 284// 294//
f 1356// 294// 1357//
f 1357// 294// 309//
f 1357// 309// 1313//
f 1313// 309// 308//
f 1313// 308// 1311//
f 1309// 1311// 307//
f 307// 1311// 308//
f 1307// 1309// 286//
f 286// 1309// 307//
f 1308// 1307// 345//
f 345// 1307// 286//
f 1310// 1308// 314//
f 314// 1308// 345//
f 1310// 314// 316//
f 1310// 316// 1330//
f 1330// 316// 335//
f 1330// 335// 1332//
f 1332// 335// 336//
f 1332// 336// 1334//
f 1334// 336// 323//
f 1334// 323// 1335//
f 1335// 323// 322//
f 1335// 322// 1325//
f 1325// 322// 332//
f 1325// 332// 1323//
f 1323// 332// 331//
f 1323// 331// 1342//
f 1360// 1375// 1376//
f 1360// 1376// 1327//
f 1327// 1376// 1377//
f 1327// 1377// 1315//
f 1315// 1377// 1378//
f 1315// 1378// 1316//
f 1368// 1379// 1380//
f 1368// 1380// 1366//
f 1366// 1380// 1381//
f 1366// 1381// 1364//
f 1364// 1381// 1382//
f 1364// 1382// 1362//
f 1362// 1382// 1375//
f 1362// 1375// 1360//
f 1347// 1383// 1384//
f 1347// 1384// 1345//
f 1345// 1384// 1385//
f 1345// 1385// 1372//
f 1372// 1385// 1386//
f 1372// 1386// 1370//
f 1370// 1386// 1379//
f 1370// 1379// 1368//
f 1353// 1387// 1388//
f 1353// 1388// 1351//
f 1351// 1388// 1389//
f 1351// 1389// 1349//
f 1349// 1389// 1383//
f 1349// 1383// 1347//
f 1322// 1390// 1391//
f 1322// 1391// 1312//
f 1312// 1391// 1392//
f 1312// 1392// 1314//
f 1314// 1392// 1393//
f 1314// 1393// 1355//
f 1355// 1393// 1387//
f 1355// 1387// 1353//
f 1318// 1394// 1395//
f 1318// 1395// 1319//
f 1319// 1395// 1396//
f 1319// 1396// 1320//
f 1320// 1396// 1397//
f 1320// 1397// 1321//
f 1321// 1397// 1390//
f 1321// 1390// 1322//
f 1318// 1317// 1394//
f 1394// 1317// 1398//
f 1317// 1316// 1398//
f 1398// 1316// 1378//
usemtl 1
f 1395// 1394// 1375//
f 1394// 1398// 1378//
f 1378// 1377// 1394//
f 1394// 1377// 1376//
f 1394// 1376// 1375//
f 1395// 1375// 1396//
f 1396// 1375// 1382//
f 1396// 1382// 1397//
f 1384// 1383// 1391//
f 1384// 1391// 1385//
f 1392// 1391// 1393//
f 1393// 1391// 1387//
f 1382// 1381// 1397//
f 1397// 1381// 1380//
f 1397// 1380// 1390//
f 1390// 1380// 1379//
f 1390// 1379// 1391//
f 1391// 1379// 1386//
f 1391// 1386// 1385//
f 1383// 1389// 1391//
f 1391// 1389// 1388//
f 1391// 1388// 1387//
usemtl 3
f 1399// 390// 387//
f 329// 1400// 387//
f 387// 1400// 1401//
f 387// 1401// 1399//
f 329// 328// 1400//
f 1400// 328// 326//
f 1400// 326// 1402//
f 1403// 1402// 344//
f 344// 1402// 326//
f 1404// 1403// 346//
f 346// 1403// 344//
f 350// 1405// 349//
f 349// 1405// 1404//
f 349// 1404// 348//
f 348// 1404// 346//
f 1406// 1405// 10//
f 10// 1405// 350//
f 10// 9// 1406//
f 1406// 9// 368//
f 1406// 368// 1407//
f 1407// 368// 367//
f 1407// 367// 1408//
f 1408// 367// 358//
f 1408// 358// 1409//
f 1409// 358// 357//
f 1409// 357// 1410//
f 1410// 357// 356//
f 1410// 356// 1411//
f 1411// 356// 366//
f 1411// 366// 1412//
f 1412// 366// 365//
f 1412// 365// 1413//
f 1413// 365// 364//
f 1413// 364// 1414//
f 1414// 364// 363//
f 1414// 363// 1415//
f 1415// 363// 383//
f 1415// 383// 1416//
f 1416// 383// 382//
f 1416// 382// 1417//
f 1417// 382// 380//
f 1417// 380// 1418//
f 1418// 380// 378//
f 1418// 378// 1419//
f 1419// 378// 377//
f 1419// 377// 1420//
f 1420// 377// 376//
f 1420// 376// 1421//
f 1421// 376// 375//
f 1421// 375// 1422//
f 1422// 375// 374//
f 1422// 374// 1423//
f 1423// 374// 371//
f 1423// 371// 1424//
f 1424// 371// 386//
f 1424// 386// 1425//
f 1425// 386// 385//
f 1425// 385// 1426//
f 1426// 385// 384//
f 1426// 384// 1427//
f 1427// 384// 373//
f 1427// 373// 1428//
f 1428// 373// 372//
f 1428// 372// 1429//
f 1429// 372// 370//
f 1429// 370// 1430//
f 1430// 370// 369//
f 1430// 369// 1431//
f 1431// 369// 379//
f 1431// 379// 1432//
f 1432// 379// 381//
f 1432// 381// 1433//
f 1433// 381// 352//
f 1433// 352// 1434//
f 1435// 1434// 351//
f 351// 1434// 352//
f 1435// 351// 362//
f 1435// 362// 1436//
f 1436// 362// 360//
f 1436// 360// 1437//
f 1437// 360// 359//
f 1437// 359// 1438//
f 1438// 359// 354//
f 1438// 354// 1439//
f 1439// 354// 353//
f 1439// 353// 1440//
f 1441// 1440// 355//
f 355// 1440// 353//
f 355// 324// 1441//
f 1441// 324// 334//
f 1441// 334// 1442//
f 1442// 334// 333//
f 1442// 333// 1443//
f 1443// 333// 317//
f 1443// 317// 1444//
f 1444// 317// 315//
f 1444// 315// 1445//
f 1445// 315// 313//
f 1445// 313// 1446//
f 1446// 313// 312//
f 1446// 312// 1447//
f 388// 1448// 1449//
f 1447// 312// 325//
f 1447// 325// 1450//
f 1450// 325// 327//
f 1450// 327// 1449//
f 1449// 327// 389//
f 1449// 389// 388//
f 1448// 388// 392//
f 1448// 392// 1451//
f 1451// 392// 403//
f 1451// 403// 1452//
f 1452// 403// 402//
f 1452// 402// 1453//
f 1453// 402// 401//
f 1453// 401// 1454//
f 1454// 401// 395//
f 1454// 395// 1455//
f 1455// 395// 394//
f 1455// 394// 1456//
f 1456// 394// 400//
f 1456// 400// 1457//
f 1457// 400// 399//
f 1457// 399// 1458//
f 1458// 399// 398//
f 1458// 398// 1459//
f 1459// 398// 397//
f 1459// 397// 1460//
f 1460// 397// 396//
f 1460// 396// 1461//
f 1461// 396// 393//
f 1461// 393// 1462//
f 1462// 393// 391//
f 1462// 391// 1463//
f 1463// 391// 390//
f 1463// 390// 1399//
f 1427// 1428// 1439//
f 1439// 1428// 1438//
f 1451// 1418// 1448//
f 1448// 1418// 1419//
f 1407// 1408// 1459//
f 1459// 1408// 1409//
f 1459// 1409// 1458//
f 1458// 1409// 1410//
f 1458// 1410// 1457//
f 1457// 1410// 1411//
f 1457// 1411// 1456//
f 1456// 1411// 1412//
f 1456// 1412// 1455//
f 1455// 1412// 1413//
f 1455// 1413// 1454//
f 1454// 1413// 1414//
f 1454// 1414// 1453//
f 1453// 1414// 1415//
f 1453// 1415// 1452//
f 1452// 1415// 1416//
f 1452// 1416// 1451//
f 1451// 1416// 1417//
f 1451// 1417// 1418//
f 1405// 1399// 1404//
f 1404// 1399// 1401//
f 1404// 1401// 1403//
f 1403// 1401// 1400//
f 1403// 1400// 1402//
f 1428// 1429// 1438//
f 1438// 1429// 1430//
f 1438// 1430// 1437//
f 1437// 1430// 1431//
f 1437// 1431// 1436//
f 1436// 1431// 1432//
f 1436// 1432// 1435//
f 1435// 1432// 1433//
f 1435// 1433// 1434//
f 1459// 1460// 1407//
f 1407// 1460// 1461//
f 1407// 1461// 1406//
f 1406// 1461// 1462//
f 1406// 1462// 1405//
f 1405// 1462// 1463//
f 1405// 1463// 1399//
f 1439// 1440// 1427//
f 1427// 1440// 1441//
f 1427// 1441// 1426//
f 1426// 1441// 1442//
f 1426// 1442// 1425//
f 1425// 1442// 1443//
f 1425// 1443// 1424//
f 1424// 1443// 1444//
f 1424// 1444// 1423//
f 1423// 1444// 1445//
f 1423// 1445// 1422//
f 1422// 1445// 1446//
f 1422// 1446// 1421//
f 1421// 1446// 1447//
f 1421// 1447// 1420//
f 1420// 1447// 1450//
f 1420// 1450// 1419//
f 1419// 1450// 1449//
f 1419// 1449// 1448//
f 1464// 1465// 404//
f 404// 1465// 405//
f 1466// 1464// 412//
f 412// 1464// 404//
f 1466// 412// 413//
f 1466// 413// 1467//
f 1467// 413// 409//
f 1467// 409// 1468//
f 1469// 1468// 408//
f 408// 1468// 409//
f 1470// 1469// 407//
f 407// 1469// 408//
f 417// 1471// 411//
f 411// 1471// 1470//
f 411// 1470// 407//
f 1472// 1471// 416//
f 416// 1471// 417//
f 418// 1473// 415//
f 415// 1473// 1472//
f 415// 1472// 416//
f 420// 1474// 419//
f 419// 1474// 1473//
f 419// 1473// 418//
f 1474// 420// 1475//
f 1475// 420// 426//
f 426// 425// 1475//
f 1475// 425// 424//
f 1475// 424// 1476//
f 1476// 424// 435//
f 1476// 435// 1477//
f 1477// 435// 434//
f 1477// 434// 1478//
f 1478// 434// 428//
f 1478// 428// 1479//
f 1479// 428// 427//
f 1479// 427// 1480//
f 1480// 427// 423//
f 1480// 423// 1481//
f 1482// 1481// 422//
f 422// 1481// 423//
f 1482// 422// 433//
f 1482// 433// 1483//
f 1483// 433// 432//
f 1483// 432// 1484//
f 1484// 432// 430//
f 1484// 430// 1485//
f 1485// 430// 429//
f 1485// 429// 1486//
f 429// 442// 1486//
f 1486// 442// 441//
f 1486// 441// 1487//
f 1487// 441// 440//
f 1487// 440// 1488//
f 1488// 440// 437//
f 1488// 437// 1489//
f 1489// 437// 436//
f 1489// 436// 1490//
f 405// 1465// 439//
f 439// 1465// 1490//
f 439// 1490// 436//
f 1467// 1468// 1490//
f 1465// 1464// 1490//
f 1490// 1464// 1466//
f 1490// 1466// 1467//
f 1471// 1472// 1470//
f 1470// 1472// 1473//
f 1470// 1473// 1469//
f 1481// 1482// 1480//
f 1480// 1482// 1483//
f 1480// 1483// 1479//
f 1479// 1483// 1484//
f 1479// 1484// 1478//
f 1478// 1484// 1485//
f 1478// 1485// 1477//
f 1477// 1485// 1486//
f 1477// 1486// 1476//
f 1468// 1469// 1490//
f 1490// 1469// 1473//
f 1490// 1473// 1489//
f 1473// 1474// 1489//
f 1489// 1474// 1475//
f 1489// 1475// 1488//
f 1488// 1475// 1476//
f 1488// 1476// 1487//
f 1487// 1476// 1486//
f 1491// 1492// 450//
f 450// 1492// 452//
f 446// 1493// 445//
f 445// 1493// 1491//
f 445// 1491// 450//
f 1494// 1493// 444//
f 444// 1493// 446//
f 454// 1495// 443//
f 443// 1495// 1494//
f 443// 1494// 444//
f 1496// 1495// 455//
f 455// 1495// 454//
f 459// 1497// 456//
f 456// 1497// 1496//
f 456// 1496// 455//
f 1498// 1497// 458//
f 458// 1497// 459//
f 448// 1499// 457//
f 457// 1499// 1498//
f 457// 1498// 458//
f 1500// 1499// 447//
f 447// 1499// 448//
f 463// 1501// 464//
f 464// 1501// 1500//
f 464// 1500// 447//
f 1502// 1501// 461//
f 461// 1501// 463//
f 452// 1492// 460//
f 460// 1492// 1502//
f 460// 1502// 461//
f 1502// 1492// 1491//
f 1491// 1493// 1502//
f 1502// 1493// 1494//
f 1502// 1494// 1501//
f 1499// 1500// 1498//
f 1498// 1500// 1501//
f 1498// 1501// 1497//
f 1497// 1501// 1494//
f 1497// 1494// 1496//
f 1496// 1494// 1495//
f 1503// 1504// 1505//
f 1505// 1504// 1506//
f 1505// 1506// 1507//
f 1507// 1506// 1508//
f 1507// 1508// 1509//
f 1509// 1508// 1510//
f 1509// 1510// 1511//
f 1511// 1510// 1512//
f 1511// 1512// 1513//
f 1513// 1512// 1514//
f 1513// 1514// 1515//
f 1514// 1516// 1515//
f 1515// 1516// 1517//
f 1515// 1517// 1518//
f 1518// 1517// 1519//
f 1518// 1519// 1520//
f 1520// 1519// 1521//
f 1520// 1521// 1522//
f 1522// 1521// 1523//
f 1522// 1523// 1524//
f 1524// 1523// 1525//
f 1524// 1525// 1526//
f 1526// 1525// 1527//
f 1526// 1527// 1528//
f 1528// 1527// 1529//
f 1528// 1529// 1530//
f 1530// 1529// 1531//
f 1530// 1531// 1532//
f 1532// 1531// 1533//
f 1532// 1533// 1534//
f 1534// 1533// 1535//
f 1534// 1535// 1536//
f 1536// 1535// 1537//
f 1536// 1537// 1503//
f 1503// 1537// 1538//
f 1503// 1538// 1504//
f 1509// 1511// 530//
f 530// 1511// 529//
f 1509// 530// 531//
f 1509// 531// 1507//
f 1507// 531// 527//
f 1507// 527// 1505//
f 1505// 527// 526//
f 1505// 526// 1503//
f 1503// 526// 525//
f 1503// 525// 1536//
f 1536// 525// 521//
f 1536// 521// 1534//
f 1534// 521// 522//
f 1534// 522// 1532//
f 1532// 522// 523//
f 1532// 523// 1530//
f 1530// 523// 524//
f 1530// 524// 1528//
f 1528// 524// 534//
f 1528// 534// 1526//
f 1526// 534// 533//
f 1526// 533// 1524//
f 1524// 533// 532//
f 1524// 532// 1522//
f 1522// 532// 537//
f 1522// 537// 1520//
f 1520// 537// 536//
f 1520// 536// 1518//
f 1518// 536// 535//
f 1518// 535// 1515//
f 1513// 1515// 528//
f 528// 1515// 535//
f 1511// 1513// 529//
f 529// 1513// 528//
f 1516// 1514// 1539//
f 1539// 1514// 1540//
f 1514// 1512// 1540//
f 1540// 1512// 1541//
f 1512// 1510// 1541//
f 1541// 1510// 1542//
f 1538// 1543// 1544//
f 1538// 1544// 1504//
f 1504// 1544// 1545//
f 1504// 1545// 1506//
f 1506// 1545// 1546//
f 1506// 1546// 1508//
f 1508// 1546// 1542//
f 1508// 1542// 1510//
f 1531// 1547// 1548//
f 1531// 1548// 1533//
f 1533// 1548// 1549//
f 1533// 1549// 1535//
f 1535// 1549// 1550//
f 1535// 1550// 1537//
f 1537// 1550// 1543//
f 1537// 1543// 1538//
f 1523// 1551// 1552//
f 1523// 1552// 1525//
f 1525// 1552// 1553//
f 1525// 1553// 1527//
f 1527// 1553// 1554//
f 1527// 1554// 1529//
f 1529// 1554// 1547//
f 1529// 1547// 1531//
f 1516// 1539// 1555//
f 1516// 1555// 1517//
f 1517// 1555// 1556//
f 1517// 1556// 1519//
f 1519// 1556// 1557//
f 1519// 1557// 1521//
f 1521// 1557// 1551//
f 1521// 1551// 1523//
usemtl 1
f 1539// 1540// 1541//
f 1549// 1548// 1555//
f 1541// 1542// 1539//
f 1539// 1542// 1546//
f 1539// 1546// 1545//
f 1545// 1544// 1539//
f 1539// 1544// 1543//
f 1539// 1543// 1555//
f 1555// 1543// 1550//
f 1555// 1550// 1549//
f 1551// 1548// 1547//
f 1551// 1557// 1548//
f 1548// 1557// 1556//
f 1548// 1556// 1555//
f 1554// 1553// 1547//
f 1547// 1553// 1552//
f 1547// 1552// 1551//
usemtl 3
f 1558// 1559// 1560//
f 1560// 1559// 1561//
f 1562// 1563// 1558//
f 1558// 1563// 1564//
f 1558// 1564// 1559//
f 1559// 1564// 1565//
f 1562// 1566// 1563//
f 1563// 1566// 1567//
f 1563// 1567// 1568//
f 1568// 1567// 1569//
f 1568// 1569// 1570//
f 1570// 1571// 1568//
f 1568// 1571// 1560//
f 1568// 1560// 1572//
f 1572// 1560// 1561//
f 1572// 1561// 1573//
f 1568// 1572// 518//
f 518// 1572// 516//
f 1563// 1568// 520//
f 520// 1568// 518//
f 1564// 1563// 512//
f 512// 1563// 520//
f 1565// 1564// 511//
f 511// 1564// 512//
f 1559// 1565// 515//
f 515// 1565// 511//
f 1561// 1559// 514//
f 514// 1559// 515//
f 1573// 1561// 513//
f 513// 1561// 514//
f 1572// 1573// 516//
f 516// 1573// 513//
f 1558// 1560// 1574//
f 1574// 1560// 1575//
f 1560// 1571// 1575//
f 1575// 1571// 1576//
f 1569// 1577// 1578//
f 1569// 1578// 1570//
f 1570// 1578// 1576//
f 1570// 1576// 1571//
f 1569// 1567// 1577//
f 1577// 1567// 1579//
f 1562// 1580// 1581//
f 1562// 1581// 1566//
f 1566// 1581// 1579//
f 1566// 1579// 1567//
f 1562// 1558// 1580//
f 1580// 1558// 1574//
usemtl 1
f 1577// 1579// 1578//
f 1578// 1579// 1581//
f 1578// 1581// 1576//
f 1576// 1581// 1580//
f 1576// 1580// 1575//
f 1575// 1580// 1574//
usemtl 3
f 1582// 1583// 1584//
f 1585// 1586// 1587//
f 1588// 1589// 1590//
f 1591// 1592// 1593//
f 1593// 1592// 1594//
f 1590// 1589// 1595//
f 1596// 1597// 1598//
f 1599// 1600// 1592//
f 1592// 1600// 1601//
f 1592// 1601// 1594//
f 1594// 1601// 1602//
f 1603// 1583// 1604//
f 1604// 1583// 1605//
f 1604// 1605// 1606//
f 1607// 1608// 1609//
f 1609// 1608// 1610//
f 1609// 1610// 1611//
f 1611// 1610// 1612//
f 1611// 1612// 1613//
f 1613// 1612// 1614//
f 1613// 1614// 1615//
f 1615// 1614// 1584//
f 1615// 1584// 1616//
f 1617// 1618// 1584//
f 1584// 1618// 1619//
f 1584// 1619// 1582//
f 1591// 1593// 1598//
f 1598// 1593// 1620//
f 1598// 1620// 1596//
f 1621// 1622// 1607//
f 1607// 1622// 1623//
f 1607// 1623// 1608//
f 1586// 1624// 1587//
f 1587// 1624// 1625//
f 1587// 1625// 1626//
f 1626// 1625// 1627//
f 1626// 1627// 1628//
f 1628// 1627// 1629//
f 1630// 1631// 1632//
f 1632// 1631// 1633//
f 1632// 1633// 1634//
f 1634// 1633// 1635//
f 1634// 1635// 1636//
f 1589// 1637// 1595//
f 1595// 1637// 1638//
f 1595// 1638// 1639//
f 1639// 1638// 1640//
f 1639// 1640// 1635//
f 1635// 1640// 1641//
f 1635// 1641// 1636//
f 1642// 1643// 1644//
f 1644// 1643// 1645//
f 1644// 1645// 1646//
f 1646// 1645// 1647//
f 1646// 1647// 1648//
f 1648// 1647// 1649//
f 1648// 1649// 1650//
f 1650// 1649// 1651//
f 1650// 1651// 1652//
f 1653// 1654// 1655//
f 1655// 1654// 1656//
f 1655// 1656// 1657//
f 1657// 1656// 1658//
f 1657// 1658// 1659//
f 1659// 1658// 1660//
f 1659// 1660// 1661//
f 1661// 1660// 1662//
f 1661// 1662// 1617//
f 1617// 1662// 1663//
f 1617// 1663// 1618//
f 1602// 1601// 1607//
f 1607// 1601// 1664//
f 1607// 1664// 1621//
f 1627// 1665// 1629//
f 1629// 1665// 1666//
f 1629// 1666// 1667//
f 1667// 1666// 1668//
f 1667// 1668// 1669//
f 1669// 1668// 1670//
f 1669// 1670// 1671//
f 1671// 1670// 1672//
f 1671// 1672// 1673//
f 1673// 1672// 1674//
f 1673// 1674// 1675//
f 1675// 1674// 1676//
f 1675// 1676// 1642//
f 1642// 1676// 1677//
f 1642// 1677// 1643//
f 1590// 1678// 1588//
f 1588// 1678// 1679//
f 1588// 1679// 1680//
f 1680// 1679// 1681//
f 1680// 1681// 1682//
f 1682// 1681// 1683//
f 1682// 1683// 1653//
f 1653// 1683// 1684//
f 1653// 1684// 1654//
f 1603// 1685// 1583//
f 1583// 1685// 1686//
f 1583// 1686// 1584//
f 1584// 1686// 1687//
f 1584// 1687// 1616//
f 1585// 1587// 1688//
f 1688// 1587// 1689//
f 1688// 1689// 1690//
f 1690// 1689// 1691//
f 1690// 1691// 1692//
f 1692// 1691// 1693//
f 1692// 1693// 1694//
f 1694// 1693// 1695//
f 1694// 1695// 1696//
f 1696// 1695// 1697//
f 1696// 1697// 1698//
f 1698// 1697// 1699//
f 1698// 1699// 1700//
f 1700// 1699// 1701//
f 1700// 1701// 1630//
f 1630// 1701// 1702//
f 1630// 1702// 1631//
f 1597// 1703// 1598//
f 1598// 1703// 1704//
f 1598// 1704// 1705//
f 1705// 1704// 1706//
f 1705// 1706// 1707//
f 1707// 1706// 1708//
f 1707// 1708// 1709//
f 1709// 1708// 1710//
f 1709// 1710// 1711//
f 1711// 1710// 1712//
f 1711// 1712// 1713//
f 1713// 1712// 1714//
f 1713// 1714// 1715//
f 1715// 1714// 1716//
f 1715// 1716// 1717//
f 1717// 1716// 1606//
f 1717// 1606// 1718//
f 1718// 1606// 1605//
f 1719// 1720// 1721//
f 1651// 1722// 1652//
f 1652// 1722// 1719//
f 1652// 1719// 1723//
f 1723// 1719// 1721//
f 1724// 1725// 1719//
f 1719// 1725// 1726//
f 1719// 1726// 1720//
f 1727// 1728// 1729//
f 1728// 1730// 1729//
f 1729// 1730// 1731//
f 1729// 1731// 1732//
f 1724// 1719// 1729//
f 1729// 1719// 1733//
f 1729// 1733// 1727//
f 1671// 77// 76//
f 165// 1629// 1667//
f 1671// 76// 1669//
f 1669// 76// 167//
f 1669// 167// 1667//
f 1667// 167// 166//
f 1667// 166// 165//
f 165// 19// 1629//
f 1629// 19// 18//
f 1629// 18// 1628//
f 1628// 18// 25//
f 1628// 25// 1626//
f 1626// 25// 24//
f 1626// 24// 1587//
f 1587// 24// 23//
f 1587// 23// 1689//
f 1689// 23// 22//
f 1689// 22// 1691//
f 1691// 22// 21//
f 1691// 21// 1693//
f 1695// 1693// 16//
f 16// 1693// 21//
f 16// 15// 1695//
f 1695// 15// 30//
f 1695// 30// 1697//
f 1697// 30// 29//
f 1697// 29// 1699//
f 35// 1631// 34//
f 34// 1631// 1702//
f 34// 1702// 26//
f 26// 1702// 1701//
f 26// 1701// 27//
f 27// 1701// 1699//
f 27// 1699// 29//
f 1631// 35// 42//
f 1631// 42// 1633//
f 1633// 42// 44//
f 1633// 44// 1635//
f 1635// 44// 43//
f 1635// 43// 1639//
f 1639// 43// 41//
f 1639// 41// 1595//
f 1595// 41// 40//
f 1595// 40// 1590//
f 1590// 40// 39//
f 1590// 39// 1678//
f 1678// 39// 38//
f 1678// 38// 1679//
f 1679// 38// 37//
f 1679// 37// 1681//
f 52// 1656// 1654//
f 1681// 37// 36//
f 1681// 36// 1683//
f 1683// 36// 33//
f 1683// 33// 1684//
f 33// 55// 1684//
f 1684// 55// 54//
f 1684// 54// 1654//
f 1654// 54// 53//
f 1654// 53// 52//
f 1656// 52// 50//
f 1656// 50// 1658//
f 1658// 50// 49//
f 1658// 49// 1660//
f 1660// 49// 46//
f 1660// 46// 1662//
f 1662// 46// 45//
f 1662// 45// 1663//
f 1663// 45// 48//
f 1663// 48// 1618//
f 1618// 48// 56//
f 1618// 56// 1619//
f 1619// 56// 57//
f 1619// 57// 1582//
f 57// 58// 1582//
f 1582// 58// 59//
f 1582// 59// 1583//
f 1583// 59// 69//
f 1583// 69// 1605//
f 1605// 69// 68//
f 1605// 68// 1718//
f 68// 66// 1718//
f 1718// 66// 65//
f 1718// 65// 1717//
f 1717// 65// 63//
f 1717// 63// 1715//
f 127// 1591// 1598//
f 1715// 63// 61//
f 1715// 61// 1713//
f 1713// 61// 60//
f 1713// 60// 1711//
f 60// 75// 1711//
f 1711// 75// 74//
f 1711// 74// 1709//
f 1709// 74// 73//
f 1709// 73// 1707//
f 1707// 73// 71//
f 1707// 71// 1705//
f 1705// 71// 70//
f 1705// 70// 1598//
f 1598// 70// 126//
f 1598// 126// 127//
f 1592// 1591// 113//
f 113// 1591// 127//
f 1599// 1592// 81//
f 81// 1592// 113//
f 1600// 1599// 86//
f 86// 1599// 81//
f 1601// 1600// 85//
f 85// 1600// 86//
f 1601// 85// 87//
f 1601// 87// 1664//
f 1664// 87// 88//
f 1664// 88// 1621//
f 1621// 88// 110//
f 1621// 110// 1622//
f 1622// 110// 109//
f 1622// 109// 1623//
f 1623// 109// 108//
f 1623// 108// 1608//
f 1608// 108// 104//
f 1608// 104// 1610//
f 1610// 104// 105//
f 1610// 105// 1612//
f 1612// 105// 101//
f 1612// 101// 1614//
f 1614// 101// 103//
f 1614// 103// 1584//
f 1584// 103// 102//
f 1584// 102// 1617//
f 1617// 102// 100//
f 1617// 100// 1661//
f 1661// 100// 99//
f 1661// 99// 1659//
f 1659// 99// 107//
f 1659// 107// 1657//
f 1657// 107// 106//
f 1657// 106// 1655//
f 1653// 1655// 94//
f 94// 1655// 106//
f 94// 138// 1653//
f 1653// 138// 137//
f 1653// 137// 1682//
f 1682// 137// 150//
f 1682// 150// 1680//
f 150// 164// 1680//
f 1680// 164// 163//
f 1680// 163// 1588//
f 1588// 163// 162//
f 1588// 162// 1589//
f 1589// 162// 156//
f 1589// 156// 1637//
f 1637// 156// 155//
f 1637// 155// 1638//
f 1638// 155// 154//
f 1638// 154// 1640//
f 1640// 154// 151//
f 1640// 151// 1641//
f 1641// 151// 146//
f 1641// 146// 1636//
f 1636// 146// 149//
f 1636// 149// 1634//
f 1634// 149// 157//
f 1634// 157// 1632//
f 1632// 157// 159//
f 1632// 159// 1630//
f 1630// 159// 161//
f 1630// 161// 1700//
f 1700// 161// 160//
f 1700// 160// 1698//
f 136// 1586// 152//
f 152// 1586// 1585//
f 152// 1585// 153//
f 153// 1585// 1688//
f 153// 1688// 144//
f 144// 1688// 1690//
f 144// 1690// 145//
f 145// 1690// 1692//
f 145// 1692// 147//
f 147// 1692// 1694//
f 147// 1694// 148//
f 148// 1694// 1696//
f 148// 1696// 158//
f 158// 1696// 1698//
f 158// 1698// 160//
f 1624// 1586// 139//
f 139// 1586// 136//
f 1624// 139// 143//
f 1624// 143// 1625//
f 1625// 143// 142//
f 1625// 142// 1627//
f 1627// 142// 141//
f 1627// 141// 1665//
f 1665// 141// 140//
f 1665// 140// 1666//
f 1666// 140// 93//
f 1666// 93// 1668//
f 93// 92// 1668//
f 1668// 92// 91//
f 1668// 91// 1670//
f 1670// 91// 119//
f 1670// 119// 1672//
f 1672// 119// 118//
f 1672// 118// 1674//
f 1674// 118// 117//
f 1674// 117// 1676//
f 1676// 117// 116//
f 1676// 116// 1677//
f 1677// 116// 135//
f 1677// 135// 1643//
f 1643// 135// 134//
f 1643// 134// 1645//
f 1645// 134// 133//
f 1645// 133// 1647//
f 1647// 133// 132//
f 1647// 132// 1649//
f 1651// 1649// 131//
f 131// 1649// 132//
f 1651// 131// 98//
f 1651// 98// 1722//
f 1722// 98// 97//
f 1722// 97// 1719//
f 1719// 97// 96//
f 1719// 96// 1733//
f 1733// 96// 80//
f 1733// 80// 1727//
f 1727// 80// 79//
f 1727// 79// 1728//
f 1728// 79// 89//
f 1728// 89// 1730//
f 1730// 89// 115//
f 1730// 115// 1731//
f 1731// 115// 114//
f 1731// 114// 1732//
f 1732// 114// 112//
f 1732// 112// 1729//
f 1729// 112// 111//
f 1729// 111// 1724//
f 1724// 111// 125//
f 1724// 125// 1725//
f 1725// 125// 124//
f 1725// 124// 1726//
f 1726// 124// 123//
f 1726// 123// 1720//
f 1720// 123// 122//
f 1720// 122// 1721//
f 1721// 122// 121//
f 1721// 121// 1723//
f 1723// 121// 120//
f 1723// 120// 1652//
f 1652// 120// 130//
f 1652// 130// 1650//
f 1648// 1650// 129//
f 129// 1650// 130//
f 1648// 129// 128//
f 1648// 128// 1646//
f 1646// 128// 83//
f 1646// 83// 1644//
f 1644// 83// 82//
f 1644// 82// 1642//
f 1642// 82// 90//
f 1642// 90// 1675//
f 1675// 90// 95//
f 1675// 95// 1673//
f 1673// 95// 77//
f 1673// 77// 1671//
f 1602// 1734// 1735//
f 1602// 1735// 1594//
f 1594// 1735// 1736//
f 1594// 1736// 1593//
f 1593// 1736// 1737//
f 1593// 1737// 1620//
f 1620// 1737// 1738//
f 1620// 1738// 1596//
f 1596// 1738// 1739//
f 1596// 1739// 1597//
f 1597// 1739// 1740//
f 1597// 1740// 1703//
f 1703// 1740// 1741//
f 1703// 1741// 1704//
f 1704// 1741// 1742//
f 1704// 1742// 1706//
f 1706// 1742// 1743//
f 1706// 1743// 1708//
f 1708// 1743// 1744//
f 1708// 1744// 1710//
f 1710// 1744// 1745//
f 1710// 1745// 1712//
f 1712// 1745// 1746//
f 1712// 1746// 1714//
f 1714// 1746// 1747//
f 1714// 1747// 1716//
f 1716// 1747// 1748//
f 1716// 1748// 1606//
f 1606// 1748// 1749//
f 1606// 1749// 1604//
f 1604// 1749// 1750//
f 1604// 1750// 1603//
f 1603// 1750// 1751//
f 1603// 1751// 1685//
f 1685// 1751// 1752//
f 1685// 1752// 1686//
f 1686// 1752// 1753//
f 1686// 1753// 1687//
f 1687// 1753// 1754//
f 1687// 1754// 1616//
f 1616// 1754// 1755//
f 1616// 1755// 1615//
f 1615// 1755// 1756//
f 1615// 1756// 1613//
f 1613// 1756// 1757//
f 1613// 1757// 1611//
f 1611// 1757// 1758//
f 1611// 1758// 1609//
f 1609// 1758// 1759//
f 1609// 1759// 1607//
f 1607// 1759// 1734//
f 1607// 1734// 1602//
usemtl 1
f 1734// 1747// 1735//
f 1735// 1747// 1746//
f 1753// 1734// 1754//
f 1754// 1734// 1759//
f 1754// 1759// 1758//
f 1758// 1757// 1754//
f 1754// 1757// 1756//
f 1754// 1756// 1755//
f 1753// 1752// 1734//
f 1734// 1752// 1751//
f 1734// 1751// 1750//
f 1744// 1738// 1737//
f 1750// 1749// 1734//
f 1734// 1749// 1748//
f 1734// 1748// 1747//
f 1746// 1745// 1735//
f 1735// 1745// 1744//
f 1735// 1744// 1736//
f 1736// 1744// 1737//
f 1742// 1741// 1743//
f 1743// 1741// 1740//
f 1743// 1740// 1744//
f 1744// 1740// 1739//
f 1744// 1739// 1738//
